sjoid,lake,file,expectedKey
638325-138979,"Abborragöl",3-5482_Aborragöl_638325-138979.tif,svar/zips/Abborrag_l/638325-138979-kartor/web/tiles-3-5482_Aborragol_638325-138979.dzi
643063-129139,"Abborresjön",3-0930_Abborresjön_643063-129139.tif,svar/zips/Abborresj_n/643063-129139-kartor/web/tiles-3-0930_Abborresjon_643063-129139.dzi
625286-141089,"Abborrasjön",3-6476_Abborrasjön_625286-141089.jpg,svar/zips/Abborrasj_n/625286-141089-kartor/web/tiles-3-6476_Abborrasjon_625286-141089.dzi
636822-134624,"Abborrasjön",3-6639_Abborrasjön_636822-134624.jpg,svar/zips/Abborrasj_n/636822-134624-kartor/web/tiles-3-6639_Abborrasjon_636822-134624.dzi
625069-145129,"Abborrasjön",3-2967_Abborrasjön_625069-145129.tif,svar/zips/Abborrasj_n/625069-145129-kartor/web/tiles-3-2967_Abborrasjon_625069-145129.dzi
639270-130713,"Abborrsjö",3-5248_Abborrsjö_639270-130713.tif,svar/zips/Abborrsj_/639270-130713-kartor/web/tiles-3-5248_Abborrsjo_639270-130713.dzi
640260-131004,"Abborrsjön",3-3901_Abborrsjön_640260-131004a.tif,svar/zips/Abborrsj_n/640260-131004-kartor/web/tiles-3-3901_Abborrsjon_640260-131004a.dzi
625286-141089,"Abborrasjön",3-6476_Abborrasjön_625286-141089.tif,svar/zips/Abborrasj_n/625286-141089-kartor/web/tiles-3-6476_Abborrasjon_625286-141089.dzi
638121-128714,"Abborrtjärn",3-2704_Abborrtjärn_638121-128714.tif,svar/zips/Abborrtj_rn/638121-128714-kartor/web/tiles-3-2704_Abborrtjarn_638121-128714.dzi
653179-124853,"Abborrvattnet",3-4267_Abborrvattnet_653179-124853.tif,svar/zips/Abborrvattnet/653179-124853-kartor/web/tiles-3-4267_Abborrvattnet_653179-124853.dzi
639791-131788,"Abborrsjön",2-0700_Abborrsjön_639791-131788.tif,svar/zips/Abborrsj_n/639791-131788-kartor/web/tiles-2-0700_Abborrsjon_639791-131788.dzi
635365-129646,"Abborravattnet",3-2841_Abborravattnet_635365-129646.tif,svar/zips/Abborravattnet/635365-129646-kartor/web/tiles-3-2841_Abborravattnet_635365-129646.dzi
636822-134624,"Abborrasjön",3-6639_Abborrasjön_636822-134624.tif,svar/zips/Abborrasj_n/636822-134624-kartor/web/tiles-3-6639_Abborrasjon_636822-134624.dzi
640260-131004,"Abborrsjön",3-3901_Abborrsjön_640260-131004b.tif,svar/zips/Abborrsj_n/640260-131004-kartor/web/tiles-3-3901_Abborrsjon_640260-131004b.dzi
636024-140633,"Abborrasjön",3-5386_Aborrasjön_636024-140633.tif,svar/zips/Abborrasj_n/636024-140633-kartor/web/tiles-3-5386_Aborrasjon_636024-140633.dzi
648295-137398,"Acksjön",3-1470_Acksjön_648295-137398.tif,svar/zips/Acksj_n/648295-137398-kartor/web/tiles-3-1470_Acksjon_648295-137398.dzi
655420-159049,"Acksjön",3-1877_Acksjon_655420-159049.tif,svar/zips/Acksj_n/655420-159049-kartor/web/tiles-3-1877_Acksjon_655420-159049.dzi
633666-136711,"Acksjön",3-4574_Acksjön_633666-136711.tif,svar/zips/Acksj_n/633666-136711-kartor/web/tiles-3-4574_Acksjon_633666-136711.dzi
641655-135334,"Agnsjö",3-4763_Agnsjö_641655-135334.tif,svar/zips/Agnsj_/641655-135334-kartor/web/tiles-3-4763_Agnsjo_641655-135334.dzi
625914-148075,"Agnsjön",3-5572_Agnasjön_625914-148075.tif,svar/zips/Agnsj_n/625914-148075-kartor/web/tiles-3-5572_Agnasjon_625914-148075.dzi
637224-128547,"Agnsjön",3-0891_Agnsjön_637224-128547.tif,svar/zips/Agnsj_n/637224-128547-kartor/web/tiles-3-0891_Agnsjon_637224-128547.dzi
635724-140483,"Agnsjön",3-5396_Agnsjön_635724-140483.tif,svar/zips/Agnsj_n/635724-140483-kartor/web/tiles-3-5396_Agnsjon_635724-140483.dzi
629050-139932,"Agunnarydsjön",3-0816_Agunnarydsjön_629050-139932.tif,svar/zips/Agunnarydsj_n/629050-139932-kartor/web/tiles-3-0816_Agunnarydsjon_629050-139932.dzi
634812-137735,"Albosjön",5-0001_Albosjön_634812-137735.pdf,svar/zips/Albosj_n/634812-137735-kartor/web/tiles-5-0001_Albosjon_634812-137735.dzi
623935-135724,"Algustorpasjön",3-5843_Algustorpasjön_623935-135724a.tif,svar/zips/Algustorpasj_n/623935-135724-kartor/web/tiles-3-5843_Algustorpasjon_623935-135724a.dzi
655152-159244,"Akaren",3-1749_Akaren_655152-159244.tif,svar/zips/Akaren/655152-159244-kartor/web/tiles-3-1749_Akaren_655152-159244.dzi
633094-137061,"Agnsjön",3-5316_Agnsjön_633094-137061.tif,svar/zips/Agnsj_n/633094-137061-kartor/web/tiles-3-5316_Agnsjon_633094-137061.dzi
638673-128186,"Agnsjön",3-0903_Agnsjön_638673-128186.tif,svar/zips/Agnsj_n/638673-128186-kartor/web/tiles-3-0903_Agnsjon_638673-128186.dzi
642489-151724,"Allgjuttern",3-3378_Allgjuttern_642489-151724.tif,svar/zips/Allgjuttern/642489-151724-kartor/web/tiles-3-3378_Allgjuttern_642489-151724.dzi
623935-135724,"Algustorpasjön",3-5843_Algustorpasjön_623935-135724b.tif,svar/zips/Algustorpasj_n/623935-135724-kartor/web/tiles-3-5843_Algustorpasjon_623935-135724b.dzi
636801-136926,"Algustorpasjön",5-0002_Algustorpasjön_636801-136926.pdf,svar/zips/Algustorpasj_n/636801-136926-kartor/web/tiles-5-0002_Algustorpasjon_636801-136926.dzi
635076-142186,"Allsarpasjön",3-6429_Allsarpasjön_635076-142186.tif,svar/zips/Allsarpasj_n/635076-142186-kartor/web/tiles-3-6429_Allsarpasjon_635076-142186.dzi
634690-142635,"Allgunnen",3-0841_Allgunnen_634690-142635.tif,svar/zips/Allgunnen/634690-142635-kartor/web/tiles-3-0841_Allgunnen_634690-142635.dzi
631706-151419,"Allgunnen",1-0203_Allgunnen_631706-151419.tif,svar/zips/Allgunnen/631706-151419-kartor/web/tiles-1-0203_Allgunnen_631706-151419.dzi
624352-149531,"Allsjön",3-5310_Allsjön_624352-149531.tif,svar/zips/Allsj_n/624352-149531-kartor/web/tiles-3-5310_Allsjon_624352-149531.dzi
638154-142863,"Almesåkragölen",3-6497_Almesåkragölen_638154-142863.jpg,svar/zips/Almes_krag_len/638154-142863-kartor/web/tiles-3-6497_Almesakragolen_638154-142863.dzi
623935-135724,"Algustorpasjön",3-5843_Algustorpasjön_623935-135724c.tif,svar/zips/Algustorpasj_n/623935-135724-kartor/web/tiles-3-5843_Algustorpasjon_623935-135724c.dzi
638020-142802,"Almesåkrasjön",3-3401_Almesåkrasjön_638020-142802.tif,svar/zips/Almes_krasj_n/638020-142802-kartor/web/tiles-3-3401_Almesakrasjon_638020-142802.dzi
634690-142635,"Allgunnen",3-2604_Allgunnen_634690-142635.tif,svar/zips/Allgunnen/634690-142635-kartor/web/tiles-3-2604_Allgunnen_634690-142635.dzi
642489-151724,"Allgjuttern",5-1053_Allgjuttern_642489-151724.jpg,svar/zips/Allgjuttern/642489-151724-kartor/web/tiles-5-1053_Allgjuttern_642489-151724.dzi
635076-142186,"Allsarpasjön",5-0003_Allsarpasjön_635076-142186.pdf,svar/zips/Allsarpasj_n/635076-142186-kartor/web/tiles-5-0003_Allsarpasjon_635076-142186.dzi
631706-151419,"Allgunnen",3-2359a_Allgunnen_631706-151419.tif,svar/zips/Allgunnen/631706-151419-kartor/web/tiles-3-2359a_Allgunnen_631706-151419.dzi
656412-158952,"Almsjön",3-1789_Almsjön_656412-158952.tif,svar/zips/Almsj_n/656412-158952-kartor/web/tiles-3-1789_Almsjon_656412-158952.dzi
638154-142863,"Almesåkragölen",3-6497_Almesåkragölen_638154-142863.tif,svar/zips/Almes_krag_len/638154-142863-kartor/web/tiles-3-6497_Almesakragolen_638154-142863.dzi
650527-125025,"Alnässjön",3-2565_Alnässjön_650527-125025.tif,svar/zips/Aln_ssj_n/650527-125025-kartor/web/tiles-3-2565_Alnassjon_650527-125025.dzi
628637-148699,"Alsbogöl",5-0466_Alsbogöl_628637-148699.tif,svar/zips/Alsbog_l/628637-148699-kartor/web/tiles-5-0466_Alsbogol_628637-148699.dzi
634531-148678,"Almten",3-3429_Almten_634531-148678.tif,svar/zips/Almten/634531-148678-kartor/web/tiles-3-3429_Almten_634531-148678.dzi
623935-135724,"Algustorpasjön",3-5843_Algustorpasjön_623935-135724d.tif,svar/zips/Algustorpasj_n/623935-135724-kartor/web/tiles-3-5843_Algustorpasjon_623935-135724d.dzi
631903-147605,"Alstern",2-0302_Alstern_631903-147605.tif,svar/zips/Alstern/631903-147605-kartor/web/tiles-2-0302_Alstern_631903-147605.dzi
631706-151419,"Allgunnen",3-2359b_Allgunnen_631706-151419.tif,svar/zips/Allgunnen/631706-151419-kartor/web/tiles-3-2359b_Allgunnen_631706-151419.dzi
633721-133299,"Alvhagasjön",3-6647_Alvhagasjön_633721-133299.jpg,svar/zips/Alvhagasj_n/633721-133299-kartor/web/tiles-3-6647_Alvhagasjon_633721-133299.dzi
629793-133135,"Amsjön",3-5098_Amsjön_629793-133135.tif,svar/zips/Amsj_n/629793-133135-kartor/web/tiles-3-5098_Amsjon_629793-133135.dzi
641021-151421,"Anen",2-0374_Anen_641021-151421b.tif,svar/zips/Anen/641021-151421-kartor/web/tiles-2-0374_Anen_641021-151421b.dzi
641350-138085,"Andsjön",3-5718_Andsjön_641350-138085.tif,svar/zips/Andsj_n/641350-138085-kartor/web/tiles-3-5718_Andsjon_641350-138085.dzi
631706-151419,"Allgunnen",3-2359c_Allgunnen_631706-151419.tif,svar/zips/Allgunnen/631706-151419-kartor/web/tiles-3-2359c_Allgunnen_631706-151419.dzi
634177-137086,"Annebergssjön",2-1105_Annebergssjön_634177-137086.jpg,svar/zips/Annebergssj_n/634177-137086-kartor/web/tiles-2-1105_Annebergssjon_634177-137086.dzi
633721-133299,"Alvhagasjön",3-6647_Alvhagasjön_633721-133299.tif,svar/zips/Alvhagasj_n/633721-133299-kartor/web/tiles-3-6647_Alvhagasjon_633721-133299.dzi
639211-138501,"Angsjön",3-5731_Angsjön_639211-138501.tif,svar/zips/Angsj_n/639211-138501-kartor/web/tiles-3-5731_Angsjon_639211-138501.dzi
643499-130158,"Anten",2-0192_Anten_643499-130158.tif,svar/zips/Anten/643499-130158-kartor/web/tiles-2-0192_Anten_643499-130158.dzi
631706-151419,"Allgunnen",3-2359e_Allgunnen_631706-151419.tif,svar/zips/Allgunnen/631706-151419-kartor/web/tiles-3-2359e_Allgunnen_631706-151419.dzi
638496-133184,"Apelnässjön",3-4765_Apelnäsasjön_638496-133184.tif,svar/zips/Apeln_ssj_n/638496-133184-kartor/web/tiles-3-4765_Apelnasasjon_638496-133184.dzi
634382-134507,"Angsåssjön",3-2547_Angsåssjön_634382-134507.tif,svar/zips/Angs_ssj_n/634382-134507-kartor/web/tiles-3-2547_Angsassjon_634382-134507.dzi
634177-137086,"Annebergssjön",2-1105_Annebergssjön_634177-137086.tif,svar/zips/Annebergssj_n/634177-137086-kartor/web/tiles-2-1105_Annebergssjon_634177-137086.dzi
623935-135724,"Algustorpasjön",3-5843_Algustorpasjön_623935-135724e.tif,svar/zips/Algustorpasj_n/623935-135724-kartor/web/tiles-3-5843_Algustorpasjon_623935-135724e.dzi
627808-148918,"Alsjösjön",5-0485_Alsjösjön_627808-148918.tif,svar/zips/Alsj_sj_n/627808-148918-kartor/web/tiles-5-0485_Alsjosjon_627808-148918.dzi
631690-145084,"Are Sjö",3-6335_Are sjö_631690-145084.jpg,svar/zips/Are_Sj_/631690-145084-kartor/web/tiles-3-6335_Are_sjo_631690-145084.dzi
621463-139472,"Araslövssjön",2-0165_Araslövssjön_621463-139472.tif,svar/zips/Arasl_vssj_n/621463-139472-kartor/web/tiles-2-0165_Araslovssjon_621463-139472.dzi
645272-127556,"Arsjön",2-1125_Arsjön_645272-127556.jpg,svar/zips/Arsj_n/645272-127556-kartor/web/tiles-2-1125_Arsjon_645272-127556.dzi
633199-150916,"Arvesjön",3-4026_Arvesjö_633199-150916.tif,svar/zips/Arvesj_n/633199-150916-kartor/web/tiles-3-4026_Arvesjo_633199-150916.dzi
634671-135061,"Arvidabosjön",3-5687_Arvidabosjön_634671-135061.tif,svar/zips/Arvidabosj_n/634671-135061-kartor/web/tiles-3-5687_Arvidabosjon_634671-135061.dzi
623935-135724,"Algustorpasjön",3-5843_Algustorpasjön_623935-135724f.tif,svar/zips/Algustorpasj_n/623935-135724-kartor/web/tiles-3-5843_Algustorpasjon_623935-135724f.dzi
623903-147242,"Arvidstorpasjön",3-0769_Arvidstorpasjön_623903-147242.tif,svar/zips/Arvidstorpasj_n/623903-147242-kartor/web/tiles-3-0769_Arvidstorpasjon_623903-147242.dzi
645272-127556,"Arsjön",2-1125_Arsjön_645272-127556.tif,svar/zips/Arsj_n/645272-127556-kartor/web/tiles-2-1125_Arsjon_645272-127556.dzi
633151-143906,"Asasjön",2-0156_Asasjön_633151-143906.tif,svar/zips/Asasj_n/633151-143906-kartor/web/tiles-2-0156_Asasjon_633151-143906.dzi
634671-135061,"Arvidabosjön",5-1042_Arvidabosjön_634671-135061.pdf,svar/zips/Arvidabosj_n/634671-135061-kartor/web/tiles-5-1042_Arvidabosjon_634671-135061.dzi
655977-128851,"Askesjö",1-0145_Askesjö_655977-128851.tif,svar/zips/Askesj_/655977-128851-kartor/web/tiles-1-0145_Askesjo_655977-128851.dzi
638960-138667,"Arvegöl",3-6304_Arvegöl_638960-138667.tif,svar/zips/Arveg_l/638960-138667-kartor/web/tiles-3-6304_Arvegol_638960-138667.dzi
630174-135566,"Askaken",1-0136_Askaken_630174-135566.tif,svar/zips/Askaken/630174-135566-kartor/web/tiles-1-0136_Askaken_630174-135566.dzi
631690-145084,"Are Sjö",3-6335_Are sjö_631690-145084.tif,svar/zips/Are_Sj_/631690-145084-kartor/web/tiles-3-6335_Are_sjo_631690-145084.dzi
640873-128461,"Aspen",2-0193_Aspen_640873-128461.tif,svar/zips/Aspen/640873-128461-kartor/web/tiles-2-0193_Aspen_640873-128461.dzi
655805-151808,"Aspen",3-5616_Aspen_655805-151808.tif,svar/zips/Aspen/655805-151808-kartor/web/tiles-3-5616_Aspen_655805-151808.dzi
635194-135286,"Assbrunnen",3-2543_Assbrunnen_635194-135286.tif,svar/zips/Assbrunnen/635194-135286-kartor/web/tiles-3-2543_Assbrunnen_635194-135286.dzi
639156-138473,"Assarebosjön",3-5728_Assarebosjön_639156-138473.tif,svar/zips/Assarebosj_n/639156-138473-kartor/web/tiles-3-5728_Assarebosjon_639156-138473.dzi
646478-126123,"Assmunderödvatten",3-4248_Assmunderödvatten_646478-126123.tif,svar/zips/Assmunder_dvatten/646478-126123-kartor/web/tiles-3-4248_Assmunderodvatten_646478-126123.dzi
635435-165645,"Asträsk",3-3006_Asträsk_635435-165645.tif,svar/zips/Astr_sk/635435-165645-kartor/web/tiles-3-3006_Astrask_635435-165645.dzi
638622-145301,"Assjön",3-5199_Assjön_638622-145301.tif,svar/zips/Assj_n/638622-145301-kartor/web/tiles-3-5199_Assjon_638622-145301.dzi
650303-125353,"Aspe",3-1566_Aspen_650303-125353.tif,svar/zips/Aspe/650303-125353-kartor/web/tiles-3-1566_Aspen_650303-125353.dzi
653008-148798,"Avern",5-0170_Avern_653008-148798.tif,svar/zips/Avern/653008-148798-kartor/web/tiles-5-0170_Avern_653008-148798.dzi
639156-138473,"Assarebosjön",5-0004_Assarebosjön_639156-138473.pdf,svar/zips/Assarebosj_n/639156-138473-kartor/web/tiles-5-0004_Assarebosjon_639156-138473.dzi
640873-128461,"Aspen",2-0569_Aspen_640873-128461.tif,svar/zips/Aspen/640873-128461-kartor/web/tiles-2-0569_Aspen_640873-128461.dzi
628913-133942,"Attavarasjön",3-5095_Attavarasjön_628913-133942.tif,svar/zips/Attavarasj_n/628913-133942-kartor/web/tiles-3-5095_Attavarasjon_628913-133942.dzi
624307-146379,"Avesjön",3-3177_Avesjön_624307-146379.tif,svar/zips/Avesj_n/624307-146379-kartor/web/tiles-3-3177_Avesjon_624307-146379.dzi
633379-150071,"Avesjö",3-6162_Avesjö_633379-150071a.tif,svar/zips/Avesj_/633379-150071-kartor/web/tiles-3-6162_Avesjo_633379-150071a.dzi
650303-125353,"Aspe",3-2553_Aspen_650303-125353.tif,svar/zips/Aspe/650303-125353-kartor/web/tiles-3-2553_Aspen_650303-125353.dzi
634477-148733,"Avesjön",3-3789_Avesjö_634477-148733a.tif,svar/zips/Avesj_n/634477-148733-kartor/web/tiles-3-3789_Avesjo_634477-148733a.dzi
640721-139670,"Axamosjön",3-0715_Axamosjön_640721-139670.tif,svar/zips/Axamosj_n/640721-139670-kartor/web/tiles-3-0715_Axamosjon_640721-139670.dzi
640873-128461,"Aspen",3-0929_Aspen_640873-128461.tif,svar/zips/Aspen/640873-128461-kartor/web/tiles-3-0929_Aspen_640873-128461.dzi
634332-149039,"Axebo Sjö",2-0360_Axebo sjö_634332-149039a.tif,svar/zips/Axebo_Sj_/634332-149039-kartor/web/tiles-2-0360_Axebo_sjo_634332-149039a.dzi
634477-148733,"Avesjön",3-3789_Avesjö_634477-148733b.tif,svar/zips/Avesj_n/634477-148733-kartor/web/tiles-3-3789_Avesjo_634477-148733b.dzi
639859-153243,"Axsjön",3-3368_Axsjön_639859-153243.tif,svar/zips/Axsj_n/639859-153243-kartor/web/tiles-3-3368_Axsjon_639859-153243.dzi
655971-161637,"Axaren",3-6615_Axaren__655971-161637.pdf,svar/zips/Axaren/655971-161637-kartor/web/tiles-3-6615_Axaren_655971-161637.dzi
640721-139670,"Axamosjön",3-5717_Axamosjön_640721-139670.tif,svar/zips/Axamosj_n/640721-139670-kartor/web/tiles-3-5717_Axamosjon_640721-139670.dzi
634332-149039,"Axebo Sjö",2-0360_Axebo sjö_634332-149039b.tif,svar/zips/Axebo_Sj_/634332-149039-kartor/web/tiles-2-0360_Axebo_sjo_634332-149039b.dzi
654382-157757,"Axsjön",3-1777_Axsjön_654382-157757.tif,svar/zips/Axsj_n/654382-157757-kartor/web/tiles-3-1777_Axsjon_654382-157757.dzi
649652-148582,"Axsjön",3-2998_Axsjön_649652-148582.tif,svar/zips/Axsj_n/649652-148582-kartor/web/tiles-3-2998_Axsjon_649652-148582.dzi
655785-158616,"Axsjön",3-4390_Axsjön_655785-158616.tif,svar/zips/Axsj_n/655785-158616-kartor/web/tiles-3-4390_Axsjon_655785-158616.dzi
652370-125789,"Backetjärn",3-1914_Backetjärn_652370-125789.tif,svar/zips/Backetj_rn/652370-125789-kartor/web/tiles-3-1914_Backetjarn_652370-125789.dzi
636121-133870,"Ballasjön",3-4747_Ballasjön_636121-133870.tif,svar/zips/Ballasj_n/636121-133870-kartor/web/tiles-3-4747_Ballasjon_636121-133870.dzi
655971-161637,"Axaren",3-6615_Axaren__655971-161637.tif,svar/zips/Axaren/655971-161637-kartor/web/tiles-3-6615_Axaren_655971-161637.dzi
633379-150071,"Avesjö",3-6162_Avesjö_633379-150071b.tif,svar/zips/Avesj_/633379-150071-kartor/web/tiles-3-6162_Avesjo_633379-150071b.dzi
628699-133371,"Balasjön",3-4689_Balasjön_628699-133371.tif,svar/zips/Balasj_n/628699-133371-kartor/web/tiles-3-4689_Balasjon_628699-133371.dzi
639870-130407,"Ballasjön",2-0661_Ballasjön_639870-130407.tif,svar/zips/Ballasj_n/639870-130407-kartor/web/tiles-2-0661_Ballasjon_639870-130407.dzi
624513-142812,"Baggamålasjön",3-2641_Baggamålasjön_624513-142812.tif,svar/zips/Baggam_lasj_n/624513-142812-kartor/web/tiles-3-2641_Baggamalasjon_624513-142812.dzi
634751-130909,"Barken",3-2411_Barken_634751-130909.tif,svar/zips/Barken/634751-130909-kartor/web/tiles-3-2411_Barken_634751-130909.dzi
640005-140314,"Barnarpasjön",3-0716_Barnarpsjön_640005-140314.tif,svar/zips/Barnarpasj_n/640005-140314-kartor/web/tiles-3-0716_Barnarpsjon_640005-140314.dzi
633379-150071,"Avesjö",3-6162_Avesjö_633379-150071c.tif,svar/zips/Avesj_/633379-150071-kartor/web/tiles-3-6162_Avesjo_633379-150071c.dzi
621974-134428,"Bandsjön",3-2594_Bandsjön_621974-134428.tif,svar/zips/Bandsj_n/621974-134428-kartor/web/tiles-3-2594_Bandsjon_621974-134428.dzi
630317-144217,"Barnsjön",3-4697_Barnsjön_630317-144217.tif,svar/zips/Barnsj_n/630317-144217-kartor/web/tiles-3-4697_Barnsjon_630317-144217.dzi
653947-130115,"Ballsjön",3-1723_Ballsjön_653947-130115.tif,svar/zips/Ballsj_n/653947-130115-kartor/web/tiles-3-1723_Ballsjon_653947-130115.dzi
633364-138065,"Barnasjön",3-6350_Barnasjön_633364-138065.jpg,svar/zips/Barnasj_n/633364-138065-kartor/web/tiles-3-6350_Barnasjon_633364-138065.dzi
623417-149098,"Bastasjön",3-5311_Bastasjön_623417-149098.tif,svar/zips/Bastasj_n/623417-149098-kartor/web/tiles-3-5311_Bastasjon_623417-149098.dzi
633379-150071,"Avesjö",3-6162_Avesjö_633379-150071d.tif,svar/zips/Avesj_/633379-150071-kartor/web/tiles-3-6162_Avesjo_633379-150071d.dzi
640005-140314,"Barnarpasjön",3-6456_Barnarpasjön_640005-140314.jpg,svar/zips/Barnarpasj_n/640005-140314-kartor/web/tiles-3-6456_Barnarpasjon_640005-140314.dzi
634751-130909,"Barken",3-6566_Barken_634751-130909.jpg,svar/zips/Barken/634751-130909-kartor/web/tiles-3-6566_Barken_634751-130909.dzi
621974-134428,"Bandsjön",3-6576_Bandsjön_621974-134428.jpg,svar/zips/Bandsj_n/621974-134428-kartor/web/tiles-3-6576_Bandsjon_621974-134428.dzi
633148-144162,"Bastesjön",3-0794_Bastesjön_633148-144162.tif,svar/zips/Bastesj_n/633148-144162-kartor/web/tiles-3-0794_Bastesjon_633148-144162.dzi
630317-144217,"Barnsjön",3-6619_Barnsjön_630317-144217.jpg,svar/zips/Barnsj_n/630317-144217-kartor/web/tiles-3-6619_Barnsjon_630317-144217.dzi
634350-153086,"Bastgölen",3-2757_Bastgölen_634350-153086.tif,svar/zips/Bastg_len/634350-153086-kartor/web/tiles-3-2757_Bastgolen_634350-153086.dzi
633379-150071,"Avesjö",3-6162_Avesjö_633379-150071e.tif,svar/zips/Avesj_/633379-150071-kartor/web/tiles-3-6162_Avesjo_633379-150071e.dzi
634751-130909,"Barken",3-6566_Barken_634751-130909.tif,svar/zips/Barken/634751-130909-kartor/web/tiles-3-6566_Barken_634751-130909.dzi
627391-149575,"Bastsjön",5-0454_Bastsjön_627391-149575a.tif,svar/zips/Bastsj_n/627391-149575-kartor/web/tiles-5-0454_Bastsjon_627391-149575a.dzi
640005-140314,"Barnarpasjön",3-6456_Barnarpasjön_640005-140314.tif,svar/zips/Barnarpasj_n/640005-140314-kartor/web/tiles-3-6456_Barnarpasjon_640005-140314.dzi
621974-134428,"Bandsjön",3-6576_Bandsjön_621974-134428.tif,svar/zips/Bandsj_n/621974-134428-kartor/web/tiles-3-6576_Bandsjon_621974-134428.dzi
630317-144217,"Barnsjön",3-6619_Barnsjön_630317-144217.tif,svar/zips/Barnsj_n/630317-144217-kartor/web/tiles-3-6619_Barnsjon_630317-144217.dzi
633364-138065,"Barnasjön",3-6350_Barnasjön_633364-138065.tif,svar/zips/Barnasj_n/633364-138065-kartor/web/tiles-3-6350_Barnasjon_633364-138065.dzi
633379-150071,"Avesjö",3-6162_Avesjö_633379-150071f.tif,svar/zips/Avesj_/633379-150071-kartor/web/tiles-3-6162_Avesjo_633379-150071f.dzi
654846-164757,"Bastumaren",5-0182_Bastumaren_654846-164757.tif,svar/zips/Bastumaren/654846-164757-kartor/web/tiles-5-0182_Bastumaren_654846-164757.dzi
634751-130909,"Barken",5-0994_Barken_634751-130909.pdf,svar/zips/Barken/634751-130909-kartor/web/tiles-5-0994_Barken_634751-130909.dzi
627391-149575,"Bastsjön",5-0454_Bastsjön_627391-149575b.tif,svar/zips/Bastsj_n/627391-149575-kartor/web/tiles-5-0454_Bastsjon_627391-149575b.dzi
642035-131965,"Baståsasjön",3-6617_Baståsasjön_642035-131965.jpg,svar/zips/Bast_sasj_n/642035-131965-kartor/web/tiles-3-6617_Bastasasjon_642035-131965.dzi
633992-152030,"Bergakyllen",3-3809_Bergakyllen_633992-152030a.tif,svar/zips/Bergakyllen/633992-152030-kartor/web/tiles-3-3809_Bergakyllen_633992-152030a.dzi
655180-127629,"Bengtsvikevattnet",3-4806_Bengtsvikevattnet_655180-127629.tif,svar/zips/Bengtsvikevattnet/655180-127629-kartor/web/tiles-3-4806_Bengtsvikevattnet_655180-127629.dzi
655674-131007,"Berganesjön",3-6769_Berganesjön_655674-131007.jpg,svar/zips/Berganesj_n/655674-131007-kartor/web/tiles-3-6769_Berganesjon_655674-131007.dzi
636588-135321,"Bergasjön",3-6552_Bergasjön_636588-135321.jpg,svar/zips/Bergasj_n/636588-135321-kartor/web/tiles-3-6552_Bergasjon_636588-135321.dzi
643366-130788,"Bergsjön",3-0928_Bergsjön_643366-130788.tif,svar/zips/Bergsj_n/643366-130788-kartor/web/tiles-3-0928_Bergsjon_643366-130788.dzi
632683-143660,"Bergsjön",3-0795_Bergsjön_632683-143660.tif,svar/zips/Bergsj_n/632683-143660-kartor/web/tiles-3-0795_Bergsjon_632683-143660.dzi
643706-129329,"Bergsjön",3-4742_Bergsjön_643706-129329.tif,svar/zips/Bergsj_n/643706-129329-kartor/web/tiles-3-4742_Bergsjon_643706-129329.dzi
642035-131965,"Baståsasjön",3-6617_Baståsasjön_642035-131965.tif,svar/zips/Bast_sasj_n/642035-131965-kartor/web/tiles-3-6617_Bastasasjon_642035-131965.dzi
633379-150071,"Avesjö",3-6162_Avesjö_633379-150071g.tif,svar/zips/Avesj_/633379-150071-kartor/web/tiles-3-6162_Avesjo_633379-150071g.dzi
633992-152030,"Bergakyllen",3-3809_Bergakyllen_633992-152030b.tif,svar/zips/Bergakyllen/633992-152030-kartor/web/tiles-3-3809_Bergakyllen_633992-152030b.dzi
655674-131007,"Berganesjön",3-6769_Berganesjön_655674-131007.tif,svar/zips/Berganesj_n/655674-131007-kartor/web/tiles-3-6769_Berganesjon_655674-131007.dzi
650460-142624,"Bergsjön",3-6338_Bergsjön_650460-142624.jpg,svar/zips/Bergsj_n/650460-142624-kartor/web/tiles-3-6338_Bergsjon_650460-142624.dzi
634083-153016,"Berkegöl",3-3107_Berkegöl_634083-153016.tif,svar/zips/Berkeg_l/634083-153016-kartor/web/tiles-3-3107_Berkegol_634083-153016.dzi
653646-130842,"Bergtjärnet",3-4789_Bergtjärnet_653646-130842.tif,svar/zips/Bergtj_rnet/653646-130842-kartor/web/tiles-3-4789_Bergtjarnet_653646-130842.dzi
647101-130255,"Bergsjön",3-1715_Bergsjön_647101-130255.tif,svar/zips/Bergsj_n/647101-130255-kartor/web/tiles-3-1715_Bergsjon_647101-130255.dzi
647402-125700,"Bergs Vatten",3-3526_Bergs vatten_647402-125700.tif,svar/zips/Bergs_Vatten/647402-125700-kartor/web/tiles-3-3526_Bergs_vatten_647402-125700.dzi
648749-127464,"Betvattnet",3-3464_Betvattnet_648749-127464.tif,svar/zips/Betvattnet/648749-127464-kartor/web/tiles-3-3464_Betvattnet_648749-127464.dzi
633458-138475,"Bestorpasjön",3-6353_Bestorpasjön_633458-138475.jpg,svar/zips/Bestorpasj_n/633458-138475-kartor/web/tiles-3-6353_Bestorpasjon_633458-138475.dzi
636588-135321,"Bergasjön",3-6552_Bergasjön_636588-135321.tif,svar/zips/Bergasj_n/636588-135321-kartor/web/tiles-3-6552_Bergasjon_636588-135321.dzi
650460-142624,"Bergsjön",3-6338_Bergsjön_650460-142624.tif,svar/zips/Bergsj_n/650460-142624-kartor/web/tiles-3-6338_Bergsjon_650460-142624.dzi
622945-133635,"Bihagasjön",3-2591_Bihagasjön_622945-133635.tif,svar/zips/Bihagasj_n/622945-133635-kartor/web/tiles-3-2591_Bihagasjon_622945-133635.dzi
635751-153784,"Betsjön",1-0227_Betsjön_635751-153784.tif,svar/zips/Betsj_n/635751-153784-kartor/web/tiles-1-0227_Betsjon_635751-153784.dzi
633458-138475,"Bestorpasjön",3-6353_Bestorpasjön_633458-138475.tif,svar/zips/Bestorpasj_n/633458-138475-kartor/web/tiles-3-6353_Bestorpasjon_633458-138475.dzi
627334-147457,"Bjursjön",5-0484_Bjursjön_627334-147457.tif,svar/zips/Bjursj_n/627334-147457-kartor/web/tiles-5-0484_Bjursjon_627334-147457.dzi
633438-130484,"Björkasjö",2-0626_Björkasjö_633438-130484a.tif,svar/zips/Bj_rkasj_/633438-130484-kartor/web/tiles-2-0626_Bjorkasjo_633438-130484a.dzi
653792-148091,"Bjurhultasjön",5-0171_Bjurhultasjön_653792-148091.tif,svar/zips/Bjurhultasj_n/653792-148091-kartor/web/tiles-5-0171_Bjurhultasjon_653792-148091.dzi
636835-141765,"Bjällebosjön",5-0005_Bjällebosjön_636835-141765.pdf,svar/zips/Bj_llebosj_n/636835-141765-kartor/web/tiles-5-0005_Bjallebosjon_636835-141765.dzi
635890-144862,"Bjädesjösjön",2-0307_Bjädesjösjön_635890-144862.tif,svar/zips/Bj_desj_sj_n/635890-144862-kartor/web/tiles-2-0307_Bjadesjosjon_635890-144862.dzi
653847-151668,"Bjälken",3-5659_Bjälken_653847-151668.tif,svar/zips/Bj_lken/653847-151668-kartor/web/tiles-3-5659_Bjalken_653847-151668.dzi
639906-132285,"Björken",3-3905_Björken_639906-132285a.tif,svar/zips/Bj_rken/639906-132285-kartor/web/tiles-3-3905_Bjorken_639906-132285a.dzi
652707-159032,"Björken",5-0938_Björken_652707-159032.jpg,svar/zips/Bj_rken/652707-159032-kartor/web/tiles-5-0938_Bjorken_652707-159032.dzi
643246-150602,"Björkern",3-0718_Björkern_643246-150602.tif,svar/zips/Bj_rkern/643246-150602-kartor/web/tiles-3-0718_Bjorkern_643246-150602.dzi
654136-130494,"Björkesjö",3-1725_Björkesjö_654136-130494.tif,svar/zips/Bj_rkesj_/654136-130494-kartor/web/tiles-3-1725_Bjorkesjo_654136-130494.dzi
633438-130484,"Björkasjö",2-0626_Björkasjö_633438-130484b.tif,svar/zips/Bj_rkasj_/633438-130484-kartor/web/tiles-2-0626_Bjorkasjo_633438-130484b.dzi
623759-144032,"Björkesjön",3-5971_Björkesjön_623759-144032.tif,svar/zips/Bj_rkesj_n/623759-144032-kartor/web/tiles-3-5971_Bjorkesjon_623759-144032.dzi
635567-130408,"Björkesjön",3-3549_Björkesjön_635567-130408.tif,svar/zips/Bj_rkesj_n/635567-130408-kartor/web/tiles-3-3549_Bjorkesjon_635567-130408.dzi
615847-134788,"Björkesåkrasjön",3-1985_Björkesåkrasjön_615847-134788.tif,svar/zips/Bj_rkes_krasj_n/615847-134788-kartor/web/tiles-3-1985_Bjorkesakrasjon_615847-134788.dzi
639906-132285,"Björken",3-3905_Björken_639906-132285b.tif,svar/zips/Bj_rken/639906-132285-kartor/web/tiles-3-3905_Bjorken_639906-132285b.dzi
632859-149300,"Björkhultssjön",3-6137_Björkhultssjön_632859-149300a.tif,svar/zips/Bj_rkhultssj_n/632859-149300-kartor/web/tiles-3-6137_Bjorkhultssjon_632859-149300a.dzi
635038-132125,"Björkhultasjön",2-0615_Björkhultasjön_635038-132125a.tif,svar/zips/Bj_rkhultasj_n/635038-132125-kartor/web/tiles-2-0615_Bjorkhultasjon_635038-132125a.dzi
640314-129559,"Björkesjön",3-0932_Björkesjön_640314-129559.tif,svar/zips/Bj_rkesj_n/640314-129559-kartor/web/tiles-3-0932_Bjorkesjon_640314-129559.dzi
633438-130484,"Björkasjö",2-0626_Björkasjö_633438-130484c.tif,svar/zips/Bj_rkasj_/633438-130484-kartor/web/tiles-2-0626_Bjorkasjo_633438-130484c.dzi
656640-141684,"Björksjön",3-4664_Björksjön_656640-141684.tif,svar/zips/Bj_rksj_n/656640-141684-kartor/web/tiles-3-4664_Bjorksjon_656640-141684.dzi
635754-146193,"Björnasjön",3-3555_Björnasjön_635754-146193.tif,svar/zips/Bj_rnasj_n/635754-146193-kartor/web/tiles-3-3555_Bjornasjon_635754-146193.dzi
632534-136862,"Bjärnasjön",3-5664_Bjärnasjön_632534-136862.tif,svar/zips/Bj_rnasj_n/632534-136862-kartor/web/tiles-3-5664_Bjarnasjon_632534-136862.dzi
635038-132125,"Björkhultasjön",2-0615_Björkhultasjön_635038-132125b.jpg,svar/zips/Bj_rkhultasj_n/635038-132125-kartor/web/tiles-2-0615_Bjorkhultasjon_635038-132125b.dzi
635509-143197,"Björnfällegöl",3-5533_Björnfällegöl_635509-143197.tif,svar/zips/Bj_rnf_lleg_l/635509-143197-kartor/web/tiles-3-5533_Bjornfallegol_635509-143197.dzi
624161-137117,"Bjärlången",3-5805_Bjärlången_624161-137117.tif,svar/zips/Bj_rl_ngen/624161-137117-kartor/web/tiles-3-5805_Bjarlangen_624161-137117.dzi
632859-149300,"Björkhultssjön",3-6137_Björkhultssjön_632859-149300b.tif,svar/zips/Bj_rkhultssj_n/632859-149300-kartor/web/tiles-3-6137_Bjorkhultssjon_632859-149300b.dzi
652709-147507,"Björnhammarsjön",5-0127_ Björnhammarsjön_652709-147507.tif,svar/zips/Bj_rnhammarsj_n/652709-147507-kartor/web/tiles-5-0127_Bjornhammarsjon_652709-147507.dzi
634238-142171,"Björnhultsgölen",3-5613_Björnhultsgölen_634238-142171.tif,svar/zips/Bj_rnhultsg_len/634238-142171-kartor/web/tiles-3-5613_Bjornhultsgolen_634238-142171.dzi
633438-130484,"Björkasjö",2-0626_Björkasjö_633438-130484d.tif,svar/zips/Bj_rkasj_/633438-130484-kartor/web/tiles-2-0626_Bjorkasjo_633438-130484d.dzi
639653-129958,"Björnhulta Sjö",3-4221_Björnhulta sjö_639653-129958.tif,svar/zips/Bj_rnhulta_Sj_/639653-129958-kartor/web/tiles-3-4221_Bjornhulta_sjo_639653-129958.dzi
635038-132125,"Björkhultasjön",2-0615_Björkhultasjön_635038-132125b.tif,svar/zips/Bj_rkhultasj_n/635038-132125-kartor/web/tiles-2-0615_Bjorkhultasjon_635038-132125b.dzi
625845-147802,"Björnsjön",3-5571_Björnasjön_625845-147802.tif,svar/zips/Bj_rnsj_n/625845-147802-kartor/web/tiles-3-5571_Bjornasjon_625845-147802.dzi
639052-145558,"Björnshultasjön",3-5739_Björnshultasjön_639052-145558.tif,svar/zips/Bj_rnshultasj_n/639052-145558-kartor/web/tiles-3-5739_Bjornshultasjon_639052-145558.dzi
652834-145178,"Björnlången",3-4593_Björnlången_652834-145178.tif,svar/zips/Bj_rnl_ngen/652834-145178-kartor/web/tiles-3-4593_Bjornlangen_652834-145178.dzi
639981-137409,"Björnsjön",3-4887_Björnsjön_639981-137409.tif,svar/zips/Bj_rnsj_n/639981-137409-kartor/web/tiles-3-4887_Bjornsjon_639981-137409.dzi
633438-130484,"Björkasjö",2-0626_Björkasjö_633438-130484e.tif,svar/zips/Bj_rkasj_/633438-130484-kartor/web/tiles-2-0626_Bjorkasjo_633438-130484e.dzi
630450-147285,"Björnsjön",3-6337_Björnsjön_630450-147285.tif,svar/zips/Bj_rnsj_n/630450-147285-kartor/web/tiles-3-6337_Bjornsjon_630450-147285.dzi
621947-135079,"Bjärrödsjön",3-2590_Bjärrödsjön_621947-135079.tif,svar/zips/Bj_rr_dsj_n/621947-135079-kartor/web/tiles-3-2590_Bjarrodsjon_621947-135079.dzi
635670-143249,"Björnskogssjön",3-4019_Björnskogssjön_635670-143249.tif,svar/zips/Bj_rnskogssj_n/635670-143249-kartor/web/tiles-3-4019_Bjornskogssjon_635670-143249.dzi
635038-132125,"Björkhultasjön",2-0615_Björkhultasjön_635038-132125c.tif,svar/zips/Bj_rkhultasj_n/635038-132125-kartor/web/tiles-2-0615_Bjorkhultasjon_635038-132125c.dzi
627855-134250,"Björsjö",3-6381_Björsjö_627855-134250.jpg,svar/zips/Bj_rsj_/627855-134250-kartor/web/tiles-3-6381_Bjorsjo_627855-134250.dzi
634984-137666,"Björsbosjön",3-6279_Björsbosjön_634984-137666.tif,svar/zips/Bj_rsbosj_n/634984-137666-kartor/web/tiles-3-6279_Bjorsbosjon_634984-137666.dzi
633438-130484,"Björkasjö",2-0626_Björkasjö_633438-130484f.tif,svar/zips/Bj_rkasj_/633438-130484-kartor/web/tiles-2-0626_Bjorkasjo_633438-130484f.dzi
634633-131257,"Björsjö",2-0628_Björsjö_634633-131257b.tif,svar/zips/Bj_rsj_/634633-131257-kartor/web/tiles-2-0628_Bjorsjo_634633-131257b.dzi
642292-128563,"Björsjön",3-0968_Björsjön_642292-128563.tif,svar/zips/Bj_rsj_n/642292-128563-kartor/web/tiles-3-0968_Bjorsjon_642292-128563.dzi
639972-131665,"Björsjön",1-0138_Björsjön_639972-131665.tif,svar/zips/Bj_rsj_n/639972-131665-kartor/web/tiles-1-0138_Bjorsjon_639972-131665.dzi
634984-137666,"Björsbosjön",5-0007_Björsbosjön_634984-137666.pdf,svar/zips/Bj_rsbosj_n/634984-137666-kartor/web/tiles-5-0007_Bjorsbosjon_634984-137666.dzi
634633-131257,"Björsjö",2-0628_Björsjö_634633-131257c.tif,svar/zips/Bj_rsj_/634633-131257-kartor/web/tiles-2-0628_Bjorsjo_634633-131257c.dzi
635038-132125,"Björkhultasjön",2-0615_Björkhultasjön_635038-132125d.tif,svar/zips/Bj_rkhultasj_n/635038-132125-kartor/web/tiles-2-0615_Bjorkhultasjon_635038-132125d.dzi
638783-134291,"Björsjön",3-4851_Björsjön_638783-134291.tif,svar/zips/Bj_rsj_n/638783-134291-kartor/web/tiles-3-4851_Bjorsjon_638783-134291.dzi
633438-130484,"Björkasjö",3-5442_Björkasjö_633438-130484.tif,svar/zips/Bj_rkasj_/633438-130484-kartor/web/tiles-3-5442_Bjorkasjo_633438-130484.dzi
632510-151014,"Bjärssjön",3-2344_Bjärssjön_632510-151014a.tif,svar/zips/Bj_rssj_n/632510-151014-kartor/web/tiles-3-2344_Bjarssjon_632510-151014a.dzi
639972-131665,"Björsjön",3-3904_Björsjön_639972-131665a.tif,svar/zips/Bj_rsj_n/639972-131665-kartor/web/tiles-3-3904_Bjorsjon_639972-131665a.dzi
627855-134250,"Björsjö",3-6381_Björsjö_627855-134250.tif,svar/zips/Bj_rsj_/627855-134250-kartor/web/tiles-3-6381_Bjorsjo_627855-134250.dzi
651220-143357,"Blanksjön",3-6433_Blanksjön_651220-143357.jpg,svar/zips/Blanksj_n/651220-143357-kartor/web/tiles-3-6433_Blanksjon_651220-143357.dzi
651973-149250,"Bleklången",3-6491_Bleklången_651973-149250.jpg,svar/zips/Blekl_ngen/651973-149250-kartor/web/tiles-3-6491_Bleklangen_651973-149250.dzi
634633-131257,"Björsjö",2-0628_Björsjö_634633-131257d.tif,svar/zips/Bj_rsj_/634633-131257-kartor/web/tiles-2-0628_Bjorsjo_634633-131257d.dzi
638790-152063,"Blägdesjön",3-3700_Blägdesjön_638790-152063.tif,svar/zips/Bl_gdesj_n/638790-152063-kartor/web/tiles-3-3700_Blagdesjon_638790-152063.dzi
633438-130484,"Björkasjö",3-6626_Björkasjö_633438-130484.jpg,svar/zips/Bj_rkasj_/633438-130484-kartor/web/tiles-3-6626_Bjorkasjo_633438-130484.dzi
640638-129438,"Blomman",3-0934_Blomman_640638-129438.tif,svar/zips/Blomman/640638-129438-kartor/web/tiles-3-0934_Blomman_640638-129438.dzi
652300-126476,"Blötevatten",3-1743_Blötevatten_652300-126476.tif,svar/zips/Bl_tevatten/652300-126476-kartor/web/tiles-3-1743_Blotevatten_652300-126476.dzi
651973-149250,"Bleklången",3-6491_Bleklången_651973-149250.tif,svar/zips/Blekl_ngen/651973-149250-kartor/web/tiles-3-6491_Bleklangen_651973-149250.dzi
651220-143357,"Blanksjön",3-6433_Blanksjön_651220-143357.tif,svar/zips/Blanksj_n/651220-143357-kartor/web/tiles-3-6433_Blanksjon_651220-143357.dzi
624598-145331,"Boasjön",3-2970_Boasjön_624598-145331.tif,svar/zips/Boasj_n/624598-145331-kartor/web/tiles-3-2970_Boasjon_624598-145331.dzi
639972-131665,"Björsjön",3-3904_Björsjön_639972-131665b.tif,svar/zips/Bj_rsj_n/639972-131665-kartor/web/tiles-3-3904_Bjorsjon_639972-131665b.dzi
634633-131257,"Björsjö",2-0628_Björsjö_634633-131257e.tif,svar/zips/Bj_rsj_/634633-131257-kartor/web/tiles-2-0628_Bjorsjo_634633-131257e.dzi
633438-130484,"Björkasjö",3-6626_Björkasjö_633438-130484.tif,svar/zips/Bj_rkasj_/633438-130484-kartor/web/tiles-3-6626_Bjorkasjo_633438-130484.dzi
640638-129438,"Blomman",3-0935_Blomman_640638-129438.tif,svar/zips/Blomman/640638-129438-kartor/web/tiles-3-0935_Blomman_640638-129438.dzi
631755-132813,"Boasjön",3-6405_Boasjön_631755-132813.jpg,svar/zips/Boasj_n/631755-132813-kartor/web/tiles-3-6405_Boasjon_631755-132813.dzi
634058-142040,"Bocksjön",3-6273_Bocksjön_634058-142040.tif,svar/zips/Bocksj_n/634058-142040-kartor/web/tiles-3-6273_Bocksjon_634058-142040.dzi
634633-131257,"Björsjö",2-0628_Björsjö_634633-131257f.tif,svar/zips/Bj_rsj_/634633-131257-kartor/web/tiles-2-0628_Bjorsjo_634633-131257f.dzi
633438-130484,"Björkasjö",5-0995_Björkasjö_633438-130484.pdf,svar/zips/Bj_rkasj_/633438-130484-kartor/web/tiles-5-0995_Bjorkasjo_633438-130484.dzi
625592-146388,"Boasjön",3-2800_Boasjön_625592-146388.tif,svar/zips/Boasj_n/625592-146388-kartor/web/tiles-3-2800_Boasjon_625592-146388.dzi
629335-136451,"Boasjön",3-4698_Boasjön_629335-136451.tif,svar/zips/Boasj_n/629335-136451-kartor/web/tiles-3-4698_Boasjon_629335-136451.dzi
652300-126476,"Blötevatten",3-2571_Blötevatten_652300-126476.tif,svar/zips/Bl_tevatten/652300-126476-kartor/web/tiles-3-2571_Blotevatten_652300-126476.dzi
631755-132813,"Boasjön",3-6405_Boasjön_631755-132813.tif,svar/zips/Boasj_n/631755-132813-kartor/web/tiles-3-6405_Boasjon_631755-132813.dzi
636841-144133,"Bocksjön",3-3720_Bocksjön_636841-144133.tif,svar/zips/Bocksj_n/636841-144133-kartor/web/tiles-3-3720_Bocksjon_636841-144133.dzi
650642-143172,"Bocksjön",3-6340_Bocksjön_650642-143172.jpg,svar/zips/Bocksj_n/650642-143172-kartor/web/tiles-3-6340_Bocksjon_650642-143172.dzi
638213-148390,"Bodagölen",3-5741_Bodagölen_638213-148390.tif,svar/zips/Bodag_len/638213-148390-kartor/web/tiles-3-5741_Bodagolen_638213-148390.dzi
653473-125835,"Bockstjärn",3-1750_Bockstjärn_653473-125835.tif,svar/zips/Bockstj_rn/653473-125835-kartor/web/tiles-3-1750_Bockstjarn_653473-125835.dzi
649467-128536,"Bodanesjön",3-4807_Bodanesjön_649467-128536.tif,svar/zips/Bodanesj_n/649467-128536-kartor/web/tiles-3-4807_Bodanesjon_649467-128536.dzi
651242-129513,"Bodanesjön",3-2478_Bodanesjön_651242-129513.tif,svar/zips/Bodanesj_n/651242-129513-kartor/web/tiles-3-2478_Bodanesjon_651242-129513.dzi
650642-143172,"Bocksjön",3-6340_Bocksjön_650642-143172.tif,svar/zips/Bocksj_n/650642-143172-kartor/web/tiles-3-6340_Bocksjon_650642-143172.dzi
634633-131257,"Björsjö",3-6402_Björsjö_634633-131257.jpg,svar/zips/Bj_rsj_/634633-131257-kartor/web/tiles-3-6402_Bjorsjo_634633-131257.dzi
625324-137620,"Bodarpa Sjö",3-3454_Bodarpa sjö_625324-137620.tif,svar/zips/Bodarpa_Sj_/625324-137620-kartor/web/tiles-3-3454_Bodarpa_sjo_625324-137620.dzi
628905-149308,"Bodasjön",5-0467_Bodasjön_628905-149308.tif,svar/zips/Bodasj_n/628905-149308-kartor/web/tiles-5-0467_Bodasjon_628905-149308.dzi
653473-125835,"Bockstjärn",3-1997_Bockstjärn_653473-125835a.tif,svar/zips/Bockstj_rn/653473-125835-kartor/web/tiles-3-1997_Bockstjarn_653473-125835a.dzi
631755-132813,"Boasjön",5-0997_Boasjön_631755-132813.pdf,svar/zips/Boasj_n/631755-132813-kartor/web/tiles-5-0997_Boasjon_631755-132813.dzi
635758-145756,"Bodasjön",3-3320_Bodasjön_635758-145756.tif,svar/zips/Bodasj_n/635758-145756-kartor/web/tiles-3-3320_Bodasjon_635758-145756.dzi
634633-131257,"Björsjö",3-6402_Björsjö_634633-131257.tif,svar/zips/Bj_rsj_/634633-131257-kartor/web/tiles-3-6402_Bjorsjo_634633-131257.dzi
625324-137620,"Bodarpa Sjö",3-6577_Bodarpa sjö_625324-137620.jpg,svar/zips/Bodarpa_Sj_/625324-137620-kartor/web/tiles-3-6577_Bodarpa_sjo_625324-137620.dzi
629411-147773,"Bodaskogsjö",5-0482_Bodaskogsjö_629411-147773.tif,svar/zips/Bodaskogsj_/629411-147773-kartor/web/tiles-5-0482_Bodaskogsjo_629411-147773.dzi
636990-145069,"Bodasjön",3-3931_Bodasjön_636990-145069.tif,svar/zips/Bodasj_n/636990-145069-kartor/web/tiles-3-3931_Bodasjon_636990-145069.dzi
653473-125835,"Bockstjärn",3-1997_Bockstjärn_653473-125835b.tif,svar/zips/Bockstj_rn/653473-125835-kartor/web/tiles-3-1997_Bockstjarn_653473-125835b.dzi
644622-129057,"Bodasjön",2-1015_Bodasjön_644622-129057.jpg,svar/zips/Bodasj_n/644622-129057-kartor/web/tiles-2-1015_Bodasjon_644622-129057.dzi
636976-144354,"Bodatorpasjön",3-3932_Bodatorpasjön_636976-144354.tif,svar/zips/Bodatorpasj_n/636976-144354-kartor/web/tiles-3-3932_Bodatorpasjon_636976-144354.dzi
634633-131257,"Björsjö",5-0996_Björsjö_634633-131257.pdf,svar/zips/Bj_rsj_/634633-131257-kartor/web/tiles-5-0996_Bjorsjo_634633-131257.dzi
625550-146686,"Boklången",3-2797_Boklången_625550-146686.tif,svar/zips/Bokl_ngen/625550-146686-kartor/web/tiles-3-2797_Boklangen_625550-146686.dzi
639760-139559,"Boerydssjön",3-6307_Boerydssjön_639760-139559.tif,svar/zips/Boerydssj_n/639760-139559-kartor/web/tiles-3-6307_Boerydssjon_639760-139559.dzi
625324-137620,"Bodarpa Sjö",3-6577_Bodarpa sjö_625324-137620.tif,svar/zips/Bodarpa_Sj_/625324-137620-kartor/web/tiles-3-6577_Bodarpa_sjo_625324-137620.dzi
634052-130781,"Boksjön",3-6399_Boksjön_634052-130781.jpg,svar/zips/Boksj_n/634052-130781-kartor/web/tiles-3-6399_Boksjon_634052-130781.dzi
640057-152632,"Bogöl",3-3257_Bogöl_640057-152632.tif,svar/zips/Bog_l/640057-152632-kartor/web/tiles-3-3257_Bogol_640057-152632.dzi
651762-152048,"Bolen",3-4536_Bolen_651762-152048.tif,svar/zips/Bolen/651762-152048-kartor/web/tiles-3-4536_Bolen_651762-152048.dzi
629511-136866,"Bolmen",0-0065_Bolmen_629511-136866.tif,svar/zips/Bolmen/629511-136866-kartor/web/tiles-0-0065_Bolmen_629511-136866.dzi
654899-126380,"Boksjön",1-0283_Boksjön_654899-126380.tif,svar/zips/Boksj_n/654899-126380-kartor/web/tiles-1-0283_Boksjon_654899-126380.dzi
634052-130781,"Boksjön",3-6399_Boksjön_634052-130781.tif,svar/zips/Boksj_n/634052-130781-kartor/web/tiles-3-6399_Boksjon_634052-130781.dzi
645239-143843,"Bonderydssjön",3-3678_Bonderydssjön_645239-143843.tif,svar/zips/Bonderydssj_n/645239-143843-kartor/web/tiles-3-3678_Bonderydssjon_645239-143843.dzi
649927-128741,"Bollungssjön",3-4810_Bollungssjön_649927-128741.tif,svar/zips/Bollungssj_n/649927-128741-kartor/web/tiles-3-4810_Bollungssjon_649927-128741.dzi
655653-127354,"Bomarkstjärnet",3-4730_Bomarkstjärnet_655653-127354.tif,svar/zips/Bomarkstj_rnet/655653-127354-kartor/web/tiles-3-4730_Bomarkstjarnet_655653-127354.dzi
629511-136866,"Bolmen",2-0178a_Bolmen_629511-136866.tif,svar/zips/Bolmen/629511-136866-kartor/web/tiles-2-0178a_Bolmen_629511-136866.dzi
644622-129057,"Bodasjön",2-1015_Bodasjön_644622-129057.tif,svar/zips/Bodasj_n/644622-129057-kartor/web/tiles-2-1015_Bodasjon_644622-129057.dzi
638156-139026,"Bongebogöl",3-5483_Bongebogöl_638156-139026.tif,svar/zips/Bongebog_l/638156-139026-kartor/web/tiles-3-5483_Bongebogol_638156-139026.dzi
638142-138918,"Bongebosjön",3-2433_Bongebosjön_638142-138918.tif,svar/zips/Bongebosj_n/638142-138918-kartor/web/tiles-3-2433_Bongebosjon_638142-138918.dzi
637864-138968,"Bondögölarna",3-5246_Bondögölarna_637864-138968.tif,svar/zips/Bond_g_larna/637864-138968-kartor/web/tiles-3-5246_Bondogolarna_637864-138968.dzi
621964-133656,"Bonnarpssjön",3-2593_Bonnarpssjön_621964-133656.tif,svar/zips/Bonnarpssj_n/621964-133656-kartor/web/tiles-3-2593_Bonnarpssjon_621964-133656.dzi
634052-130781,"Boksjön",5-0998_Boksjön_634052-130781.pdf,svar/zips/Boksj_n/634052-130781-kartor/web/tiles-5-0998_Boksjon_634052-130781.dzi
641604-152890,"Borghultesjön",3-3375_Borghultesjön_641604-152890.tif,svar/zips/Borghultesj_n/641604-152890-kartor/web/tiles-3-3375_Borghultesjon_641604-152890.dzi
644622-129057,"Bodasjön",2-1015_Bodasjön_644622-129057b.jpg,svar/zips/Bodasj_n/644622-129057-kartor/web/tiles-2-1015_Bodasjon_644622-129057b.dzi
642933-153630,"Borgsjön",1-0212b_Borgsjön_642933-153630.jpg,svar/zips/Borgsj_n/642933-153630-kartor/web/tiles-1-0212b_Borgsjon_642933-153630.dzi
629511-136866,"Bolmen",2-0178b_Bolmen_629511-136866.tif,svar/zips/Bolmen/629511-136866-kartor/web/tiles-2-0178b_Bolmen_629511-136866.dzi
634239-135290,"Borlången",3-2508_Borlången_634239-135290.tif,svar/zips/Borl_ngen/634239-135290-kartor/web/tiles-3-2508_Borlangen_634239-135290.dzi
638142-138918,"Bongebosjön",3-2437_Bongebosjön_638142-138918.tif,svar/zips/Bongebosj_n/638142-138918-kartor/web/tiles-3-2437_Bongebosjon_638142-138918.dzi
645082-128655,"Borydsjön",2-0958_Borydsjön_645082-128655.jpg,svar/zips/Borydsj_n/645082-128655-kartor/web/tiles-2-0958_Borydsjon_645082-128655.dzi
630191-141062,"Borrasjön",3-4685_Borrasjön_630191-141062.tif,svar/zips/Borrasj_n/630191-141062-kartor/web/tiles-3-4685_Borrasjon_630191-141062.dzi
636016-143852,"Borrsjön",3-3557_Borrsjön_636016-143852.tif,svar/zips/Borrsj_n/636016-143852-kartor/web/tiles-3-3557_Borrsjon_636016-143852.dzi
629511-136866,"Bolmen",2-0178c_Bolmen_629511-136866.tif,svar/zips/Bolmen/629511-136866-kartor/web/tiles-2-0178c_Bolmen_629511-136866.dzi
634224-153192,"Bosjön",3-3111_Bosjön_634224-153192.tif,svar/zips/Bosj_n/634224-153192-kartor/web/tiles-3-3111_Bosjon_634224-153192.dzi
644622-129057,"Bodasjön",3-4832_Bodasjön_644622-129057.tif,svar/zips/Bodasj_n/644622-129057-kartor/web/tiles-3-4832_Bodasjon_644622-129057.dzi
642933-153630,"Borgsjön",1-0212b_Borgsjön_642933-153630.pdf,svar/zips/Borgsj_n/642933-153630-kartor/web/tiles-1-0212b_Borgsjon_642933-153630.dzi
639781-132272,"Bosjön",2-0387_Bosjön_639781-132272a.tif,svar/zips/Bosj_n/639781-132272-kartor/web/tiles-2-0387_Bosjon_639781-132272a.dzi
645082-128655,"Borydsjön",2-0958_Borydsjön_645082-128655.tif,svar/zips/Borydsj_n/645082-128655-kartor/web/tiles-2-0958_Borydsjon_645082-128655.dzi
637086-141252,"Bosarydssjön",3-6393_Bosarydssjön_637086-141252.jpg,svar/zips/Bosarydssj_n/637086-141252-kartor/web/tiles-3-6393_Bosarydssjon_637086-141252.dzi
651974-143155,"Bosjön",5-0130_Bosjön_651974-143155.tif,svar/zips/Bosj_n/651974-143155-kartor/web/tiles-5-0130_Bosjon_651974-143155.dzi
634482-145983,"Boskvarnasjön",3-2447_Boskvarnasjön_634482-145983.tif,svar/zips/Boskvarnasj_n/634482-145983-kartor/web/tiles-3-2447_Boskvarnasjon_634482-145983.dzi
634485-132380,"Bossjön",2-0616_Bossjön_634485-132380a.tif,svar/zips/Bossj_n/634485-132380-kartor/web/tiles-2-0616_Bossjon_634485-132380a.dzi
645082-128655,"Borydsjön",3-4741_Borydsjön_645082-128655.tif,svar/zips/Borydsj_n/645082-128655-kartor/web/tiles-3-4741_Borydsjon_645082-128655.dzi
642933-153630,"Borgsjön",1-0212_Borgsjön_642933-153630.tif,svar/zips/Borgsj_n/642933-153630-kartor/web/tiles-1-0212_Borgsjon_642933-153630.dzi
637086-141252,"Bosarydssjön",3-6393_Bosarydssjön_637086-141252.tif,svar/zips/Bosarydssj_n/637086-141252-kartor/web/tiles-3-6393_Bosarydssjon_637086-141252.dzi
629511-136866,"Bolmen",2-0178d_Bolmen_629511-136866.tif,svar/zips/Bolmen/629511-136866-kartor/web/tiles-2-0178d_Bolmen_629511-136866.dzi
634482-145983,"Boskvarnasjön",3-2946_Boskvarnasjön_634482-145983.tif,svar/zips/Boskvarnasj_n/634482-145983-kartor/web/tiles-3-2946_Boskvarnasjon_634482-145983.dzi
639781-132272,"Bosjön",2-0387_Bosjön_639781-132272b.tif,svar/zips/Bosj_n/639781-132272-kartor/web/tiles-2-0387_Bosjon_639781-132272b.dzi
635987-143582,"Bossnatorpasjön",3-3556_Bossnatorpasjön_635987-143582.tif,svar/zips/Bossnatorpasj_n/635987-143582-kartor/web/tiles-3-3556_Bossnatorpasjon_635987-143582.dzi
635684-131452,"Botasjö",3-6543_Botasjö_635684-131452.jpg,svar/zips/Botasj_/635684-131452-kartor/web/tiles-3-6543_Botasjo_635684-131452.dzi
634485-132380,"Bossjön",2-0616_Bossjön_634485-132380b.jpg,svar/zips/Bossj_n/634485-132380-kartor/web/tiles-2-0616_Bossjon_634485-132380b.dzi
654347-148654,"Botaren",2-0488_Botaren_654347-148654a.tif,svar/zips/Botaren/654347-148654-kartor/web/tiles-2-0488_Botaren_654347-148654a.dzi
656545-128061,"Bottensjön",3-1727_Bottensjön_656545-128061.tif,svar/zips/Bottensj_n/656545-128061-kartor/web/tiles-3-1727_Bottensjon_656545-128061.dzi
634482-145983,"Boskvarnasjön",3-6386_Boskvarnasjön_634482-145983.jpg,svar/zips/Boskvarnasj_n/634482-145983-kartor/web/tiles-3-6386_Boskvarnasjon_634482-145983.dzi
637837-139029,"Brandsjön",3-4287_Brandsjön_637837-139029.tif,svar/zips/Brandsj_n/637837-139029-kartor/web/tiles-3-4287_Brandsjon_637837-139029.dzi
635684-131452,"Botasjö",3-6543_Botasjö_635684-131452.tif,svar/zips/Botasj_/635684-131452-kartor/web/tiles-3-6543_Botasjo_635684-131452.dzi
634485-132380,"Bossjön",2-0616_Bossjön_634485-132380b.tif,svar/zips/Bossj_n/634485-132380-kartor/web/tiles-2-0616_Bossjon_634485-132380b.dzi
629089-133568,"Brearedssjön",3-5088_Brearedssjön_629089-133568.tif,svar/zips/Brearedssj_n/629089-133568-kartor/web/tiles-3-5088_Brearedssjon_629089-133568.dzi
654347-148654,"Botaren",2-0488_Botaren_654347-148654b.tif,svar/zips/Botaren/654347-148654-kartor/web/tiles-2-0488_Botaren_654347-148654b.dzi
629511-136866,"Bolmen",2-0178e_Bolmen_629511-136866.tif,svar/zips/Bolmen/629511-136866-kartor/web/tiles-2-0178e_Bolmen_629511-136866.dzi
623826-144109,"Bredagyl",3-5973_Bredagyl_623826-144109.tif,svar/zips/Bredagyl/623826-144109-kartor/web/tiles-3-5973_Bredagyl_623826-144109.dzi
625574-148313,"Bredasjön",3-2379_Bredasjön_625574-148313.tif,svar/zips/Bredasj_n/625574-148313-kartor/web/tiles-3-2379_Bredasjon_625574-148313.dzi
625254-146741,"Bredasjön",3-2814_Bredasjön_625254-146741.tif,svar/zips/Bredasj_n/625254-146741-kartor/web/tiles-3-2814_Bredasjon_625254-146741.dzi
634482-145983,"Boskvarnasjön",3-6386_Boskvarnasjön_634482-145983.tif,svar/zips/Boskvarnasj_n/634482-145983-kartor/web/tiles-3-6386_Boskvarnasjon_634482-145983.dzi
624299-143501,"Bredagyl",3-5972_Bredagyl_624299-143501.tif,svar/zips/Bredagyl/624299-143501-kartor/web/tiles-3-5972_Bredagyl_624299-143501.dzi
629511-136866,"Bolmen",2-0178f_Bolmen_629511-136866.tif,svar/zips/Bolmen/629511-136866-kartor/web/tiles-2-0178f_Bolmen_629511-136866.dzi
634485-132380,"Bossjön",2-0616_Bossjön_634485-132380c.tif,svar/zips/Bossj_n/634485-132380-kartor/web/tiles-2-0616_Bossjon_634485-132380c.dzi
636373-132270,"Bredasjön",3-4852_Bredasjön_636373-132270.tif,svar/zips/Bredasj_n/636373-132270-kartor/web/tiles-3-4852_Bredasjon_636373-132270.dzi
635078-147648,"Bredasjön",3-2205_Bredasjön_635078-147648.tif,svar/zips/Bredasj_n/635078-147648-kartor/web/tiles-3-2205_Bredasjon_635078-147648.dzi
626932-149063,"Bredasjösjön",5-0483_Bredasjösjön_626932-149063.tif,svar/zips/Bredasj_sj_n/626932-149063-kartor/web/tiles-5-0483_Bredasjosjon_626932-149063.dzi
635646-145462,"Bredegöl",3-3321_Bredegöl_635646-145462.tif,svar/zips/Bredeg_l/635646-145462-kartor/web/tiles-3-3321_Bredegol_635646-145462.dzi
625254-146741,"Bredasjön",3-2957_Bredasjön_625254-146741.tif,svar/zips/Bredasj_n/625254-146741-kartor/web/tiles-3-2957_Bredasjon_625254-146741.dzi
629511-136866,"Bolmen",2-0178g_Bolmen_629511-136866.tif,svar/zips/Bolmen/629511-136866-kartor/web/tiles-2-0178g_Bolmen_629511-136866.dzi
634485-132380,"Bossjön",2-0616_Bossjön_634485-132380d.tif,svar/zips/Bossj_n/634485-132380-kartor/web/tiles-2-0616_Bossjon_634485-132380d.dzi
635995-153192,"Bredsjön",1-0249_Bredsjön_635995-153192.tif,svar/zips/Bredsj_n/635995-153192-kartor/web/tiles-1-0249_Bredsjon_635995-153192.dzi
636373-132270,"Bredasjön",3-6579_Bredasjön_636373-132270.jpg,svar/zips/Bredasj_n/636373-132270-kartor/web/tiles-3-6579_Bredasjon_636373-132270.dzi
636587-148179,"Breda Viksjön",3-2871_Breda Viksjön_636587-148179.tif,svar/zips/Breda_Viksj_n/636587-148179-kartor/web/tiles-3-2871_Breda_Viksjon_636587-148179.dzi
641382-153100,"Bredgöl",3-3230_Bredgöl_641382-153100.tif,svar/zips/Bredg_l/641382-153100-kartor/web/tiles-3-3230_Bredgol_641382-153100.dzi
629511-136866,"Bolmen",2-0178h_Bolmen_629511-136866.tif,svar/zips/Bolmen/629511-136866-kartor/web/tiles-2-0178h_Bolmen_629511-136866.dzi
636373-132270,"Bredasjön",3-6579_Bredasjön_636373-132270.tif,svar/zips/Bredasj_n/636373-132270-kartor/web/tiles-3-6579_Bredasjon_636373-132270.dzi
633698-132386,"Bredsjön",3-5182_Bredsjön_633698-132386a.jpg,svar/zips/Bredsj_n/633698-132386-kartor/web/tiles-3-5182_Bredsjon_633698-132386a.dzi
637718-153000,"Bredsjön",3-3709_Bredsjön_637718-153000.tif,svar/zips/Bredsj_n/637718-153000-kartor/web/tiles-3-3709_Bredsjon_637718-153000.dzi
634485-132380,"Bossjön",2-0616_Bossjön_634485-132380e.tif,svar/zips/Bossj_n/634485-132380-kartor/web/tiles-2-0616_Bossjon_634485-132380e.dzi
633698-132386,"Bredsjön",3-5182_Bredsjön_633698-132386a.tif,svar/zips/Bredsj_n/633698-132386-kartor/web/tiles-3-5182_Bredsjon_633698-132386a.dzi
644527-127638,"Bredvatten",3-1517_Bredvatten_644527-127638.tif,svar/zips/Bredvatten/644527-127638-kartor/web/tiles-3-1517_Bredvatten_644527-127638.dzi
636373-132270,"Bredasjön",5-1000_Bredasjön_636373-132270.pdf,svar/zips/Bredasj_n/636373-132270-kartor/web/tiles-5-1000_Bredasjon_636373-132270.dzi
641759-135417,"Bredsjön",3-4767_Bredsjön_641759-135417.tif,svar/zips/Bredsj_n/641759-135417-kartor/web/tiles-3-4767_Bredsjon_641759-135417.dzi
634485-132380,"Bossjön",2-0616_Bossjön_634485-132380f.tif,svar/zips/Bossj_n/634485-132380-kartor/web/tiles-2-0616_Bossjon_634485-132380f.dzi
633703-149759,"Broasjö",5-0437a_Broasjö_633703-149759.tif,svar/zips/Broasj_/633703-149759-kartor/web/tiles-5-0437a_Broasjo_633703-149759.dzi
634476-132439,"Brokaredsjön",2-0611_Brokaredsjö_634476-132439a.tif,svar/zips/Brokaredsj_n/634476-132439-kartor/web/tiles-2-0611_Brokaredsjo_634476-132439a.dzi
641126-127929,"Bredvattnet",3-1635_Bredvattnet_641126-127929.tif,svar/zips/Bredvattnet/641126-127929-kartor/web/tiles-3-1635_Bredvattnet_641126-127929.dzi
624767-149985,"Brosjön",3-3851_Brosjön_624767-149985a.tif,svar/zips/Brosj_n/624767-149985-kartor/web/tiles-3-3851_Brosjon_624767-149985a.dzi
626290-148345,"Brudgölen",3-2378_Brudgölen_626290-148345.tif,svar/zips/Brudg_len/626290-148345-kartor/web/tiles-3-2378_Brudgolen_626290-148345.dzi
633698-132386,"Bredsjön",3-5182_Bredsjön_633698-132386b.tif,svar/zips/Bredsj_n/633698-132386-kartor/web/tiles-3-5182_Bredsjon_633698-132386b.dzi
633703-149759,"Broasjö",5-0437b_Broasjö_633703-149759.jpg,svar/zips/Broasj_/633703-149759-kartor/web/tiles-5-0437b_Broasjo_633703-149759.dzi
634485-132380,"Bossjön",2-0616_Bossjön_634485-132380g.tif,svar/zips/Bossj_n/634485-132380-kartor/web/tiles-2-0616_Bossjon_634485-132380g.dzi
656294-161360,"Brosjön",3-4281_Brosjön_656294-161360.tif,svar/zips/Brosj_n/656294-161360-kartor/web/tiles-3-4281_Brosjon_656294-161360.dzi
624384-149912,"Bruksgölen",3-3852_Bruksgölen_624384-149912a.tif,svar/zips/Bruksg_len/624384-149912-kartor/web/tiles-3-3852_Bruksgolen_624384-149912a.dzi
634842-153157,"Brukssjön",3-3507_Brukssjön_634842-153157.tif,svar/zips/Brukssj_n/634842-153157-kartor/web/tiles-3-3507_Brukssjon_634842-153157.dzi
634476-132439,"Brokaredsjön",2-0611_Brokaredsjö_634476-132439b.jpg,svar/zips/Brokaredsj_n/634476-132439-kartor/web/tiles-2-0611_Brokaredsjo_634476-132439b.dzi
633698-132386,"Bredsjön",3-5182_Bredsjön_633698-132386c.tif,svar/zips/Bredsj_n/633698-132386-kartor/web/tiles-3-5182_Bredsjon_633698-132386c.dzi
637280-146040,"Brunnshultadammen",2-0308_Brunnshultadammen_637280-146040.tif,svar/zips/Brunnshultadammen/637280-146040-kartor/web/tiles-2-0308_Brunnshultadammen_637280-146040.dzi
634485-132380,"Bossjön",3-6565_Bossjön_634485-132380.jpg,svar/zips/Bossj_n/634485-132380-kartor/web/tiles-3-6565_Bossjon_634485-132380.dzi
634476-132439,"Brokaredsjön",2-0611_Brokaredsjö_634476-132439b.tif,svar/zips/Brokaredsj_n/634476-132439-kartor/web/tiles-2-0611_Brokaredsjo_634476-132439b.dzi
627443-149526,"Brunnsjön",5-0446_Brunnsjön_627443-149526.tif,svar/zips/Brunnsj_n/627443-149526-kartor/web/tiles-5-0446_Brunnsjon_627443-149526.dzi
624767-149985,"Brosjön",3-3851_Brosjön_624767-149985b.tif,svar/zips/Brosj_n/624767-149985-kartor/web/tiles-3-3851_Brosjon_624767-149985b.dzi
624384-149912,"Bruksgölen",3-3852_Bruksgölen_624384-149912b.tif,svar/zips/Bruksg_len/624384-149912-kartor/web/tiles-3-3852_Bruksgolen_624384-149912b.dzi
637917-141885,"Brunsesjön",3-5409_Brunsesjön_637917-141885.tif,svar/zips/Brunsesj_n/637917-141885-kartor/web/tiles-3-5409_Brunsesjon_637917-141885.dzi
633698-132386,"Bredsjön",3-6706_Bredsjön_633698-132386.jpg,svar/zips/Bredsj_n/633698-132386-kartor/web/tiles-3-6706_Bredsjon_633698-132386.dzi
624767-149985,"Brosjön",3-6357_Brosjön_624767-149985.jpg,svar/zips/Brosj_n/624767-149985-kartor/web/tiles-3-6357_Brosjon_624767-149985.dzi
634485-132380,"Bossjön",3-6565_Bossjön_634485-132380.tif,svar/zips/Bossj_n/634485-132380-kartor/web/tiles-3-6565_Bossjon_634485-132380.dzi
627443-149526,"Brunnsjön",5-0454_Brunnsjön_627443-149526a.tif,svar/zips/Brunnsj_n/627443-149526-kartor/web/tiles-5-0454_Brunnsjon_627443-149526a.dzi
624384-149912,"Bruksgölen",3-6356_Bruksgölen_624384-149912.jpg,svar/zips/Bruksg_len/624384-149912-kartor/web/tiles-3-6356_Bruksgolen_624384-149912.dzi
634476-132439,"Brokaredsjön",2-0611_Brokaredsjö_634476-132439c.tif,svar/zips/Brokaredsj_n/634476-132439-kartor/web/tiles-2-0611_Brokaredsjo_634476-132439c.dzi
633698-132386,"Bredsjön",3-6706_Bredsjön_633698-132386.tif,svar/zips/Bredsj_n/633698-132386-kartor/web/tiles-3-6706_Bredsjon_633698-132386.dzi
635155-136987,"Bråarpasjön",2-0930_Bråarpasjön_635155-136987.jpg,svar/zips/Br_arpasj_n/635155-136987-kartor/web/tiles-2-0930_Braarpasjon_635155-136987.dzi
624767-149985,"Brosjön",3-6357_Brosjön_624767-149985.tif,svar/zips/Brosj_n/624767-149985-kartor/web/tiles-3-6357_Brosjon_624767-149985.dzi
624384-149912,"Bruksgölen",3-6356_Bruksgölen_624384-149912.tif,svar/zips/Bruksg_len/624384-149912-kartor/web/tiles-3-6356_Bruksgolen_624384-149912.dzi
627443-149526,"Brunnsjön",5-0454_Brunnsjön_627443-149526b.tif,svar/zips/Brunnsj_n/627443-149526-kartor/web/tiles-5-0454_Brunnsjon_627443-149526b.dzi
634476-132439,"Brokaredsjön",2-0611_Brokaredsjö_634476-132439d.tif,svar/zips/Brokaredsj_n/634476-132439-kartor/web/tiles-2-0611_Brokaredsjo_634476-132439d.dzi
644864-127754,"Brurevatten",3-4243_Brurevatten_644864-127754.tif,svar/zips/Brurevatten/644864-127754-kartor/web/tiles-3-4243_Brurevatten_644864-127754.dzi
634485-132380,"Bossjön",5-0999_Bossjön_634485-132380.pdf,svar/zips/Bossj_n/634485-132380-kartor/web/tiles-5-0999_Bossjon_634485-132380.dzi
636977-151306,"Brågöl",3-3761_Stora Brågöl_636977-151306a.tif,svar/zips/Br_g_l/636977-151306-kartor/web/tiles-3-3761_Stora_Bragol_636977-151306a.dzi
635865-152228,"Bråhultesjön",2-0349_Bråhultesjön_635865-152228.tif,svar/zips/Br_hultesj_n/635865-152228-kartor/web/tiles-2-0349_Brahultesjon_635865-152228.dzi
631799-141948,"Bräkentorpasjön",2-0954_Bräkentorpasjön_631799-141948.jpg,svar/zips/Br_kentorpasj_n/631799-141948-kartor/web/tiles-2-0954_Brakentorpasjon_631799-141948.dzi
635155-136987,"Bråarpasjön",2-0930_Bråarpasjön_635155-136987.tif,svar/zips/Br_arpasj_n/635155-136987-kartor/web/tiles-2-0930_Braarpasjon_635155-136987.dzi
655079-130844,"Bräcketjärnet",3-4788_Bräcketjärnet_655079-130844.tif,svar/zips/Br_cketj_rnet/655079-130844-kartor/web/tiles-3-4788_Bracketjarnet_655079-130844.dzi
634476-132439,"Brokaredsjön",5-1001_Brokaredssjön_634476-132439.pdf,svar/zips/Brokaredsj_n/634476-132439-kartor/web/tiles-5-1001_Brokaredssjon_634476-132439.dzi
655565-123780,"Bräckevattnet",3-2168_Bräckevattnet_655565-123780.tif,svar/zips/Br_ckevattnet/655565-123780-kartor/web/tiles-3-2168_Brackevattnet_655565-123780.dzi
625608-136899,"Bröna Sjö",2-1039_Bröna sjö_625608-136899.jpg,svar/zips/Br_na_Sj_/625608-136899-kartor/web/tiles-2-1039_Brona_sjo_625608-136899.dzi
631799-141948,"Bräkentorpasjön",2-0954_Bräkentorpasjön_631799-141948.tif,svar/zips/Br_kentorpasj_n/631799-141948-kartor/web/tiles-2-0954_Brakentorpasjon_631799-141948.dzi
631364-131599,"Brösjön",3-5232_Brösjön_631364-131599a.tif,svar/zips/Br_sj_n/631364-131599-kartor/web/tiles-3-5232_Brosjon_631364-131599a.dzi
635155-136987,"Bråarpasjön",3-6291_Bråarpasjön_635155-136987.tif,svar/zips/Br_arpasj_n/635155-136987-kartor/web/tiles-3-6291_Braarpasjon_635155-136987.dzi
641863-137912,"Brängen",3-1459_Brängen_641863-137912.tif,svar/zips/Br_ngen/641863-137912-kartor/web/tiles-3-1459_Brangen_641863-137912.dzi
629643-142937,"Brändasjö",2-0948_Brändasjö_629643-142937.jpg,svar/zips/Br_ndasj_/629643-142937-kartor/web/tiles-2-0948_Brandasjo_629643-142937.dzi
654716-124817,"Brämstjärnet",3-1560_Brämstjärnet_654716-124817.tif,svar/zips/Br_mstj_rnet/654716-124817-kartor/web/tiles-3-1560_Bramstjarnet_654716-124817.dzi
655997-142650,"Brännsjön",5-0108_Brännsjön_655997-142650.tif,svar/zips/Br_nnsj_n/655997-142650-kartor/web/tiles-5-0108_Brannsjon_655997-142650.dzi
625608-136899,"Bröna Sjö",2-1039_Bröna sjö_625608-136899.tif,svar/zips/Br_na_Sj_/625608-136899-kartor/web/tiles-2-1039_Brona_sjo_625608-136899.dzi
631364-131599,"Brösjön",3-5232_Brösjön_631364-131599b.tif,svar/zips/Br_sj_n/631364-131599-kartor/web/tiles-3-5232_Brosjon_631364-131599b.dzi
640424-130935,"Buadamm",3-3900_Buadamm_640424-130935a.tif,svar/zips/Buadamm/640424-130935-kartor/web/tiles-3-3900_Buadamm_640424-130935a.dzi
633573-132366,"Bråtasjön",3-5230_Bråtasjön_633573-132366a.tif,svar/zips/Br_tasj_n/633573-132366-kartor/web/tiles-3-5230_Bratasjon_633573-132366a.dzi
654716-124817,"Brämstjärnet",3-1759_Brämstjärnet_654716-124817.tif,svar/zips/Br_mstj_rnet/654716-124817-kartor/web/tiles-3-1759_Bramstjarnet_654716-124817.dzi
624436-144691,"Buasjön",3-5890_Buasjön_624436-144691.tif,svar/zips/Buasj_n/624436-144691-kartor/web/tiles-3-5890_Buasjon_624436-144691.dzi
639554-129381,"Buasjön",3-0907_Buasjön_639554-129381.tif,svar/zips/Buasj_n/639554-129381-kartor/web/tiles-3-0907_Buasjon_639554-129381.dzi
631364-131599,"Brösjön",3-5232_Brösjön_631364-131599c.tif,svar/zips/Br_sj_n/631364-131599-kartor/web/tiles-3-5232_Brosjon_631364-131599c.dzi
639615-128760,"Buasjön",3-1853_Buasjön_639615-128760.tif,svar/zips/Buasj_n/639615-128760-kartor/web/tiles-3-1853_Buasjon_639615-128760.dzi
629643-142937,"Brändasjö",2-0948_Brändasjö_629643-142937.tif,svar/zips/Br_ndasj_/629643-142937-kartor/web/tiles-2-0948_Brandasjo_629643-142937.dzi
640424-130935,"Buadamm",3-3900_Buadamm_640424-130935b.tif,svar/zips/Buadamm/640424-130935-kartor/web/tiles-3-3900_Buadamm_640424-130935b.dzi
633573-132366,"Bråtasjön",3-5230_Bråtasjön_633573-132366b.tif,svar/zips/Br_tasj_n/633573-132366-kartor/web/tiles-3-5230_Bratasjon_633573-132366b.dzi
642633-142169,"Bunn",1-0286a_Bunn_642633-142169.tif,svar/zips/Bunn/642633-142169-kartor/web/tiles-1-0286a_Bunn_642633-142169.dzi
639759-129618,"Buasjön",3-0906_Buasjön_639759-129618.tif,svar/zips/Buasj_n/639759-129618-kartor/web/tiles-3-0906_Buasjon_639759-129618.dzi
648209-126589,"Buvattnet",3-2000_Buvattnet_648209-126589a.tif,svar/zips/Buvattnet/648209-126589-kartor/web/tiles-3-2000_Buvattnet_648209-126589a.dzi
646499-127828,"Buvattnet",3-1546_Buvattnet_646499-127828.tif,svar/zips/Buvattnet/646499-127828-kartor/web/tiles-3-1546_Buvattnet_646499-127828.dzi
656470-132005,"Buvattnet",3-1167_Buvattnet_656470-132005.tif,svar/zips/Buvattnet/656470-132005-kartor/web/tiles-3-1167_Buvattnet_656470-132005.dzi
623042-144161,"Byasjön",3-5974_Byasjön_623042-144161.tif,svar/zips/Byasj_n/623042-144161-kartor/web/tiles-3-5974_Byasjon_623042-144161.dzi
633573-132366,"Bråtasjön",3-5230_Bråtasjön_633573-132366c.tif,svar/zips/Br_tasj_n/633573-132366-kartor/web/tiles-3-5230_Bratasjon_633573-132366c.dzi
638657-139638,"Byagölen",3-5416_Byagölen_638657-139638.tif,svar/zips/Byag_len/638657-139638-kartor/web/tiles-3-5416_Byagolen_638657-139638.dzi
633104-130125,"Byasjön",3-2414_Byasjön_633104-130125.tif,svar/zips/Byasj_n/633104-130125-kartor/web/tiles-3-2414_Byasjon_633104-130125.dzi
642633-142169,"Bunn",1-0286b_Bunn_642633-142169.tif,svar/zips/Bunn/642633-142169-kartor/web/tiles-1-0286b_Bunn_642633-142169.dzi
646499-127828,"Buvattnet",3-3536_Buvattnet_646499-127828.tif,svar/zips/Buvattnet/646499-127828-kartor/web/tiles-3-3536_Buvattnet_646499-127828.dzi
656470-132005,"Buvattnet",3-1168_Buvattnet_656470-132005.tif,svar/zips/Buvattnet/656470-132005-kartor/web/tiles-3-1168_Buvattnet_656470-132005.dzi
648209-126589,"Buvattnet",3-2000_Buvattnet_648209-126589b.tif,svar/zips/Buvattnet/648209-126589-kartor/web/tiles-3-2000_Buvattnet_648209-126589b.dzi
636913-138401,"Byasjön",2-1050_Byasjön_636913-138401.jpg,svar/zips/Byasj_n/636913-138401-kartor/web/tiles-2-1050_Byasjon_636913-138401.dzi
633958-132488,"Byasjön",3-5217_Byasjön_633958-132488a.tif,svar/zips/Byasj_n/633958-132488-kartor/web/tiles-3-5217_Byasjon_633958-132488a.dzi
634953-131045,"Byasjön",3-2834_Byasjön_634953-131045.tif,svar/zips/Byasj_n/634953-131045-kartor/web/tiles-3-2834_Byasjon_634953-131045.dzi
633573-132366,"Bråtasjön",3-5230_Bråtasjön_633573-132366d.tif,svar/zips/Br_tasj_n/633573-132366-kartor/web/tiles-3-5230_Bratasjon_633573-132366d.dzi
636247-147219,"Byestadssjön",3-3558_Byestadssjön_636247-147219.tif,svar/zips/Byestadssj_n/636247-147219-kartor/web/tiles-3-3558_Byestadssjon_636247-147219.dzi
642633-142169,"Bunn",1-0286c_Bunn_642633-142169.tif,svar/zips/Bunn/642633-142169-kartor/web/tiles-1-0286c_Bunn_642633-142169.dzi
633605-140550,"Byggesjön",2-1020_Byggesjön_633605-140550.jpg,svar/zips/Byggesj_n/633605-140550-kartor/web/tiles-2-1020_Byggesjon_633605-140550.dzi
656470-132005,"Buvattnet",3-4777_Buvattnet_656470-132005.tif,svar/zips/Buvattnet/656470-132005-kartor/web/tiles-3-4777_Buvattnet_656470-132005.dzi
633958-132488,"Byasjön",3-5217_Byasjön_633958-132488b.tif,svar/zips/Byasj_n/633958-132488-kartor/web/tiles-3-5217_Byasjon_633958-132488b.dzi
636913-138401,"Byasjön",2-1050_Byasjön_636913-138401.tif,svar/zips/Byasj_n/636913-138401-kartor/web/tiles-2-1050_Byasjon_636913-138401.dzi
656434-164030,"Bylsjön",3-1920_Bylsjön_656434-164030.tif,svar/zips/Bylsj_n/656434-164030-kartor/web/tiles-3-1920_Bylsjon_656434-164030.dzi
633573-132366,"Bråtasjön",3-5230_Bråtasjön_633573-132366e.tif,svar/zips/Br_tasj_n/633573-132366-kartor/web/tiles-3-5230_Bratasjon_633573-132366e.dzi
646235-154192,"Byngaren",3-6737_Byngaren_646235-154192.jpg,svar/zips/Byngaren/646235-154192-kartor/web/tiles-3-6737_Byngaren_646235-154192.dzi
642633-142169,"Bunn",1-0286d_Bunn_642633-142169.tif,svar/zips/Bunn/642633-142169-kartor/web/tiles-1-0286d_Bunn_642633-142169.dzi
648681-126553,"Byrevattnet",3-2466_Byrevattnet_648681-126553a.tif,svar/zips/Byrevattnet/648681-126553-kartor/web/tiles-3-2466_Byrevattnet_648681-126553a.dzi
633605-140550,"Byggesjön",2-1020_Byggesjön_633605-140550.tif,svar/zips/Byggesj_n/633605-140550-kartor/web/tiles-2-1020_Byggesjon_633605-140550.dzi
633958-132488,"Byasjön",3-5217_Byasjön_633958-132488c.tif,svar/zips/Byasj_n/633958-132488-kartor/web/tiles-3-5217_Byasjon_633958-132488c.dzi
636913-138401,"Byasjön",5-0008_Byasjön_636913-138401.pdf,svar/zips/Byasj_n/636913-138401-kartor/web/tiles-5-0008_Byasjon_636913-138401.dzi
642633-142169,"Bunn",1-0286e_Bunn_642633-142169.tif,svar/zips/Bunn/642633-142169-kartor/web/tiles-1-0286e_Bunn_642633-142169.dzi
617434-135769,"Bysjön",3-0830_Bysjön_617434-135769.tif,svar/zips/Bysj_n/617434-135769-kartor/web/tiles-3-0830_Bysjon_617434-135769.dzi
646235-154192,"Byngaren",3-6737_Byngaren_646235-154192.tif,svar/zips/Byngaren/646235-154192-kartor/web/tiles-3-6737_Byngaren_646235-154192.dzi
633573-132366,"Bråtasjön",3-6709_Bråtasjön_633573-132366.jpg,svar/zips/Br_tasj_n/633573-132366-kartor/web/tiles-3-6709_Bratasjon_633573-132366.dzi
648681-126553,"Byrevattnet",3-2466_Byrevattnet_648681-126553b.tif,svar/zips/Byrevattnet/648681-126553-kartor/web/tiles-3-2466_Byrevattnet_648681-126553b.dzi
633958-132488,"Byasjön",3-5217_Byasjön_633958-132488d.tif,svar/zips/Byasj_n/633958-132488-kartor/web/tiles-3-5217_Byasjon_633958-132488d.dzi
635958-149617,"Bysjön",3-3813_Bysjön_635958-149617a.tif,svar/zips/Bysj_n/635958-149617-kartor/web/tiles-3-3813_Bysjon_635958-149617a.dzi
624197-147953,"Bysjön",3-5295_Byasjön_624197-147953.tif,svar/zips/Bysj_n/624197-147953-kartor/web/tiles-3-5295_Byasjon_624197-147953.dzi
637612-151545,"Bysjön",3-2870_Bysjön_637612-151545.tif,svar/zips/Bysj_n/637612-151545-kartor/web/tiles-3-2870_Bysjon_637612-151545.dzi
641964-130334,"Bysjön",3-0936_Bysjön_641964-130334.tif,svar/zips/Bysj_n/641964-130334-kartor/web/tiles-3-0936_Bysjon_641964-130334.dzi
633573-132366,"Bråtasjön",3-6709_Bråtasjön_633573-132366.tif,svar/zips/Br_tasj_n/633573-132366-kartor/web/tiles-3-6709_Bratasjon_633573-132366.dzi
633958-132488,"Byasjön",3-5217_Byasjön_633958-132488e.tif,svar/zips/Byasj_n/633958-132488-kartor/web/tiles-3-5217_Byasjon_633958-132488e.dzi
635958-149617,"Bysjön",3-3813_Bysjön_635958-149617b.tif,svar/zips/Bysj_n/635958-149617-kartor/web/tiles-3-3813_Bysjon_635958-149617b.dzi
647753-137164,"Bysjön",3-1508_Bysjön_647753-137164.tif,svar/zips/Bysj_n/647753-137164-kartor/web/tiles-3-1508_Bysjon_647753-137164.dzi
656222-162092,"Bysjön",5-0186_Bysjön_656222-162092.tif,svar/zips/Bysj_n/656222-162092-kartor/web/tiles-5-0186_Bysjon_656222-162092.dzi
639160-135729,"Bystadsjön",3-4853_Bystadssjön_639160-135729.tif,svar/zips/Bystadsj_n/639160-135729-kartor/web/tiles-3-4853_Bystadssjon_639160-135729.dzi
638813-143064,"Bäckafallasjön",3-2540_Bäckafallasjön_638813-143064.tif,svar/zips/B_ckafallasj_n/638813-143064-kartor/web/tiles-3-2540_Backafallasjon_638813-143064.dzi
640321-132671,"Byttorpssjön",2-0838_Byttorpssjön_640321-132671.tif,svar/zips/Byttorpssj_n/640321-132671-kartor/web/tiles-2-0838_Byttorpssjon_640321-132671.dzi
624396-146068,"Bäckasjön",3-3185_Bäckasjön_624396-146068.tif,svar/zips/B_ckasj_n/624396-146068-kartor/web/tiles-3-3185_Backasjon_624396-146068.dzi
636297-136831,"Bäckhultssjön",5-0009_Bäckshultssjön_636297-136831.pdf,svar/zips/B_ckhultssj_n/636297-136831-kartor/web/tiles-5-0009_Backshultssjon_636297-136831.dzi
624615-143488,"Bökegyl",3-5889_Bökegyl_624615-143488.tif,svar/zips/B_kegyl/624615-143488-kartor/web/tiles-3-5889_Bokegyl_624615-143488.dzi
654732-145194,"Bäcksjön",5-0107_Bäcksjön_654732-145194.tif,svar/zips/B_cksj_n/654732-145194-kartor/web/tiles-5-0107_Backsjon_654732-145194.dzi
641013-132161,"Bäcksjö",3-5590_Bäcksjö_641013-132161.tif,svar/zips/B_cksj_/641013-132161-kartor/web/tiles-3-5590_Backsjo_641013-132161.dzi
623679-147897,"Bågsjön",3-3174_Bågsjön_623679-147897.tif,svar/zips/B_gsj_n/623679-147897-kartor/web/tiles-3-3174_Bagsjon_623679-147897.dzi
623678-145317,"Bökelången",2-0698_Bökelången_623678-145317.tif,svar/zips/B_kel_ngen/623678-145317-kartor/web/tiles-2-0698_Bokelangen_623678-145317.dzi
623624-141149,"Bäen",3-3450_Bäen_623624-141149.tif,svar/zips/B_en/623624-141149-kartor/web/tiles-3-3450_Baen_623624-141149.dzi
651083-154599,"Bålsjön",5-0175_Bålsjön_651083-154599.tif,svar/zips/B_lsj_n/651083-154599-kartor/web/tiles-5-0175_Balsjon_651083-154599.dzi
643397-154085,"Bällsjön",3-3389_Bällsjön_643397-154085.tif,svar/zips/B_llsj_n/643397-154085-kartor/web/tiles-3-3389_Ballsjon_643397-154085.dzi
637244-146288,"Bölasjön",3-3722_Bölasjön_637244-146288.tif,svar/zips/B_lasj_n/637244-146288-kartor/web/tiles-3-3722_Bolasjon_637244-146288.dzi
634548-129093,"Bönarpesjö",3-2241_Bönarpesjö_634548-129093.tif,svar/zips/B_narpesj_/634548-129093-kartor/web/tiles-3-2241_Bonarpesjo_634548-129093.dzi
623753-134869,"Bälingesjön",3-2198_Bälingesjön_623753-134869.tif,svar/zips/B_lingesj_n/623753-134869-kartor/web/tiles-3-2198_Balingesjon_623753-134869.dzi
650935-152414,"Bärsjön",3-1958_Bärsjön_650935-152414a.tif,svar/zips/B_rsj_n/650935-152414-kartor/web/tiles-3-1958_Barsjon_650935-152414a.dzi
615464-134175,"Börringesjön",1-0135_Börringesjön_615464-134175.tif,svar/zips/B_rringesj_n/615464-134175-kartor/web/tiles-1-0135_Borringesjon_615464-134175.dzi
650983-149768,"Bönnern",2-0133_Bönnern_650983-149768.tif,svar/zips/B_nnern/650983-149768-kartor/web/tiles-2-0133_Bonnern_650983-149768.dzi
644218-143956,"Bäsjön",3-3686_Bäsjön_644218-143956.tif,svar/zips/B_sj_n/644218-143956-kartor/web/tiles-3-3686_Basjon_644218-143956.dzi
642914-131398,"Bäsjön",3-4746_Bäsjön_642914-131398.tif,svar/zips/B_sj_n/642914-131398-kartor/web/tiles-3-4746_Basjon_642914-131398.dzi
628472-134807,"Bästhultasjön",3-4721_Bästhultasjön_628472-134807.tif,svar/zips/B_sthultasj_n/628472-134807-kartor/web/tiles-3-4721_Basthultasjon_628472-134807.dzi
650935-152414,"Bärsjön",3-1958_Bärsjön_650935-152414b.tif,svar/zips/B_rsj_n/650935-152414-kartor/web/tiles-3-1958_Barsjon_650935-152414b.dzi
620953-135500,"Dagstorpssjön",3-0831_Dagstorpssjön_620953-135500a.tif,svar/zips/Dagstorpssj_n/620953-135500-kartor/web/tiles-3-0831_Dagstorpssjon_620953-135500a.dzi
643573-125133,"Bö Tjärn",3-4245_Bö Tjärn_643573-125133.tif,svar/zips/B_Tj_rn/643573-125133-kartor/web/tiles-3-4245_Bo_Tjarn_643573-125133.dzi
628161-150106,"Dackebosjön",3-3844_Dackebosjön_628161-150106a.tif,svar/zips/Dackebosj_n/628161-150106-kartor/web/tiles-3-3844_Dackebosjon_628161-150106a.dzi
653707-156202,"Båven",0-0056_Båven_653707-156202.tif,svar/zips/B_ven/653707-156202-kartor/web/tiles-0-0056_Baven_653707-156202.dzi
640407-138251,"Dagsjön",3-5721_Dagsjön_640407-138251.tif,svar/zips/Dagsj_n/640407-138251-kartor/web/tiles-3-5721_Dagsjon_640407-138251.dzi
653110-125924,"Daletjärn",3-2008_Daletjärn_653110-125924.tif,svar/zips/Daletj_rn/653110-125924-kartor/web/tiles-3-2008_Daletjarn_653110-125924.dzi
648930-155041,"Dalmyrasjön",3-0743_Dalmyrasjön_648930-155041.tif,svar/zips/Dalmyrasj_n/648930-155041-kartor/web/tiles-3-0743_Dalmyrasjon_648930-155041.dzi
650935-152414,"Bärsjön",3-1958_Bärsjön_650935-152414c.tif,svar/zips/B_rsj_n/650935-152414-kartor/web/tiles-3-1958_Barsjon_650935-152414c.dzi
628161-150106,"Dackebosjön",3-3844_Dackebosjön_628161-150106b.tif,svar/zips/Dackebosj_n/628161-150106-kartor/web/tiles-3-3844_Dackebosjon_628161-150106b.dzi
620953-135500,"Dagstorpssjön",3-0831_Dagstorpssjön_620953-135500b.tif,svar/zips/Dagstorpssj_n/620953-135500-kartor/web/tiles-3-0831_Dagstorpssjon_620953-135500b.dzi
653707-156202,"Båven",3-1597_Båven_653707-156202.tif,svar/zips/B_ven/653707-156202-kartor/web/tiles-3-1597_Baven_653707-156202.dzi
640407-138251,"Dagsjön",3-6457_Dagsjön_640407-138251.jpg,svar/zips/Dagsj_n/640407-138251-kartor/web/tiles-3-6457_Dagsjon_640407-138251.dzi
638881-136307,"Dalstorpasjön",3-4854_Dalstorpasjön_638881-136307.tif,svar/zips/Dalstorpasj_n/638881-136307-kartor/web/tiles-3-4854_Dalstorpasjon_638881-136307.dzi
653683-158580,"Dalsjön",3-3270_Dalsjön_653683-158580.tif,svar/zips/Dalsj_n/653683-158580-kartor/web/tiles-3-3270_Dalsjon_653683-158580.dzi
615464-134175,"Börringesjön",3-1983_Börringesjön_615464-134175.tif,svar/zips/B_rringesj_n/615464-134175-kartor/web/tiles-3-1983_Borringesjon_615464-134175.dzi
639045-152708,"Dalsjön",3-3247_Dalsjön_639045-152708.tif,svar/zips/Dalsj_n/639045-152708-kartor/web/tiles-3-3247_Dalsjon_639045-152708.dzi
656448-130803,"Dalsjön",3-1169_Dalsjön_656448-130803.tif,svar/zips/Dalsj_n/656448-130803-kartor/web/tiles-3-1169_Dalsjon_656448-130803.dzi
620953-135500,"Dagstorpssjön",3-0831_Dagstorpssjön_620953-135500c.tif,svar/zips/Dagstorpssj_n/620953-135500-kartor/web/tiles-3-0831_Dagstorpssjon_620953-135500c.dzi
625353-146824,"Dammen",3-2811_Dammen_625353-146824.tif,svar/zips/Dammen/625353-146824-kartor/web/tiles-3-2811_Dammen_625353-146824.dzi
640407-138251,"Dagsjön",3-6457_Dagsjön_640407-138251.tif,svar/zips/Dagsj_n/640407-138251-kartor/web/tiles-3-6457_Dagsjon_640407-138251.dzi
643078-130616,"Dammsjön",3-1006_Stora Dammsjön_643078-130616.tif,svar/zips/Dammsj_n/643078-130616-kartor/web/tiles-3-1006_Stora_Dammsjon_643078-130616.dzi
641756-131703,"Dammsjön",3-3906_Dammsjön_641756-131703a.tif,svar/zips/Dammsj_n/641756-131703-kartor/web/tiles-3-3906_Dammsjon_641756-131703a.dzi
640505-135356,"Dammsjön",3-4855_Dammsjön_640505-135356.tif,svar/zips/Dammsj_n/640505-135356-kartor/web/tiles-3-4855_Dammsjon_640505-135356.dzi
620953-135500,"Dagstorpssjön",3-0831_Dagstorpssjön_620953-135500d.tif,svar/zips/Dagstorpssj_n/620953-135500-kartor/web/tiles-3-0831_Dagstorpssjon_620953-135500d.dzi
631325-142519,"Dansjön",3-6479_Dansjön_631325-142519.jpg,svar/zips/Dansj_n/631325-142519-kartor/web/tiles-3-6479_Dansjon_631325-142519.dzi
656448-130803,"Dalsjön",3-1718_Dalsjön_656448-130803.tif,svar/zips/Dalsj_n/656448-130803-kartor/web/tiles-3-1718_Dalsjon_656448-130803.dzi
653525-125996,"Dammtjärn",3-1751_Dammtjärn_653525-125996.tif,svar/zips/Dammtj_rn/653525-125996-kartor/web/tiles-3-1751_Dammtjarn_653525-125996.dzi
638029-142710,"Davidstorpasjön",3-3879_Davidstorpasjön_638029-142710a.tif,svar/zips/Davidstorpasj_n/638029-142710-kartor/web/tiles-3-3879_Davidstorpasjon_638029-142710a.dzi
631071-132703,"Digeshultasjön",3-5103_Digeshultasjön_631071-132703.tif,svar/zips/Digeshultasj_n/631071-132703-kartor/web/tiles-3-5103_Digeshultasjon_631071-132703.dzi
630140-148664,"Derasjö",3-3847_Derasjö_630140-148664a.tif,svar/zips/Derasj_/630140-148664-kartor/web/tiles-3-3847_Derasjo_630140-148664a.dzi
631325-142519,"Dansjön",3-6479_Dansjön_631325-142519.tif,svar/zips/Dansj_n/631325-142519-kartor/web/tiles-3-6479_Dansjon_631325-142519.dzi
641756-131703,"Dammsjön",3-3906_Dammsjön_641756-131703b.tif,svar/zips/Dammsj_n/641756-131703-kartor/web/tiles-3-3906_Dammsjon_641756-131703b.dzi
634762-129106,"Deromesjön",3-2248_Deromesjön_634762-129106.tif,svar/zips/Deromesj_n/634762-129106-kartor/web/tiles-3-2248_Deromesjon_634762-129106.dzi
638019-142188,"Digölen",3-5410_Digölen_638019-142188.tif,svar/zips/Dig_len/638019-142188-kartor/web/tiles-3-5410_Digolen_638019-142188.dzi
638029-142710,"Davidstorpasjön",3-3879_Davidstorpasjön_638029-142710b.tif,svar/zips/Davidstorpasj_n/638029-142710-kartor/web/tiles-3-3879_Davidstorpasjon_638029-142710b.dzi
638896-131883,"Djupasjö",3-5868_Djupasjö_638896-131883.tif,svar/zips/Djupasj_/638896-131883-kartor/web/tiles-3-5868_Djupasjo_638896-131883.dzi
656263-156963,"Djupaholmsjön",3-1774_Djupa Holmsjön_656263-156963.tif,svar/zips/Djupaholmsj_n/656263-156963-kartor/web/tiles-3-1774_Djupa_Holmsjon_656263-156963.dzi
653790-152445,"Djulösjön",3-5623_Djulösjön_653790-152445.tif,svar/zips/Djul_sj_n/653790-152445-kartor/web/tiles-3-5623_Djulosjon_653790-152445.dzi
653440-130654,"Djup",3-1111_Djup_653440-130654.tif,svar/zips/Djup/653440-130654-kartor/web/tiles-3-1111_Djup_653440-130654.dzi
634762-129106,"Deromesjön",3-6436_Deromesjön_634762-129106.jpg,svar/zips/Deromesj_n/634762-129106-kartor/web/tiles-3-6436_Deromesjon_634762-129106.dzi
630864-133991,"Djupasjön",2-1031_Djupasjön_630864-133991.jpg,svar/zips/Djupasj_n/630864-133991-kartor/web/tiles-2-1031_Djupasjon_630864-133991.dzi
630140-148664,"Derasjö",3-3847_Derasjö_630140-148664b.tif,svar/zips/Derasj_/630140-148664-kartor/web/tiles-3-3847_Derasjo_630140-148664b.dzi
624438-146135,"Djupasjön",3-3184_Djupasjön_624438-146135.tif,svar/zips/Djupasj_n/624438-146135-kartor/web/tiles-3-3184_Djupasjon_624438-146135.dzi
638922-134364,"Djupasjön",3-4851_Djupasjön_638922-134364a.tif,svar/zips/Djupasj_n/638922-134364-kartor/web/tiles-3-4851_Djupasjon_638922-134364a.dzi
644143-127517,"Djupedalssjön",3-4232_Djupedalssjön_644143-127517.tif,svar/zips/Djupedalssj_n/644143-127517-kartor/web/tiles-3-4232_Djupedalssjon_644143-127517.dzi
634762-129106,"Deromesjön",3-6436_Deromesjön_634762-129106.tif,svar/zips/Deromesj_n/634762-129106-kartor/web/tiles-3-6436_Deromesjon_634762-129106.dzi
634946-153404,"Djupeträskesjön",2-0327_Djupeträskesjön_634946-153404.tif,svar/zips/Djupetr_skesj_n/634946-153404-kartor/web/tiles-2-0327_Djupetraskesjon_634946-153404.dzi
633164-154834,"Djupemar",5-0434_Djupemar_633164-154834.tif,svar/zips/Djupemar/633164-154834-kartor/web/tiles-5-0434_Djupemar_633164-154834.dzi
650875-148287,"Djupen",3-2906_Djupen_650875-148287.tif,svar/zips/Djupen/650875-148287-kartor/web/tiles-3-2906_Djupen_650875-148287.dzi
645059-127772,"Djupevatten",3-4240_Djupevatten_645059-127772.tif,svar/zips/Djupevatten/645059-127772-kartor/web/tiles-3-4240_Djupevatten_645059-127772.dzi
638922-134364,"Djupasjön",3-4851_Djupasjön_638922-134364b.tif,svar/zips/Djupasj_n/638922-134364-kartor/web/tiles-3-4851_Djupasjon_638922-134364b.dzi
651428-124683,"Djupevatten",3-3082_Djupevatten_651428-124683.tif,svar/zips/Djupevatten/651428-124683-kartor/web/tiles-3-3082_Djupevatten_651428-124683.dzi
635895-153859,"Djupsjön",1-0222_Djupsjön_635895-153859.tif,svar/zips/Djupsj_n/635895-153859-kartor/web/tiles-1-0222_Djupsjon_635895-153859.dzi
634780-150158,"Djupsjö",3-2862_Djupsjön_634780-150158.tif,svar/zips/Djupsj_/634780-150158-kartor/web/tiles-3-2862_Djupsjon_634780-150158.dzi
624951-147223,"Djupgölen",3-2861_Djupgölen_624951-147223.tif,svar/zips/Djupg_len/624951-147223-kartor/web/tiles-3-2861_Djupgolen_624951-147223.dzi
642513-128786,"Djupsjön",3-4740_Djupsjön_642513-128786.tif,svar/zips/Djupsj_n/642513-128786-kartor/web/tiles-3-4740_Djupsjon_642513-128786.dzi
655799-158654,"Djupsjön",3-4390_Djupsjön_655799-158654.tif,svar/zips/Djupsj_n/655799-158654-kartor/web/tiles-3-4390_Djupsjon_655799-158654.dzi
656080-164535,"Djupträsk",3-2327_Djupträsk_656080-164535.tif,svar/zips/Djuptr_sk/656080-164535-kartor/web/tiles-3-2327_Djuptrask_656080-164535.dzi
651608-157687,"Djupungen",5-0176_Djupungen_651608-157687.tif,svar/zips/Djupungen/651608-157687-kartor/web/tiles-5-0176_Djupungen_651608-157687.dzi
650190-148501,"Djurshyttesjön",3-2897_Djurshyttesjön_650190-148501.tif,svar/zips/Djurshyttesj_n/650190-148501-kartor/web/tiles-3-2897_Djurshyttesjon_650190-148501.dzi
656007-158202,"Djupvikssjön",3-3268_Djupvikssjön_656007-158202.tif,svar/zips/Djupvikssj_n/656007-158202-kartor/web/tiles-3-3268_Djupvikssjon_656007-158202.dzi
650258-150301,"Dovern",2-0134a_Dovern_650258-150301.tif,svar/zips/Dovern/650258-150301-kartor/web/tiles-2-0134a_Dovern_650258-150301.dzi
656793-163709,"Drevviken",0-0189_Drevviken_656793-163709.pdf,svar/zips/Drevviken/656793-163709-kartor/web/tiles-0-0189_Drevviken_656793-163709.dzi
654839-124853,"Dromsetjärn",3-1563_Dromsetjärn_654839-124853.tif,svar/zips/Dromsetj_rn/654839-124853-kartor/web/tiles-3-1563_Dromsetjarn_654839-124853.dzi
643346-127639,"Drypesjön",3-0937_Drypesjön_643346-127639.tif,svar/zips/Drypesj_n/643346-127639-kartor/web/tiles-3-0937_Drypesjon_643346-127639.dzi
655797-156309,"Dunkern",1-0125_Dunkern_655797-156309.tif,svar/zips/Dunkern/655797-156309-kartor/web/tiles-1-0125_Dunkern_655797-156309.dzi
653589-148776,"Dunsjön",3-2911_Dunsjön_653589-148776.tif,svar/zips/Dunsj_n/653589-148776-kartor/web/tiles-3-2911_Dunsjon_653589-148776.dzi
637082-153963,"Dunsjön",0-0117_Dunsjön_637082-153963.tif,svar/zips/Dunsj_n/637082-153963-kartor/web/tiles-0-0117_Dunsjon_637082-153963.dzi
656793-163709,"Drevviken",2-0120a_Drevviken_656793-163709.tif,svar/zips/Drevviken/656793-163709-kartor/web/tiles-2-0120a_Drevviken_656793-163709.dzi
650258-150301,"Dovern",2-0134b_Dovern_650258-150301.tif,svar/zips/Dovern/650258-150301-kartor/web/tiles-2-0134b_Dovern_650258-150301.dzi
630864-133991,"Djupasjön",2-1031_Djupasjön_630864-133991.tif,svar/zips/Djupasj_n/630864-133991-kartor/web/tiles-2-1031_Djupasjon_630864-133991.dzi
656441-160876,"Dånviken",3-3016_Dånviken_656441-160876.tif,svar/zips/D_nviken/656441-160876-kartor/web/tiles-3-3016_Danviken_656441-160876.dzi
623562-145838,"Dönhultagyl",3-5498_Dönhultagyl_623562-145838.tif,svar/zips/D_nhultagyl/623562-145838-kartor/web/tiles-3-5498_Donhultagyl_623562-145838.dzi
654839-124853,"Dromsetjärn",3-1754_Dromsetjärn_654839-124853.tif,svar/zips/Dromsetj_rn/654839-124853-kartor/web/tiles-3-1754_Dromsetjarn_654839-124853.dzi
639707-146633,"Dövingen",3-4592_Dövingen_639707-146633.tif,svar/zips/D_vingen/639707-146633-kartor/web/tiles-3-4592_Dovingen_639707-146633.dzi
653853-152255,"Duveholmssjön",3-5624_Duveholmssjön_653853-152255.tif,svar/zips/Duveholmssj_n/653853-152255-kartor/web/tiles-3-5624_Duveholmssjon_653853-152255.dzi
656793-163709,"Drevviken",2-0120b_Drevviken_656793-163709.tif,svar/zips/Drevviken/656793-163709-kartor/web/tiles-2-0120b_Drevviken_656793-163709.dzi
635109-153355,"Eckern",1-0223_Eckern_635109-153355.tif,svar/zips/Eckern/635109-153355-kartor/web/tiles-1-0223_Eckern_635109-153355.dzi
630864-133991,"Djupasjön",3-5102_Djupasjön_630864-133991.tif,svar/zips/Djupasj_n/630864-133991-kartor/web/tiles-3-5102_Djupasjon_630864-133991.dzi
655344-130765,"Edslan",3-1170a_Edslan_655344-130765.tif,svar/zips/Edslan/655344-130765-kartor/web/tiles-3-1170a_Edslan_655344-130765.dzi
638942-140187,"Eckern",2-0966_Eckern_638942-140187.jpg,svar/zips/Eckern/638942-140187-kartor/web/tiles-2-0966_Eckern_638942-140187.dzi
650258-150301,"Dovern",2-0253_Dovern_650258-150301.tif,svar/zips/Dovern/650258-150301-kartor/web/tiles-2-0253_Dovern_650258-150301.dzi
635523-145215,"Edsesjön",3-3324_Edsesjön_635523-145215.tif,svar/zips/Edsesj_n/635523-145215-kartor/web/tiles-3-3324_Edsesjon_635523-145215.dzi
648635-126834,"Dövlesjö",3-3072_Dövlesjön_648635-126834.tif,svar/zips/D_vlesj_/648635-126834-kartor/web/tiles-3-3072_Dovlesjon_648635-126834.dzi
656793-163709,"Drevviken",2-0120c_Drevviken_656793-163709.tif,svar/zips/Drevviken/656793-163709-kartor/web/tiles-2-0120c_Drevviken_656793-163709.dzi
653685-124772,"Ekelidvattnet",3-4007_Ekelidvattnet_653685-124772.tif,svar/zips/Ekelidvattnet/653685-124772-kartor/web/tiles-3-4007_Ekelidvattnet_653685-124772.dzi
638942-140187,"Eckern",2-0966_Eckern_638942-140187.tif,svar/zips/Eckern/638942-140187-kartor/web/tiles-2-0966_Eckern_638942-140187.dzi
635205-145223,"Ekekullssjön",3-3325_Ekekullsjön_635205-145223.tif,svar/zips/Ekekullssj_n/635205-145223-kartor/web/tiles-3-3325_Ekekullsjon_635205-145223.dzi
655344-130765,"Edslan",3-1170b_Edslan_655344-130765.tif,svar/zips/Edslan/655344-130765-kartor/web/tiles-3-1170b_Edslan_655344-130765.dzi
653737-125017,"Ejgdesjön",3-1570_Ejgdesjön_653737-125017.tif,svar/zips/Ejgdesj_n/653737-125017-kartor/web/tiles-3-1570_Ejgdesjon_653737-125017.dzi
637798-142351,"Ekelsjögölen",3-3875_Gölen_637798-142351a.tif,svar/zips/Ekelsj_g_len/637798-142351-kartor/web/tiles-3-3875_Golen_637798-142351a.dzi
637841-142369,"Ekelsjösjön",3-3876_Ekelsjösjön_637841-142369a.tif,svar/zips/Ekelsj_sj_n/637841-142369-kartor/web/tiles-3-3876_Ekelsjosjon_637841-142369a.dzi
639866-153690,"Ekenässjön",2-0317_Ekenässjön_639866-153690.tif,svar/zips/Eken_ssj_n/639866-153690-kartor/web/tiles-2-0317_Ekenassjon_639866-153690.dzi
653737-125017,"Ejgdesjön",3-6408_Ejgdesjön_653737-125017.jpg,svar/zips/Ejgdesj_n/653737-125017-kartor/web/tiles-3-6408_Ejgdesjon_653737-125017.dzi
637356-145274,"Ekenässjön",2-0309_Ekenässjön_637356-145274.tif,svar/zips/Eken_ssj_n/637356-145274-kartor/web/tiles-2-0309_Ekenassjon_637356-145274.dzi
638942-140187,"Eckern",3-1808_Eckern_638942-140187.tif,svar/zips/Eckern/638942-140187-kartor/web/tiles-3-1808_Eckern_638942-140187.dzi
655344-130765,"Edslan",3-1170c_Edslan_655344-130765.tif,svar/zips/Edslan/655344-130765-kartor/web/tiles-3-1170c_Edslan_655344-130765.dzi
637798-142351,"Ekelsjögölen",3-3875_Gölen_637798-142351b.tif,svar/zips/Ekelsj_g_len/637798-142351-kartor/web/tiles-3-3875_Golen_637798-142351b.dzi
656793-163709,"Drevviken",2-0481_Drevviken_656793-163709.tif,svar/zips/Drevviken/656793-163709-kartor/web/tiles-2-0481_Drevviken_656793-163709.dzi
637841-142369,"Ekelsjösjön",3-3876_Ekelsjösjön_637841-142369b.tif,svar/zips/Ekelsj_sj_n/637841-142369-kartor/web/tiles-3-3876_Ekelsjosjon_637841-142369b.dzi
639866-153690,"Ekenässjön",3-6557_Ekenässjön_639866-153690.jpg,svar/zips/Eken_ssj_n/639866-153690-kartor/web/tiles-3-6557_Ekenassjon_639866-153690.dzi
624014-145195,"Ekesgyl",3-5471_Ekesgyl_624014-145195.tif,svar/zips/Ekesgyl/624014-145195-kartor/web/tiles-3-5471_Ekesgyl_624014-145195.dzi
653737-125017,"Ejgdesjön",3-6408_Ejgdesjön_653737-125017.tif,svar/zips/Ejgdesj_n/653737-125017-kartor/web/tiles-3-6408_Ejgdesjon_653737-125017.dzi
636891-137772,"Ekhultasjön",3-2545_Ekhultasjön_636891-137772.tif,svar/zips/Ekhultasj_n/636891-137772-kartor/web/tiles-3-2545_Ekhultasjon_636891-137772.dzi
637933-132827,"Ekesjön",3-5581_Ekesjön_637933-132827.tif,svar/zips/Ekesj_n/637933-132827-kartor/web/tiles-3-5581_Ekesjon_637933-132827.dzi
616114-134263,"Ekholmssjön",3-1980_Eksholmssjön_616114-134263.tif,svar/zips/Ekholmssj_n/616114-134263-kartor/web/tiles-3-1980_Eksholmssjon_616114-134263.dzi
653344-157228,"Eknaren",5-0177_Eknaren_653344-157228.tif,svar/zips/Eknaren/653344-157228-kartor/web/tiles-5-0177_Eknaren_653344-157228.dzi
639866-153690,"Ekenässjön",3-6557_Ekenässjön_639866-153690.tif,svar/zips/Eken_ssj_n/639866-153690-kartor/web/tiles-3-6557_Ekenassjon_639866-153690.dzi
635830-150749,"Ellaren",3-2869_Ellaren_635830-150749.tif,svar/zips/Ellaren/635830-150749-kartor/web/tiles-3-2869_Ellaren_635830-150749.dzi
653731-124938,"Eldskogstjärnen (Norra)",3-4268_Eldskogstjärnen (Norra)_653731-124938.tif,svar/zips/Eldskogstj_rnen_Norra_/653731-124938-kartor/web/tiles-3-4268_Eldskogstjarnen_Norra_653731-124938.dzi
633351-133702,"Eldsjön",3-5122_Eldsjön_633351-133702a.tif,svar/zips/Eldsj_n/633351-133702-kartor/web/tiles-3-5122_Eldsjon_633351-133702a.dzi
626589-148581,"Ellingsmålasjön",5-0481_Ellingsmålasjön_626589-148581.tif,svar/zips/Ellingsm_lasj_n/626589-148581-kartor/web/tiles-5-0481_Ellingsmalasjon_626589-148581.dzi
636891-137772,"Ekhultasjön",5-0010_Ekhultasjön_636891-137772.pdf,svar/zips/Ekhultasj_n/636891-137772-kartor/web/tiles-5-0010_Ekhultasjon_636891-137772.dzi
649255-127344,"Ellenösjön",3-1554_Ellenösjön_649255-127344.tif,svar/zips/Ellen_sj_n/649255-127344-kartor/web/tiles-3-1554_Ellenosjon_649255-127344.dzi
615899-136823,"Ellestadsjön",2-0173_Ellestadsjön_615899-136823.tif,svar/zips/Ellestadsj_n/615899-136823-kartor/web/tiles-2-0173_Ellestadsjon_615899-136823.dzi
651974-153903,"Enaren",3-5656_Enaren_651974-153903.tif,svar/zips/Enaren/651974-153903-kartor/web/tiles-3-5656_Enaren_651974-153903.dzi
633351-133702,"Eldsjön",3-5122_Eldsjön_633351-133702b.tif,svar/zips/Eldsj_n/633351-133702-kartor/web/tiles-3-5122_Eldsjon_633351-133702b.dzi
637717-147471,"Enegrenen",3-5201_Enegrenen_637717-147471.tif,svar/zips/Enegrenen/637717-147471-kartor/web/tiles-3-5201_Enegrenen_637717-147471.dzi
623330-148007,"Emmahultasjön",3-5284_Emmahultasjön_623330-148007.tif,svar/zips/Emmahultasj_n/623330-148007-kartor/web/tiles-3-5284_Emmahultasjon_623330-148007.dzi
636625-134246,"Enhangen",3-6551_Enhangen_636625-134246.jpg,svar/zips/Enhangen/636625-134246-kartor/web/tiles-3-6551_Enhangen_636625-134246.dzi
639635-137710,"Elsabosjön",3-4888_Elsabosjön_639635-137710.tif,svar/zips/Elsabosj_n/639635-137710-kartor/web/tiles-3-4888_Elsabosjon_639635-137710.dzi
650775-155258,"Enarn",3-2986_Enarn_650775-155258.tif,svar/zips/Enarn/650775-155258-kartor/web/tiles-3-2986_Enarn_650775-155258.dzi
615899-136823,"Ellestadsjön",3-4676_Ellestadsjön_615899-136823.tif,svar/zips/Ellestadsj_n/615899-136823-kartor/web/tiles-3-4676_Ellestadsjon_615899-136823.dzi
639829-131613,"Eningen",2-0388_Eningen_639829-131613a.tif,svar/zips/Eningen/639829-131613-kartor/web/tiles-2-0388_Eningen_639829-131613a.dzi
649154-152417,"Ensjön",3-3013_Ensjön_649154-152417.tif,svar/zips/Ensj_n/649154-152417-kartor/web/tiles-3-3013_Ensjon_649154-152417.dzi
653486-153324,"Eriksbergssjön",3-5655_Eriksbergssjön_653486-153324.tif,svar/zips/Eriksbergssj_n/653486-153324-kartor/web/tiles-3-5655_Eriksbergssjon_653486-153324.dzi
639635-137710,"Elsabosjön",3-6458_Elsabosjön_639635-137710.jpg,svar/zips/Elsabosj_n/639635-137710-kartor/web/tiles-3-6458_Elsabosjon_639635-137710.dzi
650775-155258,"Enarn",5-0178_Enarn_650775-155258.tif,svar/zips/Enarn/650775-155258-kartor/web/tiles-5-0178_Enarn_650775-155258.dzi
633686-132721,"Eseredssjön",3-5233_Eseredssjön_633686-132721a.tif,svar/zips/Eseredssj_n/633686-132721-kartor/web/tiles-3-5233_Eseredssjon_633686-132721a.dzi
636625-134246,"Enhangen",3-6551_Enhangen_636625-134246.tif,svar/zips/Enhangen/636625-134246-kartor/web/tiles-3-6551_Enhangen_636625-134246.dzi
634488-137369,"Eskilstorpasjön",3-2928_Eskilstorpasjön_634488-137369.tif,svar/zips/Eskilstorpasj_n/634488-137369-kartor/web/tiles-3-2928_Eskilstorpasjon_634488-137369.dzi
628376-137474,"Exen",3-0837_Exen_628376-137474.tif,svar/zips/Exen/628376-137474-kartor/web/tiles-3-0837_Exen_628376-137474.dzi
639635-137710,"Elsabosjön",3-6458_Elsabosjön_639635-137710.tif,svar/zips/Elsabosj_n/639635-137710-kartor/web/tiles-3-6458_Elsabosjon_639635-137710.dzi
623788-149937,"Fabbesjön",2-0664_Fabbesjön_623788-149937.tif,svar/zips/Fabbesj_n/623788-149937-kartor/web/tiles-2-0664_Fabbesjon_623788-149937.dzi
637469-147319,"Fagerhultasjön",3-2439_Fagerhultasjön_637469-147319.tif,svar/zips/Fagerhultasj_n/637469-147319-kartor/web/tiles-3-2439_Fagerhultasjon_637469-147319.dzi
634488-137369,"Eskilstorpasjön",3-6354_Eskilstorpasjön_634488-137369.jpg,svar/zips/Eskilstorpasj_n/634488-137369-kartor/web/tiles-3-6354_Eskilstorpasjon_634488-137369.dzi
633686-132721,"Eseredssjön",3-5233_Eseredssjön_633686-132721b.tif,svar/zips/Eseredssj_n/633686-132721-kartor/web/tiles-3-5233_Eseredssjon_633686-132721b.dzi
638107-141716,"Fagerhultasjön",3-3873_Fagerhultasjön_638107-141716a.tif,svar/zips/Fagerhultasj_n/638107-141716-kartor/web/tiles-3-3873_Fagerhultasjon_638107-141716a.dzi
651558-143620,"Fagertärn",3-4678_Fagertärn_651558-143620.tif,svar/zips/Fagert_rn/651558-143620-kartor/web/tiles-3-4678_Fagertarn_651558-143620.dzi
628376-137474,"Exen",3-6270_Exen_628376-137474a.tif,svar/zips/Exen/628376-137474-kartor/web/tiles-3-6270_Exen_628376-137474a.dzi
655060-161703,"Fagersjön",5-0183_Fagersjön_655060-161703.tif,svar/zips/Fagersj_n/655060-161703-kartor/web/tiles-5-0183_Fagersjon_655060-161703.dzi
638107-141716,"Fagerhultasjön",3-3873_Fagerhultasjön_638107-141716b.tif,svar/zips/Fagerhultasj_n/638107-141716-kartor/web/tiles-3-3873_Fagerhultasjon_638107-141716b.dzi
634488-137369,"Eskilstorpasjön",3-6354_Eskilstorpasjön_634488-137369.tif,svar/zips/Eskilstorpasj_n/634488-137369-kartor/web/tiles-3-6354_Eskilstorpasjon_634488-137369.dzi
632169-150810,"Fagrasjö",3-2361_Fagrasjö_632169-150810.tif,svar/zips/Fagrasj_/632169-150810-kartor/web/tiles-3-2361_Fagrasjo_632169-150810.dzi
628376-137474,"Exen",3-6270_Exen_628376-137474b.tif,svar/zips/Exen/628376-137474-kartor/web/tiles-3-6270_Exen_628376-137474b.dzi
635788-151812,"Fallebosjön",2-0337_Fallebosjön_635788-151812.tif,svar/zips/Fallebosj_n/635788-151812-kartor/web/tiles-2-0337_Fallebosjon_635788-151812.dzi
636092-132089,"Farssjö",1-0296_Farssjö_636092-132089.tif,svar/zips/Farssj_/636092-132089-kartor/web/tiles-1-0296_Farssjo_636092-132089.dzi
639829-131613,"Eningen",2-0388_Eningen_639829-131613b.tif,svar/zips/Eningen/639829-131613-kartor/web/tiles-2-0388_Eningen_639829-131613b.dzi
637773-142038,"Fallasjön",3-4034_Fallasjön_637773-142038.tif,svar/zips/Fallasj_n/637773-142038-kartor/web/tiles-3-4034_Fallasjon_637773-142038.dzi
655060-161703,"Fagersjön",5-0978_Fagersjön_655060-161703.pdf,svar/zips/Fagersj_n/655060-161703-kartor/web/tiles-5-0978_Fagersjon_655060-161703.dzi
632169-150810,"Fagrasjö",3-3833_Fagrasjö_632169-150810a.tif,svar/zips/Fagrasj_/632169-150810-kartor/web/tiles-3-3833_Fagrasjo_632169-150810a.dzi
628376-137474,"Exen",3-6270_Exen_628376-137474c.tif,svar/zips/Exen/628376-137474-kartor/web/tiles-3-6270_Exen_628376-137474c.dzi
624511-140583,"Farlången",2-0285_Farlången_624511-140583.tif,svar/zips/Farl_ngen/624511-140583-kartor/web/tiles-2-0285_Farlangen_624511-140583.dzi
625371-135680,"Fedingesjön",3-2647_Fedingesjön_625371-135680.tif,svar/zips/Fedingesj_n/625371-135680-kartor/web/tiles-3-2647_Fedingesjon_625371-135680.dzi
635040-133900,"Fegen",0-0066_Fegen_635040-133900.tif,svar/zips/Fegen/635040-133900-kartor/web/tiles-0-0066_Fegen_635040-133900.dzi
626898-138855,"Farstusjön",3-0817_Farstusjön_626898-138855.tif,svar/zips/Farstusj_n/626898-138855-kartor/web/tiles-3-0817_Farstusjon_626898-138855.dzi
626855-141154,"Femlingen",0-0107_Femlingen_626855-141154.tif,svar/zips/Femlingen/626855-141154-kartor/web/tiles-0-0107_Femlingen_626855-141154.dzi
632169-150810,"Fagrasjö",3-3833_Fagrasjö_632169-150810b.tif,svar/zips/Fagrasj_/632169-150810-kartor/web/tiles-3-3833_Fagrasjo_632169-150810b.dzi
624511-140583,"Farlången",2-0296_Farlången_624511-140583.tif,svar/zips/Farl_ngen/624511-140583-kartor/web/tiles-2-0296_Farlangen_624511-140583.dzi
628376-137474,"Exen",3-6270_Exen_628376-137474d.tif,svar/zips/Exen/628376-137474-kartor/web/tiles-3-6270_Exen_628376-137474d.dzi
633486-148738,"Feresjön",3-3840_Feresjön_633486-148738a.tif,svar/zips/Feresj_n/633486-148738-kartor/web/tiles-3-3840_Feresjon_633486-148738a.dzi
634358-144361,"Feresjön",3-3559_Feresjön_634358-144361.tif,svar/zips/Feresj_n/634358-144361-kartor/web/tiles-3-3559_Feresjon_634358-144361.dzi
631434-140998,"Feresjö",2-1057_Feresjö_631434-140998.jpg,svar/zips/Feresj_/631434-140998-kartor/web/tiles-2-1057_Feresjo_631434-140998.dzi
630679-140539,"Fenen",3-5081_Fenen_630679-140539.tif,svar/zips/Fenen/630679-140539-kartor/web/tiles-3-5081_Fenen_630679-140539.dzi
626033-147550,"Fersjön",3-3176_Fersjön_626033-147550.tif,svar/zips/Fersj_n/626033-147550-kartor/web/tiles-3-3176_Fersjon_626033-147550.dzi
628376-137474,"Exen",3-6270_Exen_628376-137474e.tif,svar/zips/Exen/628376-137474-kartor/web/tiles-3-6270_Exen_628376-137474e.dzi
635929-146032,"Fifflekullsgölen",3-3326_Fifflekullsgölen_635929-146032.tif,svar/zips/Fifflekullsg_len/635929-146032-kartor/web/tiles-3-3326_Fifflekullsgolen_635929-146032.dzi
639428-152350,"Fighultsgöl",3-3261_Fighultsgöl_639428-152350.tif,svar/zips/Fighultsg_l/639428-152350-kartor/web/tiles-3-3261_Fighultsgol_639428-152350.dzi
631434-140998,"Feresjö",2-1057_Feresjö_631434-140998.tif,svar/zips/Feresj_/631434-140998-kartor/web/tiles-2-1057_Feresjo_631434-140998.dzi
633486-148738,"Feresjön",3-3840_Feresjön_633486-148738b.tif,svar/zips/Feresj_n/633486-148738-kartor/web/tiles-3-3840_Feresjon_633486-148738b.dzi
624511-140583,"Farlången",2-0401_Farlången_624511-140583a.tif,svar/zips/Farl_ngen/624511-140583-kartor/web/tiles-2-0401_Farlangen_624511-140583a.dzi
622731-136920,"Finjasjön",3-0818_Finjasjön_622731-136920.tif,svar/zips/Finjasj_n/622731-136920-kartor/web/tiles-3-0818_Finjasjon_622731-136920.dzi
638804-150330,"Findeln",1-0252_Findeln_638804-150330.tif,svar/zips/Findeln/638804-150330-kartor/web/tiles-1-0252_Findeln_638804-150330.dzi
655352-128992,"Fillingsjön",3-1719_Fillingsjön_655352-128992.tif,svar/zips/Fillingsj_n/655352-128992-kartor/web/tiles-3-1719_Fillingsjon_655352-128992.dzi
628376-137474,"Exen",3-6270_Exen_628376-137474f.tif,svar/zips/Exen/628376-137474-kartor/web/tiles-3-6270_Exen_628376-137474f.dzi
631434-140998,"Feresjö",3-3416_Feresjö_631434-140998.tif,svar/zips/Feresj_/631434-140998-kartor/web/tiles-3-3416_Feresjo_631434-140998.dzi
636087-132735,"Finnabosjön",3-6400_Finnabosjön_636087-132735.jpg,svar/zips/Finnabosj_n/636087-132735-kartor/web/tiles-3-6400_Finnabosjon_636087-132735.dzi
636092-132089,"Farssjö",3-6570_Farssjö_636092-132089.jpg,svar/zips/Farssj_/636092-132089-kartor/web/tiles-3-6570_Farssjo_636092-132089.dzi
633825-140606,"Finnsjön",3-6367_Finnsjön_633825-140606.jpg,svar/zips/Finnsj_n/633825-140606-kartor/web/tiles-3-6367_Finnsjon_633825-140606.dzi
624511-140583,"Farlången",2-0401_Farlången_624511-140583b.tif,svar/zips/Farl_ngen/624511-140583-kartor/web/tiles-2-0401_Farlangen_624511-140583b.dzi
640432-142490,"Finnerydssjön",3-1797_Finnerydssjön_640432-142490.tif,svar/zips/Finnerydssj_n/640432-142490-kartor/web/tiles-3-1797_Finnerydssjon_640432-142490.dzi
622731-136920,"Finjasjön",3-5807a_Finjasjön_622731-136920.tif,svar/zips/Finjasj_n/622731-136920-kartor/web/tiles-3-5807a_Finjasjon_622731-136920.dzi
639565-128173,"Finnsjön",3-1842_Finnsjön_639565-128173.tif,svar/zips/Finnsj_n/639565-128173-kartor/web/tiles-3-1842_Finnsjon_639565-128173.dzi
628376-137474,"Exen",3-6270_Exen_628376-137474g.tif,svar/zips/Exen/628376-137474-kartor/web/tiles-3-6270_Exen_628376-137474g.dzi
636087-132735,"Finnabosjön",3-6400_Finnabosjön_636087-132735.tif,svar/zips/Finnabosj_n/636087-132735-kartor/web/tiles-3-6400_Finnabosjon_636087-132735.dzi
636092-132089,"Farssjö",3-6570_Farssjö_636092-132089.tif,svar/zips/Farssj_/636092-132089-kartor/web/tiles-3-6570_Farssjo_636092-132089.dzi
633825-140606,"Finnsjön",3-6367_Finnsjön_633825-140606.tif,svar/zips/Finnsj_n/633825-140606-kartor/web/tiles-3-6367_Finnsjon_633825-140606.dzi
637197-144886,"Finntorpasjön",3-3934_Stensjön (Finntorpasjön)_637197-144886.tif,svar/zips/Finntorpasj_n/637197-144886-kartor/web/tiles-3-3934_Stensjon_Finntorpasjon_637197-144886.dzi
656393-156601,"Finnsjön",3-1775_Finnsjön_656393-156601.tif,svar/zips/Finnsj_n/656393-156601-kartor/web/tiles-3-1775_Finnsjon_656393-156601.dzi
639293-127208,"Fisjön",3-4224_Fisjön_639293-127208.tif,svar/zips/Fisj_n/639293-127208-kartor/web/tiles-3-4224_Fisjon_639293-127208.dzi
621983-135130,"Fiskdamm",3-2587_Fiskdamm_621983-135130.tif,svar/zips/Fiskdamm/621983-135130-kartor/web/tiles-3-2587_Fiskdamm_621983-135130.dzi
636087-132735,"Finnabosjön",5-1003_Finnabosjön_636087-132735.pdf,svar/zips/Finnabosj_n/636087-132735-kartor/web/tiles-5-1003_Finnabosjon_636087-132735.dzi
636092-132089,"Farssjö",5-1002_Farssjön_636092-132089.pdf,svar/zips/Farssj_/636092-132089-kartor/web/tiles-5-1002_Farssjon_636092-132089.dzi
622731-136920,"Finjasjön",3-5807b_Finjasjön_622731-136920.tif,svar/zips/Finjasj_n/622731-136920-kartor/web/tiles-3-5807b_Finjasjon_622731-136920.dzi
651703-126468,"Fisklös",3-3202_Fiskelös_651703-126468.tif,svar/zips/Fiskl_s/651703-126468-kartor/web/tiles-3-3202_Fiskelos_651703-126468.dzi
629186-148403,"Fiskesjösjön",5-0479_Fiskesjösjön_629186-148403.tif,svar/zips/Fiskesj_sj_n/629186-148403-kartor/web/tiles-5-0479_Fiskesjosjon_629186-148403.dzi
638268-128521,"Fixsjön",3-0892_Fixsjön_638268-128521.tif,svar/zips/Fixsj_n/638268-128521-kartor/web/tiles-3-0892_Fixsjon_638268-128521.dzi
652651-125681,"Fisklössjön",3-3024_Fiskelössjön_652651-125681.tif,svar/zips/Fiskl_ssj_n/652651-125681-kartor/web/tiles-3-3024_Fiskelossjon_652651-125681.dzi
633025-142267,"Fiolen",1-0131_Fiolen_633025-142267.tif,svar/zips/Fiolen/633025-142267-kartor/web/tiles-1-0131_Fiolen_633025-142267.dzi
627748-144801,"Fiskestadsjön",3-0789_Fiskestadsjön_627748-144801.tif,svar/zips/Fiskestadsj_n/627748-144801-kartor/web/tiles-3-0789_Fiskestadsjon_627748-144801.dzi
652768-151989,"Fjälaren",3-5626_Fjälaren_652768-151989.tif,svar/zips/Fj_laren/652768-151989-kartor/web/tiles-3-5626_Fjalaren_652768-151989.dzi
631638-135527,"Fjällen",2-1028_Fjällen_631638-135527.jpg,svar/zips/Fj_llen/631638-135527-kartor/web/tiles-2-1028_Fjallen_631638-135527.dzi
650370-126990,"Fjölevatten",3-3071_Fjölevatten_650370-126990.tif,svar/zips/Fj_levatten/650370-126990-kartor/web/tiles-3-3071_Fjolevatten_650370-126990.dzi
652217-151994,"Fjälsjön",3-2806_Fjälsjön_652217-151994.tif,svar/zips/Fj_lsj_n/652217-151994-kartor/web/tiles-3-2806_Fjalsjon_652217-151994.dzi
633025-142267,"Fiolen",3-1700_Fiolen_633025-142267.tif,svar/zips/Fiolen/633025-142267-kartor/web/tiles-3-1700_Fiolen_633025-142267.dzi
615767-134254,"Fjällfotasjön",2-0169_Fjällfotasjön_615767-134254.tif,svar/zips/Fj_llfotasj_n/615767-134254-kartor/web/tiles-2-0169_Fjallfotasjon_615767-134254.dzi
638394-151432,"Fjälstern",5-0420_Fjälstern_638394-151432.tif,svar/zips/Fj_lstern/638394-151432-kartor/web/tiles-5-0420_Fjalstern_638394-151432.dzi
643317-130285,"Fjällsjön",3-1008_Fjällsjön_643317-130285.tif,svar/zips/Fj_llsj_n/643317-130285-kartor/web/tiles-3-1008_Fjallsjon_643317-130285.dzi
638725-146677,"Fjärasjö",3-2071_Fjärasjö_638725-146677.tif,svar/zips/Fj_rasj_/638725-146677-kartor/web/tiles-3-2071_Fjarasjo_638725-146677.dzi
625131-144970,"Fjärsten",3-2965_Fjärsten_625131-144970.tif,svar/zips/Fj_rsten/625131-144970-kartor/web/tiles-3-2965_Fjarsten_625131-144970.dzi
653600-162119,"Fjättersjön",3-6742_Fjättersjön_653600-162119.pdf,svar/zips/Fj_ttersj_n/653600-162119-kartor/web/tiles-3-6742_Fjattersjon_653600-162119.dzi
631638-135527,"Fjällen",2-1028_Fjällen_631638-135527.tif,svar/zips/Fj_llen/631638-135527-kartor/web/tiles-2-1028_Fjallen_631638-135527.dzi
615767-134254,"Fjällfotasjön",3-0829_Fjällfotasjön_615767-134254.tif,svar/zips/Fj_llfotasj_n/615767-134254-kartor/web/tiles-3-0829_Fjallfotasjon_615767-134254.dzi
652787-142612,"Flacksjön",5-0131_Flacksjön_652787-142612.tif,svar/zips/Flacksj_n/652787-142612-kartor/web/tiles-5-0131_Flacksjon_652787-142612.dzi
635959-146240,"Flagesjön",3-3935_Flagesjön_635959-146240.tif,svar/zips/Flagesj_n/635959-146240-kartor/web/tiles-3-3935_Flagesjon_635959-146240.dzi
645571-144517,"Fjättmunn",3-3675_Fjättmunn_645571-144517.tif,svar/zips/Fj_ttmunn/645571-144517-kartor/web/tiles-3-3675_Fjattmunn_645571-144517.dzi
626842-147473,"Flaken",3-0764_Flaken_626842-147473.tif,svar/zips/Flaken/626842-147473-kartor/web/tiles-3-0764_Flaken_626842-147473.dzi
653164-130559,"Flat",3-4805_Flat_653164-130559.tif,svar/zips/Flat/653164-130559-kartor/web/tiles-3-4805_Flat_653164-130559.dzi
633220-141387,"Flaken",2-1010_Flaken_633220-141387.jpg,svar/zips/Flaken/633220-141387-kartor/web/tiles-2-1010_Flaken_633220-141387.dzi
625646-147552,"Flaksjön",3-5568_Flaksjön_625646-147552.tif,svar/zips/Flaksj_n/625646-147552-kartor/web/tiles-3-5568_Flaksjon_625646-147552.dzi
635883-138564,"Flaten",3-1822_Flaten_635883-138564.tif,svar/zips/Flaten/635883-138564-kartor/web/tiles-3-1822_Flaten_635883-138564.dzi
636104-149364,"Flaten",3-3797_Flaten_636104-149364a.tif,svar/zips/Flaten/636104-149364-kartor/web/tiles-3-3797_Flaten_636104-149364a.dzi
633186-136948,"Flaten",2-0669_Flaten_633186-136948.tif,svar/zips/Flaten/633186-136948-kartor/web/tiles-2-0669_Flaten_633186-136948.dzi
642854-129349,"Flatavattnet",3-0965_Flatavattnet_642854-129349.tif,svar/zips/Flatavattnet/642854-129349-kartor/web/tiles-3-0965_Flatavattnet_642854-129349.dzi
626842-147473,"Flaken",3-3864_Flaken_626842-147473a.tif,svar/zips/Flaken/626842-147473-kartor/web/tiles-3-3864_Flaken_626842-147473a.dzi
656533-161088,"Flaten",5-0187_Flaten_656533-161088.tif,svar/zips/Flaten/656533-161088-kartor/web/tiles-5-0187_Flaten_656533-161088.dzi
633220-141387,"Flaken",2-1010_Flaken_633220-141387.tif,svar/zips/Flaken/633220-141387-kartor/web/tiles-2-1010_Flaken_633220-141387.dzi
636104-149364,"Flaten",3-3797_Flaten_636104-149364b.tif,svar/zips/Flaten/636104-149364-kartor/web/tiles-3-3797_Flaten_636104-149364b.dzi
637382-148784,"Flen",2-0138_Flen_637382-148784.tif,svar/zips/Flen/637382-148784-kartor/web/tiles-2-0138_Flen_637382-148784.dzi
626369-147160,"Flatsjön",5-0460_Flatsjön_626369-147160.tif,svar/zips/Flatsj_n/626369-147160-kartor/web/tiles-5-0460_Flatsjon_626369-147160.dzi
641048-127976,"Flatevattnet",3-2164_Flatevattnet_641048-127976.tif,svar/zips/Flatevattnet/641048-127976-kartor/web/tiles-3-2164_Flatevattnet_641048-127976.dzi
626842-147473,"Flaken",3-3864_Flaken_626842-147473b.tif,svar/zips/Flaken/626842-147473-kartor/web/tiles-3-3864_Flaken_626842-147473b.dzi
656168-153584,"Flensjön",3-1771_Flensjön_656168-153584.tif,svar/zips/Flensj_n/656168-153584-kartor/web/tiles-3-1771_Flensjon_656168-153584.dzi
624305-145202,"Flotasjön",3-5472_Flotasjön_624305-145202.tif,svar/zips/Flotasj_n/624305-145202-kartor/web/tiles-3-5472_Flotasjon_624305-145202.dzi
644265-143991,"Flugebosjön",3-3685_Flugebosjön_644265-143991.tif,svar/zips/Flugebosj_n/644265-143991-kartor/web/tiles-3-3685_Flugebosjon_644265-143991.dzi
637382-148784,"Flen",2-0292_Flen_637382-148784.tif,svar/zips/Flen/637382-148784-kartor/web/tiles-2-0292_Flen_637382-148784.dzi
635883-138564,"Flaten",3-6284_Flaten_635883-138564.tif,svar/zips/Flaten/635883-138564-kartor/web/tiles-3-6284_Flaten_635883-138564.dzi
626899-148885,"Flädingstorpasjön",5-0478_Flädingstorpasjön_626899-148885.tif,svar/zips/Fl_dingstorpasj_n/626899-148885-kartor/web/tiles-5-0478_Fladingstorpasjon_626899-148885.dzi
641048-127976,"Flatevattnet",3-4182_Flatevattnet_641048-127976.tif,svar/zips/Flatevattnet/641048-127976-kartor/web/tiles-3-4182_Flatevattnet_641048-127976.dzi
636728-145193,"Flögen",3-0747_Flögen_636728-145193.tif,svar/zips/Fl_gen/636728-145193-kartor/web/tiles-3-0747_Flogen_636728-145193.dzi
654875-124785,"Flåghulttjärnet",3-1564_Flåghulttjärnet_654875-124785.tif,svar/zips/Fl_ghulttj_rnet/654875-124785-kartor/web/tiles-3-1564_Flaghulttjarnet_654875-124785.dzi
624305-145202,"Flotasjön",3-5975_Flotasjön_624305-145202.tif,svar/zips/Flotasj_n/624305-145202-kartor/web/tiles-3-5975_Flotasjon_624305-145202.dzi
631542-139354,"Flåren",2-0179_Flåren_631542-139354.tif,svar/zips/Fl_ren/631542-139354-kartor/web/tiles-2-0179_Flaren_631542-139354.dzi
648280-137518,"Flämsjön",3-1470_Flämsjön_648280-137518.tif,svar/zips/Fl_msj_n/648280-137518-kartor/web/tiles-3-1470_Flamsjon_648280-137518.dzi
635883-138564,"Flaten",5-0011_Flaten_635883-138564.pdf,svar/zips/Flaten/635883-138564-kartor/web/tiles-5-0011_Flaten_635883-138564.dzi
652048-152610,"Fläten",0-0166_Fläten_652048-152610.tif,svar/zips/Fl_ten/652048-152610-kartor/web/tiles-0-0166_Flaten_652048-152610.dzi
636834-150930,"Flåtsjön",5-0421_Flåtsjön_636834-150930.tif,svar/zips/Fl_tsj_n/636834-150930-kartor/web/tiles-5-0421_Flatsjon_636834-150930.dzi
636728-145193,"Flögen",3-1784_Flögen_636728-145193.tif,svar/zips/Fl_gen/636728-145193-kartor/web/tiles-3-1784_Flogen_636728-145193.dzi
648280-137518,"Flämsjön",3-6739_Flämsjön_648280-137518.jpg,svar/zips/Fl_msj_n/648280-137518-kartor/web/tiles-3-6739_Flamsjon_648280-137518.dzi
631542-139354,"Flåren",3-1827_Flåren_631542-139354.tif,svar/zips/Fl_ren/631542-139354-kartor/web/tiles-3-1827_Flaren_631542-139354.dzi
626730-148091,"Fornamålasjön",3-3862_Fornamålasjön_626730-148091a.tif,svar/zips/Fornam_lasj_n/626730-148091-kartor/web/tiles-3-3862_Fornamalasjon_626730-148091a.dzi
626636-148119,"Fornamålagölen",3-3861_Fornamålagölen_626636-148119a.tif,svar/zips/Fornam_lag_len/626636-148119-kartor/web/tiles-3-3861_Fornamalagolen_626636-148119a.dzi
654875-124785,"Flåghulttjärnet",3-1755_Flåghulttjärnet_654875-124785.tif,svar/zips/Fl_ghulttj_rnet/654875-124785-kartor/web/tiles-3-1755_Flaghulttjarnet_654875-124785.dzi
624884-142569,"Fornebodasjön",3-2645_Fornebodasjön_624884-142569.tif,svar/zips/Fornebodasj_n/624884-142569-kartor/web/tiles-3-2645_Fornebodasjon_624884-142569.dzi
634736-153054,"Forshultesjön",1-0242_Forshultesjön_634736-153054.tif,svar/zips/Forshultesj_n/634736-153054-kartor/web/tiles-1-0242_Forshultesjon_634736-153054.dzi
636728-145193,"Flögen",3-3327_Flögen_636728-145193.tif,svar/zips/Fl_gen/636728-145193-kartor/web/tiles-3-3327_Flogen_636728-145193.dzi
648280-137518,"Flämsjön",3-6739_Flämsjön_648280-137518.tif,svar/zips/Fl_msj_n/648280-137518-kartor/web/tiles-3-6739_Flamsjon_648280-137518.dzi
653651-152831,"Forssjösjön",1-0151_Forssjösjön_653651-152831.tif,svar/zips/Forssj_sj_n/653651-152831-kartor/web/tiles-1-0151_Forssjosjon_653651-152831.dzi
626636-148119,"Fornamålagölen",3-3861_Fornamålagölen_626636-148119b.tif,svar/zips/Fornam_lag_len/626636-148119-kartor/web/tiles-3-3861_Fornamalagolen_626636-148119b.dzi
638819-142813,"Fredriksdalasjön",3-1796_Fredriksdalasjön_638819-142813.tif,svar/zips/Fredriksdalasj_n/638819-142813-kartor/web/tiles-3-1796_Fredriksdalasjon_638819-142813.dzi
639720-128813,"Forsvatten",3-1840_Forsvatten_639720-128813.tif,svar/zips/Forsvatten/639720-128813-kartor/web/tiles-3-1840_Forsvatten_639720-128813.dzi
626730-148091,"Fornamålasjön",3-3862_Fornamålasjön_626730-148091b.tif,svar/zips/Fornam_lasj_n/626730-148091-kartor/web/tiles-3-3862_Fornamalasjon_626730-148091b.dzi
642257-155368,"Frisksjön",3-1579_Frisksjön_642257-155368a.tif,svar/zips/Frisksj_n/642257-155368-kartor/web/tiles-3-1579_Frisksjon_642257-155368a.dzi
635699-165610,"Fridträsk",3-3006_Fridträsk_635699-165610.tif,svar/zips/Fridtr_sk/635699-165610-kartor/web/tiles-3-3006_Fridtrask_635699-165610.dzi
636827-154947,"Frisksjön",2-0343_Frisksjön_636827-154947.tif,svar/zips/Frisksj_n/636827-154947-kartor/web/tiles-2-0343_Frisksjon_636827-154947.dzi
639134-132882,"Frisjön",0-0124_Frisjön_639134-132882a.tif,svar/zips/Frisj_n/639134-132882-kartor/web/tiles-0-0124_Frisjon_639134-132882a.dzi
634984-143880,"Frissjön",3-1811_Frissjön_634984-143880.tif,svar/zips/Frissj_n/634984-143880-kartor/web/tiles-3-1811_Frissjon_634984-143880.dzi
635158-137232,"Fryebosjön",3-2921_Fryebosjön_635158-137232.tif,svar/zips/Fryebosj_n/635158-137232-kartor/web/tiles-3-2921_Fryebosjon_635158-137232.dzi
645289-128665,"Fräcksjön",3-1707_Fräcksjön_645289-128665.tif,svar/zips/Fr_cksj_n/645289-128665-kartor/web/tiles-3-1707_Fracksjon_645289-128665.dzi
635505-144457,"Fröderrydsgölen",3-3936_Fröderrydsgölen_635505-144457.tif,svar/zips/Fr_derrydsg_len/635505-144457-kartor/web/tiles-3-3936_Froderrydsgolen_635505-144457.dzi
639134-132882,"Frisjön",0-0124_Frisjön_639134-132882b.tif,svar/zips/Frisj_n/639134-132882-kartor/web/tiles-0-0124_Frisjon_639134-132882b.dzi
643401-143852,"Frucken",3-2601_Frucken_643401-143852.tif,svar/zips/Frucken/643401-143852-kartor/web/tiles-3-2601_Frucken_643401-143852.dzi
642257-155368,"Frisksjön",3-1579_Frisksjön_642257-155368b.tif,svar/zips/Frisksj_n/642257-155368-kartor/web/tiles-3-1579_Frisksjon_642257-155368b.dzi
651426-127334,"Frustugutjärnet",3-2560_Frustugutjärnet_651426-127334.tif,svar/zips/Frustugutj_rnet/651426-127334-kartor/web/tiles-3-2560_Frustugutjarnet_651426-127334.dzi
655848-158394,"Fräkensjön",3-3271_Fräkensjön_655848-158394.tif,svar/zips/Fr_kensj_n/655848-158394-kartor/web/tiles-3-3271_Frakensjon_655848-158394.dzi
633092-135579,"Frösjön",3-4903_Frösjön_633092-135579.tif,svar/zips/Fr_sj_n/633092-135579-kartor/web/tiles-3-4903_Frosjon_633092-135579.dzi
642404-151695,"Frösjön",3-3372_Frösjön_642404-151695.tif,svar/zips/Fr_sj_n/642404-151695-kartor/web/tiles-3-3372_Frosjon_642404-151695.dzi
634984-143880,"Frissjön",3-2977_Frissjön_634984-143880.tif,svar/zips/Frissj_n/634984-143880-kartor/web/tiles-3-2977_Frissjon_634984-143880.dzi
624539-146399,"Funnesjön",3-3167_Funnesjön_624539-146399.tif,svar/zips/Funnesj_n/624539-146399-kartor/web/tiles-3-3167_Funnesjon_624539-146399.dzi
639134-132882,"Frisjön",3-0880_Frisjön_639134-132882.tif,svar/zips/Frisj_n/639134-132882-kartor/web/tiles-3-0880_Frisjon_639134-132882.dzi
629862-134886,"Fullhövden",3-5085_Fullhövden_629862-134886.tif,svar/zips/Fullh_vden/629862-134886-kartor/web/tiles-3-5085_Fullhovden_629862-134886.dzi
633092-135579,"Frösjön",3-6538_Frösjön_633092-135579.jpg,svar/zips/Fr_sj_n/633092-135579-kartor/web/tiles-3-6538_Frosjon_633092-135579.dzi
654131-130664,"Furesjön",3-1171_Furusjön_653365-131293.tif,svar/zips/Furesj_n/654131-130664-kartor/web/tiles-3-1171_Furusjon_653365-131293.dzi
632814-140041,"Furen",2-0559_Furen_632814-140041.tif,svar/zips/Furen/632814-140041-kartor/web/tiles-2-0559_Furen_632814-140041.dzi
634529-130569,"Furesjön",3-2259_Furesjön_634529-130569a.tif,svar/zips/Furesj_n/634529-130569-kartor/web/tiles-3-2259_Furesjon_634529-130569a.dzi
634809-143063,"Furusjön",3-5603_Furusjön_634809-143063.tif,svar/zips/Furusj_n/634809-143063-kartor/web/tiles-3-5603_Furusjon_634809-143063.dzi
633092-135579,"Frösjön",3-6538_Frösjön_633092-135579.tif,svar/zips/Fr_sj_n/633092-135579-kartor/web/tiles-3-6538_Frosjon_633092-135579.dzi
655375-131167,"Fursjö",3-6768_Fursjö_655375-131167.jpg,svar/zips/Fursj_/655375-131167-kartor/web/tiles-3-6768_Fursjo_655375-131167.dzi
654131-130664,"Furesjön",3-1703_Furesjön_654131-130664.tif,svar/zips/Furesj_n/654131-130664-kartor/web/tiles-3-1703_Furesjon_654131-130664.dzi
648372-137384,"Fursjön",3-1470_Fursjön_648372-137384.tif,svar/zips/Fursj_n/648372-137384-kartor/web/tiles-3-1470_Fursjon_648372-137384.dzi
642474-139056,"Furusjön",3-6712_Furusjön_642474-139056.jpg,svar/zips/Furusj_n/642474-139056-kartor/web/tiles-3-6712_Furusjon_642474-139056.dzi
632814-140041,"Furen",3-1818_Furen_632814-140041.tif,svar/zips/Furen/632814-140041-kartor/web/tiles-3-1818_Furen_632814-140041.dzi
631487-140319,"Fyllesjön",3-1813_Fyllesjön_631487-140319.tif,svar/zips/Fyllesj_n/631487-140319-kartor/web/tiles-3-1813_Fyllesjon_631487-140319.dzi
634529-130569,"Furesjön",3-2259_Furesjön_634529-130569b.tif,svar/zips/Furesj_n/634529-130569-kartor/web/tiles-3-2259_Furesjon_634529-130569b.dzi
655967-153726,"Fyrsjön",3-1772_Fyrsjön_655967-153726.tif,svar/zips/Fyrsj_n/655967-153726-kartor/web/tiles-3-1772_Fyrsjon_655967-153726.dzi
653365-131293,"Furusjön",3-4787_Furusjön_653365-131293.tif,svar/zips/Furusj_n/653365-131293-kartor/web/tiles-3-4787_Furusjon_653365-131293.dzi
649781-148438,"Fyrsjön",2-1115_Fyrsjön_649781-148438.tif,svar/zips/Fyrsj_n/649781-148438-kartor/web/tiles-2-1115_Fyrsjon_649781-148438.dzi
640336-153652,"Fälgaren",1-0214_Fälgaren_640336-153652.tif,svar/zips/F_lgaren/640336-153652-kartor/web/tiles-1-0214_Falgaren_640336-153652.dzi
642474-139056,"Furusjön",3-6712_Furusjön_642474-139056.pdf,svar/zips/Furusj_n/642474-139056-kartor/web/tiles-3-6712_Furusjon_642474-139056.dzi
655375-131167,"Fursjö",3-6768_Fursjö_655375-131167.tif,svar/zips/Fursj_/655375-131167-kartor/web/tiles-3-6768_Fursjo_655375-131167.dzi
622410-135589,"Fåglasjön",3-3449_Fåglasjön_622410-135589.tif,svar/zips/F_glasj_n/622410-135589-kartor/web/tiles-3-3449_Faglasjon_622410-135589.dzi
626620-147773,"Fåglasjösjön",5-0463_Fåglasjösjön_626620-147773.tif,svar/zips/F_glasj_sj_n/626620-147773-kartor/web/tiles-5-0463_Faglasjosjon_626620-147773.dzi
638168-140554,"Fängen",5-0013_Fängen_638168-140554.pdf,svar/zips/F_ngen/638168-140554-kartor/web/tiles-5-0013_Fangen_638168-140554.dzi
642474-139056,"Furusjön",3-6712_Furusjön_642474-139056.tif,svar/zips/Furusj_n/642474-139056-kartor/web/tiles-3-6712_Furusjon_642474-139056.dzi
637439-140810,"Fällesjön",3-5243_Fällesjön_637439-140810.tif,svar/zips/F_llesj_n/637439-140810-kartor/web/tiles-3-5243_Fallesjon_637439-140810.dzi
635782-131197,"Fängkalven",3-2257_Fängkalven_635782-131197.tif,svar/zips/F_ngkalven/635782-131197-kartor/web/tiles-3-2257_Fangkalven_635782-131197.dzi
640336-153652,"Fälgaren",3-0744_Fälgaren_640336-153652.tif,svar/zips/F_lgaren/640336-153652-kartor/web/tiles-3-0744_Falgaren_640336-153652.dzi
635637-131111,"Fängsjö",3-6437_Fängsjö_635637-131111.jpg,svar/zips/F_ngsj_/635637-131111-kartor/web/tiles-3-6437_Fangsjo_635637-131111.dzi
637585-138635,"Fängshultagölen",3-5485_Fängshattagölen_637585-138635.tif,svar/zips/F_ngshultag_len/637585-138635-kartor/web/tiles-3-5485_Fangshattagolen_637585-138635.dzi
641711-134225,"Fänneslundasjön",3-4876_Fänneslundasjön_641711-134225.tif,svar/zips/F_nneslundasj_n/641711-134225-kartor/web/tiles-3-4876_Fanneslundasjon_641711-134225.dzi
642474-139056,"Furusjön",5-0012_Furusjön_642474-139056.pdf,svar/zips/Furusj_n/642474-139056-kartor/web/tiles-5-0012_Furusjon_642474-139056.dzi
635988-153978,"Fårbosjön",0-0115_Fårbosjön_635988-153978.tif,svar/zips/F_rbosj_n/635988-153978-kartor/web/tiles-0-0115_Farbosjon_635988-153978.dzi
637477-136926,"Fårasjön",3-2509_Fårasjön_637477-136926.tif,svar/zips/F_rasj_n/637477-136926-kartor/web/tiles-3-2509_Farasjon_637477-136926.dzi
635637-131111,"Fängsjö",3-6437_Fängsjö_635637-131111.tif,svar/zips/F_ngsj_/635637-131111-kartor/web/tiles-3-6437_Fangsjo_635637-131111.dzi
634549-148850,"Färgegöl",5-0426_Färgegöl_634549-148850.tif,svar/zips/F_rgeg_l/634549-148850-kartor/web/tiles-5-0426_Fargegol_634549-148850.dzi
636929-145331,"Föredasjön",3-3940_Föredasjön_636929-145331.tif,svar/zips/F_redasj_n/636929-145331-kartor/web/tiles-3-3940_Foredasjon_636929-145331.dzi
635059-147779,"Färgsjön",3-2206_Färgsjön_635059-147779.tif,svar/zips/F_rgsj_n/635059-147779-kartor/web/tiles-3-2206_Fargsjon_635059-147779.dzi
634845-152127,"Färghultesjön",2-0329_Färghultesjön_634845-152127.tif,svar/zips/F_rghultesj_n/634845-152127-kartor/web/tiles-2-0329_Farghultesjon_634845-152127.dzi
636985-149486,"Färgsjön",3-2312_Färgsjön_636985-149486.tif,svar/zips/F_rgsj_n/636985-149486-kartor/web/tiles-3-2312_Fargsjon_636985-149486.dzi
633426-142203,"Förhultasjön",3-0796_Förhultasjön_633426-142203.tif,svar/zips/F_rhultasj_n/633426-142203-kartor/web/tiles-3-0796_Forhultasjon_633426-142203.dzi
635833-146571,"Förshultasjön",3-3938_Förshultasjön_635833-146571.tif,svar/zips/F_rshultasj_n/635833-146571-kartor/web/tiles-3-3938_Forshultasjon_635833-146571.dzi
627068-149377,"Förlången",5-0456_Förlången_627068-149377.tif,svar/zips/F_rl_ngen/627068-149377-kartor/web/tiles-5-0456_Forlangen_627068-149377.dzi
633919-152479,"Försjö",3-2761_Försjö_633919-152479.tif,svar/zips/F_rsj_/633919-152479-kartor/web/tiles-3-2761_Forsjo_633919-152479.dzi
636087-149105,"Försjön",3-3820_Försjön_636087-149105a.tif,svar/zips/F_rsj_n/636087-149105-kartor/web/tiles-3-3820_Forsjon_636087-149105a.dzi
639260-145910,"Försjön",3-0748b_Försjön_639260-145910b.tif,svar/zips/F_rsj_n/639260-145910-kartor/web/tiles-3-0748b_Forsjon_639260-145910b.dzi
633426-142203,"Förhultasjön",3-0797_Förhultasjön_633426-142203.tif,svar/zips/F_rhultasj_n/633426-142203-kartor/web/tiles-3-0797_Forhultasjon_633426-142203.dzi
634443-140484,"Försjön",3-6370b_Försjön_634443-140484.jpg,svar/zips/F_rsj_n/634443-140484-kartor/web/tiles-3-6370b_Forsjon_634443-140484.dzi
636904-151593,"Försjön",3-3752_Försjön_636904-151593a.tif,svar/zips/F_rsj_n/636904-151593-kartor/web/tiles-3-3752_Forsjon_636904-151593a.dzi
639690-152763,"Försjön",3-3229_Försjön_639690-152763.tif,svar/zips/F_rsj_n/639690-152763-kartor/web/tiles-3-3229_Forsjon_639690-152763.dzi
641603-144848,"Försjön",2-0937_Försjön_641603-144848.tif,svar/zips/F_rsj_n/641603-144848-kartor/web/tiles-2-0937_Forsjon_641603-144848.dzi
636087-149105,"Försjön",3-3820_Försjön_636087-149105b.tif,svar/zips/F_rsj_n/636087-149105-kartor/web/tiles-3-3820_Forsjon_636087-149105b.dzi
639260-145910,"Försjön",3-0748b_Försjön_639260-145910c.tif,svar/zips/F_rsj_n/639260-145910-kartor/web/tiles-3-0748b_Forsjon_639260-145910c.dzi
633426-142203,"Förhultasjön",3-4683_Förhultasjön_633426-142203.tif,svar/zips/F_rhultasj_n/633426-142203-kartor/web/tiles-3-4683_Forhultasjon_633426-142203.dzi
634443-140484,"Försjön",3-6370b_Försjön_634443-140484.tif,svar/zips/F_rsj_n/634443-140484-kartor/web/tiles-3-6370b_Forsjon_634443-140484.dzi
622492-150312,"Färskesjön",3-0759_Färskesjön_622492-150312.tif,svar/zips/F_rskesj_n/622492-150312-kartor/web/tiles-3-0759_Farskesjon_622492-150312.dzi
636904-151593,"Försjön",3-3752_Försjön_636904-151593b.tif,svar/zips/F_rsj_n/636904-151593-kartor/web/tiles-3-3752_Forsjon_636904-151593b.dzi
639970-129556,"Fäsjön",3-3971_Fäsjön_639970-129556.tif,svar/zips/F_sj_n/639970-129556-kartor/web/tiles-3-3971_Fasjon_639970-129556.dzi
636668-141710,"Föresjön",3-5609_Föresjön_636668-141710.tif,svar/zips/F_resj_n/636668-141710-kartor/web/tiles-3-5609_Foresjon_636668-141710.dzi
651611-129474,"Fäsjön",3-1555_Fäsjön_651611-129474.tif,svar/zips/F_sj_n/651611-129474-kartor/web/tiles-3-1555_Fasjon_651611-129474.dzi
633426-142203,"Förhultasjön",3-6766_Förhultasjön_633426-142203.jpg,svar/zips/F_rhultasj_n/633426-142203-kartor/web/tiles-3-6766_Forhultasjon_633426-142203.dzi
639260-145910,"Försjön",3-0748b_Försjön_639260-145910d.tif,svar/zips/F_rsj_n/639260-145910-kartor/web/tiles-3-0748b_Forsjon_639260-145910d.dzi
634443-140484,"Försjön",3-6370_Försjön_634443-140484.jpg,svar/zips/F_rsj_n/634443-140484-kartor/web/tiles-3-6370_Forsjon_634443-140484.dzi
625287-146553,"Gallsjön",3-5504_Gallsjön_625287-146553.tif,svar/zips/Gallsj_n/625287-146553-kartor/web/tiles-3-5504_Gallsjon_625287-146553.dzi
622492-150312,"Färskesjön",3-2827_Färskesjön_622492-150312.tif,svar/zips/F_rskesj_n/622492-150312-kartor/web/tiles-3-2827_Farskesjon_622492-150312.dzi
635900-130291,"Fävren",3-0881_Fävren_635900-130291.tif,svar/zips/F_vren/635900-130291-kartor/web/tiles-3-0881_Favren_635900-130291.dzi
633426-142203,"Förhultasjön",3-6766_Förhultasjön_633426-142203.tif,svar/zips/F_rhultasj_n/633426-142203-kartor/web/tiles-3-6766_Forhultasjon_633426-142203.dzi
637939-152390,"Gallsjön",3-3710_Gallsjön_637939-152390.tif,svar/zips/Gallsj_n/637939-152390-kartor/web/tiles-3-3710_Gallsjon_637939-152390.dzi
639260-145910,"Försjön",3-0748_Försjön_639260-145910.tif,svar/zips/F_rsj_n/639260-145910-kartor/web/tiles-3-0748_Forsjon_639260-145910.dzi
635309-143359,"Galtarydssjön",3-5596_Galtarydssjön_635309-143359.tif,svar/zips/Galtarydssj_n/635309-143359-kartor/web/tiles-3-5596_Galtarydssjon_635309-143359.dzi
634443-140484,"Försjön",3-6370_Försjön_634443-140484.tif,svar/zips/F_rsj_n/634443-140484-kartor/web/tiles-3-6370_Forsjon_634443-140484.dzi
635607-147333,"Galtasjö",3-3725_Galtasjön_635607-147333.tif,svar/zips/Galtasj_/635607-147333-kartor/web/tiles-3-3725_Galtasjon_635607-147333.dzi
623251-146284,"Galtsjön",3-3408_Galtsjön_623251-146284.tif,svar/zips/Galtsj_n/623251-146284-kartor/web/tiles-3-3408_Galtsjon_623251-146284.dzi
634911-132097,"Gamlarydssjön",3-5175_Gamlarydssjön_634911-132097a.jpg,svar/zips/Gamlarydssj_n/634911-132097-kartor/web/tiles-3-5175_Gamlarydssjon_634911-132097a.dzi
656130-158213,"Galtsjön",3-3277_Galtsjön_656130-158213.tif,svar/zips/Galtsj_n/656130-158213-kartor/web/tiles-3-3277_Galtsjon_656130-158213.dzi
630511-133196,"Galtasjön",3-5275_Galtasjön_630511-133196.tif,svar/zips/Galtasj_n/630511-133196-kartor/web/tiles-3-5275_Galtasjon_630511-133196.dzi
635900-130291,"Fävren",3-2261_Fävren_635900-130291.tif,svar/zips/F_vren/635900-130291-kartor/web/tiles-3-2261_Favren_635900-130291.dzi
640019-132543,"Gasslången",2-0379_Glasslången_640019-132543a.tif,svar/zips/Gassl_ngen/640019-132543-kartor/web/tiles-2-0379_Glasslangen_640019-132543a.dzi
626102-148377,"Gategölen",3-2380_Gategölen_626102-148377.tif,svar/zips/Gateg_len/626102-148377-kartor/web/tiles-3-2380_Gategolen_626102-148377.dzi
642679-131275,"Gasslången",3-4846_Gasslången_642679-131275.tif,svar/zips/Gassl_ngen/642679-131275-kartor/web/tiles-3-4846_Gasslangen_642679-131275.dzi
634911-132097,"Gamlarydssjön",3-5175_Gamlarydssjön_634911-132097a.tif,svar/zips/Gamlarydssj_n/634911-132097-kartor/web/tiles-3-5175_Gamlarydssjon_634911-132097a.dzi
648248-123939,"Germunneröd Vatten",3-4204_Germunnerödvatten_648248-123939.tif,svar/zips/Germunner_d_Vatten/648248-123939-kartor/web/tiles-3-4204_Germunnerodvatten_648248-123939.dzi
637514-152096,"Gatsjön",3-2868_Gatsjön_637514-152096.tif,svar/zips/Gatsj_n/637514-152096-kartor/web/tiles-3-2868_Gatsjon_637514-152096.dzi
628196-148557,"Getasjön",2-0141_Getasjön_628196-148557.tif,svar/zips/Getasj_n/628196-148557-kartor/web/tiles-2-0141_Getasjon_628196-148557.dzi
640019-132543,"Gasslången",2-0379_Glasslången_640019-132543b.tif,svar/zips/Gassl_ngen/640019-132543-kartor/web/tiles-2-0379_Glasslangen_640019-132543b.dzi
656040-161753,"Getaren",3-5273_Getaren_656040-161753.tif,svar/zips/Getaren/656040-161753-kartor/web/tiles-3-5273_Getaren_656040-161753.dzi
633955-132428,"Getbjörnasjön",3-5235_Getbjörnasjön_633955-132428a.tif,svar/zips/Getbj_rnasj_n/633955-132428-kartor/web/tiles-3-5235_Getbjornasjon_633955-132428a.dzi
640340-131137,"Gesebols sjö - Sörsjö",3-1988_Gesebols sjö_640340-131137.tif,svar/zips/Gesebols_sj_-_S_rsj_/640340-131137-kartor/web/tiles-3-1988_Gesebols_sjo_640340-131137.dzi
649314-149514,"Geten",3-5847_Geten_649314-149514.tif,svar/zips/Geten/649314-149514-kartor/web/tiles-3-5847_Geten_649314-149514.dzi
634911-132097,"Gamlarydssjön",3-5175_Gamlarydssjön_634911-132097b.tif,svar/zips/Gamlarydssj_n/634911-132097-kartor/web/tiles-3-5175_Gamlarydssjon_634911-132097b.dzi
642139-128492,"Gatesjön",3-4821_Gatesjön_642139-128492.tif,svar/zips/Gatesj_n/642139-128492-kartor/web/tiles-3-4821_Gatesjon_642139-128492.dzi
626003-146711,"Getråsen",3-2845_Getråsen_626003-146711.tif,svar/zips/Getr_sen/626003-146711-kartor/web/tiles-3-2845_Getrasen_626003-146711.dzi
622953-146144,"Getsjön",3-5458_Getsjön_622953-146144.tif,svar/zips/Getsj_n/622953-146144-kartor/web/tiles-3-5458_Getsjon_622953-146144.dzi
656040-161753,"Getaren",3-6614_Getaren_656040-161753.jpg,svar/zips/Getaren/656040-161753-kartor/web/tiles-3-6614_Getaren_656040-161753.dzi
640340-131137,"Gesebols sjö - Sörsjö",3-6525_Gesebols sjö_640340-131137.jpg,svar/zips/Gesebols_sj_-_S_rsj_/640340-131137-kartor/web/tiles-3-6525_Gesebols_sjo_640340-131137.dzi
634911-132097,"Gamlarydssjön",3-5175_Gamlarydssjön_634911-132097c.tif,svar/zips/Gamlarydssj_n/634911-132097-kartor/web/tiles-3-5175_Gamlarydssjon_634911-132097c.dzi
633955-132428,"Getbjörnasjön",3-5235_Getbjörnasjön_633955-132428b.tif,svar/zips/Getbj_rnasj_n/633955-132428-kartor/web/tiles-3-5235_Getbjornasjon_633955-132428b.dzi
626407-142157,"Getsjön",2-0993_Getsjön_626407-142157.jpg,svar/zips/Getsj_n/626407-142157-kartor/web/tiles-2-0993_Getsjon_626407-142157.dzi
637836-141834,"Gibbarpasjön",3-4027_Gibbarpasjön_637836-141834.tif,svar/zips/Gibbarpasj_n/637836-141834-kartor/web/tiles-3-4027_Gibbarpasjon_637836-141834.dzi
636486-141694,"Getterydssjön",3-4156_Gettersrydssjön_636486-141694.tif,svar/zips/Getterydssj_n/636486-141694-kartor/web/tiles-3-4156_Gettersrydssjon_636486-141694.dzi
656040-161753,"Getaren",3-6614_Getaren_656040-161753.pdf,svar/zips/Getaren/656040-161753-kartor/web/tiles-3-6614_Getaren_656040-161753.dzi
640340-131137,"Gesebols sjö - Sörsjö",3-6525_Gesebols sjö_640340-131137.tif,svar/zips/Gesebols_sj_-_S_rsj_/640340-131137-kartor/web/tiles-3-6525_Gesebols_sjo_640340-131137.dzi
638980-139035,"Gettrabosjön",3-6302_Gettrabosjön_638980-139035.tif,svar/zips/Gettrabosj_n/638980-139035-kartor/web/tiles-3-6302_Gettrabosjon_638980-139035.dzi
634911-132097,"Gamlarydssjön",3-5175_Gamlarydssjön_634911-132097d.tif,svar/zips/Gamlarydssj_n/634911-132097-kartor/web/tiles-3-5175_Gamlarydssjon_634911-132097d.dzi
633955-132428,"Getbjörnasjön",3-5235_Getbjörnasjön_633955-132428c.tif,svar/zips/Getbj_rnasj_n/633955-132428-kartor/web/tiles-3-5235_Getbjornasjon_633955-132428c.dzi
637733-151609,"Gillen",3-2867_Gillen_637733-151609.tif,svar/zips/Gillen/637733-151609-kartor/web/tiles-3-2867_Gillen_637733-151609.dzi
639332-129882,"Gingsjön",3-3977_Gingsjön_639332-129882.tif,svar/zips/Gingsj_n/639332-129882-kartor/web/tiles-3-3977_Gingsjon_639332-129882.dzi
626407-142157,"Getsjön",2-0993_Getsjön_626407-142157.tif,svar/zips/Getsj_n/626407-142157-kartor/web/tiles-2-0993_Getsjon_626407-142157.dzi
656040-161753,"Getaren",3-6614_Getaren_656040-161753.tif,svar/zips/Getaren/656040-161753-kartor/web/tiles-3-6614_Getaren_656040-161753.dzi
634911-132097,"Gamlarydssjön",3-5175_Gamlarydssjön_634911-132097e.tif,svar/zips/Gamlarydssj_n/634911-132097-kartor/web/tiles-3-5175_Gamlarydssjon_634911-132097e.dzi
633955-132428,"Getbjörnasjön",3-5235_Getbjörnasjön_633955-132428d.tif,svar/zips/Getbj_rnasj_n/633955-132428-kartor/web/tiles-3-5235_Getbjornasjon_633955-132428d.dzi
623858-149700,"Gisasjön",3-5312_Gisasjön_623858-149700.tif,svar/zips/Gisasj_n/623858-149700-kartor/web/tiles-3-5312_Gisasjon_623858-149700.dzi
638890-143910,"Gisshultasjön",3-2442_Gisshultasjön_638890-143910.tif,svar/zips/Gisshultasj_n/638890-143910-kartor/web/tiles-3-2442_Gisshultasjon_638890-143910.dzi
638315-150078,"Gissen",2-0355_Gissen_638315-150078.tif,svar/zips/Gissen/638315-150078-kartor/web/tiles-2-0355_Gissen_638315-150078.dzi
634939-143150,"Gissmunden",3-5666_Gissmunden_634939-143150.tif,svar/zips/Gissmunden/634939-143150-kartor/web/tiles-3-5666_Gissmunden_634939-143150.dzi
637897-153261,"Gissjön",3-1939a_Gissjön_637897-153261.tif,svar/zips/Gissj_n/637897-153261-kartor/web/tiles-3-1939a_Gissjon_637897-153261.dzi
625412-146831,"Glimmingesjön",3-2799_Glimmingesjön_625412-146831.tif,svar/zips/Glimmingesj_n/625412-146831-kartor/web/tiles-3-2799_Glimmingesjon_625412-146831.dzi
626700-133050,"Glänninge Sjö",2-0180c_Glänninge sjö_626700-133050.tif,svar/zips/Gl_nninge_Sj_/626700-133050-kartor/web/tiles-2-0180c_Glanninge_sjo_626700-133050.dzi
653899-147535,"Glottrasjön",3-4566_Glottrasjön_653899-147535a.tif,svar/zips/Glottrasj_n/653899-147535-kartor/web/tiles-3-4566_Glottrasjon_653899-147535a.dzi
649686-151617,"Glan",0-0061_Glan_649686-151617a.tif,svar/zips/Glan/649686-151617-kartor/web/tiles-0-0061_Glan_649686-151617a.dzi
630917-134036,"Glassjön",2-0651_Glassjön_630917-134036a.tif,svar/zips/Glassj_n/630917-134036-kartor/web/tiles-2-0651_Glassjon_630917-134036a.dzi
642122-148744,"Glimmingen",3-6492_Glimmingen_642122-148744.jpg,svar/zips/Glimmingen/642122-148744-kartor/web/tiles-3-6492_Glimmingen_642122-148744.dzi
639699-147760,"Gnöstasjön",3-3627_Gnöstasjön_639699-147760.tif,svar/zips/Gn_stasj_n/639699-147760-kartor/web/tiles-3-3627_Gnostasjon_639699-147760.dzi
637897-153261,"Gissjön",3-1939b_Gissjön_637897-153261.tif,svar/zips/Gissj_n/637897-153261-kartor/web/tiles-3-1939b_Gissjon_637897-153261.dzi
626700-133050,"Glänninge Sjö",2-0180d_Glänninge sjö_626700-133050.tif,svar/zips/Gl_nninge_Sj_/626700-133050-kartor/web/tiles-2-0180d_Glanninge_sjo_626700-133050.dzi
653899-147535,"Glottrasjön",3-4566_Glottrasjön_653899-147535b.tif,svar/zips/Glottrasj_n/653899-147535-kartor/web/tiles-3-4566_Glottrasjon_653899-147535b.dzi
637521-150480,"Gnötteln",3-2373_Gnötteln_637521-150480.tif,svar/zips/Gn_tteln/637521-150480-kartor/web/tiles-3-2373_Gnotteln_637521-150480.dzi
642122-148744,"Glimmingen",3-6492_Glimmingen_642122-148744.tif,svar/zips/Glimmingen/642122-148744-kartor/web/tiles-3-6492_Glimmingen_642122-148744.dzi
630917-134036,"Glassjön",2-0651_Glassjön_630917-134036b.tif,svar/zips/Glassj_n/630917-134036-kartor/web/tiles-2-0651_Glassjon_630917-134036b.dzi
649686-151617,"Glan",0-0061_Glan_649686-151617b.tif,svar/zips/Glan/649686-151617-kartor/web/tiles-0-0061_Glan_649686-151617b.dzi
639338-140069,"Granarpssjön",3-6459_Granarpssjön_639338-140069.jpg,svar/zips/Granarpssj_n/639338-140069-kartor/web/tiles-3-6459_Granarpssjon_639338-140069.dzi
643787-129726,"Grandalssjön",3-4831_Grandalssjön_643787-129726.tif,svar/zips/Grandalssj_n/643787-129726-kartor/web/tiles-3-4831_Grandalssjon_643787-129726.dzi
637897-153261,"Gissjön",3-1939c_Gissjön_637897-153261.tif,svar/zips/Gissj_n/637897-153261-kartor/web/tiles-3-1939c_Gissjon_637897-153261.dzi
654007-128871,"Grann",3-1119_Grann_654007-128871.tif,svar/zips/Grann/654007-128871-kartor/web/tiles-3-1119_Grann_654007-128871.dzi
634403-145522,"Granshultasjön",3-3727_Granhultasjön_634403-145522.tif,svar/zips/Granshultasj_n/634403-145522-kartor/web/tiles-3-3727_Granhultasjon_634403-145522.dzi
642122-148744,"Glimmingen",5-0983_Glimmingen_642122-148744.png,svar/zips/Glimmingen/642122-148744-kartor/web/tiles-5-0983_Glimmingen_642122-148744.dzi
626700-133050,"Glänninge Sjö",2-0180e_Glänninge sjö_626700-133050.tif,svar/zips/Gl_nninge_Sj_/626700-133050-kartor/web/tiles-2-0180e_Glanninge_sjo_626700-133050.dzi
649686-151617,"Glan",2-0131_Glan_649686-151617.tif,svar/zips/Glan/649686-151617-kartor/web/tiles-2-0131_Glan_649686-151617.dzi
639338-140069,"Granarpssjön",3-6459_Granarpssjön_639338-140069.tif,svar/zips/Granarpssj_n/639338-140069-kartor/web/tiles-3-6459_Granarpssjon_639338-140069.dzi
635352-135636,"Gransjön",3-2076_Gransjön_635352-135636.tif,svar/zips/Gransj_n/635352-135636-kartor/web/tiles-3-2076_Gransjon_635352-135636.dzi
645366-144049,"Gransjön",3-3680_Gransjön_645366-144049.tif,svar/zips/Gransj_n/645366-144049-kartor/web/tiles-3-3680_Gransjon_645366-144049.dzi
656523-131669,"Gransjön",3-1280_Gransjön_656523-131669.tif,svar/zips/Gransj_n/656523-131669-kartor/web/tiles-3-1280_Gransjon_656523-131669.dzi
629048-148894,"Gransjösjön",5-0468_Gransjösjön_629048-148894.tif,svar/zips/Gransj_sj_n/629048-148894-kartor/web/tiles-5-0468_Gransjosjon_629048-148894.dzi
632830-135914,"Gransjön",3-6540_Gransjön_632830-135914.jpg,svar/zips/Gransj_n/632830-135914-kartor/web/tiles-3-6540_Gransjon_632830-135914.dzi
645147-126896,"Granvattnet",3-4193_Granvattnet_645147-126896.tif,svar/zips/Granvattnet/645147-126896-kartor/web/tiles-3-4193_Granvattnet_645147-126896.dzi
635096-145074,"Gransjön",3-2982_Gransjön_635096-145074.tif,svar/zips/Gransj_n/635096-145074-kartor/web/tiles-3-2982_Gransjon_635096-145074.dzi
649686-151617,"Glan",3-0719_Glan_649686-151617.tif,svar/zips/Glan/649686-151617-kartor/web/tiles-3-0719_Glan_649686-151617.dzi
646293-126302,"Granvattnet",3-4199_Granvattnet_646293-126302.tif,svar/zips/Granvattnet/646293-126302-kartor/web/tiles-3-4199_Granvattnet_646293-126302.dzi
656749-127081,"Gravdalssjön",3-4804_Gravdalssjön_656749-127081.tif,svar/zips/Gravdalssj_n/656749-127081-kartor/web/tiles-3-4804_Gravdalssjon_656749-127081.dzi
645390-129014,"Gravlången",0-0144_Gravlången_645390-129014.tif,svar/zips/Gravl_ngen/645390-129014-kartor/web/tiles-0-0144_Gravlangen_645390-129014.dzi
632830-135914,"Gransjön",3-6540_Gransjön_632830-135914.tif,svar/zips/Gransj_n/632830-135914-kartor/web/tiles-3-6540_Gransjon_632830-135914.dzi
636192-133754,"Gravsjön",3-0876_Gravsjön_636192-133754.tif,svar/zips/Gravsj_n/636192-133754-kartor/web/tiles-3-0876_Gravsjon_636192-133754.dzi
625821-147338,"Grimsgölen",3-5562_Grimsgölen_625821-147338.tif,svar/zips/Grimsg_len/625821-147338-kartor/web/tiles-3-5562_Grimsgolen_625821-147338.dzi
639427-128332,"Gravsjön",3-1731_Gravsjön_639427-128332.tif,svar/zips/Gravsj_n/639427-128332-kartor/web/tiles-3-1731_Gravsjon_639427-128332.dzi
627950-148617,"Grimmansmålasjön",2-0141_Grimmansmålasjön_627950-148617.tif,svar/zips/Grimmansm_lasj_n/627950-148617-kartor/web/tiles-2-0141_Grimmansmalasjon_627950-148617.dzi
647525-128127,"Grind",3-1586_Grind_647525-128127.tif,svar/zips/Grind/647525-128127-kartor/web/tiles-3-1586_Grind_647525-128127.dzi
645390-129014,"Gravlången",3-0961_Gravlången_645390-129014.tif,svar/zips/Gravl_ngen/645390-129014-kartor/web/tiles-3-0961_Gravlangen_645390-129014.dzi
649823-126587,"Grimåsesjön",3-2561_Grimåsesjön_649823-126587.tif,svar/zips/Grim_sesj_n/649823-126587-kartor/web/tiles-3-2561_Grimasesjon_649823-126587.dzi
633605-129757,"Grimsjön",3-2245_Grimsjön_633605-129757.tif,svar/zips/Grimsj_n/633605-129757-kartor/web/tiles-3-2245_Grimsjon_633605-129757.dzi
638768-151356,"Grindeln",2-0354_Grindeln_638768-151356.tif,svar/zips/Grindeln/638768-151356-kartor/web/tiles-2-0354_Grindeln_638768-151356.dzi
636392-141529,"Grimsjön",3-5519_Grimsjön_636392-141529.tif,svar/zips/Grimsj_n/636392-141529-kartor/web/tiles-3-5519_Grimsjon_636392-141529.dzi
646387-126157,"Grindsbyvattnet",3-4249_Grindsbyvattnet_646387-126157.tif,svar/zips/Grindsbyvattnet/646387-126157-kartor/web/tiles-3-4249_Grindsbyvattnet_646387-126157.dzi
645740-127586,"Grinnerödssjön",3-1085_Grinnerödssjön_645740-127586.tif,svar/zips/Grinner_dssj_n/645740-127586-kartor/web/tiles-3-1085_Grinnerodssjon_645740-127586.dzi
647525-128127,"Grind",3-4679_Grind_647525-128127.tif,svar/zips/Grind/647525-128127-kartor/web/tiles-3-4679_Grind_647525-128127.dzi
636317-140191,"Grosjön",3-5406_Grosjön_636317-140191.tif,svar/zips/Grosj_n/636317-140191-kartor/web/tiles-3-5406_Grosjon_636317-140191.dzi
651578-146163,"Grissjön",5-0984_Grissjön_651578-146163.png,svar/zips/Grissj_n/651578-146163-kartor/web/tiles-5-0984_Grissjon_651578-146163.dzi
642238-134651,"Grosken",3-4782_Grosken_642238-134651.tif,svar/zips/Grosken/642238-134651-kartor/web/tiles-3-4782_Grosken_642238-134651.dzi
636394-145583,"Grumlan",2-0149_Grumlan_636394-145583.tif,svar/zips/Grumlan/636394-145583-kartor/web/tiles-2-0149_Grumlan_636394-145583.dzi
655284-161919,"Grindsjön",1-0178_Grindsjön_655284-161919.tif,svar/zips/Grindsj_n/655284-161919-kartor/web/tiles-1-0178_Grindsjon_655284-161919.dzi
643215-128672,"Grosjön",3-0972_Grosjön_643215-128672.tif,svar/zips/Grosj_n/643215-128672-kartor/web/tiles-3-0972_Grosjon_643215-128672.dzi
639410-131477,"Grundasjö",3-5862_Grundasjö_639410-131477.tif,svar/zips/Grundasj_/639410-131477-kartor/web/tiles-3-5862_Grundasjo_639410-131477.dzi
645740-127586,"Grinnerödssjön",3-3460_Grinnerödssjön_645740-127586.tif,svar/zips/Grinner_dssj_n/645740-127586-kartor/web/tiles-3-3460_Grinnerodssjon_645740-127586.dzi
639806-129563,"Grundasjön",3-0910_Grundasjön_639806-129563.tif,svar/zips/Grundasj_n/639806-129563-kartor/web/tiles-3-0910_Grundasjon_639806-129563.dzi
641924-134708,"Grundsjön",3-4766_Grundsjön_641924-134708.tif,svar/zips/Grundsj_n/641924-134708-kartor/web/tiles-3-4766_Grundsjon_641924-134708.dzi
651365-124602,"Grundevatten",3-2617_Grundevatten_651365-124602.tif,svar/zips/Grundevatten/651365-124602-kartor/web/tiles-3-2617_Grundevatten_651365-124602.dzi
655381-128011,"Grundsjön",2-0227_Grundsjön_655381-128011.tif,svar/zips/Grundsj_n/655381-128011-kartor/web/tiles-2-0227_Grundsjon_655381-128011.dzi
639729-132024,"Grunnasjö",3-5583_Grunnasjö_639729-132024.tif,svar/zips/Grunnasj_/639729-132024-kartor/web/tiles-3-5583_Grunnasjo_639729-132024.dzi
636394-145583,"Grumlan",3-3328_Grumlan_636394-145583.tif,svar/zips/Grumlan/636394-145583-kartor/web/tiles-3-3328_Grumlan_636394-145583.dzi
652402-126387,"Grunnebosjön",3-1744_Grunnebosjön_652402-126387.tif,svar/zips/Grunnebosj_n/652402-126387-kartor/web/tiles-3-1744_Grunnebosjon_652402-126387.dzi
633701-141543,"Grunnen",2-0579_Grunnen_633701-141543.tif,svar/zips/Grunnen/633701-141543-kartor/web/tiles-2-0579_Grunnen_633701-141543.dzi
639130-129208,"Grunnasjön",3-1838_Grunnasjön_639130-129208.tif,svar/zips/Grunnasj_n/639130-129208-kartor/web/tiles-3-1838_Grunnasjon_639130-129208.dzi
627530-136127,"Grysshultasjö",3-1584_Grysshultasjö_627530-136127.tif,svar/zips/Grysshultasj_/627530-136127-kartor/web/tiles-3-1584_Grysshultasjo_627530-136127.dzi
634700-147899,"Grytesjön",3-2504_Grytesjön_634700-147899.tif,svar/zips/Grytesj_n/634700-147899-kartor/web/tiles-3-2504_Grytesjon_634700-147899.dzi
651684-150699,"Gryten",3-2770_Gryten_651684-150699.tif,svar/zips/Gryten/651684-150699-kartor/web/tiles-3-2770_Gryten_651684-150699.dzi
636289-134951,"Grysjön",3-4856_Grysjön_636289-134951.tif,svar/zips/Grysj_n/636289-134951-kartor/web/tiles-3-4856_Grysjon_636289-134951.dzi
632710-150042,"Grytsjön",3-2368_Grytsjön_632710-150042a.tif,svar/zips/Grytsj_n/632710-150042-kartor/web/tiles-3-2368_Grytsjon_632710-150042a.dzi
652402-126387,"Grunnebosjön",3-1998_Grunnebosjön_652402-126387b.tif,svar/zips/Grunnebosj_n/652402-126387-kartor/web/tiles-3-1998_Grunnebosjon_652402-126387b.dzi
633701-141543,"Grunnen",5-0016_Grunnen_633701-141543.pdf,svar/zips/Grunnen/633701-141543-kartor/web/tiles-5-0016_Grunnen_633701-141543.dzi
651684-150699,"Gryten",3-2899_Gryten_651684-150699.tif,svar/zips/Gryten/651684-150699-kartor/web/tiles-3-2899_Gryten_651684-150699.dzi
633510-130096,"Grytsjön",3-2832_Grytsjön_633510-130096.tif,svar/zips/Grytsj_n/633510-130096-kartor/web/tiles-3-2832_Grytsjon_633510-130096.dzi
634700-147899,"Grytesjön",3-3329_Grytesjön_634700-147899.tif,svar/zips/Grytesj_n/634700-147899-kartor/web/tiles-3-3329_Grytesjon_634700-147899.dzi
632710-150042,"Grytsjön",3-2368_Grytsjön_632710-150042b.tif,svar/zips/Grytsj_n/632710-150042-kartor/web/tiles-3-2368_Grytsjon_632710-150042b.dzi
637621-152184,"Grytsjön",3-3603_Grytsjön_637621-152184.tif,svar/zips/Grytsj_n/637621-152184-kartor/web/tiles-3-3603_Grytsjon_637621-152184.dzi
634428-146744,"Grytsjön",3-2959_Grytsjön_634428-146744.tif,svar/zips/Grytsj_n/634428-146744-kartor/web/tiles-3-2959_Grytsjon_634428-146744.dzi
635263-151591,"Grytsjön",1-0225_Grytsjön_635263-151591.tif,svar/zips/Grytsj_n/635263-151591-kartor/web/tiles-1-0225_Grytsjon_635263-151591.dzi
636289-134951,"Grysjön",3-6553_Grysjön_636289-134951.jpg,svar/zips/Grysj_n/636289-134951-kartor/web/tiles-3-6553_Grysjon_636289-134951.dzi
638486-135731,"Grytteredssjön",3-4857_Grytteredssjön_638486-135731.tif,svar/zips/Grytteredssj_n/638486-135731-kartor/web/tiles-3-4857_Grytteredssjon_638486-135731.dzi
652729-143310,"Grytsjön",3-4039_Grytsjön_652729-143310a.tif,svar/zips/Grytsj_n/652729-143310-kartor/web/tiles-3-4039_Grytsjon_652729-143310a.dzi
643255-129741,"Grönavatten",3-0959_Grönavatten_643255-129741.tif,svar/zips/Gr_navatten/643255-129741-kartor/web/tiles-3-0959_Gronavatten_643255-129741.dzi
624804-147192,"Gröngölen",3-2854_Gröngölen_624804-147192.tif,svar/zips/Gr_ng_len/624804-147192-kartor/web/tiles-3-2854_Grongolen_624804-147192.dzi
632710-150042,"Grytsjön",5-0443a_Grytsjön_632710-150042.tif,svar/zips/Grytsj_n/632710-150042-kartor/web/tiles-5-0443a_Grytsjon_632710-150042.dzi
637448-128917,"Gränshultesjö",3-0893_Gränshultesjö_637448-128917.tif,svar/zips/Gr_nshultesj_/637448-128917-kartor/web/tiles-3-0893_Granshultesjo_637448-128917.dzi
652729-143310,"Grytsjön",3-4039_Grytsjön_652729-143310b.tif,svar/zips/Grytsj_n/652729-143310-kartor/web/tiles-3-4039_Grytsjon_652729-143310b.dzi
622278-135990,"Grösjön",3-5809a_Grösjön_622305-135958.tif,svar/zips/Gr_sj_n/622278-135990-kartor/web/tiles-3-5809a_Grosjon_622305-135958.dzi
633734-153401,"Grönskogssjön",3-2763_Grönskogssjön_633734-153401.tif,svar/zips/Gr_nskogssj_n/633734-153401-kartor/web/tiles-3-2763_Gronskogssjon_633734-153401.dzi
635649-134713,"Gräsken",3-4858_Gräsken_635649-134713a.tif,svar/zips/Gr_sken/635649-134713-kartor/web/tiles-3-4858_Grasken_635649-134713a.dzi
636289-134951,"Grysjön",3-6553_Grysjön_636289-134951.tif,svar/zips/Grysj_n/636289-134951-kartor/web/tiles-3-6553_Grysjon_636289-134951.dzi
632710-150042,"Grytsjön",5-0443b_Grytsjön_632710-150042.jpg,svar/zips/Grytsj_n/632710-150042-kartor/web/tiles-5-0443b_Grytsjon_632710-150042.dzi
652739-143009,"Grässjön",5-0110_Grässjön_652739-143009.tif,svar/zips/Gr_ssj_n/652739-143009-kartor/web/tiles-5-0110_Grassjon_652739-143009.dzi
638094-138949,"Gräsögöl",3-4288_Gräsögöl_638094-138949.tif,svar/zips/Gr_s_g_l/638094-138949-kartor/web/tiles-3-4288_Grasogol_638094-138949.dzi
626150-135186,"Grötsjön",3-3038_Grötsjön_626150-135186.tif,svar/zips/Gr_tsj_n/626150-135186-kartor/web/tiles-3-3038_Grotsjon_626150-135186.dzi
622278-135990,"Grösjön",3-5809b_Grösjön_622305-135958.tif,svar/zips/Gr_sj_n/622278-135990-kartor/web/tiles-3-5809b_Grosjon_622305-135958.dzi
635491-130912,"Gudmundaredssjön",3-2240_Gudmundaredssjön_635491-130912.tif,svar/zips/Gudmundaredssj_n/635491-130912-kartor/web/tiles-3-2240_Gudmundaredssjon_635491-130912.dzi
647546-128638,"Gundlebosjön",3-1547_Gundlebosjön_647546-128638.tif,svar/zips/Gundlebosj_n/647546-128638-kartor/web/tiles-3-1547_Gundlebosjon_647546-128638.dzi
654650-159553,"Grävstasjön",3-2186_Grävstasjön_654650-159553.tif,svar/zips/Gr_vstasj_n/654650-159553-kartor/web/tiles-3-2186_Gravstasjon_654650-159553.dzi
635649-134713,"Gräsken",3-4858_Gräsken_635649-134713b.tif,svar/zips/Gr_sken/635649-134713-kartor/web/tiles-3-4858_Grasken_635649-134713b.dzi
639673-138333,"Gunnahemssjön",3-5729_Gunnahemssjön_639673-138333.tif,svar/zips/Gunnahemssj_n/639673-138333-kartor/web/tiles-3-5729_Gunnahemssjon_639673-138333.dzi
632665-150664,"Gummegöl",5-0438_Gummegöl_632665-150664.tif,svar/zips/Gummeg_l/632665-150664-kartor/web/tiles-5-0438_Gummegol_632665-150664.dzi
647768-125978,"Gunneröd Vatten",3-3496_Gunneröd vatten_647768-125978.tif,svar/zips/Gunner_d_Vatten/647768-125978-kartor/web/tiles-3-3496_Gunnerod_vatten_647768-125978.dzi
622278-135990,"Grösjön",3-6581_Grösjön_622278-135990.jpg,svar/zips/Gr_sj_n/622278-135990-kartor/web/tiles-3-6581_Grosjon_622278-135990.dzi
634061-138663,"Gunnen",2-1056_Gunnen_634061-138663.jpg,svar/zips/Gunnen/634061-138663-kartor/web/tiles-2-1056_Gunnen_634061-138663.dzi
626150-135186,"Grötsjön",3-6382_Grötsjön_626150-135186.jpg,svar/zips/Gr_tsj_n/626150-135186-kartor/web/tiles-3-6382_Grotsjon_626150-135186.dzi
635649-134713,"Gräsken",3-6531_Gräsken_635649-134713.jpg,svar/zips/Gr_sken/635649-134713-kartor/web/tiles-3-6531_Grasken_635649-134713.dzi
627644-149346,"Gunngöl",5-0477_Gunngöl_627644-149346.tif,svar/zips/Gunng_l/627644-149346-kartor/web/tiles-5-0477_Gunngol_627644-149346.dzi
633192-138237,"Guntasjön",3-6280_Guntasjön_633192-138237.tif,svar/zips/Guntasj_n/633192-138237-kartor/web/tiles-3-6280_Guntasjon_633192-138237.dzi
625995-147841,"Gunserydssjön",3-5558_Gunserydssjön_625995-147841.tif,svar/zips/Gunserydssj_n/625995-147841-kartor/web/tiles-3-5558_Gunserydssjon_625995-147841.dzi
622278-135990,"Grösjön",3-6581_Grösjön_622278-135990.tif,svar/zips/Gr_sj_n/622278-135990-kartor/web/tiles-3-6581_Grosjon_622278-135990.dzi
635649-134713,"Gräsken",3-6531_Gräsken_635649-134713.tif,svar/zips/Gr_sken/635649-134713-kartor/web/tiles-3-6531_Grasken_635649-134713.dzi
634061-138663,"Gunnen",2-1056_Gunnen_634061-138663.tif,svar/zips/Gunnen/634061-138663-kartor/web/tiles-2-1056_Gunnen_634061-138663.dzi
636332-153153,"Gutsjön",2-0339_Gutsjön_636332-153153.tif,svar/zips/Gutsj_n/636332-153153-kartor/web/tiles-2-0339_Gutsjon_636332-153153.dzi
629489-133906,"Gyltigesjön",3-5318a_Gyltigesjön_629489-133906.tif,svar/zips/Gyltigesj_n/629489-133906-kartor/web/tiles-3-5318a_Gyltigesjon_629489-133906.dzi
626150-135186,"Grötsjön",3-6382_Grötsjön_626150-135186.tif,svar/zips/Gr_tsj_n/626150-135186-kartor/web/tiles-3-6382_Grotsjon_626150-135186.dzi
636381-140925,"Gysjön",3-2435_Gysjön_636381-140925.tif,svar/zips/Gysj_n/636381-140925-kartor/web/tiles-3-2435_Gysjon_636381-140925.dzi
639218-144728,"Gysjön",3-4008_Gysjön _639218-144728a.tif,svar/zips/Gysj_n/639218-144728-kartor/web/tiles-3-4008_Gysjon_639218-144728a.dzi
637591-139007,"Gäddegölen",3-5335_Gäddegölen_637591-139007a.tif,svar/zips/G_ddeg_len/637591-139007-kartor/web/tiles-3-5335_Gaddegolen_637591-139007a.dzi
634061-138663,"Gunnen",3-1815_Gunnen_634061-138663.tif,svar/zips/Gunnen/634061-138663-kartor/web/tiles-3-1815_Gunnen_634061-138663.dzi
639246-131938,"Gäddesjö",3-3663_Gäddesjö_639246-131938.tif,svar/zips/G_ddesj_/639246-131938-kartor/web/tiles-3-3663_Gaddesjo_639246-131938.dzi
625190-141534,"Gäddesjön",3-2636_Gäddesjön_625190-141534.tif,svar/zips/G_ddesj_n/625190-141534-kartor/web/tiles-3-2636_Gaddesjon_625190-141534.dzi
633209-141991,"Gyslättasjön",2-0158_Gyslättasjön_633209-141991.tif,svar/zips/Gysl_ttasj_n/633209-141991-kartor/web/tiles-2-0158_Gyslattasjon_633209-141991.dzi
629489-133906,"Gyltigesjön",3-5318b_Gyltigesjön_629489-133906.tif,svar/zips/Gyltigesj_n/629489-133906-kartor/web/tiles-3-5318b_Gyltigesjon_629489-133906.dzi
639218-144728,"Gysjön",3-4008_Gysjön _639218-144728b.tif,svar/zips/Gysj_n/639218-144728-kartor/web/tiles-3-4008_Gysjon_639218-144728b.dzi
641742-127749,"Gäddevatten",3-1629_Gäddevatten_641742-127749.tif,svar/zips/G_ddevatten/641742-127749-kartor/web/tiles-3-1629_Gaddevatten_641742-127749.dzi
637591-139007,"Gäddegölen",3-5335_Gäddegölen_637591-139007b.tif,svar/zips/G_ddeg_len/637591-139007-kartor/web/tiles-3-5335_Gaddegolen_637591-139007b.dzi
648046-126892,"Gäddevattnet",3-3493_Gäddevattnet_648046-126892.tif,svar/zips/G_ddevattnet/648046-126892-kartor/web/tiles-3-3493_Gaddevattnet_648046-126892.dzi
637539-152024,"Gäddgölen",3-3602_Gäddgölen_637539-152024.tif,svar/zips/G_ddg_len/637539-152024-kartor/web/tiles-3-3602_Gaddgolen_637539-152024.dzi
638253-129084,"Gökalidssjön",3-2747_Gökalidssjön_638253-129084.tif,svar/zips/G_kalidssj_n/638253-129084-kartor/web/tiles-3-2747_Gokalidssjon_638253-129084.dzi
633209-141991,"Gyslättasjön",3-1698_Gyslättasjön_633209-141991.tif,svar/zips/Gysl_ttasj_n/633209-141991-kartor/web/tiles-3-1698_Gyslattasjon_633209-141991.dzi
629489-133906,"Gyltigesjön",3-6342_Gyltigesjön_629489-133906.jpg,svar/zips/Gyltigesj_n/629489-133906-kartor/web/tiles-3-6342_Gyltigesjon_629489-133906.dzi
638380-139226,"Gölagöl",3-5486_Gölagöl_638380-139226.tif,svar/zips/G_lag_l/638380-139226-kartor/web/tiles-3-5486_Golagol_638380-139226.dzi
635062-137676,"Gölen",3-6283_Gölen_635062-137676.tif,svar/zips/G_len/635062-137676-kartor/web/tiles-3-6283_Golen_635062-137676.dzi
642307-128665,"Göksjön",3-4830_Göksjön_642307-128665.tif,svar/zips/G_ksj_n/642307-128665-kartor/web/tiles-3-4830_Goksjon_642307-128665.dzi
639218-144728,"Gysjön",3-5196_Gysjön_639218-144728.tif,svar/zips/Gysj_n/639218-144728-kartor/web/tiles-3-5196_Gysjon_639218-144728.dzi
634729-130262,"Gällarpesjön",3-2157_Gällarpesjön_634729-130262a.tif,svar/zips/G_llarpesj_n/634729-130262-kartor/web/tiles-3-2157_Gallarpesjon_634729-130262a.dzi
633209-141991,"Gyslättasjön",3-6413_Gyslättasjön_633209-141991.jpg,svar/zips/Gysl_ttasj_n/633209-141991-kartor/web/tiles-3-6413_Gyslattasjon_633209-141991.dzi
629489-133906,"Gyltigesjön",3-6342_Gyltigesjön_629489-133906.tif,svar/zips/Gyltigesj_n/629489-133906-kartor/web/tiles-3-6342_Gyltigesjon_629489-133906.dzi
633975-152852,"Gökhultesjön",3-2760_Gökhultesjön_633975-152852.tif,svar/zips/G_khultesj_n/633975-152852-kartor/web/tiles-3-2760_Gokhultesjon_633975-152852.dzi
632714-131362,"Gällsjön",3-6708_Gällsjön_632714-131362.jpg,svar/zips/G_llsj_n/632714-131362-kartor/web/tiles-3-6708_Gallsjon_632714-131362.dzi
653090-129507,"Gällsjön",3-1858_Gällsjön_653090-129507.tif,svar/zips/G_llsj_n/653090-129507-kartor/web/tiles-3-1858_Gallsjon_653090-129507.dzi
635062-137676,"Gölen",5-0006_Björsbogölen_635062-137676.pdf,svar/zips/G_len/635062-137676-kartor/web/tiles-5-0006_Bjorsbogolen_635062-137676.dzi
633209-141991,"Gyslättasjön",3-6413_Gyslättasjön_633209-141991.tif,svar/zips/Gysl_ttasj_n/633209-141991-kartor/web/tiles-3-6413_Gyslattasjon_633209-141991.dzi
640881-131940,"Gången",3-5288_Gången_640881-131940.tif,svar/zips/G_ngen/640881-131940-kartor/web/tiles-3-5288_Gangen_640881-131940.dzi
634729-130262,"Gällarpesjön",3-2157_Gällarpesjön_634729-130262b.tif,svar/zips/G_llarpesj_n/634729-130262-kartor/web/tiles-3-2157_Gallarpesjon_634729-130262b.dzi
655483-153459,"Gålsjön",3-5617_Gålsjön_655483-153459.tif,svar/zips/G_lsj_n/655483-153459-kartor/web/tiles-3-5617_Galsjon_655483-153459.dzi
624829-136457,"Gängessjön",3-3717_Gängessjön_624829-136457.tif,svar/zips/G_ngessj_n/624829-136457-kartor/web/tiles-3-3717_Gangessjon_624829-136457.dzi
634735-148938,"Gåpen",3-3787_Gåpen_634735-148938a.tif,svar/zips/G_pen/634735-148938-kartor/web/tiles-3-3787_Gapen_634735-148938a.dzi
636614-138307,"Gärdessjön",2-1047_Gärdessjön_636614-138307.jpg,svar/zips/G_rdessj_n/636614-138307-kartor/web/tiles-2-1047_Gardessjon_636614-138307.dzi
632714-131362,"Gällsjön",3-6708_Gällsjön_632714-131362.tif,svar/zips/G_llsj_n/632714-131362-kartor/web/tiles-3-6708_Gallsjon_632714-131362.dzi
648800-127078,"Gårdsjö",3-3022_Gårdsjö_648800-127078.tif,svar/zips/G_rdsj_/648800-127078-kartor/web/tiles-3-3022_Gardsjo_648800-127078.dzi
637284-138196,"Gärdessjön",3-4292_Gärdessjön_637284-138196.tif,svar/zips/G_rdessj_n/637284-138196-kartor/web/tiles-3-4292_Gardessjon_637284-138196.dzi
624442-140659,"Gårdsjön",3-5810a_Gårdsjön Örnanäs_624442-140659.tif,svar/zips/G_rdsj_n/624442-140659-kartor/web/tiles-3-5810a_Gardsjon_Ornanas_624442-140659.dzi
636868-129896,"Gärdessjön",3-5320_Gärdessjön_636868-129896.tif,svar/zips/G_rdessj_n/636868-129896-kartor/web/tiles-3-5320_Gardessjon_636868-129896.dzi
624209-135883,"Gårdsjön",3-3455_Gårdsjön_624209-135883a.tif,svar/zips/G_rdsj_n/624209-135883-kartor/web/tiles-3-3455_Gardsjon_624209-135883a.dzi
634735-148938,"Gåpen",3-3787_Gåpen_634735-148938b.tif,svar/zips/G_pen/634735-148938-kartor/web/tiles-3-3787_Gapen_634735-148938b.dzi
636614-138307,"Gärdessjön",2-1047_Gärdessjön_636614-138307.tif,svar/zips/G_rdessj_n/636614-138307-kartor/web/tiles-2-1047_Gardessjon_636614-138307.dzi
625301-137017,"Gårdsjön",2-0998_Gårdsjön_625301-137017.jpg,svar/zips/G_rdsj_n/625301-137017-kartor/web/tiles-2-0998_Gardsjon_625301-137017.dzi
624680-140492,"Gårdsjön",3-2180_Gårdsjön_624680-140492.tif,svar/zips/G_rdsj_n/624680-140492-kartor/web/tiles-3-2180_Gardsjon_624680-140492.dzi
633720-142911,"Gårdsjön",3-2945_Gårdsjön_633720-142911.tif,svar/zips/G_rdsj_n/633720-142911-kartor/web/tiles-3-2945_Gardsjon_633720-142911.dzi
624442-140659,"Gårdsjön",3-5810b_Gårdsjön Örnanäs_624442-140659.tif,svar/zips/G_rdsj_n/624442-140659-kartor/web/tiles-3-5810b_Gardsjon_Ornanas_624442-140659.dzi
624209-135883,"Gårdsjön",3-3455_Gårdsjön_624209-135883b.tif,svar/zips/G_rdsj_n/624209-135883-kartor/web/tiles-3-3455_Gardsjon_624209-135883b.dzi
625027-135160,"Gårdsjön",3-2201_Gårdsjön_625027-135160.tif,svar/zips/G_rdsj_n/625027-135160-kartor/web/tiles-3-2201_Gardsjon_625027-135160.dzi
636614-138307,"Gärdessjön",5-0017_Gärdessjön_636614-138307.pdf,svar/zips/G_rdessj_n/636614-138307-kartor/web/tiles-5-0017_Gardessjon_636614-138307.dzi
638896-128711,"Gärdsjön",3-0911_Gärdsjön_638896-128711.tif,svar/zips/G_rdsj_n/638896-128711-kartor/web/tiles-3-0911_Gardsjon_638896-128711.dzi
625301-137017,"Gårdsjön",2-0998_Gårdsjön_625301-137017.tif,svar/zips/G_rdsj_n/625301-137017-kartor/web/tiles-2-0998_Gardsjon_625301-137017.dzi
640703-138181,"Gårdsjön",3-5720_Gårdsjön_640703-138181.tif,svar/zips/G_rdsj_n/640703-138181-kartor/web/tiles-3-5720_Gardsjon_640703-138181.dzi
640946-130007,"Gärdsjön",3-0942_Gärdsjön_640946-130007a.tif,svar/zips/G_rdsj_n/640946-130007-kartor/web/tiles-3-0942_Gardsjon_640946-130007a.dzi
624680-140492,"Gårdsjön",3-6582_Gårdsjön_624680-140492.jpg,svar/zips/G_rdsj_n/624680-140492-kartor/web/tiles-3-6582_Gardsjon_624680-140492.dzi
642320-129119,"Gärdsjön",3-0943_Gärdsjön_642320-129119a.tif,svar/zips/G_rdsj_n/642320-129119-kartor/web/tiles-3-0943_Gardsjon_642320-129119a.dzi
644432-127626,"Gårdsjön",3-3990_Gårdsjön_644432-127626.tif,svar/zips/G_rdsj_n/644432-127626-kartor/web/tiles-3-3990_Gardsjon_644432-127626.dzi
632965-136488,"Gårsken",3-6558_Gårsken_632965-136488..tif,svar/zips/G_rsken/632965-136488-kartor/web/tiles-3-6558_Garsken_632965-136488..dzi
653719-158768,"Gärssjön",3-3269_Gärssjön_653719-158768.tif,svar/zips/G_rssj_n/653719-158768-kartor/web/tiles-3-3269_Garssjon_653719-158768.dzi
636869-128944,"Gåsasjö",3-2721_Gåsasjö_636869-128944.tif,svar/zips/G_sasj_/636869-128944-kartor/web/tiles-3-2721_Gasasjo_636869-128944.dzi
640946-130007,"Gärdsjön",3-0942_Gärdsjön_640946-130007b.tif,svar/zips/G_rdsj_n/640946-130007-kartor/web/tiles-3-0942_Gardsjon_640946-130007b.dzi
643361-130371,"Gärsjön",3-1014_Gärsjön_643361-130371.tif,svar/zips/G_rsj_n/643361-130371-kartor/web/tiles-3-1014_Garsjon_643361-130371.dzi
624680-140492,"Gårdsjön",3-6582_Gårdsjön_624680-140492.tif,svar/zips/G_rdsj_n/624680-140492-kartor/web/tiles-3-6582_Gardsjon_624680-140492.dzi
642320-129119,"Gärdsjön",3-0943_Gärdsjön_642320-129119b.tif,svar/zips/G_rdsj_n/642320-129119-kartor/web/tiles-3-0943_Gardsjon_642320-129119b.dzi
637466-142299,"Gåsegöl",3-5599_Gåsegöl_637466-142299.tif,svar/zips/G_seg_l/637466-142299-kartor/web/tiles-3-5599_Gasegol_637466-142299.dzi
640321-131002,"Gösjö",3-1994_Gösjö_640321-131002b.tif,svar/zips/G_sj_/640321-131002-kartor/web/tiles-3-1994_Gosjo_640321-131002b.dzi
634013-149151,"Göshultasjön",3-3779_Göshultasjön_634013-149151a.tif,svar/zips/G_shultasj_n/634013-149151-kartor/web/tiles-3-3779_Goshultasjon_634013-149151a.dzi
634579-151229,"Gösjön",3-3775_Gösjön_634579-151229a.tif,svar/zips/G_sj_n/634579-151229-kartor/web/tiles-3-3775_Gosjon_634579-151229a.dzi
640152-149274,"Gäsen",3-3600_Gäsen_640152-149274.tif,svar/zips/G_sen/640152-149274-kartor/web/tiles-3-3600_Gasen_640152-149274.dzi
635368-149924,"Gösjön",3-2885_Gösjön_635368-149924.tif,svar/zips/G_sj_n/635368-149924-kartor/web/tiles-3-2885_Gosjon_635368-149924.dzi
655374-142208,"Gåssjön",3-4666_Gåssjön_655374-142208.tif,svar/zips/G_ssj_n/655374-142208-kartor/web/tiles-3-4666_Gassjon_655374-142208.dzi
636365-129746,"Gösjön",3-5319_Gösjön_636365-129746.tif,svar/zips/G_sj_n/636365-129746-kartor/web/tiles-3-5319_Gosjon_636365-129746.dzi
651686-130685,"Gösjön",3-2484_Gösjön_651686-130685.tif,svar/zips/G_sj_n/651686-130685-kartor/web/tiles-3-2484_Gosjon_651686-130685.dzi
634579-151229,"Gösjön",3-3775_Gösjön_634579-151229b.tif,svar/zips/G_sj_n/634579-151229-kartor/web/tiles-3-3775_Gosjon_634579-151229b.dzi
634013-149151,"Göshultasjön",3-3779_Göshultasjön_634013-149151b.tif,svar/zips/G_shultasj_n/634013-149151-kartor/web/tiles-3-3779_Goshultasjon_634013-149151b.dzi
636472-137661,"Götarpssjön",3-1816_Götarpssjön_636472-137661.tif,svar/zips/G_tarpssj_n/636472-137661-kartor/web/tiles-3-1816_Gotarpssjon_636472-137661.dzi
637433-154830,"Götemar",1-0248_Götemar_637433-154830.tif,svar/zips/G_temar/637433-154830-kartor/web/tiles-1-0248_Gotemar_637433-154830.dzi
634611-132043,"Hackarpssjön",3-5216_Hackarpssjön_634611-132043a.tif,svar/zips/Hackarpssj_n/634611-132043-kartor/web/tiles-3-5216_Hackarpssjon_634611-132043a.dzi
629492-146117,"Hacksjön",3-4699_Hacksjön_629492-146117.tif,svar/zips/Hacksj_n/629492-146117-kartor/web/tiles-3-4699_Hacksjon_629492-146117.dzi
636472-137661,"Götarpssjön",5-0018_Götarpssjön_636472-137661.pdf,svar/zips/G_tarpssj_n/636472-137661-kartor/web/tiles-5-0018_Gotarpssjon_636472-137661.dzi
637375-154042,"Göten",0-0118_Göten_637375-154042.tif,svar/zips/G_ten/637375-154042-kartor/web/tiles-0-0118_Goten_637375-154042.dzi
656405-162276,"Hacksjön",3-6508_Hacksjön_656405-162276.jpg,svar/zips/Hacksj_n/656405-162276-kartor/web/tiles-3-6508_Hacksjon_656405-162276.dzi
633445-142982,"Hacksjön",3-0798_Hacksjön_633445-142982.tif,svar/zips/Hacksj_n/633445-142982-kartor/web/tiles-3-0798_Hacksjon_633445-142982.dzi
630981-134154,"Hagasjön",2-0652_Hagasjön_630981-134154a.tif,svar/zips/Hagasj_n/630981-134154-kartor/web/tiles-2-0652_Hagasjon_630981-134154a.dzi
633124-135974,"Hagasjön",3-6528_Hagasjön_633124-135974.jpg,svar/zips/Hagasj_n/633124-135974-kartor/web/tiles-3-6528_Hagasjon_633124-135974.dzi
632770-132404,"Hagasjön",3-6446_Hagasjön_632770-132404.jpg,svar/zips/Hagasj_n/632770-132404-kartor/web/tiles-3-6446_Hagasjon_632770-132404.dzi
634611-132043,"Hackarpssjön",3-5216_Hackarpssjön_634611-132043b.tif,svar/zips/Hackarpssj_n/634611-132043-kartor/web/tiles-3-5216_Hackarpssjon_634611-132043b.dzi
656405-162276,"Hacksjön",3-6508_Hacksjön_656405-162276.pdf,svar/zips/Hacksj_n/656405-162276-kartor/web/tiles-3-6508_Hacksjon_656405-162276.dzi
634648-146585,"Hagasjön",1-0176_Hagasjön_634648-146585.tif,svar/zips/Hagasj_n/634648-146585-kartor/web/tiles-1-0176_Hagasjon_634648-146585.dzi
635878-137392,"Hagasjön",3-4720_Hagasjön_635878-137392.tif,svar/zips/Hagasj_n/635878-137392-kartor/web/tiles-3-4720_Hagasjon_635878-137392.dzi
632770-132404,"Hagasjön",3-6446_Hagasjön_632770-132404.tif,svar/zips/Hagasj_n/632770-132404-kartor/web/tiles-3-6446_Hagasjon_632770-132404.dzi
634838-151454,"Hagasjön",2-0334_Hagasjön_634838-151454.tif,svar/zips/Hagasj_n/634838-151454-kartor/web/tiles-2-0334_Hagasjon_634838-151454.dzi
633124-135974,"Hagasjön",3-6528_Hagasjön_633124-135974.tif,svar/zips/Hagasj_n/633124-135974-kartor/web/tiles-3-6528_Hagasjon_633124-135974.dzi
630981-134154,"Hagasjön",2-0652_Hagasjön_630981-134154b.tif,svar/zips/Hagasj_n/630981-134154-kartor/web/tiles-2-0652_Hagasjon_630981-134154b.dzi
634611-132043,"Hackarpssjön",3-5216_Hackarpssjön_634611-132043c.tif,svar/zips/Hackarpssj_n/634611-132043-kartor/web/tiles-3-5216_Hackarpssjon_634611-132043c.dzi
637282-143642,"Hagasjön",3-3869_Hagasjön_637282-143642a.tif,svar/zips/Hagasj_n/637282-143642-kartor/web/tiles-3-3869_Hagasjon_637282-143642a.dzi
656405-162276,"Hacksjön",3-6508_Hacksjön_656405-162276.tif,svar/zips/Hacksj_n/656405-162276-kartor/web/tiles-3-6508_Hacksjon_656405-162276.dzi
635878-137392,"Hagasjön",5-0019_Hagasjön_635878-137392.pdf,svar/zips/Hagasj_n/635878-137392-kartor/web/tiles-5-0019_Hagasjon_635878-137392.dzi
640227-130502,"Hagasjön",3-0957_Hagasjön_640227-130502a.tif,svar/zips/Hagasj_n/640227-130502-kartor/web/tiles-3-0957_Hagasjon_640227-130502a.dzi
638110-135656,"Hagasjön",3-4750_Hagasjön_638110-135656.tif,svar/zips/Hagasj_n/638110-135656-kartor/web/tiles-3-4750_Hagasjon_638110-135656.dzi
630981-134154,"Hagasjön",2-1032_Hagasjön_630981-134154.jpg,svar/zips/Hagasj_n/630981-134154-kartor/web/tiles-2-1032_Hagasjon_630981-134154.dzi
632770-132404,"Hagasjön",5-1004_Hagasjön_632770-132404.pdf,svar/zips/Hagasj_n/632770-132404-kartor/web/tiles-5-1004_Hagasjon_632770-132404.dzi
637282-143642,"Hagasjön",3-3869_Hagasjön_637282-143642b.tif,svar/zips/Hagasj_n/637282-143642-kartor/web/tiles-3-3869_Hagasjon_637282-143642b.dzi
634611-132043,"Hackarpssjön",3-5216_Hackarpssjön_634611-132043d.tif,svar/zips/Hackarpssj_n/634611-132043-kartor/web/tiles-3-5216_Hackarpssjon_634611-132043d.dzi
640227-130502,"Hagasjön",3-0957_Hagasjön_640227-130502b.tif,svar/zips/Hagasj_n/640227-130502-kartor/web/tiles-3-0957_Hagasjon_640227-130502b.dzi
635909-166014,"Hagebyträsk",3-3006_Hagebyträsk_635909-166014.tif,svar/zips/Hagebytr_sk/635909-166014-kartor/web/tiles-3-3006_Hagebytrask_635909-166014.dzi
635208-147771,"Hagserydssjön",3-2204_Hagserydssjön_635208-147771.tif,svar/zips/Hagserydssj_n/635208-147771-kartor/web/tiles-3-2204_Hagserydssjon_635208-147771.dzi
630981-134154,"Hagasjön",2-1032_Hagasjön_630981-134154.tif,svar/zips/Hagasj_n/630981-134154-kartor/web/tiles-2-1032_Hagasjon_630981-134154.dzi
635072-137217,"Hagsjön",3-2077_Hagsjön_635072-137217.tif,svar/zips/Hagsj_n/635072-137217-kartor/web/tiles-3-2077_Hagsjon_635072-137217.dzi
627389-142662,"Hagsvarten",3-6062_Hagsvarten_627389-142662a.tif,svar/zips/Hagsvarten/627389-142662-kartor/web/tiles-3-6062_Hagsvarten_627389-142662a.dzi
637811-152032,"Hagsjön",3-3639_Hagsjön_637811-152032.tif,svar/zips/Hagsj_n/637811-152032-kartor/web/tiles-3-3639_Hagsjon_637811-152032.dzi
639031-138909,"Hagsjön",3-6303_Hagsjön_639031-138909.tif,svar/zips/Hagsj_n/639031-138909-kartor/web/tiles-3-6303_Hagsjon_639031-138909.dzi
635906-140372,"Hagshultagölen",3-5387_Hagshultagölen_635906-140372.tif,svar/zips/Hagshultag_len/635906-140372-kartor/web/tiles-3-5387_Hagshultagolen_635906-140372.dzi
656511-132237,"Hagtjärnet",5-0947_Hagtjärnet_656511-132237.pdf,svar/zips/Hagtj_rnet/656511-132237-kartor/web/tiles-5-0947_Hagtjarnet_656511-132237.dzi
640544-128228,"Haketjärn",3-0947_Haketjärn_640544-128228.tif,svar/zips/Haketj_rn/640544-128228-kartor/web/tiles-3-0947_Haketjarn_640544-128228.dzi
640362-149230,"Hagstugesjön",3-3618_Hagstugesjön_640362-149230.tif,svar/zips/Hagstugesj_n/640362-149230-kartor/web/tiles-3-3618_Hagstugesjon_640362-149230.dzi
634039-130474,"Haksjön",3-2844_Haksjön_634039-130474.tif,svar/zips/Haksj_n/634039-130474-kartor/web/tiles-3-2844_Haksjon_634039-130474.dzi
624037-145086,"Halasjön",3-5976_Halasjön_624037-145086.tif,svar/zips/Halasj_n/624037-145086-kartor/web/tiles-3-5976_Halasjon_624037-145086.dzi
632134-136304,"Hallasjön",3-4714_Hallasjön_632134-136304.tif,svar/zips/Hallasj_n/632134-136304-kartor/web/tiles-3-4714_Hallasjon_632134-136304.dzi
627389-142662,"Hagsvarten",3-6062_Hagsvarten_627389-142662b.tif,svar/zips/Hagsvarten/627389-142662-kartor/web/tiles-3-6062_Hagsvarten_627389-142662b.dzi
623955-141956,"Halen",2-0833_Halen_623955-141956.tif,svar/zips/Halen/623955-141956-kartor/web/tiles-2-0833_Halen_623955-141956.dzi
631187-134772,"Hallasjön",1-0318_Hallasjön_631187-134772.tif,svar/zips/Hallasj_n/631187-134772-kartor/web/tiles-1-0318_Hallasjon_631187-134772.dzi
633488-135974,"Hallasjön",3-2510_Hallasjön_633488-135974.tif,svar/zips/Hallasj_n/633488-135974-kartor/web/tiles-3-2510_Hallasjon_633488-135974.dzi
624980-150119,"Hallasjön",2-1098_Hallasjön_624980-150119.jpg,svar/zips/Hallasj_n/624980-150119-kartor/web/tiles-2-1098_Hallasjon_624980-150119.dzi
635371-137288,"Hallasjön",3-4582_Hallasjön_635371-137288.tif,svar/zips/Hallasj_n/635371-137288-kartor/web/tiles-3-4582_Hallasjon_635371-137288.dzi
635931-132855,"Hallasjön",3-6526_Hallasjön_635931-132855.jpg,svar/zips/Hallasj_n/635931-132855-kartor/web/tiles-3-6526_Hallasjon_635931-132855.dzi
635188-134995,"Hallasjön",3-5737_Hallasjön_635188-134995.tif,svar/zips/Hallasj_n/635188-134995-kartor/web/tiles-3-5737_Hallasjon_635188-134995.dzi
627389-142662,"Hagsvarten",3-6062_Hagsvarten_627389-142662c.tif,svar/zips/Hagsvarten/627389-142662-kartor/web/tiles-3-6062_Hagsvarten_627389-142662c.dzi
631187-134772,"Hallasjön",3-0866_Hallasjön_631187-134772.tif,svar/zips/Hallasj_n/631187-134772-kartor/web/tiles-3-0866_Hallasjon_631187-134772.dzi
633488-135974,"Hallasjön",3-5736_Hallasjön_633488-135974.tif,svar/zips/Hallasj_n/633488-135974-kartor/web/tiles-3-5736_Hallasjon_633488-135974.dzi
634824-131853,"Hallesjö",3-5210_Hallesjö_634824-131853a.tif,svar/zips/Hallesj_/634824-131853-kartor/web/tiles-3-5210_Hallesjo_634824-131853a.dzi
624980-150119,"Hallasjön",2-1098_Hallasjön_624980-150119.tif,svar/zips/Hallasj_n/624980-150119-kartor/web/tiles-2-1098_Hallasjon_624980-150119.dzi
635931-132855,"Hallasjön",3-6526_Hallasjön_635931-132855.tif,svar/zips/Hallasj_n/635931-132855-kartor/web/tiles-3-6526_Hallasjon_635931-132855.dzi
635371-137288,"Hallasjön",5-0020_Hallasjön_635371-137288.pdf,svar/zips/Hallasj_n/635371-137288-kartor/web/tiles-5-0020_Hallasjon_635371-137288.dzi
635188-134995,"Hallasjön",5-1044_Hallasjön_635188-134995.pdf,svar/zips/Hallasj_n/635188-134995-kartor/web/tiles-5-1044_Hallasjon_635188-134995.dzi
638049-139188,"Hallingen",3-4575_Hallingen_638049-139188.tif,svar/zips/Hallingen/638049-139188-kartor/web/tiles-3-4575_Hallingen_638049-139188.dzi
631187-134772,"Hallasjön",3-6716_Hallasjön_631187-134772.jpg,svar/zips/Hallasj_n/631187-134772-kartor/web/tiles-3-6716_Hallasjon_631187-134772.dzi
627389-142662,"Hagsvarten",3-6062_Hagsvarten_627389-142662d.tif,svar/zips/Hagsvarten/627389-142662-kartor/web/tiles-3-6062_Hagsvarten_627389-142662d.dzi
624980-150119,"Hallasjön",3-3855_Hallasjön_624980-150119a.tif,svar/zips/Hallasj_n/624980-150119-kartor/web/tiles-3-3855_Hallasjon_624980-150119a.dzi
634824-131853,"Hallesjö",3-5210_Hallesjö_634824-131853b.tif,svar/zips/Hallesj_/634824-131853-kartor/web/tiles-3-5210_Hallesjo_634824-131853b.dzi
647774-130324,"Hallsjön",3-1715_Hallsjön_647774-130324.tif,svar/zips/Hallsj_n/647774-130324-kartor/web/tiles-3-1715_Hallsjon_647774-130324.dzi
645178-144286,"Hallångssjön",3-3683_Hallångssjön_645178-144286.tif,svar/zips/Hall_ngssj_n/645178-144286-kartor/web/tiles-3-3683_Hallangssjon_645178-144286.dzi
649891-148303,"Halsebosjön",3-3000_Halsobosjön_649891-148303.tif,svar/zips/Halsebosj_n/649891-148303-kartor/web/tiles-3-3000_Halsobosjon_649891-148303.dzi
624528-147251,"Hallsjön",3-0776_Hallsjön_624528-147251a.tif,svar/zips/Hallsj_n/624528-147251-kartor/web/tiles-3-0776_Hallsjon_624528-147251a.dzi
631187-134772,"Hallasjön",3-6716_Hallasjön_631187-134772.tif,svar/zips/Hallasj_n/631187-134772-kartor/web/tiles-3-6716_Hallasjon_631187-134772.dzi
626437-147926,"Halvtunnan",5-0461_Halvtunnan_626437-147926.tif,svar/zips/Halvtunnan/626437-147926-kartor/web/tiles-5-0461_Halvtunnan_626437-147926.dzi
620406-140165,"Hammarsjön",2-0166_Hammarsjön_620406-140165.jpg,svar/zips/Hammarsj_n/620406-140165-kartor/web/tiles-2-0166_Hammarsjon_620406-140165.dzi
623375-146936,"Halsjön",3-5452_Halsjön_623375-146936.tif,svar/zips/Halsj_n/623375-146936-kartor/web/tiles-3-5452_Halsjon_623375-146936.dzi
627389-142662,"Hagsvarten",3-6062_Hagsvarten_627389-142662e.tif,svar/zips/Hagsvarten/627389-142662-kartor/web/tiles-3-6062_Hagsvarten_627389-142662e.dzi
626513-147952,"Hammarsjön",5-0462_Hammarsjön_626513-147952.tif,svar/zips/Hammarsj_n/626513-147952-kartor/web/tiles-5-0462_Hammarsjon_626513-147952.dzi
624528-147251,"Hallsjön",3-0776_Hallsjön_624528-147251b.tif,svar/zips/Hallsj_n/624528-147251-kartor/web/tiles-3-0776_Hallsjon_624528-147251b.dzi
624980-150119,"Hallasjön",3-3855_Hallasjön_624980-150119b.tif,svar/zips/Hallasj_n/624980-150119-kartor/web/tiles-3-3855_Hallasjon_624980-150119b.dzi
634771-152976,"Hammarsjön",1-0250_Hammarsjön_634771-152976.tif,svar/zips/Hammarsj_n/634771-152976-kartor/web/tiles-1-0250_Hammarsjon_634771-152976.dzi
639658-144256,"Hamnarydssjön",3-5202_Hamnarydssjön_639658-144256.tif,svar/zips/Hamnarydssj_n/639658-144256-kartor/web/tiles-3-5202_Hamnarydssjon_639658-144256.dzi
627389-142662,"Hagsvarten",3-6062_Hagsvarten_627389-142662f.tif,svar/zips/Hagsvarten/627389-142662-kartor/web/tiles-3-6062_Hagsvarten_627389-142662f.dzi
651118-153663,"Handskdammen",3-1764_Handskdammen_651118-153663.tif,svar/zips/Handskdammen/651118-153663-kartor/web/tiles-3-1764_Handskdammen_651118-153663.dzi
639151-143386,"Handskerydsjön",3-1799_Handskerydssjön_639151-143386.tif,svar/zips/Handskerydsj_n/639151-143386-kartor/web/tiles-3-1799_Handskerydssjon_639151-143386.dzi
632231-136476,"Harasjön",3-4713_Harasjön_632231-136476.tif,svar/zips/Harasj_n/632231-136476-kartor/web/tiles-3-4713_Harasjon_632231-136476.dzi
656342-133456,"Harefjorden",3-1207_Harefjorden_656342-133456.tif,svar/zips/Harefjorden/656342-133456-kartor/web/tiles-3-1207_Harefjorden_656342-133456.dzi
620406-140165,"Hammarsjön",2-0166_Hammarsjön_620406-140165.tif,svar/zips/Hammarsj_n/620406-140165-kartor/web/tiles-2-0166_Hammarsjon_620406-140165.dzi
656290-153685,"Harsjön",3-1773_Harsjön_656290-153685.tif,svar/zips/Harsj_n/656290-153685-kartor/web/tiles-3-1773_Harsjon_656290-153685.dzi
646063-146749,"Hargsjön",3-0720_Hargsjön_646063-146749.tif,svar/zips/Hargsj_n/646063-146749-kartor/web/tiles-3-0720_Hargsjon_646063-146749.dzi
632231-136476,"Harasjön",5-0941_Harasjön_632231-136476.jpg,svar/zips/Harasj_n/632231-136476-kartor/web/tiles-5-0941_Harasjon_632231-136476.dzi
627389-142662,"Hagsvarten",3-6062_Hagsvarten_627389-142662g.tif,svar/zips/Hagsvarten/627389-142662-kartor/web/tiles-3-6062_Hagsvarten_627389-142662g.dzi
639342-130389,"Hasjön",3-4222_Hasjön_639342-130389.tif,svar/zips/Hasj_n/639342-130389-kartor/web/tiles-3-4222_Hasjon_639342-130389.dzi
655143-130307,"Haresjön",3-4803_Haresjön_655143-130307.tif,svar/zips/Haresj_n/655143-130307-kartor/web/tiles-3-4803_Haresjon_655143-130307.dzi
624569-146282,"Hasselsjön",3-5456_Hasselsjön_624569-146282.tif,svar/zips/Hasselsj_n/624569-146282-kartor/web/tiles-3-5456_Hasselsjon_624569-146282.dzi
638721-145140,"Havravikssjön",3-5195_Havravikssjön_638721-145140.tif,svar/zips/Havravikssj_n/638721-145140-kartor/web/tiles-3-5195_Havravikssjon_638721-145140.dzi
634279-140772,"Havrafälle sjö",3-6372_Havrafälle sjö_634279-140772.jpg,svar/zips/Havraf_lle_sj_/634279-140772-kartor/web/tiles-3-6372_Havrafalle_sjo_634279-140772.dzi
627389-142662,"Hagsvarten",3-6765_Hagsvarten_627389-142662.jpg,svar/zips/Hagsvarten/627389-142662-kartor/web/tiles-3-6765_Hagsvarten_627389-142662.dzi
630859-132488,"Havsjön",2-0654_Havsjön_630859-132488.tif,svar/zips/Havsj_n/630859-132488-kartor/web/tiles-2-0654_Havsjon_630859-132488.dzi
639362-132726,"Havsjön",3-4895_Havsjön_639362-132726.tif,svar/zips/Havsj_n/639362-132726-kartor/web/tiles-3-4895_Havsjon_639362-132726.dzi
634543-149310,"Hedasjö",3-3810_Hedasjö_634543-149310a.tif,svar/zips/Hedasj_/634543-149310-kartor/web/tiles-3-3810_Hedasjo_634543-149310a.dzi
615365-134524,"Havgårdssjön",2-0170_Havgårdssjön_615365-134524.tif,svar/zips/Havg_rdssj_n/615365-134524-kartor/web/tiles-2-0170_Havgardssjon_615365-134524.dzi
638018-130993,"Hedgärdessjö",3-4768_Hedgärdessjön_638018-130993.tif,svar/zips/Hedg_rdessj_/638018-130993-kartor/web/tiles-3-4768_Hedgardessjon_638018-130993.dzi
655825-128262,"Hedvattnet",3-1724_Hedvattnet_655825-128262.tif,svar/zips/Hedvattnet/655825-128262-kartor/web/tiles-3-1724_Hedvattnet_655825-128262.dzi
627389-142662,"Hagsvarten",3-6765_Hagsvarten_627389-142662.tif,svar/zips/Hagsvarten/627389-142662-kartor/web/tiles-3-6765_Hagsvarten_627389-142662.dzi
634279-140772,"Havrafälle sjö",3-6372_Havrafälle sjö_634279-140772.tif,svar/zips/Havraf_lle_sj_/634279-140772-kartor/web/tiles-3-6372_Havrafalle_sjo_634279-140772.dzi
649745-125692,"Heevattnet",3-2627_Heevattnet_649745-125692.tif,svar/zips/Heevattnet/649745-125692-kartor/web/tiles-3-2627_Heevattnet_649745-125692.dzi
634543-149310,"Hedasjö",3-3810_Hedasjö_634543-149310b.tif,svar/zips/Hedasj_/634543-149310-kartor/web/tiles-3-3810_Hedasjo_634543-149310b.dzi
630764-143570,"Helgasjön",1-0148_Helgasjön_630764-143570.tif,svar/zips/Helgasj_n/630764-143570-kartor/web/tiles-1-0148_Helgasjon_630764-143570.dzi
624725-143353,"Hejasjön",3-5901_Hejasjön_624725-143353.tif,svar/zips/Hejasj_n/624725-143353-kartor/web/tiles-3-5901_Hejasjon_624725-143353.dzi
615365-134524,"Havgårdssjön",3-1984_Havgårdssjön_615365-134524.tif,svar/zips/Havg_rdssj_n/615365-134524-kartor/web/tiles-3-1984_Havgardssjon_615365-134524.dzi
636522-129475,"Helsjön",3-4769_Helsjön_636522-129475.tif,svar/zips/Helsj_n/636522-129475-kartor/web/tiles-3-4769_Helsjon_636522-129475.dzi
641963-149141,"Hemgölen",3-0721_Hemgölen_641963-149141.tif,svar/zips/Hemg_len/641963-149141-kartor/web/tiles-3-0721_Hemgolen_641963-149141.dzi
624664-143622,"Hemgylet",3-5902_Hemgylet_624664-143622.tif,svar/zips/Hemgylet/624664-143622-kartor/web/tiles-3-5902_Hemgylet_624664-143622.dzi
630324-144790,"Hemmesjösjön",3-0799_Hemmesjösjön_630324-144790.tif,svar/zips/Hemmesj_sj_n/630324-144790-kartor/web/tiles-3-0799_Hemmesjosjon_630324-144790.dzi
630764-143570,"Helgasjön",2-0159_Helgasjön_630764-143570.tif,svar/zips/Helgasj_n/630764-143570-kartor/web/tiles-2-0159_Helgasjon_630764-143570.dzi
623782-144307,"Hemsjön",3-5979_Hemsjön_623782-144307.tif,svar/zips/Hemsj_n/623782-144307-kartor/web/tiles-3-5979_Hemsjon_623782-144307.dzi
631663-140982,"Helgasjön",2-1058_Helgasjön_631663-140982.jpg,svar/zips/Helgasj_n/631663-140982-kartor/web/tiles-2-1058_Helgasjon_631663-140982.dzi
624604-145084,"Hemsjön",3-5980_Hemsjön_624604-145084.tif,svar/zips/Hemsj_n/624604-145084-kartor/web/tiles-3-5980_Hemsjon_624604-145084.dzi
624646-144291,"Hemsjön",3-5977_Hemsjön_624646-144291.tif,svar/zips/Hemsj_n/624646-144291-kartor/web/tiles-3-5977_Hemsjon_624646-144291.dzi
631663-140982,"Helgasjön",2-1058_Helgasjön_631663-140982.tif,svar/zips/Helgasj_n/631663-140982-kartor/web/tiles-2-1058_Helgasjon_631663-140982.dzi
636509-153335,"Hemsjön",2-0338_Hemsjön_636509-153335.tif,svar/zips/Hemsj_n/636509-153335-kartor/web/tiles-2-0338_Hemsjon_636509-153335.dzi
627354-150470,"Hemsjön",5-0447a_Hemsjön_627354-150470.tif,svar/zips/Hemsj_n/627354-150470-kartor/web/tiles-5-0447a_Hemsjon_627354-150470.dzi
624720-144553,"Hemsjön",3-5978_Hemsjön_624720-144553.tif,svar/zips/Hemsj_n/624720-144553-kartor/web/tiles-3-5978_Hemsjon_624720-144553.dzi
633842-149497,"Hemsjön",3-3770_Hemsjön_633842-149497b.tif,svar/zips/Hemsj_n/633842-149497-kartor/web/tiles-3-3770_Hemsjon_633842-149497b.dzi
640781-131832,"Hemsjön",2-0381_Hemsjön_640781-131832a.tif,svar/zips/Hemsj_n/640781-131832-kartor/web/tiles-2-0381_Hemsjon_640781-131832a.dzi
637337-152682,"Hemsjön",0-0116_Hemsjön_637337-152682.tif,svar/zips/Hemsj_n/637337-152682-kartor/web/tiles-0-0116_Hemsjon_637337-152682.dzi
641869-149645,"Hemsjön",3-0722_Hemsjön_641869-149645.tif,svar/zips/Hemsj_n/641869-149645-kartor/web/tiles-3-0722_Hemsjon_641869-149645.dzi
631663-140982,"Helgasjön",3-3414_Helgasjön_631663-140982.tif,svar/zips/Helgasj_n/631663-140982-kartor/web/tiles-3-3414_Helgasjon_631663-140982.dzi
655605-165242,"Hemträsket",3-2183_Hemträsket_655605-165242.tif,svar/zips/Hemtr_sket/655605-165242-kartor/web/tiles-3-2183_Hemtrasket_655605-165242.dzi
639488-146647,"Hemsjön",3-2917_Hemsjön_639488-146647.tif,svar/zips/Hemsj_n/639488-146647-kartor/web/tiles-3-2917_Hemsjon_639488-146647.dzi
624392-143069,"Hemsjön",3-2633_Hemsjön_624392-143069.tif,svar/zips/Hemsj_n/624392-143069-kartor/web/tiles-3-2633_Hemsjon_624392-143069.dzi
640781-131832,"Hemsjön",2-0381_Hemsjön_640781-131832b.tif,svar/zips/Hemsj_n/640781-131832-kartor/web/tiles-2-0381_Hemsjon_640781-131832b.dzi
633104-133822,"Hensjön",3-2548_Hensjön_633104-133822.tif,svar/zips/Hensj_n/633104-133822-kartor/web/tiles-3-2548_Hensjon_633104-133822.dzi
627354-150470,"Hemsjön",5-0447b_Hemsjön_627354-150470.tif,svar/zips/Hemsj_n/627354-150470-kartor/web/tiles-5-0447b_Hemsjon_627354-150470.dzi
634225-138425,"Herrestadsjön",3-2923_Herrestadsjön_634225-138425.tif,svar/zips/Herrestadsj_n/634225-138425-kartor/web/tiles-3-2923_Herrestadsjon_634225-138425.dzi
634900-146759,"Hermanssjö",3-3330_Hermanssjö_634900-146759.tif,svar/zips/Hermanssj_/634900-146759-kartor/web/tiles-3-3330_Hermanssjo_634900-146759.dzi
636330-149874,"Hesjön",3-2309_Hesjön_636330-149874.tif,svar/zips/Hesj_n/636330-149874-kartor/web/tiles-3-2309_Hesjon_636330-149874.dzi
636031-145941,"Hestersgöl",3-3331_Hestergöl_636031-145941.tif,svar/zips/Hestersg_l/636031-145941-kartor/web/tiles-3-3331_Hestergol_636031-145941.dzi
630605-144655,"Hinnasjön",3-2943_Hinnasjön_630605-144655.tif,svar/zips/Hinnasj_n/630605-144655-kartor/web/tiles-3-2943_Hinnasjon_630605-144655.dzi
652579-129246,"Hivattnet",1-0146_Hivattnet_652579-129246.tif,svar/zips/Hivattnet/652579-129246-kartor/web/tiles-1-0146_Hivattnet_652579-129246.dzi
654243-162774,"Herröträsk",3-2330_Herröträsk_ 654243-162774.tif,svar/zips/Herr_tr_sk/654243-162774-kartor/web/tiles-3-2330_Herrotrask_654243-162774.dzi
639557-150056,"Hjorten",3-3633_Hjorten_639557-150056.tif,svar/zips/Hjorten/639557-150056-kartor/web/tiles-3-3633_Hjorten_639557-150056.dzi
633573-134452,"Hestrasjön",3-5128_Hestrasjön_633573-134452.tif,svar/zips/Hestrasj_n/633573-134452-kartor/web/tiles-3-5128_Hestrasjon_633573-134452.dzi
639619-148265,"Hjorten",2-0357_Hjorten_639619-148266.tif,svar/zips/Hjorten/639619-148265-kartor/web/tiles-2-0357_Hjorten_639619-148266.dzi
628924-135375,"Hjortserydsjön",3-0838_Hjortserydsjön_628924-135375.tif,svar/zips/Hjortserydsj_n/628924-135375-kartor/web/tiles-3-0838_Hjortserydsjon_628924-135375.dzi
624894-146895,"Hjortsjön",3-2790_Hjortsjön_624894-146895.tif,svar/zips/Hjortsj_n/624894-146895-kartor/web/tiles-3-2790_Hjortsjon_624894-146895.dzi
635388-148457,"Hjortesjön",2-1092_Hjortesjön_635388-148457.jpg,svar/zips/Hjortesj_n/635388-148457-kartor/web/tiles-2-1092_Hjortesjon_635388-148457.dzi
624216-134515,"Hjälmsjön",3-2784_Hjälmsjön_624216-134515a.tif,svar/zips/Hj_lmsj_n/624216-134515-kartor/web/tiles-3-2784_Hjalmsjon_624216-134515a.dzi
640273-154440,"Hjorten",1-0206_Hjorten_640273-154440.tif,svar/zips/Hjorten/640273-154440-kartor/web/tiles-1-0206_Hjorten_640273-154440.dzi
635354-143980,"Hjälmåkrasjön",3-3332_Hjälmåkrasjön_635354-143980.tif,svar/zips/Hj_lm_krasj_n/635354-143980-kartor/web/tiles-3-3332_Hjalmakrasjon_635354-143980.dzi
653265-147385,"Hjärtasjön",3-3422_Hjärtasjön_653265-147385.tif,svar/zips/Hj_rtasj_n/653265-147385-kartor/web/tiles-3-3422_Hjartasjon_653265-147385.dzi
635461-145821,"Hjärtasjön",3-3560_Hjärtasjön_635461-145821.tif,svar/zips/Hj_rtasj_n/635461-145821-kartor/web/tiles-3-3560_Hjartasjon_635461-145821.dzi
638963-147247,"Hjälten",3-2440_Hjälten_638963-147247.tif,svar/zips/Hj_lten/638963-147247-kartor/web/tiles-3-2440_Hjalten_638963-147247.dzi
635388-148457,"Hjortesjön",2-1092_Hjortesjön_635388-148457.tif,svar/zips/Hjortesj_n/635388-148457-kartor/web/tiles-2-1092_Hjortesjon_635388-148457.dzi
625269-140569,"Hjärtasjön",3-2189_Hjärtasjön_625269-140569.tif,svar/zips/Hj_rtasj_n/625269-140569-kartor/web/tiles-3-2189_Hjartasjon_625269-140569.dzi
624216-134515,"Hjälmsjön",3-2784_Hjälmsjön_624216-134515b.tif,svar/zips/Hj_lmsj_n/624216-134515-kartor/web/tiles-3-2784_Hjalmsjon_624216-134515b.dzi
632371-147279,"Hjärtsjön",3-0756_Hjärtsjön_632371-147279.tif,svar/zips/Hj_rtsj_n/632371-147279-kartor/web/tiles-3-0756_Hjartsjon_632371-147279.dzi
632515-146675,"Hjärtsjön",3-4700_Hjärtsjön_632515-146675.tif,svar/zips/Hj_rtsj_n/632515-146675-kartor/web/tiles-3-4700_Hjartsjon_632515-146675.dzi
635388-148457,"Hjortesjön",3-2308_Hjortesjön_635388-148457.tif,svar/zips/Hjortesj_n/635388-148457-kartor/web/tiles-3-2308_Hjortesjon_635388-148457.dzi
638030-140802,"Hokasjön",2-0972_Hokasjön_638030-140802.tif,svar/zips/Hokasj_n/638030-140802-kartor/web/tiles-2-0972_Hokasjon_638030-140802.dzi
633162-133666,"Holken",3-5123_Holken_633162-133666a.tif,svar/zips/Holken/633162-133666-kartor/web/tiles-3-5123_Holken_633162-133666a.dzi
634057-144257,"Hojagöl",3-6362_Hojagöl_634057-144257.jpg,svar/zips/Hojag_l/634057-144257-kartor/web/tiles-3-6362_Hojagol_634057-144257.dzi
625269-140569,"Hjärtasjön",3-6574_Hjärtasjön_625269-140569.jpg,svar/zips/Hj_rtasj_n/625269-140569-kartor/web/tiles-3-6574_Hjartasjon_625269-140569.dzi
633395-144593,"Holmasjön",3-4701_Holmasjön_633395-144593.tif,svar/zips/Holmasj_n/633395-144593-kartor/web/tiles-3-4701_Holmasjon_633395-144593.dzi
625265-143285,"Holkesjön",3-5981_Holkesjön_625265-143285.tif,svar/zips/Holkesj_n/625265-143285-kartor/web/tiles-3-5981_Holkesjon_625265-143285.dzi
635322-147072,"Holmasjön",2-0310_Holmasjön_635322-147072.tif,svar/zips/Holmasj_n/635322-147072-kartor/web/tiles-2-0310_Holmasjon_635322-147072.dzi
638030-140802,"Hokasjön",3-2446_Hokasjön_638030-140802.tif,svar/zips/Hokasj_n/638030-140802-kartor/web/tiles-3-2446_Hokasjon_638030-140802.dzi
637076-146544,"Holmasjön",3-3561_Holmasjön_637076-146544.tif,svar/zips/Holmasj_n/637076-146544-kartor/web/tiles-3-3561_Holmasjon_637076-146544.dzi
634057-144257,"Hojagöl",3-6362_Hojagöl_634057-144257.tif,svar/zips/Hojag_l/634057-144257-kartor/web/tiles-3-6362_Hojagol_634057-144257.dzi
641981-128433,"Holmesjön",3-0945_Holmesjön_641981-128433.tif,svar/zips/Holmesj_n/641981-128433-kartor/web/tiles-3-0945_Holmesjon_641981-128433.dzi
634447-144024,"Holmeshultasjön",3-1699_Holmeshultasjön_634447-144024.tif,svar/zips/Holmeshultasj_n/634447-144024-kartor/web/tiles-3-1699_Holmeshultasjon_634447-144024.dzi
651426-126308,"Holmevatten",3-3200_Holmevatten_651426-126308.tif,svar/zips/Holmevatten/651426-126308-kartor/web/tiles-3-3200_Holmevatten_651426-126308.dzi
649064-127101,"Holmesjön",3-2476_Holmesjön_649064-127101.tif,svar/zips/Holmesj_n/649064-127101-kartor/web/tiles-3-2476_Holmesjon_649064-127101.dzi
644180-129623,"Holmevattnet",3-4517_Holmevatten_644180-129623.tif,svar/zips/Holmevattnet/644180-129623-kartor/web/tiles-3-4517_Holmevatten_644180-129623.dzi
633162-133666,"Holken",3-5123_Holken_633162-133666b.tif,svar/zips/Holken/633162-133666-kartor/web/tiles-3-5123_Holken_633162-133666b.dzi
648919-127056,"Holmevattnet",3-2472_Holmevattnet_648919-127056.tif,svar/zips/Holmevattnet/648919-127056-kartor/web/tiles-3-2472_Holmevattnet_648919-127056.dzi
639598-144535,"Holmserydsjön",3-2430_Holmserydssjön_639598-144535.tif,svar/zips/Holmserydsj_n/639598-144535-kartor/web/tiles-3-2430_Holmserydssjon_639598-144535.dzi
634447-144024,"Holmeshultasjön",3-2955_Holmeshultasjön_634447-144024.tif,svar/zips/Holmeshultasj_n/634447-144024-kartor/web/tiles-3-2955_Holmeshultasjon_634447-144024.dzi
641981-128433,"Holmesjön",3-0948_Holmesjön_641981-128433.tif,svar/zips/Holmesj_n/641981-128433-kartor/web/tiles-3-0948_Holmesjon_641981-128433.dzi
625269-140569,"Hjärtasjön",3-6574_Hjärtasjön_625269-140569.tif,svar/zips/Hj_rtasj_n/625269-140569-kartor/web/tiles-3-6574_Hjartasjon_625269-140569.dzi
633247-132683,"Holmsjön",3-5184_Holmsjön_633247-132683a.jpg,svar/zips/Holmsj_n/633247-132683-kartor/web/tiles-3-5184_Holmsjon_633247-132683a.dzi
624611-144588,"Holmsjön",3-5982_Holmsjön_624611-144588.tif,svar/zips/Holmsj_n/624611-144588-kartor/web/tiles-3-5982_Holmsjon_624611-144588.dzi
636703-149444,"Holmsjön",3-2306_Holmsjön_636703-149444.tif,svar/zips/Holmsj_n/636703-149444-kartor/web/tiles-3-2306_Holmsjon_636703-149444.dzi
637881-139092,"Holmsjön",3-5245_Holmsjön_637881-139092.tif,svar/zips/Holmsj_n/637881-139092-kartor/web/tiles-3-5245_Holmsjon_637881-139092.dzi
639516-154317,"Holmsjön",3-3240_Holmsjön_639516-154317.tif,svar/zips/Holmsj_n/639516-154317-kartor/web/tiles-3-3240_Holmsjon_639516-154317.dzi
654164-127869,"Holmevattnet",3-4802_Holmevattnet_654164-127869.tif,svar/zips/Holmevattnet/654164-127869-kartor/web/tiles-3-4802_Holmevattnet_654164-127869.dzi
638042-132813,"Holmsjön",3-5580_Holmsjön_638042-132813.tif,svar/zips/Holmsj_n/638042-132813-kartor/web/tiles-3-5580_Holmsjon_638042-132813.dzi
642733-152946,"Holmsjön",3-3394_Holmsjön_642733-152946.jpg,svar/zips/Holmsj_n/642733-152946-kartor/web/tiles-3-3394_Holmsjon_642733-152946.dzi
638797-150902,"Holmsjön",3-3642_Holmsjön_638797-150902.tif,svar/zips/Holmsj_n/638797-150902-kartor/web/tiles-3-3642_Holmsjon_638797-150902.dzi
633247-132683,"Holmsjön",3-5184_Holmsjön_633247-132683a.tif,svar/zips/Holmsj_n/633247-132683-kartor/web/tiles-3-5184_Holmsjon_633247-132683a.dzi
651757-146744,"Holmsjön",3-2989_Holmsjön_651757-146744.tif,svar/zips/Holmsj_n/651757-146744-kartor/web/tiles-3-2989_Holmsjon_651757-146744.dzi
656265-156662,"Holmsjön",3-3274_Holmsjön_656265-156662.tif,svar/zips/Holmsj_n/656265-156662-kartor/web/tiles-3-3274_Holmsjon_656265-156662.dzi
642733-152946,"Holmsjön",3-3394_Holmsjön_642733-152946.tif,svar/zips/Holmsj_n/642733-152946-kartor/web/tiles-3-3394_Holmsjon_642733-152946.dzi
656331-153939,"Holmsjön",3-1769_Holmsjön_656331-153939.tif,svar/zips/Holmsj_n/656331-153939-kartor/web/tiles-3-1769_Holmsjon_656331-153939.dzi
652478-149119,"Holmsjön",3-2907_Holmsjön_652478-149119.tif,svar/zips/Holmsj_n/652478-149119-kartor/web/tiles-3-2907_Holmsjon_652478-149119.dzi
656405-153263,"Holmsjön",3-1768_Holmsjön_656405-153263.tif,svar/zips/Holmsj_n/656405-153263-kartor/web/tiles-3-1768_Holmsjon_656405-153263.dzi
640473-129112,"Hornasjön",3-0954_Hornasjön_640473-129112.tif,svar/zips/Hornasj_n/640473-129112-kartor/web/tiles-3-0954_Hornasjon_640473-129112.dzi
633247-132683,"Holmsjön",3-5184_Holmsjön_633247-132683b.tif,svar/zips/Holmsj_n/633247-132683-kartor/web/tiles-3-5184_Holmsjon_633247-132683b.dzi
635929-135425,"Hornbetasjön",3-4860_Hornbetasjön_635929-135425.tif,svar/zips/Hornbetasj_n/635929-135425-kartor/web/tiles-3-4860_Hornbetasjon_635929-135425.dzi
636887-132651,"Holsjön",2-0242_Holsjön_636887-132651.tif,svar/zips/Holsj_n/636887-132651-kartor/web/tiles-2-0242_Holsjon_636887-132651.dzi
643618-151864,"Holmsjön",2-0320_Holmsjön_643618-151864.jpg,svar/zips/Holmsj_n/643618-151864-kartor/web/tiles-2-0320_Holmsjon_643618-151864.dzi
651633-126411,"Hornboresjön",0-0109_Hornboresjön_651633-126411.tif,svar/zips/Hornboresj_n/651633-126411-kartor/web/tiles-0-0109_Hornboresjon_651633-126411.dzi
646918-136677,"Hornborgasjön",3-1509_Hornborgasjön_646918-136677.tif,svar/zips/Hornborgasj_n/646918-136677-kartor/web/tiles-3-1509_Hornborgasjon_646918-136677.dzi
640473-129112,"Hornasjön",3-0955_Hornasjön_640473-129112.tif,svar/zips/Hornasj_n/640473-129112-kartor/web/tiles-3-0955_Hornasjon_640473-129112.dzi
624180-135764,"Hornsjön",2-1038_Hornsjön_624180-135764.jpg,svar/zips/Hornsj_n/624180-135764-kartor/web/tiles-2-1038_Hornsjon_624180-135764.dzi
643618-151864,"Holmsjön",2-0320_Holmsjön_643618-151864.tif,svar/zips/Holmsj_n/643618-151864-kartor/web/tiles-2-0320_Holmsjon_643618-151864.dzi
636887-132651,"Holsjön",3-0883_Holsjön_636887-132651.tif,svar/zips/Holsj_n/636887-132651-kartor/web/tiles-3-0883_Holsjon_636887-132651.dzi
643004-139492,"Hornsjön",5-0022_Hornsjön_643004-139492.pdf,svar/zips/Hornsj_n/643004-139492-kartor/web/tiles-5-0022_Hornsjon_643004-139492.dzi
633247-132683,"Holmsjön",3-5184_Holmsjön_633247-132683c.tif,svar/zips/Holmsj_n/633247-132683-kartor/web/tiles-3-5184_Holmsjon_633247-132683c.dzi
624368-147542,"Hornen",3-5283_Hornen_624368-147542.tif,svar/zips/Hornen/624368-147542-kartor/web/tiles-3-5283_Hornen_624368-147542.dzi
624702-146757,"Horsasjön",3-2810_Horsasjön_624702-146757.tif,svar/zips/Horsasj_n/624702-146757-kartor/web/tiles-3-2810_Horsasjon_624702-146757.dzi
633743-151085,"Horsebergasjön",3-3774_Horsebergasjön_633743-151085a.tif,svar/zips/Horsebergasj_n/633743-151085-kartor/web/tiles-3-3774_Horsebergasjon_633743-151085a.dzi
645048-150492,"Horsfjärden",0-0188_Horsfjärden_645048-150492.jpg,svar/zips/Horsfj_rden/645048-150492-kartor/web/tiles-0-0188_Horsfjarden_645048-150492.dzi
624180-135764,"Hornsjön",2-1038_Hornsjön_624180-135764.tif,svar/zips/Hornsj_n/624180-135764-kartor/web/tiles-2-1038_Hornsjon_624180-135764.dzi
636887-132651,"Holsjön",3-6641_Holsjön_636887-132651.jpg,svar/zips/Holsj_n/636887-132651-kartor/web/tiles-3-6641_Holsjon_636887-132651.dzi
633860-152752,"Horvegölen",3-2750_Horvegölen_633860-152752.tif,svar/zips/Horveg_len/633860-152752-kartor/web/tiles-3-2750_Horvegolen_633860-152752.dzi
633247-132683,"Holmsjön",3-6703_Holmsjön_633247-132683.jpg,svar/zips/Holmsj_n/633247-132683-kartor/web/tiles-3-6703_Holmsjon_633247-132683.dzi
653700-125254,"Hosjö",3-3993_Hosjö_653700-125254.tif,svar/zips/Hosj_/653700-125254-kartor/web/tiles-3-3993_Hosjo_653700-125254.dzi
636254-140890,"Hubbestadsjön",3-2435_Hubbestadsjön_636254-140890.tif,svar/zips/Hubbestadsj_n/636254-140890-kartor/web/tiles-3-2435_Hubbestadsjon_636254-140890.dzi
643877-143641,"Hovgöl",3-2596_Hovgöl_643877-143641.tif,svar/zips/Hovg_l/643877-143641-kartor/web/tiles-3-2596_Hovgol_643877-143641.dzi
636887-132651,"Holsjön",3-6641_Holsjön_636887-132651.tif,svar/zips/Holsj_n/636887-132651-kartor/web/tiles-3-6641_Holsjon_636887-132651.dzi
636866-150376,"Hulingen",3-0750_Hulingen_636866-150376a.tif,svar/zips/Hulingen/636866-150376-kartor/web/tiles-3-0750_Hulingen_636866-150376a.dzi
646802-129905,"Hullsjön",3-1993_Hullsjön_646802-129905.tif,svar/zips/Hullsj_n/646802-129905-kartor/web/tiles-3-1993_Hullsjon_646802-129905.dzi
633267-143371,"Hultasjön",3-2949_Hultasjön_633267-143371.tif,svar/zips/Hultasj_n/633267-143371-kartor/web/tiles-3-2949_Hultasjon_633267-143371.dzi
624757-134951,"Hultasjön",3-2956_Hultasjön_624757-134951.tif,svar/zips/Hultasj_n/624757-134951-kartor/web/tiles-3-2956_Hultasjon_624757-134951.dzi
651914-156881,"Hovrasjön",3-4682_Hovrasjön_651914-156881a.tif,svar/zips/Hovrasj_n/651914-156881-kartor/web/tiles-3-4682_Hovrasjon_651914-156881a.dzi
636866-150376,"Hulingen",3-0750_Hulingen_636866-150376b.tif,svar/zips/Hulingen/636866-150376-kartor/web/tiles-3-0750_Hulingen_636866-150376b.dzi
635663-153331,"Hulteglänn",0-0114_Hulteglänn_635663-153331.tif,svar/zips/Hultegl_nn/635663-153331-kartor/web/tiles-0-0114_Hulteglann_635663-153331.dzi
634804-129198,"Hultasjön",3-2242_Hultasjön_634804-129198.tif,svar/zips/Hultasj_n/634804-129198-kartor/web/tiles-3-2242_Hultasjon_634804-129198.dzi
633247-132683,"Holmsjön",3-6703_Holmsjön_633247-132683.tif,svar/zips/Holmsj_n/633247-132683-kartor/web/tiles-3-6703_Holmsjon_633247-132683.dzi
627971-149852,"Hultebräan",5-0525b_Hultebräan_627971-14985.tif,svar/zips/Hultebr_an/627971-149852-kartor/web/tiles-5-0525b_Hultebraan_627971-14985.dzi
642904-128883,"Hultasjön",3-4736_Hultasjön_642904-128883.tif,svar/zips/Hultasj_n/642904-128883-kartor/web/tiles-3-4736_Hultasjon_642904-128883.dzi
637170-142000,"Hultasjön",3-5608_Hultasjön_637170-142000.tif,svar/zips/Hultasj_n/637170-142000-kartor/web/tiles-3-5608_Hultasjon_637170-142000.dzi
651914-156881,"Hovrasjön",3-4682_Hovrasjön_651914-156881b.tif,svar/zips/Hovrasj_n/651914-156881-kartor/web/tiles-3-4682_Hovrasjon_651914-156881b.dzi
635663-153331,"Hulteglänn",3-1942_Hulteglänn_635663-153331.tif,svar/zips/Hultegl_nn/635663-153331-kartor/web/tiles-3-1942_Hulteglann_635663-153331.dzi
636866-150376,"Hulingen",3-0750_Hulingen_636866-150376c.tif,svar/zips/Hulingen/636866-150376-kartor/web/tiles-3-0750_Hulingen_636866-150376c.dzi
635336-149433,"Hultemaren",3-3792_Hultemaren_635336-149433a.tif,svar/zips/Hultemaren/635336-149433-kartor/web/tiles-3-3792_Hultemaren_635336-149433a.dzi
635375-143515,"Hultsjön",3-3333_Hultsjön_635375-143515.tif,svar/zips/Hultsj_n/635375-143515-kartor/web/tiles-3-3333_Hultsjon_635375-143515.dzi
634804-129198,"Hultasjön",3-6438_Hultasjön_634804-129198.jpg,svar/zips/Hultasj_n/634804-129198-kartor/web/tiles-3-6438_Hultasjon_634804-129198.dzi
654323-131198,"Hultsjön",3-1172_Hultsjön_654323-131198.tif,svar/zips/Hultsj_n/654323-131198-kartor/web/tiles-3-1172_Hultsjon_654323-131198.dzi
635075-152677,"Hultsjön",1-0229_Hultsjön_635075-152677.tif,svar/zips/Hultsj_n/635075-152677-kartor/web/tiles-1-0229_Hultsjon_635075-152677.dzi
636866-150376,"Hulingen",3-0750_Hulingen_636866-150376d.tif,svar/zips/Hulingen/636866-150376-kartor/web/tiles-3-0750_Hulingen_636866-150376d.dzi
651914-156881,"Hovrasjön",3-4682_Hovrasjön_651914-156881c.tif,svar/zips/Hovrasj_n/651914-156881-kartor/web/tiles-3-4682_Hovrasjon_651914-156881c.dzi
649454-148247,"Hultsjön",3-3002_Hultsjön_649454-148247.tif,svar/zips/Hultsj_n/649454-148247-kartor/web/tiles-3-3002_Hultsjon_649454-148247.dzi
634804-129198,"Hultasjön",3-6438_Hultasjön_634804-129198.tif,svar/zips/Hultasj_n/634804-129198-kartor/web/tiles-3-6438_Hultasjon_634804-129198.dzi
632361-151857,"Hultsnäsesjön",3-1938_Hultsnäsesjön_632361-151857.tif,svar/zips/Hultsn_sesj_n/632361-151857-kartor/web/tiles-3-1938_Hultsnasesjon_632361-151857.dzi
623847-136162,"Humlesjön",2-0999_Humlesjön_623847-136162.jpg,svar/zips/Humlesj_n/623847-136162-kartor/web/tiles-2-0999_Humlesjon_623847-136162.dzi
635336-149433,"Hultemaren",3-3792_Hultemaren_635336-149433b.tif,svar/zips/Hultemaren/635336-149433-kartor/web/tiles-3-3792_Hultemaren_635336-149433b.dzi
633280-130129,"Humsjön",3-2839_Humsjön_633280-130129.tif,svar/zips/Humsj_n/633280-130129-kartor/web/tiles-3-2839_Humsjon_633280-130129.dzi
636162-152826,"Hummeln",2-0395_Hummeln_636162-152826a.tif,svar/zips/Hummeln/636162-152826-kartor/web/tiles-2-0395_Hummeln_636162-152826a.dzi
636866-150376,"Hulingen",3-0750_Hulingen_636866-150376e.tif,svar/zips/Hulingen/636866-150376-kartor/web/tiles-3-0750_Hulingen_636866-150376e.dzi
650061-142276,"Humsjön",5-0942_Humsjön_650061-142276.jpg,svar/zips/Humsj_n/650061-142276-kartor/web/tiles-5-0942_Humsjon_650061-142276.dzi
634477-142319,"Hundsjön",3-4018_Hundsjön_634477-142319.tif,svar/zips/Hundsj_n/634477-142319-kartor/web/tiles-3-4018_Hundsjon_634477-142319.dzi
623847-136162,"Humlesjön",2-0999_Humlesjön_623847-136162.tif,svar/zips/Humlesj_n/623847-136162-kartor/web/tiles-2-0999_Humlesjon_623847-136162.dzi
636866-150376,"Hulingen",3-1779_Hulingen_636866-150376.tif,svar/zips/Hulingen/636866-150376-kartor/web/tiles-3-1779_Hulingen_636866-150376.dzi
644143-130151,"Hundsjön",3-4524_Hundsjön_644143-130151.tif,svar/zips/Hundsj_n/644143-130151-kartor/web/tiles-3-4524_Hundsjon_644143-130151.dzi
628389-133243,"Hunesjö",3-4690_Hunesjö_628389-133243.tif,svar/zips/Hunesj_/628389-133243-kartor/web/tiles-3-4690_Hunesjo_628389-133243.dzi
636162-152826,"Hummeln",2-0395_Hummeln_636162-152826b.tif,svar/zips/Hummeln/636162-152826-kartor/web/tiles-2-0395_Hummeln_636162-152826b.dzi
637093-152755,"Hundeln",3-3506_Hundeln_637093-152755.tif,svar/zips/Hundeln/637093-152755-kartor/web/tiles-3-3506_Hundeln_637093-152755.dzi
639412-145078,"Hunsnäsen",3-4590_Hunsnäsen_639412-145078.tif,svar/zips/Hunsn_sen/639412-145078-kartor/web/tiles-3-4590_Hunsnasen_639412-145078.dzi
633911-134035,"Hurven",2-0403_Hurven_633911-134035.jpg,svar/zips/Hurven/633911-134035-kartor/web/tiles-2-0403_Hurven_633911-134035.dzi
636162-152826,"Hummeln",3-1943_Hummeln_636162-152826.tif,svar/zips/Hummeln/636162-152826-kartor/web/tiles-3-1943_Hummeln_636162-152826.dzi
655057-127267,"Husetjärn",3-4801_Husetjärn_655057-127267.tif,svar/zips/Husetj_rn/655057-127267-kartor/web/tiles-3-4801_Husetjarn_655057-127267.dzi
654716-124874,"Husebotjärnen",3-1561_Husebotjärnet_654716-124874.tif,svar/zips/Husebotj_rnen/654716-124874-kartor/web/tiles-3-1561_Husebotjarnet_654716-124874.dzi
639439-131441,"Hungern",2-0385_Hungern_639439-131441a.tif,svar/zips/Hungern/639439-131441-kartor/web/tiles-2-0385_Hungern_639439-131441a.dzi
644143-130151,"Hundsjön",3-6550_Hundsjön_644143-130151.jpg,svar/zips/Hundsj_n/644143-130151-kartor/web/tiles-3-6550_Hundsjon_644143-130151.dzi
655998-128353,"Husetjärn",3-1716_Husetjärn_655998-128353.tif,svar/zips/Husetj_rn/655998-128353-kartor/web/tiles-3-1716_Husetjarn_655998-128353.dzi
651384-127415,"Husetjärnet",3-2560_Husetjärnet_651384-127415.tif,svar/zips/Husetj_rnet/651384-127415-kartor/web/tiles-3-2560_Husetjarnet_651384-127415.dzi
652464-126251,"Husevattnet",3-1747_Husevattnet_652464-126251.tif,svar/zips/Husevattnet/652464-126251-kartor/web/tiles-3-1747_Husevattnet_652464-126251.dzi
654716-124874,"Husebotjärnen",3-1758_Husebotjärnet_654716-124874.tif,svar/zips/Husebotj_rnen/654716-124874-kartor/web/tiles-3-1758_Husebotjarnet_654716-124874.dzi
633911-134035,"Hurven",2-0403_Hurven_633911-134035.tif,svar/zips/Hurven/633911-134035-kartor/web/tiles-2-0403_Hurven_633911-134035.dzi
644143-130151,"Hundsjön",3-6550_Hundsjön_644143-130151.tif,svar/zips/Hundsj_n/644143-130151-kartor/web/tiles-3-6550_Hundsjon_644143-130151.dzi
647609-137150,"Husgärdessjön",3-1510_Husgärdessjön_647609-137150.tif,svar/zips/Husg_rdessj_n/647609-137150-kartor/web/tiles-3-1510_Husgardessjon_647609-137150.dzi
639439-131441,"Hungern",2-0385_Hungern_639439-131441b.tif,svar/zips/Hungern/639439-131441-kartor/web/tiles-2-0385_Hungern_639439-131441b.dzi
625575-148449,"Husgölsstacken",3-2398_Husgölsstacken_625575-148449.tif,svar/zips/Husg_lsstacken/625575-148449-kartor/web/tiles-3-2398_Husgolsstacken_625575-148449.dzi
627285-144615,"Hyllen",3-0790_Hyllen_627285-144615.tif,svar/zips/Hyllen/627285-144615-kartor/web/tiles-3-0790_Hyllen_627285-144615.dzi
636545-151015,"Hyltasjön",3-3753_Hyltasjön_636545-151015a.tif,svar/zips/Hyltasj_n/636545-151015-kartor/web/tiles-3-3753_Hyltasjon_636545-151015a.dzi
629554-146452,"Hyllsjön",2-0991_Hyllsjön_629554-146452.jpg,svar/zips/Hyllsj_n/629554-146452-kartor/web/tiles-2-0991_Hyllsjon_629554-146452.dzi
632465-132994,"Hylte Sjö",3-4718_Hylte sjö_632465-132994.tif,svar/zips/Hylte_Sj_/632465-132994-kartor/web/tiles-3-4718_Hylte_sjo_632465-132994.dzi
633470-144975,"Hyssingen",3-3942_Hyssingen_633470-144975.tif,svar/zips/Hyssingen/633470-144975-kartor/web/tiles-3-3942_Hyssingen_633470-144975.dzi
625234-144950,"Husören",3-2961_Husören_625234-144950.tif,svar/zips/Hus_ren/625234-144950-kartor/web/tiles-3-2961_Husoren_625234-144950.dzi
616410-134992,"Häckebergasjön",2-0172_Häckebergasjön_616410-134992.tif,svar/zips/H_ckebergasj_n/616410-134992-kartor/web/tiles-2-0172_Hackebergasjon_616410-134992.dzi
638652-144329,"Högakullasjön",3-5193_Högakullasjön_638652-144329.tif,svar/zips/H_gakullasj_n/638652-144329-kartor/web/tiles-3-5193_Hogakullasjon_638652-144329.dzi
641294-128872,"Häcksjön",2-0197_Häcksjön_641294-128872.tif,svar/zips/H_cksj_n/641294-128872-kartor/web/tiles-2-0197_Hacksjon_641294-128872.dzi
629554-146452,"Hyllsjön",2-0991_Hyllsjön_629554-146452.tif,svar/zips/Hyllsj_n/629554-146452-kartor/web/tiles-2-0991_Hyllsjon_629554-146452.dzi
636545-151015,"Hyltasjön",3-3753_Hyltasjön_636545-151015b.tif,svar/zips/Hyltasj_n/636545-151015-kartor/web/tiles-3-3753_Hyltasjon_636545-151015b.dzi
636700-152662,"Hägern",1-0238_Hägern_636700-152662.tif,svar/zips/H_gern/636700-152662-kartor/web/tiles-1-0238_Hagern_636700-152662.dzi
651490-129594,"Högesjö",3-2487_Högesjö_651490-129594.tif,svar/zips/H_gesj_/651490-129594-kartor/web/tiles-3-2487_Hogesjo_651490-129594.dzi
632712-132629,"Höghulta Sjö",3-6441_Höghulta sjö_632712-132629.jpg,svar/zips/H_ghulta_Sj_/632712-132629-kartor/web/tiles-3-6441_Hoghulta_sjo_632712-132629.dzi
646902-126130,"Höggerödvatten",3-4246_Höggeröd vatten_646902-126130.tif,svar/zips/H_gger_dvatten/646902-126130-kartor/web/tiles-3-4246_Hoggerod_vatten_646902-126130.dzi
616410-134992,"Häckebergasjön",3-1986_Häckebergasjön_616410-134992.tif,svar/zips/H_ckebergasj_n/616410-134992-kartor/web/tiles-3-1986_Hackebergasjon_616410-134992.dzi
639540-138493,"Hägnasjön",3-5726_Hägnasjön_639540-138493.tif,svar/zips/H_gnasj_n/639540-138493-kartor/web/tiles-3-5726_Hagnasjon_639540-138493.dzi
635384-143211,"Häggatorpagölen",3-5601_Häggatorpagölen_635384-143211.tif,svar/zips/H_ggatorpag_len/635384-143211-kartor/web/tiles-3-5601_Haggatorpagolen_635384-143211.dzi
633076-134117,"Högshultasjön",2-0576_Högshultasjön_633076-134117a.tif,svar/zips/H_gshultasj_n/633076-134117-kartor/web/tiles-2-0576_Hogshultasjon_633076-134117a.dzi
641860-128402,"Högsjön",3-0946_Högsjön_641860-128402.tif,svar/zips/H_gsj_n/641860-128402-kartor/web/tiles-3-0946_Hogsjon_641860-128402.dzi
642428-128791,"Högsjön",3-4735_Högsjön_642428-128791.tif,svar/zips/H_gsj_n/642428-128791-kartor/web/tiles-3-4735_Hogsjon_642428-128791.dzi
635387-131653,"Högsjön",3-6360_Högsjön_635387-131653.jpg,svar/zips/H_gsj_n/635387-131653-kartor/web/tiles-3-6360_Hogsjon_635387-131653.dzi
643540-129722,"Högsjön",3-0963_Högsjön_643540-129722.tif,svar/zips/H_gsj_n/643540-129722-kartor/web/tiles-3-0963_Hogsjon_643540-129722.dzi
633076-134117,"Högshultasjön",2-0576_Högshultasjön_633076-134117b.tif,svar/zips/H_gshultasj_n/633076-134117-kartor/web/tiles-2-0576_Hogshultasjon_633076-134117b.dzi
641860-128402,"Högsjön",3-0949_Högsjön_641860-128402.tif,svar/zips/H_gsj_n/641860-128402-kartor/web/tiles-3-0949_Hogsjon_641860-128402.dzi
632712-132629,"Höghulta Sjö",3-6441_Höghulta sjö_632712-132629.tif,svar/zips/H_ghulta_Sj_/632712-132629-kartor/web/tiles-3-6441_Hoghulta_sjo_632712-132629.dzi
632741-148388,"Hökasjön",3-6385_Hökasjön_632741-148388.jpg,svar/zips/H_kasj_n/632741-148388-kartor/web/tiles-3-6385_Hokasjon_632741-148388.dzi
635387-131653,"Högsjön",3-6360_Högsjön_635387-131653.tif,svar/zips/H_gsj_n/635387-131653-kartor/web/tiles-3-6360_Hogsjon_635387-131653.dzi
634158-143920,"Hökasjön",3-4702_Hökasjön_634158-143920.tif,svar/zips/H_kasj_n/634158-143920-kartor/web/tiles-3-4702_Hokasjon_634158-143920.dzi
637192-146323,"Hökasjön",3-3943_Hökasjön_637192-146323.tif,svar/zips/H_kasj_n/637192-146323-kartor/web/tiles-3-3943_Hokasjon_637192-146323.dzi
637350-142191,"Hökasjön",3-5552_Hökasjön_637350-142191.tif,svar/zips/H_kasj_n/637350-142191-kartor/web/tiles-3-5552_Hokasjon_637350-142191.dzi
638840-134257,"Hökasjö",3-4851_Hökasjö_638840-134257.tif,svar/zips/H_kasj_/638840-134257-kartor/web/tiles-3-4851_Hokasjo_638840-134257.dzi
632741-148388,"Hökasjön",3-6385_Hökasjön_632741-148388.tif,svar/zips/H_kasj_n/632741-148388-kartor/web/tiles-3-6385_Hokasjon_632741-148388.dzi
632712-132629,"Höghulta Sjö",5-1006_Höghulta sjö_632712-132629.pdf,svar/zips/H_ghulta_Sj_/632712-132629-kartor/web/tiles-5-1006_Hoghulta_sjo_632712-132629.dzi
639539-145496,"Hökasjön",3-5197_Hökasjön_639539-145496.tif,svar/zips/H_kasj_n/639539-145496-kartor/web/tiles-3-5197_Hokasjon_639539-145496.dzi
639047-149701,"Hökesjön",3-3705_Hökesjön_639047-149701.tif,svar/zips/H_kesj_n/639047-149701-kartor/web/tiles-3-3705_Hokesjon_639047-149701.dzi
635387-131653,"Högsjön",5-1007_Högsjön_635387-131653.pdf,svar/zips/H_gsj_n/635387-131653-kartor/web/tiles-5-1007_Hogsjon_635387-131653.dzi
653004-125699,"Hökelundssjön",3-1996_Hökelundssjön_653004-125699.tif,svar/zips/H_kelundssj_n/653004-125699-kartor/web/tiles-3-1996_Hokelundssjon_653004-125699.dzi
637484-152881,"Hökforssjön",2-0348_Hökforssjön_637484-152881.tif,svar/zips/H_kforssj_n/637484-152881-kartor/web/tiles-2-0348_Hokforssjon_637484-152881.dzi
641167-152912,"Hökgöl",3-3243_Hökgöl_641167-152912.tif,svar/zips/H_kg_l/641167-152912-kartor/web/tiles-3-3243_Hokgol_641167-152912.dzi
651466-146213,"Höksjön",2-0135_Höksjön_651466-146213.tif,svar/zips/H_ksj_n/651466-146213-kartor/web/tiles-2-0135_Hoksjon_651466-146213.dzi
642099-139212,"Hökesjön",5-0025_Hökesjön_642099-139212.pdf,svar/zips/H_kesj_n/642099-139212-kartor/web/tiles-5-0025_Hokesjon_642099-139212.dzi
640069-132477,"Hälasjön",3-3892_Hälasjön_640069-132477a.tif,svar/zips/H_lasj_n/640069-132477-kartor/web/tiles-3-3892_Halasjon_640069-132477a.dzi
646068-127870,"Håleresjön",2-1127_Håleresjön_646068-127870.jpg,svar/zips/H_leresj_n/646068-127870-kartor/web/tiles-2-1127_Haleresjon_646068-127870.dzi
641056-151044,"Hökgöl",3-3626_Hökgöl_641056-151044.tif,svar/zips/H_kg_l/641056-151044-kartor/web/tiles-3-3626_Hokgol_641056-151044.dzi
655015-147856,"Hällebosjön",3-6721_Hällebosjön_655015-147856.tif,svar/zips/H_llebosj_n/655015-147856-kartor/web/tiles-3-6721_Hallebosjon_655015-147856.dzi
648695-126940,"Håletjärn",3-3073_Håletjärn_648695-126940.tif,svar/zips/H_letj_rn/648695-126940-kartor/web/tiles-3-3073_Haletjarn_648695-126940.dzi
637188-138337,"Hällesjö",3-4286_Hällsjö_637188-138337.tif,svar/zips/H_llesj_/637188-138337-kartor/web/tiles-3-4286_Hallsjo_637188-138337.dzi
646694-127235,"Häljerödsjön",3-3471_Häljerödsjön_646694-127235.tif,svar/zips/H_ljer_dsj_n/646694-127235-kartor/web/tiles-3-3471_Haljerodsjon_646694-127235.dzi
640069-132477,"Hälasjön",3-3892_Hälasjön_640069-132477b.tif,svar/zips/H_lasj_n/640069-132477-kartor/web/tiles-3-3892_Halasjon_640069-132477b.dzi
635303-149823,"Hällemaren",3-3794_Hällemaren_635303-149823a.tif,svar/zips/H_llemaren/635303-149823-kartor/web/tiles-3-3794_Hallemaren_635303-149823a.dzi
640003-153876,"Hällesjön",3-3293_Hällesjön_640003-153876.tif,svar/zips/H_llesj_n/640003-153876-kartor/web/tiles-3-3293_Hallesjon_640003-153876.dzi
639406-153215,"Hällsjön",3-1934_Hällsjön_639406-153215.tif,svar/zips/H_llsj_n/639406-153215-kartor/web/tiles-3-1934_Hallsjon_639406-153215.dzi
652430-126642,"Hälletjärnet",3-3078_Hälletjärnet_652430-126642.tif,svar/zips/H_lletj_rnet/652430-126642-kartor/web/tiles-3-3078_Halletjarnet_652430-126642.dzi
646068-127870,"Håleresjön",2-1127_Håleresjön_646068-127870.tif,svar/zips/H_leresj_n/646068-127870-kartor/web/tiles-2-1127_Haleresjon_646068-127870.dzi
635372-131553,"Hällesjön-Höljen",3-4724_Hällesjön-Höljen_635372-131553.tif,svar/zips/H_llesj_n-H_ljen/635372-131553-kartor/web/tiles-3-4724_Hallesjon-Holjen_635372-131553.dzi
638800-152287,"Hällsjön",3-3697_Hällsjön_638800-152287.tif,svar/zips/H_llsj_n/638800-152287-kartor/web/tiles-3-3697_Hallsjon_638800-152287.dzi
640921-153348,"Hällgöl",3-3248_Hällgöl_640921-153348.tif,svar/zips/H_llg_l/640921-153348-kartor/web/tiles-3-3248_Hallgol_640921-153348.dzi
635303-149823,"Hällemaren",3-3794_Hällemaren_635303-149823b.tif,svar/zips/H_llemaren/635303-149823-kartor/web/tiles-3-3794_Hallemaren_635303-149823b.dzi
639650-129646,"Hällsjön",3-0914_Hällsjön_639650-129646.tif,svar/zips/H_llsj_n/639650-129646-kartor/web/tiles-3-0914_Hallsjon_639650-129646.dzi
641979-128213,"Hållsjön",3-0971_Hållsjön_641979-128213.tif,svar/zips/H_llsj_n/641979-128213-kartor/web/tiles-3-0971_Hallsjon_641979-128213.dzi
640536-131550,"Hällsjön",2-0840_Hällsjön_640536-131550.tif,svar/zips/H_llsj_n/640536-131550-kartor/web/tiles-2-0840_Hallsjon_640536-131550.dzi
643039-151734,"Hällsjön",3-3399_Hällsjön_643039-151734.tif,svar/zips/H_llsj_n/643039-151734-kartor/web/tiles-3-3399_Hallsjon_643039-151734.dzi
643801-130140,"Hälsingen",3-6628_Hälsingen_643801-130140.jpg,svar/zips/H_lsingen/643801-130140-kartor/web/tiles-3-6628_Halsingen_643801-130140.dzi
644046-129143,"Hålsjön",3-4516_Hålsjön_644046-129143.tif,svar/zips/H_lsj_n/644046-129143-kartor/web/tiles-3-4516_Halsjon_644046-129143.dzi
652527-152999,"Hålvetten",3-5618_Hålvetten_652527-152999.tif,svar/zips/H_lvetten/652527-152999-kartor/web/tiles-3-5618_Halvetten_652527-152999.dzi
638944-144777,"Hämten",3-2427_Hämten_638944-144777.tif,svar/zips/H_mten/638944-144777-kartor/web/tiles-3-2427_Hamten_638944-144777.dzi
643815-127429,"Håltesjön",3-1528_Håltesjön_643815-127429.tif,svar/zips/H_ltesj_n/643815-127429-kartor/web/tiles-3-1528_Haltesjon_643815-127429.dzi
643801-130140,"Hälsingen",3-6628_Hälsingen_643801-130140.tif,svar/zips/H_lsingen/643801-130140-kartor/web/tiles-3-6628_Halsingen_643801-130140.dzi
652978-152834,"Hönstorpasjön",3-5622_Hönstorpasjön_652978-152834.tif,svar/zips/H_nstorpasj_n/652978-152834-kartor/web/tiles-3-5622_Honstorpasjon_652978-152834.dzi
623947-147424,"Hängbrunnen",0-0087_Hängbrunnen_623947-147424.tif,svar/zips/H_ngbrunnen/623947-147424-kartor/web/tiles-0-0087_Hangbrunnen_623947-147424.dzi
642749-128081,"Hältorpssjön",3-0970_Hältorpssjön_642749-128081.tif,svar/zips/H_ltorpssj_n/642749-128081-kartor/web/tiles-3-0970_Haltorpssjon_642749-128081.dzi
631720-132741,"Häradsjön",3-6444_Häradsjön_631720-132741.jpg,svar/zips/H_radsj_n/631720-132741-kartor/web/tiles-3-6444_Haradsjon_631720-132741.dzi
643815-127429,"Håltesjön",3-3987_Håltesjön_643815-127429.tif,svar/zips/H_ltesj_n/643815-127429-kartor/web/tiles-3-3987_Haltesjon_643815-127429.dzi
638032-139247,"Häpplingen",3-4576_Häpplingen_638032-139247.tif,svar/zips/H_pplingen/638032-139247-kartor/web/tiles-3-4576_Happlingen_638032-139247.dzi
632023-131345,"Härbillingen",3-5219_Härbillingen_632023-131345a.tif,svar/zips/H_rbillingen/632023-131345-kartor/web/tiles-3-5219_Harbillingen_632023-131345a.dzi
629450-134092,"Håraltasjön",3-5096_Håraltasjön_629450-134092.tif,svar/zips/H_raltasj_n/629450-134092-kartor/web/tiles-3-5096_Haraltasjon_629450-134092.dzi
636239-144465,"Hårdasjön",3-3732_Hårdasjö_636239-144465.tif,svar/zips/H_rdasj_n/636239-144465-kartor/web/tiles-3-3732_Hardasjo_636239-144465.dzi
634396-144842,"Höredasjön",3-2950_Höredasjön_634396-144842.tif,svar/zips/H_redasj_n/634396-144842-kartor/web/tiles-3-2950_Horedasjon_634396-144842.dzi
631550-132213,"Hålsjön",3-5206_Hålsjön_631550-132213a.tif,svar/zips/H_lsj_n/631550-132213-kartor/web/tiles-3-5206_Halsjon_631550-132213a.dzi
639348-143296,"Höregölen",3-1801_Höregölen_639348-143296.tif,svar/zips/H_reg_len/639348-143296-kartor/web/tiles-3-1801_Horegolen_639348-143296.dzi
631720-132741,"Häradsjön",3-6444_Häradsjön_631720-132741.tif,svar/zips/H_radsj_n/631720-132741-kartor/web/tiles-3-6444_Haradsjon_631720-132741.dzi
638032-139247,"Häpplingen",3-6286_Häpplingen_638032-139247.tif,svar/zips/H_pplingen/638032-139247-kartor/web/tiles-3-6286_Happlingen_638032-139247.dzi
632023-131345,"Härbillingen",3-5219_Härbillingen_632023-131345b.tif,svar/zips/H_rbillingen/632023-131345-kartor/web/tiles-3-5219_Harbillingen_632023-131345b.dzi
635589-137323,"Hären",3-2922_Hären_635589-137323.tif,svar/zips/H_ren/635589-137323-kartor/web/tiles-3-2922_Haren_635589-137323.dzi
640428-127568,"Härlanda Tjärn",3-3969_Härlanda tjärn_640428-127568.tif,svar/zips/H_rlanda_Tj_rn/640428-127568-kartor/web/tiles-3-3969_Harlanda_tjarn_640428-127568.dzi
631550-132213,"Hålsjön",3-5206_Hålsjön_631550-132213b.tif,svar/zips/H_lsj_n/631550-132213-kartor/web/tiles-3-5206_Halsjon_631550-132213b.dzi
650993-127726,"Häresjön",3-4840_Häresjön_650993-127726.tif,svar/zips/H_resj_n/650993-127726-kartor/web/tiles-3-4840_Haresjon_650993-127726.dzi
624409-147579,"Hörnen",2-0660_Hörnen_624409-147579.tif,svar/zips/H_rnen/624409-147579-kartor/web/tiles-2-0660_Hornen_624409-147579.dzi
631720-132741,"Häradsjön",5-1020_Häradsjön_631720-132741.pdf,svar/zips/H_radsj_n/631720-132741-kartor/web/tiles-5-1020_Haradsjon_631720-132741.dzi
640711-148542,"Hörningen",3-3604_Hörningen_640711-148542.tif,svar/zips/H_rningen/640711-148542-kartor/web/tiles-3-3604_Horningen_640711-148542.dzi
632023-131345,"Härbillingen",3-5219_Härbillingen_632023-131345c.tif,svar/zips/H_rbillingen/632023-131345-kartor/web/tiles-3-5219_Harbillingen_632023-131345c.dzi
631550-132213,"Hålsjön",3-5206_Hålsjön_631550-132213c.tif,svar/zips/H_lsj_n/631550-132213-kartor/web/tiles-3-5206_Halsjon_631550-132213c.dzi
623607-146053,"Härsjön",2-0696_Härsjön_623607-146054.tif,svar/zips/H_rsj_n/623607-146053-kartor/web/tiles-2-0696_Harsjon_623607-146054.dzi
639445-127814,"Hårssjön",3-0913_Hårssjön_639445-127814.tif,svar/zips/H_rssj_n/639445-127814-kartor/web/tiles-3-0913_Harssjon_639445-127814.dzi
638770-130088,"Härsjön",3-1989_Härsjön_638770-130088.tif,svar/zips/H_rsj_n/638770-130088-kartor/web/tiles-3-1989_Harsjon_638770-130088.dzi
639944-145257,"Härstensbosjön",3-1809_Härstensbosjön_639944-145257.tif,svar/zips/H_rstensbosj_n/639944-145257-kartor/web/tiles-3-1809_Harstensbosjon_639944-145257.dzi
624514-136278,"Hårsjön",2-1035_Hårsjön_624514-136278.jpg,svar/zips/H_rsj_n/624514-136278-kartor/web/tiles-2-1035_Harsjon_624514-136278.dzi
635589-137323,"Hären",5-0023_Hären_635589-137323.pdf,svar/zips/H_ren/635589-137323-kartor/web/tiles-5-0023_Haren_635589-137323.dzi
632023-131345,"Härbillingen",3-5219_Härbillingen_632023-131345d.tif,svar/zips/H_rbillingen/632023-131345-kartor/web/tiles-3-5219_Harbillingen_632023-131345d.dzi
631550-132213,"Hålsjön",3-5206_Hålsjön_631550-132213d.tif,svar/zips/H_lsj_n/631550-132213-kartor/web/tiles-3-5206_Halsjon_631550-132213d.dzi
639512-147035,"Hörtingen",3-2918_Hörtingen_639512-147035.tif,svar/zips/H_rtingen/639512-147035-kartor/web/tiles-3-2918_Hortingen_639512-147035.dzi
643914-127698,"Härsvatten",3-0938_Härsvattensjön_643914-127698.tif,svar/zips/H_rsvatten/643914-127698-kartor/web/tiles-3-0938_Harsvattensjon_643914-127698.dzi
623051-146539,"Härstorpssjön",3-0787_Härstorpsjön_623051-146539.tif,svar/zips/H_rstorpssj_n/623051-146539-kartor/web/tiles-3-0787_Harstorpsjon_623051-146539.dzi
624514-136278,"Hårsjön",2-1035_Hårsjön_624514-136278.tif,svar/zips/H_rsj_n/624514-136278-kartor/web/tiles-2-1035_Harsjon_624514-136278.dzi
639944-145257,"Härstensbosjön",3-5290_Härstensbosjön_639944-145257.tif,svar/zips/H_rstensbosj_n/639944-145257-kartor/web/tiles-3-5290_Harstensbosjon_639944-145257.dzi
633104-136453,"Hösjön",2-0577_Hösjön_633104-136453a.tif,svar/zips/H_sj_n/633104-136453-kartor/web/tiles-2-0577_Hosjon_633104-136453a.dzi
634488-148816,"Hästasjö",3-3432_Hästasjö_634488-148816.tif,svar/zips/H_stasj_/634488-148816-kartor/web/tiles-3-3432_Hastasjo_634488-148816.dzi
632023-131345,"Härbillingen",3-6447_Härbillingen_632023-131345.jpg,svar/zips/H_rbillingen/632023-131345-kartor/web/tiles-3-6447_Harbillingen_632023-131345.dzi
638961-128839,"Hästasjön",3-1851_Hästasjön_638961-128839.tif,svar/zips/H_stasj_n/638961-128839-kartor/web/tiles-3-1851_Hastasjon_638961-128839.dzi
647235-151670,"Hövern",2-1064_Hövern_647235-151670a.jpg,svar/zips/H_vern/647235-151670-kartor/web/tiles-2-1064_Hovern_647235-151670a.dzi
640243-143249,"Hästsjön",3-4037_Hästsjön_640243-143249.tif,svar/zips/H_stsj_n/640243-143249-kartor/web/tiles-3-4037_Hastsjon_640243-143249.dzi
623051-146539,"Härstorpssjön",3-3411_Härstorpssjön_623051-146539.tif,svar/zips/H_rstorpssj_n/623051-146539-kartor/web/tiles-3-3411_Harstorpssjon_623051-146539.dzi
635445-137969,"Hästhultasjön",2-0420_Hästhultasjön_635445-137969.tif,svar/zips/H_sthultasj_n/635445-137969-kartor/web/tiles-2-0420_Hasthultasjon_635445-137969.dzi
635288-147521,"Idanäsasjön",3-2202_Idanäsasjön_635288-147521.tif,svar/zips/Idan_sasj_n/635288-147521-kartor/web/tiles-3-2202_Idanasasjon_635288-147521.dzi
632023-131345,"Härbillingen",3-6447_Härbillingen_632023-131345.tif,svar/zips/H_rbillingen/632023-131345-kartor/web/tiles-3-6447_Harbillingen_632023-131345.dzi
633104-136453,"Hösjön",2-0577_Hösjön_633104-136453b.tif,svar/zips/H_sj_n/633104-136453-kartor/web/tiles-2-0577_Hosjon_633104-136453b.dzi
647235-151670,"Hövern",2-1064_Hövern_647235-151670a.tif,svar/zips/H_vern/647235-151670-kartor/web/tiles-2-1064_Hovern_647235-151670a.dzi
629743-142681,"Igelsjön",2-0949_Igelsjön_629743-142681.jpg,svar/zips/Igelsj_n/629743-142681-kartor/web/tiles-2-0949_Igelsjon_629743-142681.dzi
637078-149070,"Igelsjön",3-2305_Igelsjön_637078-149070.tif,svar/zips/Igelsj_n/637078-149070-kartor/web/tiles-3-2305_Igelsjon_637078-149070.dzi
632412-149134,"Idesjö",3-6336_Idesjö_632412-149134.jpg,svar/zips/Idesj_/632412-149134-kartor/web/tiles-3-6336_Idesjo_632412-149134.dzi
635445-137969,"Hästhultasjön",5-0024_Hästhultasjön_635445-137969.pdf,svar/zips/H_sthultasj_n/635445-137969-kartor/web/tiles-5-0024_Hasthultasjon_635445-137969.dzi
651124-143469,"Iglafallssjön",3-6394_Iglafallssjön_651124-143469.jpg,svar/zips/Iglafallssj_n/651124-143469-kartor/web/tiles-3-6394_Iglafallssjon_651124-143469.dzi
632023-131345,"Härbillingen",5-1005_Härbillingen_632023-131345.pdf,svar/zips/H_rbillingen/632023-131345-kartor/web/tiles-5-1005_Harbillingen_632023-131345.dzi
633104-136453,"Hösjön",2-0577_Hösjön_633104-136453c.tif,svar/zips/H_sj_n/633104-136453-kartor/web/tiles-2-0577_Hosjon_633104-136453c.dzi
647235-151670,"Hövern",2-1064_Hövern_647235-151670b.jpg,svar/zips/H_vern/647235-151670-kartor/web/tiles-2-1064_Hovern_647235-151670b.dzi
628426-133309,"Iglasjön",3-4691_Iglasjön_628426-133309.tif,svar/zips/Iglasj_n/628426-133309-kartor/web/tiles-3-4691_Iglasjon_628426-133309.dzi
629743-142681,"Igelsjön",2-0949_Igelsjön_629743-142681.tif,svar/zips/Igelsj_n/629743-142681-kartor/web/tiles-2-0949_Igelsjon_629743-142681.dzi
632412-149134,"Idesjö",3-6336_Idesjö_632412-149134.tif,svar/zips/Idesj_/632412-149134-kartor/web/tiles-3-6336_Idesjo_632412-149134.dzi
634291-129532,"Iglasjön",3-2842_Iglasjön_634291-129532.tif,svar/zips/Iglasj_n/634291-129532-kartor/web/tiles-3-2842_Iglasjon_634291-129532.dzi
624894-150133,"Iglasjön",2-1102_Iglasjön_624894-150133.jpg,svar/zips/Iglasj_n/624894-150133-kartor/web/tiles-2-1102_Iglasjon_624894-150133.dzi
638669-128748,"Iglatjärn",3-1849_Iglatjärn_638669-128748.tif,svar/zips/Iglatj_rn/638669-128748-kartor/web/tiles-3-1849_Iglatjarn_638669-128748.dzi
651124-143469,"Iglafallssjön",3-6394_Iglafallssjön_651124-143469.tif,svar/zips/Iglafallssj_n/651124-143469-kartor/web/tiles-3-6394_Iglafallssjon_651124-143469.dzi
647235-151670,"Hövern",2-1064_Hövern_647235-151670b.tif,svar/zips/H_vern/647235-151670-kartor/web/tiles-2-1064_Hovern_647235-151670b.dzi
634609-135507,"Ilasjön",3-2080_Ilasjön_634609-135507.tif,svar/zips/Ilasj_n/634609-135507-kartor/web/tiles-3-2080_Ilasjon_634609-135507.dzi
628426-133309,"Iglasjön",3-6548_Iglasjön_628426-133309.jpg,svar/zips/Iglasj_n/628426-133309-kartor/web/tiles-3-6548_Iglasjon_628426-133309.dzi
643167-145299,"Illern",3-2599_Illern_643167-145299.tif,svar/zips/Illern/643167-145299-kartor/web/tiles-3-2599_Illern_643167-145299.dzi
636541-151446,"Illern",3-3754_Illern_636541-151446a.tif,svar/zips/Illern/636541-151446-kartor/web/tiles-3-3754_Illern_636541-151446a.dzi
624894-150133,"Iglasjön",2-1102_Iglasjön_624894-150133.tif,svar/zips/Iglasj_n/624894-150133-kartor/web/tiles-2-1102_Iglasjon_624894-150133.dzi
624180-141251,"Immeln",1-0133_Immeln_624180-141251.tif,svar/zips/Immeln/624180-141251-kartor/web/tiles-1-0133_Immeln_624180-141251.dzi
638458-145177,"Ingarpasjön",3-2581_Ingarpsjön_638458-145177.tif,svar/zips/Ingarpasj_n/638458-145177-kartor/web/tiles-3-2581_Ingarpsjon_638458-145177.dzi
628426-133309,"Iglasjön",3-6548_Iglasjön_628426-133309.tif,svar/zips/Iglasj_n/628426-133309-kartor/web/tiles-3-6548_Iglasjon_628426-133309.dzi
624894-150133,"Iglasjön",3-3856_Iglasjön_624894-150133a.tif,svar/zips/Iglasj_n/624894-150133-kartor/web/tiles-3-3856_Iglasjon_624894-150133a.dzi
624180-141251,"Immeln",2-0833_Immeln_624180-141251a.tif,svar/zips/Immeln/624180-141251-kartor/web/tiles-2-0833_Immeln_624180-141251a.dzi
639022-147631,"Ingatorpasjön",3-2919_Ingatorpasjön_639022-147631.tif,svar/zips/Ingatorpasj_n/639022-147631-kartor/web/tiles-3-2919_Ingatorpasjon_639022-147631.dzi
635132-151419,"Ingebosjön",2-0335_Ingebosjön_635132-151419.tif,svar/zips/Ingebosj_n/635132-151419-kartor/web/tiles-2-0335_Ingebosjon_635132-151419.dzi
636118-135902,"Illeråsasjön",3-5738_Illeråsasjön_636118-135902.tif,svar/zips/Iller_sasj_n/636118-135902-kartor/web/tiles-3-5738_Illerasasjon_636118-135902.dzi
642964-126794,"Ingetorps Sjö",3-1530_Ingetorps sjö_642964-126794.tif,svar/zips/Ingetorps_Sj_/642964-126794-kartor/web/tiles-3-1530_Ingetorps_sjo_642964-126794.dzi
624894-150133,"Iglasjön",3-3856_Iglasjön_624894-150133b.tif,svar/zips/Iglasj_n/624894-150133-kartor/web/tiles-3-3856_Iglasjon_624894-150133b.dzi
639242-143433,"Ingsbergssjön",3-1798_Ingsbergssjön_639242-143433.tif,svar/zips/Ingsbergssj_n/639242-143433-kartor/web/tiles-3-1798_Ingsbergssjon_639242-143433.dzi
624180-141251,"Immeln",2-0833_Immeln_624180-141251b.tif,svar/zips/Immeln/624180-141251-kartor/web/tiles-2-0833_Immeln_624180-141251b.dzi
631978-144393,"Innaren",0-0103_Innaren_631978-144393.tif,svar/zips/Innaren/631978-144393-kartor/web/tiles-0-0103_Innaren_631978-144393.dzi
642415-128482,"Ingelkärr",3-4734_Ingelkärr_642415-128482.tif,svar/zips/Ingelk_rr/642415-128482-kartor/web/tiles-3-4734_Ingelkarr_642415-128482.dzi
637229-152919,"Issjön",2-0332_Issjön_637229-152919.tif,svar/zips/Issj_n/637229-152919-kartor/web/tiles-2-0332_Issjon_637229-152919.dzi
650453-125769,"Islandssjön",3-3095_Islandsjön_650453-125769.tif,svar/zips/Islandssj_n/650453-125769-kartor/web/tiles-3-3095_Islandsjon_650453-125769.dzi
636118-135902,"Illeråsasjön",5-1046_Illeråsasjön_636118-135902.pdf,svar/zips/Iller_sasj_n/636118-135902-kartor/web/tiles-5-1046_Illerasasjon_636118-135902.dzi
624180-141251,"Immeln",3-0812_Immeln_624180-141251.tif,svar/zips/Immeln/624180-141251-kartor/web/tiles-3-0812_Immeln_624180-141251.dzi
621669-141629,"Ivösjön",3-0813_Ivösjön_621669-141629.tif,svar/zips/Iv_sj_n/621669-141629-kartor/web/tiles-3-0813_Ivosjon_621669-141629.dzi
653964-129266,"Iväg",3-1131_Iväg_653964-129266.tif,svar/zips/Iv_g/653964-129266-kartor/web/tiles-3-1131_Ivag_653964-129266.dzi
646448-128017,"Ivarsbosjön",3-1548_Ivarsbosjön_646448-128017.tif,svar/zips/Ivarsbosj_n/646448-128017-kartor/web/tiles-3-1548_Ivarsbosjon_646448-128017.dzi
637229-152919,"Issjön",3-1940_Issjön_637229-152919.tif,svar/zips/Issj_n/637229-152919-kartor/web/tiles-3-1940_Issjon_637229-152919.dzi
641982-137203,"Jogen",3-1460_Jogen_641982-137203.tif,svar/zips/Jogen/641982-137203-kartor/web/tiles-3-1460_Jogen_641982-137203.dzi
632525-134351,"Jansbergssjön",2-1030_Jansbergssjön_632525-134351.jpg,svar/zips/Jansbergssj_n/632525-134351-kartor/web/tiles-2-1030_Jansbergssjon_632525-134351.dzi
621669-141629,"Ivösjön",3-0814_Ivösjön_621669-141629.tif,svar/zips/Iv_sj_n/621669-141629-kartor/web/tiles-3-0814_Ivosjon_621669-141629.dzi
641037-151220,"Juttersbogöl",3-3617_Juttersbogöl_641037-151220.tif,svar/zips/Juttersbog_l/641037-151220-kartor/web/tiles-3-3617_Juttersbogol_641037-151220.dzi
646448-128017,"Ivarsbosjön",3-3533_Ivarsbosjön_646448-128017.tif,svar/zips/Ivarsbosj_n/646448-128017-kartor/web/tiles-3-3533_Ivarsbosjon_646448-128017.dzi
641982-137203,"Jogen",3-4785_Jogen_641982-137203.tif,svar/zips/Jogen/641982-137203-kartor/web/tiles-3-4785_Jogen_641982-137203.dzi
633793-147699,"Juven",3-0757_Juven_633793-147699.jpg,svar/zips/Juven/633793-147699-kartor/web/tiles-3-0757_Juven_633793-147699.dzi
637632-138580,"Juddesjö",3-4290_Juddesjö_637632-138580.tif,svar/zips/Juddesj_/637632-138580-kartor/web/tiles-3-4290_Juddesjo_637632-138580.dzi
632525-134351,"Jansbergssjön",2-1030_Jansbergssjön_632525-134351.tif,svar/zips/Jansbergssj_n/632525-134351-kartor/web/tiles-2-1030_Jansbergssjon_632525-134351.dzi
632375-135738,"Jällunden",3-6598_Jällunden_632375-135738.jpg,svar/zips/J_llunden/632375-135738-kartor/web/tiles-3-6598_Jallunden_632375-135738.dzi
621669-141629,"Ivösjön",3-1979_Ivösjön_621669-141629.tif,svar/zips/Iv_sj_n/621669-141629-kartor/web/tiles-3-1979_Ivosjon_621669-141629.dzi
633793-147699,"Juven",3-0757_Juven_633793-147699.tif,svar/zips/Juven/633793-147699-kartor/web/tiles-3-0757_Juven_633793-147699.dzi
636528-154063,"Jämsen",1-0244_Jämsen_636528-154063.tif,svar/zips/J_msen/636528-154063-kartor/web/tiles-1-0244_Jamsen_636528-154063.dzi
634873-140263,"Jönnen",3-6375_Jönnen_634873-140263.jpg,svar/zips/J_nnen/634873-140263-kartor/web/tiles-3-6375_Jonnen_634873-140263.dzi
636472-148783,"Järnsjön",3-2866_Järnsjön_636472-148783.tif,svar/zips/J_rnsj_n/636472-148783-kartor/web/tiles-3-2866_Jarnsjon_636472-148783.dzi
632525-134351,"Jansbergssjön",3-4896_Jansbergssjön_632525-134351.tif,svar/zips/Jansbergssj_n/632525-134351-kartor/web/tiles-3-4896_Jansbergssjon_632525-134351.dzi
632375-135738,"Jällunden",3-6598_Jällunden_632375-135738.tif,svar/zips/J_llunden/632375-135738-kartor/web/tiles-3-6598_Jallunden_632375-135738.dzi
634873-140263,"Jönnen",3-6375_Jönnen_634873-140263.tif,svar/zips/J_nnen/634873-140263-kartor/web/tiles-3-6375_Jonnen_634873-140263.dzi
635967-131940,"Järvasjön",3-4770_Järvasjön_635967-131940.tif,svar/zips/J_rvasj_n/635967-131940-kartor/web/tiles-3-4770_Jarvasjon_635967-131940.dzi
641400-149966,"Juttern",2-0373_Juttern_641400-149966.tif,svar/zips/Juttern/641400-149966-kartor/web/tiles-2-0373_Juttern_641400-149966.dzi
635144-144059,"Kallsjön",2-0295_Kallsjön_635144-144059.tif,svar/zips/Kallsj_n/635144-144059-kartor/web/tiles-2-0295_Kallsjon_635144-144059.dzi
643237-129753,"Jättesjön",3-1035_Jättesjön_643237-129753.tif,svar/zips/J_ttesj_n/643237-129753-kartor/web/tiles-3-1035_Jattesjon_643237-129753.dzi
651519-129667,"Kabbosjön",3-1103_Kabbosjön_651519-129667.tif,svar/zips/Kabbosj_n/651519-129667-kartor/web/tiles-3-1103_Kabbosjon_651519-129667.dzi
625584-145661,"Kalven",3-3173_Kalven_625584-145661.tif,svar/zips/Kalven/625584-145661-kartor/web/tiles-3-3173_Kalven_625584-145661.dzi
639240-129286,"Kalven",3-1857_Kalven_639240-129286.tif,svar/zips/Kalven/639240-129286-kartor/web/tiles-3-1857_Kalven_639240-129286.dzi
643224-143726,"Kalven",3-2600_Kalven_643224-143726.tif,svar/zips/Kalven/643224-143726-kartor/web/tiles-3-2600_Kalven_643224-143726.dzi
633385-130229,"Kalvsjön",3-2244_Kalvsjön_633385-130229a.tif,svar/zips/Kalvsj_n/633385-130229-kartor/web/tiles-3-2244_Kalvsjon_633385-130229a.dzi
632375-135738,"Jällunden",3-6599_Jällunden_632375-135738.jpg,svar/zips/J_llunden/632375-135738-kartor/web/tiles-3-6599_Jallunden_632375-135738.dzi
634991-133494,"Kalvsjön",2-0191_Kalvsjön_634991-133494.tif,svar/zips/Kalvsj_n/634991-133494-kartor/web/tiles-2-0191_Kalvsjon_634991-133494.dzi
633990-141198,"Kalvsjön",2-0963_Kalvsjön_633990-141198.jpg,svar/zips/Kalvsj_n/633990-141198-kartor/web/tiles-2-0963_Kalvsjon_633990-141198.dzi
638136-154473,"Kalvsjön",1-0245_Kalvsjön_638136-154473.tif,svar/zips/Kalvsj_n/638136-154473-kartor/web/tiles-1-0245_Kalvsjon_638136-154473.dzi
641472-151426,"Kalvsjön",3-3634_Kalvsjön_641472-151426.tif,svar/zips/Kalvsj_n/641472-151426-kartor/web/tiles-3-3634_Kalvsjon_641472-151426.dzi
626958-134105,"Kankesjön",3-0839_Kankesjön_626958-134105.tif,svar/zips/Kankesj_n/626958-134105-kartor/web/tiles-3-0839_Kankesjon_626958-134105.dzi
633385-130229,"Kalvsjön",3-2244_Kalvsjön_633385-130229b.tif,svar/zips/Kalvsj_n/633385-130229-kartor/web/tiles-3-2244_Kalvsjon_633385-130229b.dzi
632375-135738,"Jällunden",3-6599_Jällunden_632375-135738.tif,svar/zips/J_llunden/632375-135738-kartor/web/tiles-3-6599_Jallunden_632375-135738.dzi
639774-153341,"Kannsjön",3-3390_Kannsjön_639774-153341.tif,svar/zips/Kannsj_n/639774-153341-kartor/web/tiles-3-3390_Kannsjon_639774-153341.dzi
625288-147128,"Kansjön",3-2850_Kansjön_625288-147128.tif,svar/zips/Kansj_n/625288-147128-kartor/web/tiles-3-2850_Kansjon_625288-147128.dzi
625250-147118,"Kansjögölen",3-2851_Kansjögölen_625250-147118.tif,svar/zips/Kansj_g_len/625250-147118-kartor/web/tiles-3-2851_Kansjogolen_625250-147118.dzi
639170-142371,"Kansjön",3-1697_Kansjön_639170-142371.tif,svar/zips/Kansj_n/639170-142371-kartor/web/tiles-3-1697_Kansjon_639170-142371.dzi
633990-141198,"Kalvsjön",2-0963_Kalvsjön_633990-141198.tif,svar/zips/Kalvsj_n/633990-141198-kartor/web/tiles-2-0963_Kalvsjon_633990-141198.dzi
624053-147062,"Kanterydgölen",3-2821_Kanterydsgölen_624053-147062.tif,svar/zips/Kanterydg_len/624053-147062-kartor/web/tiles-3-2821_Kanterydsgolen_624053-147062.dzi
636997-133114,"Karken",3-4878_Karken_636997-133114.tif,svar/zips/Karken/636997-133114-kartor/web/tiles-3-4878_Karken_636997-133114.dzi
635978-146903,"Karlsjösjön",3-3334_Karlsjösjön_635978-146903.tif,svar/zips/Karlsj_sj_n/635978-146903-kartor/web/tiles-3-3334_Karlsjosjon_635978-146903.dzi
635248-135732,"Karshultasjön",3-4583_Karshultasjön_635248-135732.tif,svar/zips/Karshultasj_n/635248-135732-kartor/web/tiles-3-4583_Karshultasjon_635248-135732.dzi
634282-132160,"Kalvsjön",3-5221_Kalvsjön_634282-132160a.tif,svar/zips/Kalvsj_n/634282-132160-kartor/web/tiles-3-5221_Kalvsjon_634282-132160a.dzi
634624-145143,"Karsjön",3-3944_Karsjön_634624-145143.tif,svar/zips/Karsj_n/634624-145143-kartor/web/tiles-3-3944_Karsjon_634624-145143.dzi
635687-146803,"Karsnäsasjön",3-3335_Karsnäsasjön_635687-146803.tif,svar/zips/Karsn_sasj_n/635687-146803-kartor/web/tiles-3-3335_Karsnasasjon_635687-146803.dzi
647908-138624,"Karstorpasjön",3-2162_Karstorpasjön_647908-138624.tif,svar/zips/Karstorpasj_n/647908-138624-kartor/web/tiles-3-2162_Karstorpasjon_647908-138624.dzi
639170-142371,"Kansjön",3-3874_Kansjö_639170-142371a.tif,svar/zips/Kansj_n/639170-142371-kartor/web/tiles-3-3874_Kansjo_639170-142371a.dzi
651611-126121,"Kasebosjön",3-1948_Kasebosjön_651611-126121.tif,svar/zips/Kasebosj_n/651611-126121-kartor/web/tiles-3-1948_Kasebosjon_651611-126121.dzi
633640-138766,"Kassasjön",2-1019_Kassasjön_633640-138766.jpg,svar/zips/Kassasj_n/633640-138766-kartor/web/tiles-2-1019_Kassasjon_633640-138766.dzi
634282-132160,"Kalvsjön",3-5221_Kalvsjön_634282-132160b.tif,svar/zips/Kalvsj_n/634282-132160-kartor/web/tiles-3-5221_Kalvsjon_634282-132160b.dzi
635604-132790,"Kattarpa Sjö",3-6636_Kattarpa sjö_635604-132790.jpg,svar/zips/Kattarpa_Sj_/635604-132790-kartor/web/tiles-3-6636_Kattarpa_sjo_635604-132790.dzi
649238-126443,"Kikerudssjön",3-2564_Kikerudssjön_649238-126443.tif,svar/zips/Kikerudssj_n/649238-126443-kartor/web/tiles-3-2564_Kikerudssjon_649238-126443.dzi
633118-149056,"Kiasjön",5-0439_Kiasjön_633118-149056a.tif,svar/zips/Kiasj_n/633118-149056-kartor/web/tiles-5-0439_Kiasjon_633118-149056a.dzi
639170-142371,"Kansjön",3-3874_Kansjö_639170-142371b.tif,svar/zips/Kansj_n/639170-142371-kartor/web/tiles-3-3874_Kansjo_639170-142371b.dzi
646077-146961,"Kilarpesjön",3-0723_Kilarpesjön_646077-146961.tif,svar/zips/Kilarpesj_n/646077-146961-kartor/web/tiles-3-0723_Kilarpesjon_646077-146961.dzi
634282-132160,"Kalvsjön",3-5221_Kalvsjön_634282-132160c.tif,svar/zips/Kalvsj_n/634282-132160-kartor/web/tiles-3-5221_Kalvsjon_634282-132160c.dzi
633640-138766,"Kassasjön",2-1019_Kassasjön_633640-138766.tif,svar/zips/Kassasj_n/633640-138766-kartor/web/tiles-2-1019_Kassasjon_633640-138766.dzi
635604-132790,"Kattarpa Sjö",3-6636_Kattarpa sjö_635604-132790.tif,svar/zips/Kattarpa_Sj_/635604-132790-kartor/web/tiles-3-6636_Kattarpa_sjo_635604-132790.dzi
634003-131190,"Kinnasjö",3-5227_Kinnasjö_634003-131190a.tif,svar/zips/Kinnasj_/634003-131190-kartor/web/tiles-3-5227_Kinnasjo_634003-131190a.dzi
639197-151249,"Kilen",3-3624_Kilen_639197-151249.tif,svar/zips/Kilen/639197-151249-kartor/web/tiles-3-3624_Kilen_639197-151249.dzi
633118-149056,"Kiasjön",5-0439_Kiasjön_633118-149056b.tif,svar/zips/Kiasj_n/633118-149056-kartor/web/tiles-5-0439_Kiasjon_633118-149056b.dzi
626240-146544,"Kinnen",3-4703_Kinnen_626240-146544.tif,svar/zips/Kinnen/626240-146544-kartor/web/tiles-3-4703_Kinnen_626240-146544.dzi
638147-142329,"Klappasjön",3-3402_Klappasjön_638147-142329.tif,svar/zips/Klappasj_n/638147-142329-kartor/web/tiles-3-3402_Klappasjon_638147-142329.dzi
649355-124619,"Kisteröd Vatten",3-4203_Kisteröd vatten_649355-124619.tif,svar/zips/Kister_d_Vatten/649355-124619-kartor/web/tiles-3-4203_Kisterod_vatten_649355-124619.dzi
635736-131583,"Kinnasjö",3-4771_Kinnasjö_635736-131583.tif,svar/zips/Kinnasj_/635736-131583-kartor/web/tiles-3-4771_Kinnasjo_635736-131583.dzi
648090-127036,"Klaren",3-3020_Klaren_648090-127036a.tif,svar/zips/Klaren/648090-127036-kartor/web/tiles-3-3020_Klaren_648090-127036a.dzi
627733-149658,"Klenemålagölen",3-3867_Klenemålagölen_627733-149658a.tif,svar/zips/Klenem_lag_len/627733-149658-kartor/web/tiles-3-3867_Klenemalagolen_627733-149658a.dzi
634003-131190,"Kinnasjö",3-5227_Kinnasjö_634003-131190b.tif,svar/zips/Kinnasj_/634003-131190-kartor/web/tiles-3-5227_Kinnasjo_634003-131190b.dzi
632600-150926,"Kleven",3-2362_Kleven_632600-150926a.tif,svar/zips/Kleven/632600-150926-kartor/web/tiles-3-2362_Kleven_632600-150926a.dzi
637133-141611,"Klingsjön",3-4015_Klingsjön_637133-141611.tif,svar/zips/Klingsj_n/637133-141611-kartor/web/tiles-3-4015_Klingsjon_637133-141611.dzi
645845-144265,"Klintasjön",3-3681_Klintasjön_645845-144265.tif,svar/zips/Klintasj_n/645845-144265-kartor/web/tiles-3-3681_Klintasjon_645845-144265.dzi
637462-145818,"Klintedammen",3-3336_Klintedammen_637462-145818.tif,svar/zips/Klintedammen/637462-145818-kartor/web/tiles-3-3336_Klintedammen_637462-145818.dzi
652410-126462,"Klevvattnet",3-1737_Klevvattnet_652410-126462.tif,svar/zips/Klevvattnet/652410-126462-kartor/web/tiles-3-1737_Klevvattnet_652410-126462.dzi
627733-149658,"Klenemålagölen",3-3867_Klenemålagölen_627733-149658b.tif,svar/zips/Klenem_lag_len/627733-149658-kartor/web/tiles-3-3867_Klenemalagolen_627733-149658b.dzi
648090-127036,"Klaren",3-3020_Klaren_648090-127036b.tif,svar/zips/Klaren/648090-127036-kartor/web/tiles-3-3020_Klaren_648090-127036b.dzi
634003-131190,"Kinnasjö",3-5227_Kinnasjö_634003-131190c.tif,svar/zips/Kinnasj_/634003-131190-kartor/web/tiles-3-5227_Kinnasjo_634003-131190c.dzi
634240-150319,"Klobosjön",3-3808_Klobosjön_634240-150319a.tif,svar/zips/Klobosj_n/634240-150319-kartor/web/tiles-3-3808_Klobosjon_634240-150319a.dzi
634160-144871,"Klockesjön",2-0288_Klockesjön_634160-144871.tif,svar/zips/Klockesj_n/634160-144871-kartor/web/tiles-2-0288_Klockesjon_634160-144871.dzi
633437-143286,"Klintsjön",3-1696_Klintsjön_633437-143286.tif,svar/zips/Klintsj_n/633437-143286-kartor/web/tiles-3-1696_Klintsjon_633437-143286.dzi
634119-152099,"Klogöl",5-0428_Klogöl_634119-152099.tif,svar/zips/Klog_l/634119-152099-kartor/web/tiles-5-0428_Klogol_634119-152099.dzi
632600-150926,"Kleven",3-2362_Kleven_632600-150926b.tif,svar/zips/Kleven/632600-150926-kartor/web/tiles-3-2362_Kleven_632600-150926b.dzi
636930-137344,"Klosjön",3-6292_Klosjön_636930-137344.tif,svar/zips/Klosj_n/636930-137344-kartor/web/tiles-3-6292_Klosjon_636930-137344.dzi
643211-127716,"Klovatten",3-0980_Klovatten_643211-127716.tif,svar/zips/Klovatten/643211-127716-kartor/web/tiles-3-0980_Klovatten_643211-127716.dzi
634240-150319,"Klobosjön",3-3808_Klobosjön_634240-150319b.tif,svar/zips/Klobosj_n/634240-150319-kartor/web/tiles-3-3808_Klobosjon_634240-150319b.dzi
655187-158633,"Klämmingen",3-0709_Klämmingen_655187-158633.tif,svar/zips/Kl_mmingen/655187-158633-kartor/web/tiles-3-0709_Klammingen_655187-158633.dzi
615544-134291,"Klosterviken",1-0135_Klosterviken_615544-134291.tif,svar/zips/Klosterviken/615544-134291-kartor/web/tiles-1-0135_Klosterviken_615544-134291.dzi
634003-131190,"Kinnasjö",3-5227_Kinnasjö_634003-131190d.tif,svar/zips/Kinnasj_/634003-131190-kartor/web/tiles-3-5227_Kinnasjo_634003-131190d.dzi
654689-130806,"Knarrbysjön",3-1175a_Knarrbysjön_654689-130806.tif,svar/zips/Knarrbysj_n/654689-130806-kartor/web/tiles-3-1175a_Knarrbysjon_654689-130806.dzi
640429-129919,"Klåddetjärn",3-0984_Klåddetjärn_640429-129919.tif,svar/zips/Kl_ddetj_rn/640429-129919-kartor/web/tiles-3-0984_Kladdetjarn_640429-129919.dzi
625099-141544,"Klynnsjön",3-2635_Klynnsjön_625099-141544.tif,svar/zips/Klynnsj_n/625099-141544-kartor/web/tiles-3-2635_Klynnsjon_625099-141544.dzi
636531-141470,"Knavramålasjön",3-5542_Knavramålasjön_636531-141470.tif,svar/zips/Knavram_lasj_n/636531-141470-kartor/web/tiles-3-5542_Knavramalasjon_636531-141470.dzi
642528-138795,"Knipesjön",3-0724_Knipsjön_642528-138795.tif,svar/zips/Knipesj_n/642528-138795-kartor/web/tiles-3-0724_Knipsjon_642528-138795.dzi
628458-133118,"Knorrasjön",3-5087_Knorrasjön_628458-133118.tif,svar/zips/Knorrasj_n/628458-133118-kartor/web/tiles-3-5087_Knorrasjon_628458-133118.dzi
634003-131190,"Kinnasjö",3-6398_Kinnasjö_634003-131190.tif,svar/zips/Kinnasj_/634003-131190-kartor/web/tiles-3-6398_Kinnasjo_634003-131190.dzi
634990-146556,"Knottorpasjön",3-3337_Knottopasjön_634990-146556.tif,svar/zips/Knottorpasj_n/634990-146556-kartor/web/tiles-3-3337_Knottopasjon_634990-146556.dzi
631164-131567,"Knobesholmssjön",3-5229_Knobesholmssjön_631164-131567.tif,svar/zips/Knobesholmssj_n/631164-131567-kartor/web/tiles-3-5229_Knobesholmssjon_631164-131567.dzi
640813-152736,"Kogaren",3-1936_Kogaren_640813-152736.tif,svar/zips/Kogaren/640813-152736-kartor/web/tiles-3-1936_Kogaren_640813-152736.dzi
629880-135351,"Knutsnabben",1-0136_Knutsnabben_629880-135351.tif,svar/zips/Knutsnabben/629880-135351-kartor/web/tiles-1-0136_Knutsnabben_629880-135351.dzi
654689-130806,"Knarrbysjön",3-1175b_Knarrbysjön_654689-130806.tif,svar/zips/Knarrbysj_n/654689-130806-kartor/web/tiles-3-1175b_Knarrbysjon_654689-130806.dzi
638137-138734,"Kogöl",3-5487_Kogöl_638137-138734.tif,svar/zips/Kog_l/638137-138734-kartor/web/tiles-3-5487_Kogol_638137-138734.dzi
642528-138795,"Knipesjön",3-2580_Knipesjön_642528-138795.tif,svar/zips/Knipesj_n/642528-138795-kartor/web/tiles-3-2580_Knipesjon_642528-138795.dzi
634003-131190,"Kinnasjö",5-1008_Kinnasjö_634003-131190.pdf,svar/zips/Kinnasj_/634003-131190-kartor/web/tiles-5-1008_Kinnasjo_634003-131190.dzi
637296-138495,"Kolasjön",3-5336_Kolasjön_637296-138495a.tif,svar/zips/Kolasj_n/637296-138495-kartor/web/tiles-3-5336_Kolasjon_637296-138495a.dzi
638143-139476,"Kolasjön",3-4577_Kolasjön_638143-139476.tif,svar/zips/Kolasj_n/638143-139476-kartor/web/tiles-3-4577_Kolasjon_638143-139476.dzi
655496-123536,"Kolbovattnet",3-2167_Kolbovattnet_655496-123536.tif,svar/zips/Kolbovattnet/655496-123536-kartor/web/tiles-3-2167_Kolbovattnet_655496-123536.dzi
646448-127280,"Kolbengtserödsjön",3-1532_Kolbengtserödssjön_646448-127280a.tif,svar/zips/Kolbengtser_dsj_n/646448-127280-kartor/web/tiles-3-1532_Kolbengtserodssjon_646448-127280a.dzi
642528-138795,"Knipesjön",5-0026_Knipesjön_642528-138795.pdf,svar/zips/Knipesj_n/642528-138795-kartor/web/tiles-5-0026_Knipesjon_642528-138795.dzi
654689-130806,"Knarrbysjön",3-1180_Knarrbysjön_654689-130806.tif,svar/zips/Knarrbysj_n/654689-130806-kartor/web/tiles-3-1180_Knarrbysjon_654689-130806.dzi
637213-146343,"Kolbrånasjön",3-3943_Kolbrånasjön_637213-146343.tif,svar/zips/Kolbr_nasj_n/637213-146343-kartor/web/tiles-3-3943_Kolbranasjon_637213-146343.dzi
633643-150557,"Kolsjön",3-3783_Kolsjön_633643-150557a.tif,svar/zips/Kolsj_n/633643-150557-kartor/web/tiles-3-3783_Kolsjon_633643-150557a.dzi
640809-129299,"Kollsjön",3-1047_Kollsjön_640809-129299.tif,svar/zips/Kollsj_n/640809-129299-kartor/web/tiles-3-1047_Kollsjon_640809-129299.dzi
645627-126202,"Kollungeröd Vatten",3-4250_Kollungeröd vatten_645627-126202.tif,svar/zips/Kollunger_d_Vatten/645627-126202-kartor/web/tiles-3-4250_Kollungerod_vatten_645627-126202.dzi
637296-138495,"Kolasjön",3-5336_Kolasjön_637296-138495b.tif,svar/zips/Kolasj_n/637296-138495-kartor/web/tiles-3-5336_Kolasjon_637296-138495b.dzi
646448-127280,"Kolbengtserödsjön",3-1532_Kolbengtserödssjön_646448-127280b.tif,svar/zips/Kolbengtser_dsj_n/646448-127280-kartor/web/tiles-3-1532_Kolbengtserodssjon_646448-127280b.dzi
635404-145627,"Kolsjön",3-3338_Kolsjön_635404-145627.tif,svar/zips/Kolsj_n/635404-145627-kartor/web/tiles-3-3338_Kolsjon_635404-145627.dzi
637699-148258,"Kolsjön",3-3563_Kolsjön_637699-148258.tif,svar/zips/Kolsj_n/637699-148258-kartor/web/tiles-3-3563_Kolsjon_637699-148258.dzi
645857-144433,"Kolsjön",3-3682_Kolsjön_645857-144433.tif,svar/zips/Kolsj_n/645857-144433-kartor/web/tiles-3-3682_Kolsjon_645857-144433.dzi
652030-144209,"Kolsjön",2-0971_Kolsjön_652030-144209.tif,svar/zips/Kolsj_n/652030-144209-kartor/web/tiles-2-0971_Kolsjon_652030-144209.dzi
637296-138495,"Kolasjön",5-0027_Kolasjön_637296-138495.pdf,svar/zips/Kolasj_n/637296-138495-kartor/web/tiles-5-0027_Kolasjon_637296-138495.dzi
654601-151038,"Kolsnaren",0-0057_Kolsnaren_654601-151038.tif,svar/zips/Kolsnaren/654601-151038-kartor/web/tiles-0-0057_Kolsnaren_654601-151038.dzi
646448-127280,"Kolbengtserödsjön",3-1533_Kolbengtserödssjön_646448-127280.tif,svar/zips/Kolbengtser_dsj_n/646448-127280-kartor/web/tiles-3-1533_Kolbengtserodssjon_646448-127280.dzi
633643-150557,"Kolsjön",3-3783_Kolsjön_633643-150557b.tif,svar/zips/Kolsj_n/633643-150557-kartor/web/tiles-3-3783_Kolsjon_633643-150557b.dzi
650313-125142,"Kolstorpevattnet",3-2557_Kolstorpevattnet_650313-125142.tif,svar/zips/Kolstorpevattnet/650313-125142-kartor/web/tiles-3-2557_Kolstorpevattnet_650313-125142.dzi
643970-127462,"Koltjärn",3-4189_Koltjärn_643970-127462.tif,svar/zips/Koltj_rn/643970-127462-kartor/web/tiles-3-4189_Koltjarn_643970-127462.dzi
651327-130176,"Kolungen",3-4809_Kolungen_651327-130176.tif,svar/zips/Kolungen/651327-130176-kartor/web/tiles-3-4809_Kolungen_651327-130176.dzi
648354-126678,"Kopparkitteln",3-2012_Kopparkitteln_648354-126678a.tif,svar/zips/Kopparkitteln/648354-126678-kartor/web/tiles-3-2012_Kopparkitteln_648354-126678a.dzi
636533-136375,"Kolvåsasjön",3-4584_Kolvåsasjön_636533-136375.tif,svar/zips/Kolv_sasj_n/636533-136375-kartor/web/tiles-3-4584_Kolvasasjon_636533-136375.dzi
625750-147542,"Koppersjön",3-5560_Koppersjön_625750-147542.tif,svar/zips/Koppersj_n/625750-147542-kartor/web/tiles-3-5560_Koppersjon_625750-147542.dzi
652182-147337,"Korgen",3-2990_Korgen_652182-147337.tif,svar/zips/Korgen/652182-147337-kartor/web/tiles-3-2990_Korgen_652182-147337.dzi
646448-127280,"Kolbengtserödsjön",3-3470_Kolbengtserödsjön_646448-127280.tif,svar/zips/Kolbengtser_dsj_n/646448-127280-kartor/web/tiles-3-3470_Kolbengtserodsjon_646448-127280.dzi
643652-127570,"Korsvatten",3-1534_Korsvatten_643652-127570.tif,svar/zips/Korsvatten/643652-127570-kartor/web/tiles-3-1534_Korsvatten_643652-127570.dzi
653674-125807,"Korungerödtjärn",3-2497_Korungerödtjärn_653674-125807.tif,svar/zips/Korunger_dtj_rn/653674-125807-kartor/web/tiles-3-2497_Korungerodtjarn_653674-125807.dzi
648354-126678,"Kopparkitteln",3-2012_Kopparkitteln_648354-126678b.tif,svar/zips/Kopparkitteln/648354-126678-kartor/web/tiles-3-2012_Kopparkitteln_648354-126678b.dzi
636005-130988,"Korstjärn",3-3550_Korstjärn_636005-130988.tif,svar/zips/Korstj_rn/636005-130988-kartor/web/tiles-3-3550_Korstjarn_636005-130988.dzi
633639-135937,"Kosjön",3-2511_Kosjön_633639-135937.tif,svar/zips/Kosj_n/633639-135937-kartor/web/tiles-3-2511_Kosjon_633639-135937.dzi
636884-137684,"Kramphultasjön",3-2545_Kramphultasjön_636884-137684.tif,svar/zips/Kramphultasj_n/636884-137684-kartor/web/tiles-3-2545_Kramphultasjon_636884-137684.dzi
615375-137087,"Krageholmssjön",2-0168_Krageholmssjön_615375-137087.tif,svar/zips/Krageholmssj_n/615375-137087-kartor/web/tiles-2-0168_Krageholmssjon_615375-137087.dzi
626655-142348,"Krampen",3-0819_Krampen_626655-142348.tif,svar/zips/Krampen/626655-142348-kartor/web/tiles-3-0819_Krampen_626655-142348.dzi
617797-135339,"Krankesjön",3-3438_Krankesjön_617797-135339.tif,svar/zips/Krankesj_n/617797-135339-kartor/web/tiles-3-3438_Krankesjon_617797-135339.dzi
636884-137684,"Kramphultasjön",5-0028_Kramphultasjön_636884-137684.pdf,svar/zips/Kramphultasj_n/636884-137684-kartor/web/tiles-5-0028_Kramphultasjon_636884-137684.dzi
615375-137087,"Krageholmssjön",3-4673_Krageholmssjön_615375-137087.tif,svar/zips/Krageholmssj_n/615375-137087-kartor/web/tiles-3-4673_Krageholmssjon_615375-137087.dzi
638382-127338,"Kringlevatten",3-2729_Kringlevatten_638382-127338.tif,svar/zips/Kringlevatten/638382-127338-kartor/web/tiles-3-2729_Kringlevatten_638382-127338.dzi
634606-147792,"Krankegöl",3-2504_Krankegöl_634606-147792.tif,svar/zips/Krankeg_l/634606-147792-kartor/web/tiles-3-2504_Krankegol_634606-147792.dzi
633996-140318,"Kravlemålasjön",2-1055_Kravlemålasjön_633996-140318.jpg,svar/zips/Kravlem_lasj_n/633996-140318-kartor/web/tiles-2-1055_Kravlemalasjon_633996-140318.dzi
633639-135937,"Kosjön",3-6290_Kosjön_633639-135937.tif,svar/zips/Kosj_n/633639-135937-kartor/web/tiles-3-6290_Kosjon_633639-135937.dzi
645916-127905,"Kringvattnet",3-4849_Kringvattnet_645916-127905a.tif,svar/zips/Kringvattnet/645916-127905-kartor/web/tiles-3-4849_Kringvattnet_645916-127905a.dzi
617797-135339,"Krankesjön",3-3445_Krankesjön_617797-135339.tif,svar/zips/Krankesj_n/617797-135339-kartor/web/tiles-3-3445_Krankesjon_617797-135339.dzi
630619-147878,"Krokegöl",3-2941_Krokegöl_630619-147878.tif,svar/zips/Krokeg_l/630619-147878-kartor/web/tiles-3-2941_Krokegol_630619-147878.dzi
642816-152091,"Kristgöl",3-3237_Kristgöl_642816-152091.tif,svar/zips/Kristg_l/642816-152091-kartor/web/tiles-3-3237_Kristgol_642816-152091.dzi
645398-124635,"Krokevatten",3-4251_Krokevatten_645398-124635.tif,svar/zips/Krokevatten/645398-124635-kartor/web/tiles-3-4251_Krokevatten_645398-124635.dzi
646504-127907,"Krokevattnet",3-3523_Krokevattnet_646504-127907.tif,svar/zips/Krokevattnet/646504-127907-kartor/web/tiles-3-3523_Krokevattnet_646504-127907.dzi
634606-147792,"Krankegöl",3-3564_Krankegöl_634606-147792.tif,svar/zips/Krankeg_l/634606-147792-kartor/web/tiles-3-3564_Krankegol_634606-147792.dzi
645916-127905,"Kringvattnet",3-4849_Kringvattnet_645916-127905b.tif,svar/zips/Kringvattnet/645916-127905-kartor/web/tiles-3-4849_Kringvattnet_645916-127905b.dzi
633996-140318,"Kravlemålasjön",2-1055_Kravlemålasjön_633996-140318.tif,svar/zips/Kravlem_lasj_n/633996-140318-kartor/web/tiles-2-1055_Kravlemalasjon_633996-140318.dzi
635951-129331,"Kroksjö",3-2258_Kroksjö_635951-129331.tif,svar/zips/Kroksj_/635951-129331-kartor/web/tiles-3-2258_Kroksjo_635951-129331.dzi
631759-150202,"Kroksjö",3-2363_Kroksjö_631759-150202a.tif,svar/zips/Kroksj_/631759-150202-kartor/web/tiles-3-2363_Kroksjo_631759-150202a.dzi
635383-129739,"Kroksjö",3-2260_Kroksjö_635383-129739.tif,svar/zips/Kroksj_/635383-129739-kartor/web/tiles-3-2260_Kroksjo_635383-129739.dzi
637764-139157,"Kroksjö",3-4289_Kroksjö_637764-139157.tif,svar/zips/Kroksj_/637764-139157-kartor/web/tiles-3-4289_Kroksjo_637764-139157.dzi
652799-126713,"Kroksjö",3-2574_Kroksjö_652799-126713.tif,svar/zips/Kroksj_/652799-126713-kartor/web/tiles-3-2574_Kroksjo_652799-126713.dzi
623723-144131,"Kroksjögyl",3-5907_Kroksjögyl_623723-144131.tif,svar/zips/Kroksj_gyl/623723-144131-kartor/web/tiles-3-5907_Kroksjogyl_623723-144131.dzi
623839-145075,"Kroksjön",3-5473_Kroksjön_623839-145075.tif,svar/zips/Kroksj_n/623839-145075-kartor/web/tiles-3-5473_Kroksjon_623839-145075.dzi
633996-140318,"Kravlemålasjön",3-1814_Kravemålasjön_633996-140318.tif,svar/zips/Kravlem_lasj_n/633996-140318-kartor/web/tiles-3-1814_Kravemalasjon_633996-140318.dzi
624333-145967,"Kroksjön",3-5464_Kroksjön_624333-145967.tif,svar/zips/Kroksj_n/624333-145967-kartor/web/tiles-3-5464_Kroksjon_624333-145967.dzi
631759-150202,"Kroksjö",3-2363_Kroksjö_631759-150202b.tif,svar/zips/Kroksj_/631759-150202-kartor/web/tiles-3-2363_Kroksjo_631759-150202b.dzi
624398-148002,"Kroksjön",3-5296_Kroksjön_624398-148002.tif,svar/zips/Kroksj_n/624398-148002-kartor/web/tiles-3-5296_Kroksjon_624398-148002.dzi
625139-146780,"Kroksjön",3-2819_Kroksjön_625139-146780.tif,svar/zips/Kroksj_n/625139-146780-kartor/web/tiles-3-2819_Kroksjon_625139-146780.dzi
629646-133212,"Kroksjön",3-5104_Kroksjön_629646-133212.tif,svar/zips/Kroksj_n/629646-133212-kartor/web/tiles-3-5104_Kroksjon_629646-133212.dzi
623839-145075,"Kroksjön",3-5983_Kroksjön_623839-145075.tif,svar/zips/Kroksj_n/623839-145075-kartor/web/tiles-3-5983_Kroksjon_623839-145075.dzi
625580-148210,"Kroksjön",3-2402_Kroksjön_625580-148210.tif,svar/zips/Kroksj_n/625580-148210-kartor/web/tiles-3-2402_Kroksjon_625580-148210.dzi
630062-132211,"Kroksjön",3-5110_Kroksjön_630062-132211.tif,svar/zips/Kroksj_n/630062-132211-kartor/web/tiles-3-5110_Kroksjon_630062-132211.dzi
633100-132465,"Kroksjön",3-5225_Kroksjön_633100-132465a.tif,svar/zips/Kroksj_n/633100-132465-kartor/web/tiles-3-5225_Kroksjon_633100-132465a.dzi
635654-153024,"Kroksjön",2-0331_Kroksjön_635654-153024.tif,svar/zips/Kroksj_n/635654-153024-kartor/web/tiles-2-0331_Kroksjon_635654-153024.dzi
635122-137360,"Kroksjön",3-2079_Kroksjön_635122-137360.tif,svar/zips/Kroksj_n/635122-137360-kartor/web/tiles-3-2079_Kroksjon_635122-137360.dzi
626965-145180,"Kroksjön",2-0301_Kroksjön_626965-145180.tif,svar/zips/Kroksj_n/626965-145180-kartor/web/tiles-2-0301_Kroksjon_626965-145180.dzi
633148-132383,"Kroksjön",3-5224_Kroksjön_633148-132383a.tif,svar/zips/Kroksj_n/633148-132383-kartor/web/tiles-3-5224_Kroksjon_633148-132383a.dzi
634243-134293,"Kroksjön",3-5689_Kroksjön_634243-134293.tif,svar/zips/Kroksj_n/634243-134293-kartor/web/tiles-3-5689_Kroksjon_634243-134293.dzi
636332-151724,"Kroksjön",2-0326_Kroksjön_636332-151724.tif,svar/zips/Kroksj_n/636332-151724-kartor/web/tiles-2-0326_Kroksjon_636332-151724.dzi
631759-150202,"Kroksjö",3-2363_Kroksjö_631759-150202c.tif,svar/zips/Kroksj_/631759-150202-kartor/web/tiles-3-2363_Kroksjo_631759-150202c.dzi
633100-132465,"Kroksjön",3-5225_Kroksjön_633100-132465b.tif,svar/zips/Kroksj_n/633100-132465-kartor/web/tiles-3-5225_Kroksjon_633100-132465b.dzi
637036-138420,"Kroksjön",2-1051_Kroksjön_637036-138420.jpg,svar/zips/Kroksj_n/637036-138420-kartor/web/tiles-2-1051_Kroksjon_637036-138420.dzi
637189-136703,"Kroksjön",3-5667_Kroksjön_637189-136703.tif,svar/zips/Kroksj_n/637189-136703-kartor/web/tiles-3-5667_Kroksjon_637189-136703.dzi
635122-137360,"Kroksjön",5-0030_Kroksjön_635122-137360.pdf,svar/zips/Kroksj_n/635122-137360-kartor/web/tiles-5-0030_Kroksjon_635122-137360.dzi
633148-132383,"Kroksjön",3-5224_Kroksjön_633148-132383b.tif,svar/zips/Kroksj_n/633148-132383-kartor/web/tiles-3-5224_Kroksjon_633148-132383b.dzi
638789-128695,"Kroksjön",3-0916_Kroksjön_638789-128695.tif,svar/zips/Kroksj_n/638789-128695-kartor/web/tiles-3-0916_Kroksjon_638789-128695.dzi
631759-150202,"Kroksjö",5-0444a_Kroksjö_631759-150202.tif,svar/zips/Kroksj_/631759-150202-kartor/web/tiles-5-0444a_Kroksjo_631759-150202.dzi
639003-130452,"Kroksjön",3-4775_Kroksjön_639003-130452.tif,svar/zips/Kroksj_n/639003-130452-kartor/web/tiles-3-4775_Kroksjon_639003-130452.dzi
639137-128523,"Kroksjön",3-1845_Kroksjön_639137-128523.tif,svar/zips/Kroksj_n/639137-128523-kartor/web/tiles-3-1845_Kroksjon_639137-128523.dzi
639663-132449,"Kroksjön",3-3656_Kroksjön_639663-132449.tif,svar/zips/Kroksj_n/639663-132449-kartor/web/tiles-3-3656_Kroksjon_639663-132449.dzi
639929-152351,"Kroksjön",3-3253_Kroksjön_639929-152351.tif,svar/zips/Kroksj_n/639929-152351-kartor/web/tiles-3-3253_Kroksjon_639929-152351.dzi
637036-138420,"Kroksjön",2-1051_Kroksjön_637036-138420.tif,svar/zips/Kroksj_n/637036-138420-kartor/web/tiles-2-1051_Kroksjon_637036-138420.dzi
633148-132383,"Kroksjön",3-5224_Kroksjön_633148-132383c.tif,svar/zips/Kroksj_n/633148-132383-kartor/web/tiles-3-5224_Kroksjon_633148-132383c.dzi
643050-129441,"Kroksjön",1-0295_Kroksjön_643050-129441.tif,svar/zips/Kroksj_n/643050-129441-kartor/web/tiles-1-0295_Kroksjon_643050-129441.dzi
644037-128041,"Kroksjön",2-1123_Kroksjön_644037-128041.jpg,svar/zips/Kroksj_n/644037-128041-kartor/web/tiles-2-1123_Kroksjon_644037-128041.dzi
631759-150202,"Kroksjö",5-0444b_Kroksjö_631759-150202.jpg,svar/zips/Kroksj_/631759-150202-kartor/web/tiles-5-0444b_Kroksjo_631759-150202.dzi
644120-127686,"Kroksjön",3-4234_Kroksjön_644120-127686.tif,svar/zips/Kroksj_n/644120-127686-kartor/web/tiles-3-4234_Kroksjon_644120-127686.dzi
651083-126153,"Krokstad Långevatten",3-2985_Krokstad Långevatten_651083-126153a.tif,svar/zips/Krokstad_L_ngevatten/651083-126153-kartor/web/tiles-3-2985_Krokstad_Langevatten_651083-126153a.dzi
656707-141784,"Kroksjön",3-4667_Kroksjön_656707-141784.tif,svar/zips/Kroksj_n/656707-141784-kartor/web/tiles-3-4667_Kroksjon_656707-141784.dzi
636883-153489,"Krokstorpesjön",1-0232_Krokstorpesjön_636883-153489.tif,svar/zips/Krokstorpesj_n/636883-153489-kartor/web/tiles-1-0232_Krokstorpesjon_636883-153489.dzi
637036-138420,"Kroksjön",5-0029_Kroksjön_637036-138420.pdf,svar/zips/Kroksj_n/637036-138420-kartor/web/tiles-5-0029_Kroksjon_637036-138420.dzi
655043-124830,"Krokstjärnet",3-1565_Krokstjärnet_655043-124830.tif,svar/zips/Krokstj_rnet/655043-124830-kartor/web/tiles-3-1565_Krokstjarnet_655043-124830.dzi
644037-128041,"Kroksjön",2-1123_Kroksjön_644037-128041.tif,svar/zips/Kroksj_n/644037-128041-kartor/web/tiles-2-1123_Kroksjon_644037-128041.dzi
642246-128215,"Kroktjärn",3-4535_Kroktjärn_642246-128215.tif,svar/zips/Kroktj_rn/642246-128215-kartor/web/tiles-3-4535_Kroktjarn_642246-128215.dzi
637973-151915,"Kronobergssjön",3-3701_Kronobergssjön_637973-151915.tif,svar/zips/Kronobergssj_n/637973-151915-kartor/web/tiles-3-3701_Kronobergssjon_637973-151915.dzi
639799-132971,"Kråkeredssjön",3-3653_Kråkeredssjön_639799-132971.tif,svar/zips/Kr_keredssj_n/639799-132971-kartor/web/tiles-3-3653_Krakeredssjon_639799-132971.dzi
653659-124826,"Krokvattnet",3-4209_Krokvattnet_653659-124826.tif,svar/zips/Krokvattnet/653659-124826-kartor/web/tiles-3-4209_Krokvattnet_653659-124826.dzi
626319-139009,"Krusasjön",2-1000_Krusasjön_626319-139009.jpg,svar/zips/Krusasj_n/626319-139009-kartor/web/tiles-2-1000_Krusasjon_626319-139009.dzi
651083-126153,"Krokstad Långevatten",3-2985_Krokstad Långevatten_651083-126153b.tif,svar/zips/Krokstad_L_ngevatten/651083-126153-kartor/web/tiles-3-2985_Krokstad_Langevatten_651083-126153b.dzi
644037-128041,"Kroksjön",3-4828_Kroksjön_644037-128041.tif,svar/zips/Kroksj_n/644037-128041-kartor/web/tiles-3-4828_Kroksjon_644037-128041.dzi
655043-124830,"Krokstjärnet",3-1757_Kroktjärn_655043-124830.tif,svar/zips/Krokstj_rnet/655043-124830-kartor/web/tiles-3-1757_Kroktjarn_655043-124830.dzi
643552-126968,"Kråkevatten",3-1526_Kråkevatten_643552-126968.tif,svar/zips/Kr_kevatten/643552-126968-kartor/web/tiles-3-1526_Krakevatten_643552-126968.dzi
640577-151743,"Kulhultesjön",3-3636_Kulhultesjön_640577-151743.tif,svar/zips/Kulhultesj_n/640577-151743-kartor/web/tiles-3-3636_Kulhultesjon_640577-151743.dzi
654348-149083,"Kullasjön",2-0499_Kullasjön_654348-149083a.tif,svar/zips/Kullasj_n/654348-149083-kartor/web/tiles-2-0499_Kullasjon_654348-149083a.dzi
636683-141402,"Kullasjön",3-5555_Kullasjön_636683-141402.tif,svar/zips/Kullasj_n/636683-141402-kartor/web/tiles-3-5555_Kullasjon_636683-141402.dzi
635287-152119,"Kullesjö",1-0237_Kullesjö_635287-152119.tif,svar/zips/Kullesj_/635287-152119-kartor/web/tiles-1-0237_Kullesjo_635287-152119.dzi
626319-139009,"Krusasjön",2-1000_Krusasjön_626319-139009.tif,svar/zips/Krusasj_n/626319-139009-kartor/web/tiles-2-1000_Krusasjon_626319-139009.dzi
625810-143072,"Kuppersjön",3-4704_Kuppersjön_625810-143072.tif,svar/zips/Kuppersj_n/625810-143072-kartor/web/tiles-3-4704_Kuppersjon_625810-143072.dzi
633571-133904,"Kvarnasjön",3-5124_Kvarnasjön_633571-133904.tif,svar/zips/Kvarnasj_n/633571-133904-kartor/web/tiles-3-5124_Kvarnasjon_633571-133904.dzi
637612-152940,"Kulltorpasjön",1-0221_Kulltorpasjön_637612-152940.tif,svar/zips/Kulltorpasj_n/637612-152940-kartor/web/tiles-1-0221_Kulltorpasjon_637612-152940.dzi
654348-149083,"Kullasjön",2-0499_Kullasjön_654348-149083b.tif,svar/zips/Kullasj_n/654348-149083-kartor/web/tiles-2-0499_Kullasjon_654348-149083b.dzi
632634-138349,"Kvarnasjön",3-6351_Kvarnasjön_632634-138349.jpg,svar/zips/Kvarnasj_n/632634-138349-kartor/web/tiles-3-6351_Kvarnasjon_632634-138349.dzi
636931-145483,"Kvarndammen",3-3939_Kvarndammen_636931-145483.tif,svar/zips/Kvarndammen/636931-145483-kartor/web/tiles-3-3939_Kvarndammen_636931-145483.dzi
638029-128744,"Kvarnatjärn",3-2705_Kvarnatjärn_638029-128744.tif,svar/zips/Kvarnatj_rn/638029-128744-kartor/web/tiles-3-2705_Kvarnatjarn_638029-128744.dzi
624736-147199,"Kvarngölen",3-2856_Kvarngölen_624736-147199.tif,svar/zips/Kvarng_len/624736-147199-kartor/web/tiles-3-2856_Kvarngolen_624736-147199.dzi
627364-149643,"Kvarnsjön",5-0450a_Kvarnsjön_627364-149643.tif,svar/zips/Kvarnsj_n/627364-149643-kartor/web/tiles-5-0450a_Kvarnsjon_627364-149643.dzi
652799-130637,"Kvarnkasetjärnet",3-2482_Kvarnkasetjärnet_652799-130637.tif,svar/zips/Kvarnkasetj_rnet/652799-130637-kartor/web/tiles-3-2482_Kvarnkasetjarnet_652799-130637.dzi
632965-149847,"Kvarnsjön",3-6023_Kvarnsjön_632965-149847b.tif,svar/zips/Kvarnsj_n/632965-149847-kartor/web/tiles-3-6023_Kvarnsjon_632965-149847b.dzi
638122-151756,"Kvarnsjön",3-3702_Kvarnsjön_638122-151756.tif,svar/zips/Kvarnsj_n/638122-151756-kartor/web/tiles-3-3702_Kvarnsjon_638122-151756.dzi
635538-149823,"Kvarnsjön",3-2865_Kvarnsjön_635538-149823.tif,svar/zips/Kvarnsj_n/635538-149823-kartor/web/tiles-3-2865_Kvarnsjon_635538-149823.dzi
638914-153906,"Kvarnsjön",3-3392_Kvarnsjön_638914-153906.tif,svar/zips/Kvarnsj_n/638914-153906-kartor/web/tiles-3-3392_Kvarnsjon_638914-153906.dzi
632634-138349,"Kvarnasjön",3-6351_Kvarnasjön_632634-138349.tif,svar/zips/Kvarnasj_n/632634-138349-kartor/web/tiles-3-6351_Kvarnasjon_632634-138349.dzi
627364-149643,"Kvarnsjön",5-0450b_Kvarnsjön_627364-149643.tif,svar/zips/Kvarnsj_n/627364-149643-kartor/web/tiles-5-0450b_Kvarnsjon_627364-149643.dzi
644328-127433,"Kvarnsjön",3-3992_Kvarnsjön_644328-127433.tif,svar/zips/Kvarnsj_n/644328-127433-kartor/web/tiles-3-3992_Kvarnsjon_644328-127433.dzi
642997-130548,"Kvarnsjön",3-1021_Kvarnsjön_642997-130548.tif,svar/zips/Kvarnsj_n/642997-130548-kartor/web/tiles-3-1021_Kvarnsjon_642997-130548.dzi
644955-127703,"Kvarnsjön",3-4265_Kvarnsjön_644955-127703.tif,svar/zips/Kvarnsj_n/644955-127703-kartor/web/tiles-3-4265_Kvarnsjon_644955-127703.dzi
644634-127602,"Kvarnsjön",3-4244_Kvarnsjön_644634-127602.tif,svar/zips/Kvarnsj_n/644634-127602-kartor/web/tiles-3-4244_Kvarnsjon_644634-127602.dzi
656016-156567,"Kvarnsjön",3-1776_Kvarnsjön_656016-156567.tif,svar/zips/Kvarnsj_n/656016-156567-kartor/web/tiles-3-1776_Kvarnsjon_656016-156567.dzi
651965-143027,"Kvarnsjön",5-0132_Kvarnsjön_651965-143027.tif,svar/zips/Kvarnsj_n/651965-143027-kartor/web/tiles-5-0132_Kvarnsjon_651965-143027.dzi
632965-149847,"Kvarnsjön",3-6023_Kvarnsjön_632965-149847c.tif,svar/zips/Kvarnsj_n/632965-149847-kartor/web/tiles-3-6023_Kvarnsjon_632965-149847c.dzi
655532-158538,"Kvarnsjön",3-3276_Kvarnsjön_655532-158538.tif,svar/zips/Kvarnsj_n/655532-158538-kartor/web/tiles-3-3276_Kvarnsjon_655532-158538.dzi
656519-162958,"Kvarnsjön",3-4677_Kvarnsjön_656519-162958.tif,svar/zips/Kvarnsj_n/656519-162958-kartor/web/tiles-3-4677_Kvarnsjon_656519-162958.dzi
655999-161366,"Kvarnsjön",3-2322_Kvarnsjön_655999-161366.tif,svar/zips/Kvarnsj_n/655999-161366-kartor/web/tiles-3-2322_Kvarnsjon_655999-161366.dzi
656525-162507,"Kvarnsjön",2-1120_Kvarnsjön_656525-162507.pdf,svar/zips/Kvarnsj_n/656525-162507-kartor/web/tiles-2-1120_Kvarnsjon_656525-162507.dzi
656609-161475,"Kvarnsjön",3-3017_Kvarnsjön_656609-161475.tif,svar/zips/Kvarnsj_n/656609-161475-kartor/web/tiles-3-3017_Kvarnsjon_656609-161475.dzi
632965-149847,"Kvarnsjön",3-6023_Kvarnsjön_632965-149847d.tif,svar/zips/Kvarnsj_n/632965-149847-kartor/web/tiles-3-6023_Kvarnsjon_632965-149847d.dzi
626411-147094,"Kvesen",3-6333_Kvesen_626411-147094.jpg,svar/zips/Kvesen/626411-147094-kartor/web/tiles-3-6333_Kvesen_626411-147094.dzi
640195-154814,"Kvännaren",3-3227_Kvännaren_640195-154814b.tif,svar/zips/Kv_nnaren/640195-154814-kartor/web/tiles-3-3227_Kvannaren_640195-154814b.dzi
643591-132677,"Kvinnestadsjön",3-4844_Kvinnestadsjön_643591-132677.tif,svar/zips/Kvinnestadsj_n/643591-132677-kartor/web/tiles-3-4844_Kvinnestadsjon_643591-132677.dzi
632676-150860,"Kvillen",3-2366_Kvillen_632676-150860.tif,svar/zips/Kvillen/632676-150860-kartor/web/tiles-3-2366_Kvillen_632676-150860.dzi
656525-162507,"Kvarnsjön",2-1120_Kvarnsjön_656525-162507.tif,svar/zips/Kvarnsj_n/656525-162507-kartor/web/tiles-2-1120_Kvarnsjon_656525-162507.dzi
656609-161475,"Kvarnsjön",3-6613_Kvarnsjön_656609-161475.tif,svar/zips/Kvarnsj_n/656609-161475-kartor/web/tiles-3-6613_Kvarnsjon_656609-161475.dzi
639573-145155,"Kvänsåsasjön",3-2444_Kvänsåsasjön_639573-145155.tif,svar/zips/Kv_ns_sasj_n/639573-145155-kartor/web/tiles-3-2444_Kvansasasjon_639573-145155.dzi
637129-138600,"Kyllesjön",3-4294_Kyllesjön_637129-138600.tif,svar/zips/Kyllesj_n/637129-138600-kartor/web/tiles-3-4294_Kyllesjon_637129-138600.dzi
626411-147094,"Kvesen",3-6333_Kvesen_626411-147094.tif,svar/zips/Kvesen/626411-147094-kartor/web/tiles-3-6333_Kvesen_626411-147094.dzi
632676-150860,"Kvillen",3-3827_Kvillen_632676-150860a.tif,svar/zips/Kvillen/632676-150860-kartor/web/tiles-3-3827_Kvillen_632676-150860a.dzi
653145-144374,"Kvarnsjön",2-0973_Kvarnsjön_653145-144374.tif,svar/zips/Kvarnsj_n/653145-144374-kartor/web/tiles-2-0973_Kvarnsjon_653145-144374.dzi
632965-149847,"Kvarnsjön",3-6023_Kvarnsjön_632965-149847e.tif,svar/zips/Kvarnsj_n/632965-149847-kartor/web/tiles-3-6023_Kvarnsjon_632965-149847e.dzi
656525-162507,"Kvarnsjön",3-1792_Kvarnsjön_656525-162507.tif,svar/zips/Kvarnsj_n/656525-162507-kartor/web/tiles-3-1792_Kvarnsjon_656525-162507.dzi
635944-136176,"Kyrkesjön",3-5688_Kyrkesjön_635944-136176.tif,svar/zips/Kyrkesj_n/635944-136176-kartor/web/tiles-3-5688_Kyrkesjon_635944-136176.dzi
640726-132684,"Kyperedssjö",3-5134_Kyperedssjö_640726-132684.tif,svar/zips/Kyperedssj_/640726-132684-kartor/web/tiles-3-5134_Kyperedssjo_640726-132684.dzi
638901-146014,"Kyrkesjön",3-5200_Kyrkesjön_638901-146014.tif,svar/zips/Kyrkesj_n/638901-146014-kartor/web/tiles-3-5200_Kyrkesjon_638901-146014.dzi
647591-128354,"Kyrkesjön",3-3531_Kyrkesjön_647591-128354.tif,svar/zips/Kyrkesj_n/647591-128354-kartor/web/tiles-3-3531_Kyrkesjon_647591-128354.dzi
632965-149847,"Kvarnsjön",3-6023_Kvarnsjön_632965-149847f.tif,svar/zips/Kvarnsj_n/632965-149847-kartor/web/tiles-3-6023_Kvarnsjon_632965-149847f.dzi
639682-153939,"Kyrksjön",3-6589_Kyrksjön_639682-153939.jpg,svar/zips/Kyrksj_n/639682-153939-kartor/web/tiles-3-6589_Kyrksjon_639682-153939.dzi
654491-160230,"Kyrksjön",3-6634_Kyrksjön_654491-160230.jpg,svar/zips/Kyrksj_n/654491-160230-kartor/web/tiles-3-6634_Kyrksjon_654491-160230.dzi
645220-127054,"Käderödvatten",3-4238_Kläderödvatten_645220-127054.tif,svar/zips/K_der_dvatten/645220-127054-kartor/web/tiles-3-4238_Kladerodvatten_645220-127054.dzi
641432-148952,"Kållemålasjön",3-3706_Kållemålasjön_641432-148952.tif,svar/zips/K_llem_lasj_n/641432-148952-kartor/web/tiles-3-3706_Kallemalasjon_641432-148952.dzi
648677-141864,"Kyrksjön",3-0725_Kyrksjön_648677-141864.tif,svar/zips/Kyrksj_n/648677-141864-kartor/web/tiles-3-0725_Kyrksjon_648677-141864.dzi
632676-150860,"Kvillen",3-3827_Kvillen_632676-150860b.tif,svar/zips/Kvillen/632676-150860-kartor/web/tiles-3-3827_Kvillen_632676-150860b.dzi
624941-145123,"Kälken",3-2978_Kälken_624941-145123.tif,svar/zips/K_lken/624941-145123-kartor/web/tiles-3-2978_Kalken_624941-145123.dzi
633797-147565,"Kållen",3-2942_Kållen_633797-147565.tif,svar/zips/K_llen/633797-147565-kartor/web/tiles-3-2942_Kallen_633797-147565.dzi
654491-160230,"Kyrksjön",3-6634_Kyrksjön_654491-160230.tif,svar/zips/Kyrksj_n/654491-160230-kartor/web/tiles-3-6634_Kyrksjon_654491-160230.dzi
632965-149847,"Kvarnsjön",3-6023_Kvarnsjön_632965-149847g.tif,svar/zips/Kvarnsj_n/632965-149847-kartor/web/tiles-3-6023_Kvarnsjon_632965-149847g.dzi
639682-153939,"Kyrksjön",3-6589_Kyrksjön_639682-153939.tif,svar/zips/Kyrksj_n/639682-153939-kartor/web/tiles-3-6589_Kyrksjon_639682-153939.dzi
647214-128393,"Källesjö",3-3532_Källesjö_647214-128393.tif,svar/zips/K_llesj_/647214-128393-kartor/web/tiles-3-3532_Kallesjo_647214-128393.dzi
639031-147037,"Kållstorpasjön",3-2440_Kållstorpasjön_639031-147037.tif,svar/zips/K_llstorpasj_n/639031-147037-kartor/web/tiles-3-2440_Kallstorpasjon_639031-147037.dzi
647541-128258,"Käpp",3-3530_Käpp_647541-128258.tif,svar/zips/K_pp/647541-128258-kartor/web/tiles-3-3530_Kapp_647541-128258.dzi
634546-140196,"Können",3-6374_Können_634546-140196.jpg,svar/zips/K_nnen/634546-140196-kartor/web/tiles-3-6374_Konnen_634546-140196.dzi
639367-138562,"Källenässjön",3-5727_Källenässjön_639367-138562.tif,svar/zips/K_llen_ssj_n/639367-138562-kartor/web/tiles-3-5727_Kallenassjon_639367-138562.dzi
654626-131224,"Käppesjö",3-1176a_Käppesjö_654626-131224.tif,svar/zips/K_ppesj_/654626-131224-kartor/web/tiles-3-1176a_Kappesjo_654626-131224.dzi
632369-138293,"Köpsjön",2-1107_Köpsjön_632369-138293.jpg,svar/zips/K_psj_n/632369-138293-kartor/web/tiles-2-1107_Kopsjon_632369-138293.dzi
633734-138368,"Källundasjön",2-1106_Källundasjön_633734-138368.jpg,svar/zips/K_llundasj_n/633734-138368-kartor/web/tiles-2-1106_Kallundasjon_633734-138368.dzi
637160-140942,"Kårdholmengölen",3-5392_Kårdholmengölen_637160-140942.tif,svar/zips/K_rdholmeng_len/637160-140942-kartor/web/tiles-3-5392_Kardholmengolen_637160-140942.dzi
639367-138562,"Källenässjön",5-0032_Källenässjön_639367-138562.pdf,svar/zips/K_llen_ssj_n/639367-138562-kartor/web/tiles-5-0032_Kallenassjon_639367-138562.dzi
654626-131224,"Käppesjö",3-1176b_Käppesjö_654626-131224.tif,svar/zips/K_ppesj_/654626-131224-kartor/web/tiles-3-1176b_Kappesjo_654626-131224.dzi
631158-131371,"Käringasjön",3-5222_Käringasjön_631158-131371a.tif,svar/zips/K_ringasj_n/631158-131371-kartor/web/tiles-3-5222_Karingasjon_631158-131371a.dzi
634546-140196,"Können",3-6374_Können_634546-140196.tif,svar/zips/K_nnen/634546-140196-kartor/web/tiles-3-6374_Konnen_634546-140196.dzi
636889-141837,"Kårasjön",3-4157_Kårasjön_636889-141837.tif,svar/zips/K_rasj_n/636889-141837-kartor/web/tiles-3-4157_Karasjon_636889-141837.dzi
633734-138368,"Källundasjön",2-1106_Källundasjön_633734-138368.tif,svar/zips/K_llundasj_n/633734-138368-kartor/web/tiles-2-1106_Kallundasjon_633734-138368.dzi
636359-141761,"Käringasjön",5-0033_Käringasjön_636359-141761.pdf,svar/zips/K_ringasj_n/636359-141761-kartor/web/tiles-5-0033_Karingasjon_636359-141761.dzi
637854-140353,"Käringasjön",3-1806_Käringasjön_637854-140353.tif,svar/zips/K_ringasj_n/637854-140353-kartor/web/tiles-3-1806_Karingasjon_637854-140353.dzi
625394-147531,"Käringsjön",3-0765_Käringsjön_625394-147531.tif,svar/zips/K_ringsj_n/625394-147531-kartor/web/tiles-3-0765_Karingsjon_625394-147531.dzi
631158-131371,"Käringasjön",3-5222_Käringasjön_631158-131371b.tif,svar/zips/K_ringasj_n/631158-131371-kartor/web/tiles-3-5222_Karingasjon_631158-131371b.dzi
636889-141837,"Kårasjön",5-0031_Kårasjön_636889-141837.pdf,svar/zips/K_rasj_n/636889-141837-kartor/web/tiles-5-0031_Karasjon_636889-141837.dzi
649438-125880,"Kärnsjön",2-0214_Kärnsjön_649438-125880.tif,svar/zips/K_rnsj_n/649438-125880-kartor/web/tiles-2-0214_Karnsjon_649438-125880.dzi
632369-138293,"Köpsjön",2-1107_Köpsjön_632369-138293.tif,svar/zips/K_psj_n/632369-138293-kartor/web/tiles-2-1107_Kopsjon_632369-138293.dzi
633678-153331,"Kärrhultesjön",3-2759_Kärrhultesjön_633678-153331.tif,svar/zips/K_rrhultesj_n/633678-153331-kartor/web/tiles-3-2759_Karrhultesjon_633678-153331.dzi
648411-126751,"Kärrevattnet",3-1556_Kärrevattnet_648411-126751a.tif,svar/zips/K_rrevattnet/648411-126751-kartor/web/tiles-3-1556_Karrevattnet_648411-126751a.dzi
649438-125880,"Kärnsjön",2-0269_Kärnsjön_649438-125880.tif,svar/zips/K_rnsj_n/649438-125880-kartor/web/tiles-2-0269_Karnsjon_649438-125880.dzi
633202-133164,"Kärrsjön",3-5181_Kärrsjön_633202-133164a.jpg,svar/zips/K_rrsj_n/633202-133164-kartor/web/tiles-3-5181_Karrsjon_633202-133164a.dzi
637854-140353,"Käringasjön",3-6388_Käringasjön_637854-140353.jpg,svar/zips/K_ringasj_n/637854-140353-kartor/web/tiles-3-6388_Karingasjon_637854-140353.dzi
625394-147531,"Käringsjön",3-5566_Käringasjön_625394-147531.tif,svar/zips/K_ringsj_n/625394-147531-kartor/web/tiles-3-5566_Karingasjon_625394-147531.dzi
631158-131371,"Käringasjön",3-5222_Käringasjön_631158-131371c.tif,svar/zips/K_ringasj_n/631158-131371-kartor/web/tiles-3-5222_Karingasjon_631158-131371c.dzi
639716-129176,"Kärrsjön",3-0918_Kärrsjön_639716-129176.tif,svar/zips/K_rrsj_n/639716-129176-kartor/web/tiles-3-0918_Karrsjon_639716-129176.dzi
648411-126751,"Kärrevattnet",3-1556_Kärrevattnet_648411-126751b.tif,svar/zips/K_rrevattnet/648411-126751-kartor/web/tiles-3-1556_Karrevattnet_648411-126751b.dzi
637854-140353,"Käringasjön",3-6388_Käringasjön_637854-140353.tif,svar/zips/K_ringasj_n/637854-140353-kartor/web/tiles-3-6388_Karingasjon_637854-140353.dzi
648691-124259,"Kärrs Vatten",3-4257_Kärrs vatten_648691-124259.tif,svar/zips/K_rrs_Vatten/648691-124259-kartor/web/tiles-3-4257_Karrs_vatten_648691-124259.dzi
656365-162404,"Kärrsjön",3-6511_Kärrsjön_656365-162404.jpg,svar/zips/K_rrsj_n/656365-162404-kartor/web/tiles-3-6511_Karrsjon_656365-162404.dzi
653566-153100,"Kårtorpssjön",3-5660_Kårtorpssjön_653566-153100.tif,svar/zips/K_rtorpssj_n/653566-153100-kartor/web/tiles-3-5660_Kartorpssjon_653566-153100.dzi
638110-133466,"Kårtesjön",3-4751_Kårtesjön_638110-133466.tif,svar/zips/K_rtesj_n/638110-133466-kartor/web/tiles-3-4751_Kartesjon_638110-133466.dzi
633202-133164,"Kärrsjön",3-5181_Kärrsjön_633202-133164a.tif,svar/zips/K_rrsj_n/633202-133164-kartor/web/tiles-3-5181_Karrsjon_633202-133164a.dzi
648411-126751,"Kärrevattnet",3-3481_Kärrevattnet_648411-126751.tif,svar/zips/K_rrevattnet/648411-126751-kartor/web/tiles-3-3481_Karrevattnet_648411-126751.dzi
639716-129176,"Kärrsjön",3-6541_Kärrsjön_639716-129176.jpg,svar/zips/K_rrsj_n/639716-129176-kartor/web/tiles-3-6541_Karrsjon_639716-129176.dzi
641025-151797,"Kärven",3-3645_Kärven_641025-151797.tif,svar/zips/K_rven/641025-151797-kartor/web/tiles-3-3645_Karven_641025-151797.dzi
652166-130219,"Köttsjön",3-2483_Köttsjön_652166-130219.tif,svar/zips/K_ttsj_n/652166-130219-kartor/web/tiles-3-2483_Kottsjon_652166-130219.dzi
633202-133164,"Kärrsjön",3-5181_Kärrsjön_633202-133164b.tif,svar/zips/K_rrsj_n/633202-133164-kartor/web/tiles-3-5181_Karrsjon_633202-133164b.dzi
656365-162404,"Kärrsjön",3-6511_Kärrsjön_656365-162404.pdf,svar/zips/K_rrsj_n/656365-162404-kartor/web/tiles-3-6511_Karrsjon_656365-162404.dzi
650287-149269,"Ladsjön",3-2802_Ladsjön_650287-149269.tif,svar/zips/Ladsj_n/650287-149269-kartor/web/tiles-3-2802_Ladsjon_650287-149269.dzi
639716-129176,"Kärrsjön",3-6541_Kärrsjön_639716-129176.tif,svar/zips/K_rrsj_n/639716-129176-kartor/web/tiles-3-6541_Karrsjon_639716-129176.dzi
633202-133164,"Kärrsjön",3-5181_Kärrsjön_633202-133164c.tif,svar/zips/K_rrsj_n/633202-133164-kartor/web/tiles-3-5181_Karrsjon_633202-133164c.dzi
638014-136892,"Lagmanshagasjön",3-4889_Lagmanshagasjön_638014-136892.tif,svar/zips/Lagmanshagasj_n/638014-136892-kartor/web/tiles-3-4889_Lagmanshagasjon_638014-136892.dzi
634900-137669,"Lagårdssjön",3-6281_Lagårdssjön_634900-137669.tif,svar/zips/Lag_rdssj_n/634900-137669-kartor/web/tiles-3-6281_Lagardssjon_634900-137669.dzi
656365-162404,"Kärrsjön",3-6511_Kärrsjön_656365-162404.tif,svar/zips/K_rrsj_n/656365-162404-kartor/web/tiles-3-6511_Karrsjon_656365-162404.dzi
644200-127784,"Lagsjön",3-4190_Lagsjön_644200-127784.tif,svar/zips/Lagsj_n/644200-127784-kartor/web/tiles-3-4190_Lagsjon_644200-127784.dzi
633911-142688,"Lammen",3-0842_Lammen_633911-142688.tif,svar/zips/Lammen/633911-142688-kartor/web/tiles-3-0842_Lammen_633911-142688.dzi
634789-153278,"Lammhultesjön",2-0347_Lammhultesjön_634789-153278.tif,svar/zips/Lammhultesj_n/634789-153278-kartor/web/tiles-2-0347_Lammhultesjon_634789-153278.dzi
655889-160443,"Lanaren",5-0184_Lanaren_655889-160443.tif,svar/zips/Lanaren/655889-160443-kartor/web/tiles-5-0184_Lanaren_655889-160443.dzi
641691-140988,"Landsjön",3-0726_Landsjön_641691-140988.tif,svar/zips/Landsj_n/641691-140988-kartor/web/tiles-3-0726_Landsjon_641691-140988.dzi
635231-137480,"Kärven",5-0034_Kärven_635231-137480.pdf,svar/zips/K_rven/635231-137480-kartor/web/tiles-5-0034_Karven_635231-137480.dzi
629447-137590,"Kösen",2-0220_Kösen_629447-137590.tif,svar/zips/K_sen/629447-137590-kartor/web/tiles-2-0220_Kosen_629447-137590.dzi
635431-145356,"Laduslättasjön",3-3340_Laduslättasjön_635431-145356.tif,svar/zips/Ladusl_ttasj_n/635431-145356-kartor/web/tiles-3-3340_Laduslattasjon_635431-145356.dzi
639898-128091,"Landvettersjön",2-0198_Landvettersjön_639898-128091.tif,svar/zips/Landvettersj_n/639898-128091-kartor/web/tiles-2-0198_Landvettersjon_639898-128091.dzi
633392-134494,"Larsbosjön",3-5127_Larsbosjön_633392-134494.tif,svar/zips/Larsbosj_n/633392-134494-kartor/web/tiles-3-5127_Larsbosjon_633392-134494.dzi
638989-147131,"Larstorpssjön",3-2440_Larstorpssjön_638989-147131.tif,svar/zips/Larstorpssj_n/638989-147131-kartor/web/tiles-3-2440_Larstorpssjon_638989-147131.dzi
654031-129719,"Laxsjön",3-1135_Laxsjön_654031-129719.tif,svar/zips/Laxsj_n/654031-129719-kartor/web/tiles-3-1135_Laxsjon_654031-129719.dzi
624725-136618,"Lehultasjön",3-6468_Lehultasjön_624725-136618.jpg,svar/zips/Lehultasj_n/624725-136618-kartor/web/tiles-3-6468_Lehultasjon_624725-136618.dzi
629447-137590,"Kösen",3-0840_Kösen_629447-137590.tif,svar/zips/K_sen/629447-137590-kartor/web/tiles-3-0840_Kosen_629447-137590.dzi
638609-142687,"Lannafallssjön",2-1052_Lannafallssjön_638609-142687.jpg,svar/zips/Lannafallssj_n/638609-142687-kartor/web/tiles-2-1052_Lannafallssjon_638609-142687.dzi
631986-146888,"Lenhovdasjön",3-0800_Lenhovdasjön_631986-146888.tif,svar/zips/Lenhovdasj_n/631986-146888-kartor/web/tiles-3-0800_Lenhovdasjon_631986-146888.dzi
641301-129741,"Lensjön",3-1068_Lensjön_641301-129741.tif,svar/zips/Lensj_n/641301-129741-kartor/web/tiles-3-1068_Lensjon_641301-129741.dzi
624725-136618,"Lehultasjön",3-6468_Lehultasjön_624725-136618.tif,svar/zips/Lehultasj_n/624725-136618-kartor/web/tiles-3-6468_Lehultasjon_624725-136618.dzi
638609-142687,"Lannafallssjön",2-1052_Lannafallssjön_638609-142687.tif,svar/zips/Lannafallssj_n/638609-142687-kartor/web/tiles-2-1052_Lannafallssjon_638609-142687.dzi
642048-133982,"Lassesjön",2-0542_Lassesjö_642048-133982.tif,svar/zips/Lassesj_n/642048-133982-kartor/web/tiles-2-0542_Lassesjo_642048-133982.dzi
623161-140769,"Lerjesjön",3-5808a_Lerjesjön_623161-140769.tif,svar/zips/Lerjesj_n/623161-140769-kartor/web/tiles-3-5808a_Lerjesjon_623161-140769.dzi
639898-128091,"Landvettersjön",3-1086_Landvettersjön_639898-128091.tif,svar/zips/Landvettersj_n/639898-128091-kartor/web/tiles-3-1086_Landvettersjon_639898-128091.dzi
655087-129475,"Lelång",0-0083_Lelång_655087-129475.tif,svar/zips/Lel_ng/655087-129475-kartor/web/tiles-0-0083_Lelang_655087-129475.dzi
638054-139052,"Lersjön",3-4293_Lersjön_638054-139052.tif,svar/zips/Lersj_n/638054-139052-kartor/web/tiles-3-4293_Lersjon_638054-139052.dzi
643221-130224,"Lersjön",3-1022_Lersjön_643221-130224.tif,svar/zips/Lersj_n/643221-130224-kartor/web/tiles-3-1022_Lersjon_643221-130224.dzi
638609-142687,"Lannafallssjön",3-3881_Lannafallssjön_638609-142687a.tif,svar/zips/Lannafallssj_n/638609-142687-kartor/web/tiles-3-3881_Lannafallssjon_638609-142687a.dzi
625911-138823,"Liasjön",3-3453_Liasjön_625911-138823.tif,svar/zips/Liasj_n/625911-138823-kartor/web/tiles-3-3453_Liasjon_625911-138823.dzi
622084-141784,"Levrasjön",3-5812a_Levrasjön_622084-141784.tif,svar/zips/Levrasj_n/622084-141784-kartor/web/tiles-3-5812a_Levrasjon_622084-141784.dzi
639898-128091,"Landvettersjön",3-1102_Landvettersjön_639898-128091.tif,svar/zips/Landvettersj_n/639898-128091-kartor/web/tiles-3-1102_Landvettersjon_639898-128091.dzi
655087-129475,"Lelång",3-1137_Lelång_655087-129475.tif,svar/zips/Lel_ng/655087-129475-kartor/web/tiles-3-1137_Lelang_655087-129475.dzi
650886-126836,"Lersjön",3-2566_Lersjön_650886-126836.tif,svar/zips/Lersj_n/650886-126836-kartor/web/tiles-3-2566_Lersjon_650886-126836.dzi
638609-142687,"Lannafallssjön",3-3881_Lannafallssjön_638609-142687b.tif,svar/zips/Lannafallssj_n/638609-142687-kartor/web/tiles-3-3881_Lannafallssjon_638609-142687b.dzi
653531-158389,"Likstammen",0-0055_Likstammen_653531-158389.tif,svar/zips/Likstammen/653531-158389-kartor/web/tiles-0-0055_Likstammen_653531-158389.dzi
626627-147757,"Lidasjön",5-0453_Lidasjön_626627-147757.tif,svar/zips/Lidasj_n/626627-147757-kartor/web/tiles-5-0453_Lidasjon_626627-147757.dzi
653193-156015,"Lidsjön",1-0126_Lidsjön_653193-156015.tif,svar/zips/Lidsj_n/653193-156015-kartor/web/tiles-1-0126_Lidsjon_653193-156015.dzi
641378-130068,"Lill-Bottnasjön",1-0140_Lill-Bottnasjön_641378-130068.tif,svar/zips/Lill-Bottnasj_n/641378-130068-kartor/web/tiles-1-0140_Lill-Bottnasjon_641378-130068.dzi
655087-129475,"Lelång",3-1138_Lelång_655087-129475.tif,svar/zips/Lel_ng/655087-129475-kartor/web/tiles-3-1138_Lelang_655087-129475.dzi
653257-130200,"Lill-Erve",3-4799_Lill-Erve_653257-130200.tif,svar/zips/Lill-Erve/653257-130200-kartor/web/tiles-3-4799_Lill-Erve_653257-130200.dzi
637477-144329,"Lill-Nömmen",1-0210_Lillnömmen_637477-144329.tif,svar/zips/Lill-N_mmen/637477-144329-kartor/web/tiles-1-0210_Lillnommen_637477-144329.dzi
653531-158389,"Likstammen",2-0124_Likstammen_653531-158389.tif,svar/zips/Likstammen/653531-158389-kartor/web/tiles-2-0124_Likstammen_653531-158389.dzi
626627-147757,"Lidasjön",5-0463_Lidasjön_626627-147757.tif,svar/zips/Lidasj_n/626627-147757-kartor/web/tiles-5-0463_Lidasjon_626627-147757.dzi
631549-140910,"Lillasjö",3-3415_Lillasjö_631549-140910.tif,svar/zips/Lillasj_/631549-140910-kartor/web/tiles-3-3415_Lillasjo_631549-140910.dzi
640336-135455,"Lillasjö",3-4752_Lillasjö_640336-135455.tif,svar/zips/Lillasj_/640336-135455-kartor/web/tiles-3-4752_Lillasjo_640336-135455.dzi
641378-130068,"Lill-Bottnasjön",2-0230_Lill-Bottnasjön_641378-130068.tif,svar/zips/Lill-Bottnasj_n/641378-130068-kartor/web/tiles-2-0230_Lill-Bottnasjon_641378-130068.dzi
641058-135180,"Lillasjö",3-4753_Lillasjö_641058-135180.tif,svar/zips/Lillasj_/641058-135180-kartor/web/tiles-3-4753_Lillasjo_641058-135180.dzi
630765-137621,"Lillasjö",3-4705_Lillasjö_630765-137621.tif,svar/zips/Lillasj_/630765-137621-kartor/web/tiles-3-4705_Lillasjo_630765-137621.dzi
634837-143033,"Lillasjön",3-5545_Lillasjön_634837-143033.tif,svar/zips/Lillasj_n/634837-143033-kartor/web/tiles-3-5545_Lillasjon_634837-143033.dzi
638942-132993,"Lillasjön",3-5865_Lillasjön_638942-132993.tif,svar/zips/Lillasj_n/638942-132993-kartor/web/tiles-3-5865_Lillasjon_638942-132993.dzi
636289-139081,"Lillasjön",3-5420_Lillasjön_636289-139081.tif,svar/zips/Lillasj_n/636289-139081-kartor/web/tiles-3-5420_Lillasjon_636289-139081.dzi
624677-146376,"Lilla Agnsjön",3-3168_Lilla Angsjön_624677-146376.tif,svar/zips/Lilla_Agnsj_n/624677-146376-kartor/web/tiles-3-3168_Lilla_Angsjon_624677-146376.dzi
633975-134110,"Lilla Askaken",3-2074_Lilla Askaken_633975-134110.tif,svar/zips/Lilla_Askaken/633975-134110-kartor/web/tiles-3-2074_Lilla_Askaken_633975-134110.dzi
641378-130068,"Lill-Bottnasjön",3-1067_Lill-Bottnasjön_641378-130068.tif,svar/zips/Lill-Bottnasj_n/641378-130068-kartor/web/tiles-3-1067_Lill-Bottnasjon_641378-130068.dzi
633231-131151,"Lilla Agnsjön",3-5177_Lilla Angsjön_633231-131151a.jpg,svar/zips/Lilla_Agnsj_n/633231-131151-kartor/web/tiles-3-5177_Lilla_Angsjon_633231-131151a.dzi
640193-127664,"Lilla Delsjön",0-0069_Lilla Delsjön_640193-127664.tif,svar/zips/Lilla_Delsj_n/640193-127664-kartor/web/tiles-0-0069_Lilla_Delsjon_640193-127664.dzi
644060-127623,"Lilla Bjurevatten",3-4231_Lilla Bjurevatten_644060-127623.tif,svar/zips/Lilla_Bjurevatten/644060-127623-kartor/web/tiles-3-4231_Lilla_Bjurevatten_644060-127623.dzi
642092-135083,"Lilla Björken",3-4874_Lilla Björken_642092-135083.tif,svar/zips/Lilla_Bj_rken/642092-135083-kartor/web/tiles-3-4874_Lilla_Bjorken_642092-135083.dzi
636643-150931,"Lilla Fjärsjön",3-3755_Lilla Fjärsjön_636643-150931a.tif,svar/zips/Lilla_Fj_rsj_n/636643-150931-kartor/web/tiles-3-3755_Lilla_Fjarsjon_636643-150931a.dzi
625496-142189,"Lilla Fallsjön",3-2642_Lilla Fallsjön_625496-142189.tif,svar/zips/Lilla_Fallsj_n/625496-142189-kartor/web/tiles-3-2642_Lilla_Fallsjon_625496-142189.dzi
622084-141784,"Levrasjön",3-5812b_Levrasjön_622084-141784.tif,svar/zips/Levrasj_n/622084-141784-kartor/web/tiles-3-5812b_Levrasjon_622084-141784.dzi
633231-131151,"Lilla Agnsjön",3-5177_Lilla Angsjön_633231-131151a.tif,svar/zips/Lilla_Agnsj_n/633231-131151-kartor/web/tiles-3-5177_Lilla_Angsjon_633231-131151a.dzi
642365-130673,"Lilla Färgen",3-1589_Lilla Färgen_642365-130673.tif,svar/zips/Lilla_F_rgen/642365-130673-kartor/web/tiles-3-1589_Lilla_Fargen_642365-130673.dzi
630809-134566,"Lilla Frillen",2-0665_Lilla Frillen_630809-134566.tif,svar/zips/Lilla_Frillen/630809-134566-kartor/web/tiles-2-0665_Lilla_Frillen_630809-134566.dzi
635035-148039,"Lilla Granesjön",3-2272a_Lilla Granesjön_635035-148039.tif,svar/zips/Lilla_Granesj_n/635035-148039-kartor/web/tiles-3-2272a_Lilla_Granesjon_635035-148039.dzi
640193-127664,"Lilla Delsjön",3-0973_Lilla Delsjön_640193-127664.tif,svar/zips/Lilla_Delsj_n/640193-127664-kartor/web/tiles-3-0973_Lilla_Delsjon_640193-127664.dzi
633559-133703,"Lilla Garsjön",3-5126_Lilla Garsjön_633559-133703a.tif,svar/zips/Lilla_Garsj_n/633559-133703-kartor/web/tiles-3-5126_Lilla_Garsjon_633559-133703a.dzi
633231-131151,"Lilla Agnsjön",3-5177_Lilla Angsjön_633231-131151b.tif,svar/zips/Lilla_Agnsj_n/633231-131151-kartor/web/tiles-3-5177_Lilla_Angsjon_633231-131151b.dzi
646458-127943,"Lilla Galten",3-4256_Lilla Galten_646458-127943.tif,svar/zips/Lilla_Galten/646458-127943-kartor/web/tiles-3-4256_Lilla_Galten_646458-127943.dzi
642365-130673,"Lilla Färgen",3-4847_Lilla Färgen_642365-130673.tif,svar/zips/Lilla_F_rgen/642365-130673-kartor/web/tiles-3-4847_Lilla_Fargen_642365-130673.dzi
636230-132523,"Lilla Hallången",3-4859_Lilla Hallången_636230-132523.tif,svar/zips/Lilla_Hall_ngen/636230-132523-kartor/web/tiles-3-4859_Lilla_Hallangen_636230-132523.dzi
633231-131151,"Lilla Agnsjön",3-5177_Lilla Angsjön_633231-131151c.tif,svar/zips/Lilla_Agnsj_n/633231-131151-kartor/web/tiles-3-5177_Lilla_Angsjon_633231-131151c.dzi
637257-149908,"Lilla Hammarsjö",3-2310_Lilla Hammarsjö_637257-149908.tif,svar/zips/Lilla_Hammarsj_/637257-149908-kartor/web/tiles-3-2310_Lilla_Hammarsjo_637257-149908.dzi
638471-152921,"Lilla Getgöl",3-3242_Lilla Getgöl_638471-152921.tif,svar/zips/Lilla_Getg_l/638471-152921-kartor/web/tiles-3-3242_Lilla_Getgol_638471-152921.dzi
640193-127664,"Lilla Delsjön",3-0974_Lilla Delsjön_640193-127664.tif,svar/zips/Lilla_Delsj_n/640193-127664-kartor/web/tiles-3-0974_Lilla_Delsjon_640193-127664.dzi
635035-148039,"Lilla Granesjön",3-2272b_Lilla Granesjön_635035-148039.tif,svar/zips/Lilla_Granesj_n/635035-148039-kartor/web/tiles-3-2272b_Lilla_Granesjon_635035-148039.dzi
633559-133703,"Lilla Garsjön",3-5126_Lilla Garsjön_633559-133703b.tif,svar/zips/Lilla_Garsj_n/633559-133703-kartor/web/tiles-3-5126_Lilla_Garsjon_633559-133703b.dzi
636230-132523,"Lilla Hallången",3-6564_Lilla Hallången_636230-132523.jpg,svar/zips/Lilla_Hall_ngen/636230-132523-kartor/web/tiles-3-6564_Lilla_Hallangen_636230-132523.dzi
655779-143111,"Lilla Hemsjön",2-0502_Lilla Hemsjön_655779-143111a.tif,svar/zips/Lilla_Hemsj_n/655779-143111-kartor/web/tiles-2-0502_Lilla_Hemsjon_655779-143111a.dzi
633231-131151,"Lilla Agnsjön",3-5177_Lilla Angsjön_633231-131151d.tif,svar/zips/Lilla_Agnsj_n/633231-131151-kartor/web/tiles-3-5177_Lilla_Angsjon_633231-131151d.dzi
623966-149519,"Lilla Havsjön",2-0659_Lilla Havsjön_623966-149519.tif,svar/zips/Lilla_Havsj_n/623966-149519-kartor/web/tiles-2-0659_Lilla_Havsjon_623966-149519.dzi
640193-127664,"Lilla Delsjön",3-0977_Lilla Delsjön_640193-127664.tif,svar/zips/Lilla_Delsj_n/640193-127664-kartor/web/tiles-3-0977_Lilla_Delsjon_640193-127664.dzi
638964-128093,"Lilla Hassungaredssjön",3-0912_Lilla Hassungaredssjön_638964-128093.tif,svar/zips/Lilla_Hassungaredssj_n/638964-128093-kartor/web/tiles-3-0912_Lilla_Hassungaredssjon_638964-128093.dzi
626121-145592,"Lilla Hensjön",3-0785_Lilla Hensjön_626121-145592.tif,svar/zips/Lilla_Hensj_n/626121-145592-kartor/web/tiles-3-0785_Lilla_Hensjon_626121-145592.dzi
651866-126392,"Lilla Holmevatten",3-1736_Lilla Holmevatten_651866-126392.tif,svar/zips/Lilla_Holmevatten/651866-126392-kartor/web/tiles-3-1736_Lilla_Holmevatten_651866-126392.dzi
646122-127615,"Lilla Holmevattnet",3-1525_Lilla Holmevattnet_646122-127615.tif,svar/zips/Lilla_Holmevattnet/646122-127615-kartor/web/tiles-3-1525_Lilla_Holmevattnet_646122-127615.dzi
640127-127961,"Lilla Hålsjön",3-0982_Lilla Hålsjön_640127-127961.tif,svar/zips/Lilla_H_lsj_n/640127-127961-kartor/web/tiles-3-0982_Lilla_Halsjon_640127-127961.dzi
636230-132523,"Lilla Hallången",3-6564_Lilla Hallången_636230-132523.tif,svar/zips/Lilla_Hall_ngen/636230-132523-kartor/web/tiles-3-6564_Lilla_Hallangen_636230-132523.dzi
640768-129380,"Lilla Härsjön",3-0950_Lilla Härsjön_640768-129380.tif,svar/zips/Lilla_H_rsj_n/640768-129380-kartor/web/tiles-3-0950_Lilla_Harsjon_640768-129380.dzi
638670-130897,"Lilla Hålsjön",3-0882_Lilla Hålsjön_638670-130897.tif,svar/zips/Lilla_H_lsj_n/638670-130897-kartor/web/tiles-3-0882_Lilla_Halsjon_638670-130897.dzi
636684-151234,"Lilla Järnsjön",5-0422_Lilla Järnsjön_636684-151234.tif,svar/zips/Lilla_J_rnsj_n/636684-151234-kartor/web/tiles-5-0422_Lilla_Jarnsjon_636684-151234.dzi
626662-144636,"Lilla Kroksjön",2-0153_Lilla Kroksjön_626662-144636.tif,svar/zips/Lilla_Kroksj_n/626662-144636-kartor/web/tiles-2-0153_Lilla_Kroksjon_626662-144636.dzi
636230-132523,"Lilla Hallången",5-1009_Lilla Hallången_636230-132523.pdf,svar/zips/Lilla_Hall_ngen/636230-132523-kartor/web/tiles-5-1009_Lilla_Hallangen_636230-132523.dzi
646122-127615,"Lilla Holmevattnet",3-3472_Lilla Holmevattnet_646122-127615.tif,svar/zips/Lilla_Holmevattnet/646122-127615-kartor/web/tiles-3-3472_Lilla_Holmevattnet_646122-127615.dzi
637393-135423,"Lilla Kroksjön",3-6556_Lilla Kroksjön_637393-135423.jpg,svar/zips/Lilla_Kroksj_n/637393-135423-kartor/web/tiles-3-6556_Lilla_Kroksjon_637393-135423.dzi
638670-130897,"Lilla Hålsjön",3-4531_Lilla Hålsjön_638670-130897.tif,svar/zips/Lilla_H_lsj_n/638670-130897-kartor/web/tiles-3-4531_Lilla_Halsjon_638670-130897.dzi
623646-144111,"Lilla Kroksjön",3-5984_Lilla Kroksjön_623646-144111.tif,svar/zips/Lilla_Kroksj_n/623646-144111-kartor/web/tiles-3-5984_Lilla_Kroksjon_623646-144111.dzi
641700-128046,"Lilla Kroksjön",3-1634_Lilla Kroksjön_641700-128046.tif,svar/zips/Lilla_Kroksj_n/641700-128046-kartor/web/tiles-3-1634_Lilla_Kroksjon_641700-128046.dzi
643392-130679,"Lilla Krökingen",3-1017_Lilla Krökingen_643392-130679.tif,svar/zips/Lilla_Kr_kingen/643392-130679-kartor/web/tiles-3-1017_Lilla_Krokingen_643392-130679.dzi
640768-129380,"Lilla Härsjön",3-0951_Lilla Härsjön_640768-129380.tif,svar/zips/Lilla_H_rsj_n/640768-129380-kartor/web/tiles-3-0951_Lilla_Harsjon_640768-129380.dzi
655823-158333,"Lilla Kvarnsjön",3-3271_Lilla Kvarnsjön_655823-158333.tif,svar/zips/Lilla_Kvarnsj_n/655823-158333-kartor/web/tiles-3-3271_Lilla_Kvarnsjon_655823-158333.dzi
637393-135423,"Lilla Kroksjön",3-6556_Lilla Kroksjön_637393-135423.tif,svar/zips/Lilla_Kroksj_n/637393-135423-kartor/web/tiles-3-6556_Lilla_Kroksjon_637393-135423.dzi
634026-151972,"Lilla Kyllen",3-3769_Lilla Kyllen_634026-151972a.tif,svar/zips/Lilla_Kyllen/634026-151972-kartor/web/tiles-3-3769_Lilla_Kyllen_634026-151972a.dzi
647748-127840,"Lilla Köperödssjön",3-3538_Lilla Köperödssjön_647748-127840.tif,svar/zips/Lilla_K_per_dssj_n/647748-127840-kartor/web/tiles-3-3538_Lilla_Koperodssjon_647748-127840.dzi
637207-153685,"Lilla Kåren",0-0117_Lilla Kåren_637207-153685.tif,svar/zips/Lilla_K_ren/637207-153685-kartor/web/tiles-0-0117_Lilla_Karen_637207-153685.dzi
642226-128989,"Lilla Lövsjön",3-0989_Lilla Lövsjön_642226-128989a.tif,svar/zips/Lilla_L_vsj_n/642226-128989-kartor/web/tiles-3-0989_Lilla_Lovsjon_642226-128989a.dzi
642045-130054,"Lilla Lången",2-0199_Lilla Lången_642045-130054.tif,svar/zips/Lilla_L_ngen/642045-130054-kartor/web/tiles-2-0199_Lilla_Langen_642045-130054.dzi
634026-151972,"Lilla Kyllen",3-3769_Lilla Kyllen_634026-151972b.tif,svar/zips/Lilla_Kyllen/634026-151972-kartor/web/tiles-3-3769_Lilla_Kyllen_634026-151972b.dzi
634341-130271,"Lilla Neten",3-2237_Lilla Neten_634341-130271.tif,svar/zips/Lilla_Neten/634341-130271-kartor/web/tiles-3-2237_Lilla_Neten_634341-130271.dzi
651766-148246,"Lilla Nälern",3-2893_Lilla Nälern_651766-148246.tif,svar/zips/Lilla_N_lern/651766-148246-kartor/web/tiles-3-2893_Lilla_Nalern_651766-148246.dzi
640613-142734,"Lilla Nätaren",2-0965_Lilla Nätaren_640613-142734.jpg,svar/zips/Lilla_N_taren/640613-142734-kartor/web/tiles-2-0965_Lilla_Nataren_640613-142734.dzi
633368-131316,"Lilla Maresjö",3-5205_Lilla Maresjö_633368-131316a.tif,svar/zips/Lilla_Maresj_/633368-131316-kartor/web/tiles-3-5205_Lilla_Maresjo_633368-131316a.dzi
653868-127677,"Lilla Le",3-1557_Lilla Le_653868-127677.tif,svar/zips/Lilla_Le/653868-127677-kartor/web/tiles-3-1557_Lilla_Le_653868-127677.dzi
637667-153997,"Lilla Ramm",0-0118_Lilla Ramm_637667-153997.tif,svar/zips/Lilla_Ramm/637667-153997-kartor/web/tiles-0-0118_Lilla_Ramm_637667-153997.dzi
642226-128989,"Lilla Lövsjön",3-0989_Lilla Lövsjön_642226-128989b.tif,svar/zips/Lilla_L_vsj_n/642226-128989-kartor/web/tiles-3-0989_Lilla_Lovsjon_642226-128989b.dzi
624700-136409,"Lilla Sjö",2-1001_Lilla sjö_624700-136409.jpg,svar/zips/Lilla_Sj_/624700-136409-kartor/web/tiles-2-1001_Lilla_sjo_624700-136409.dzi
632937-151463,"Lilla Sinnern",3-2370_Lilla Sinnern_632937-151463b.tif,svar/zips/Lilla_Sinnern/632937-151463-kartor/web/tiles-3-2370_Lilla_Sinnern_632937-151463b.dzi
646175-127377,"Lilla Skarsjön",3-3466_Lilla Skarsjön_646175-127377.tif,svar/zips/Lilla_Skarsj_n/646175-127377-kartor/web/tiles-3-3466_Lilla_Skarsjon_646175-127377.dzi
633368-131316,"Lilla Maresjö",3-5205_Lilla Maresjö_633368-131316b.tif,svar/zips/Lilla_Maresj_/633368-131316-kartor/web/tiles-3-5205_Lilla_Maresjo_633368-131316b.dzi
640613-142734,"Lilla Nätaren",2-0965_Lilla Nätaren_640613-142734.tif,svar/zips/Lilla_N_taren/640613-142734-kartor/web/tiles-2-0965_Lilla_Nataren_640613-142734.dzi
642226-128989,"Lilla Lövsjön",3-0995_Lilla Lövsjön_642226-128989.tif,svar/zips/Lilla_L_vsj_n/642226-128989-kartor/web/tiles-3-0995_Lilla_Lovsjon_642226-128989.dzi
653868-127677,"Lilla Le",3-1729_Lilla Le_653868-127677.tif,svar/zips/Lilla_Le/653868-127677-kartor/web/tiles-3-1729_Lilla_Le_653868-127677.dzi
651465-149747,"Lilla Skiren",3-2772_Lilla Skiren_651465-149747.tif,svar/zips/Lilla_Skiren/651465-149747-kartor/web/tiles-3-2772_Lilla_Skiren_651465-149747.dzi
624700-136409,"Lilla Sjö",2-1001_Lilla sjö_624700-136409.tif,svar/zips/Lilla_Sj_/624700-136409-kartor/web/tiles-2-1001_Lilla_sjo_624700-136409.dzi
655856-161949,"Lilla Skogssjön",3-6612_Lilla Skogssjön_655856-161949.jpg,svar/zips/Lilla_Skogssj_n/655856-161949-kartor/web/tiles-3-6612_Lilla_Skogssjon_655856-161949.dzi
634676-146687,"Lilla Skiregölen",3-3575_Lilla Skiregölen_634676-146687.tif,svar/zips/Lilla_Skireg_len/634676-146687-kartor/web/tiles-3-3575_Lilla_Skiregolen_634676-146687.dzi
633368-131316,"Lilla Maresjö",3-5205_Lilla Maresjö_633368-131316c.tif,svar/zips/Lilla_Maresj_/633368-131316-kartor/web/tiles-3-5205_Lilla_Maresjo_633368-131316c.dzi
624674-145684,"Lilla Skörjesjön",3-3165_Lilla Skörjesjön_624674-145684.tif,svar/zips/Lilla_Sk_rjesj_n/624674-145684-kartor/web/tiles-3-3165_Lilla_Skorjesjon_624674-145684.dzi
632636-134619,"Lilla Skärshultasjön",2-1034_Lilla Skärshultasjön_632636-134619.jpg,svar/zips/Lilla_Sk_rshultasj_n/632636-134619-kartor/web/tiles-2-1034_Lilla_Skarshultasjon_632636-134619.dzi
634262-131829,"Lilla Skärsjön",3-5179_Lilla Skärsjön_634262-131829a.jpg,svar/zips/Lilla_Sk_rsj_n/634262-131829-kartor/web/tiles-3-5179_Lilla_Skarsjon_634262-131829a.dzi
640760-128954,"Lilla Stamsjön",3-1042_Lilla Stamsjön_640760-128954.tif,svar/zips/Lilla_Stamsj_n/640760-128954-kartor/web/tiles-3-1042_Lilla_Stamsjon_640760-128954.dzi
655856-161949,"Lilla Skogssjön",3-6612_Lilla Skogssjön_655856-161949.pdf,svar/zips/Lilla_Skogssj_n/655856-161949-kartor/web/tiles-3-6612_Lilla_Skogssjon_655856-161949.dzi
641579-146722,"Lilla Sundsjön",3-2831_Lilla Sundsjön_641579-146722.tif,svar/zips/Lilla_Sundsj_n/641579-146722-kartor/web/tiles-3-2831_Lilla_Sundsjon_641579-146722.dzi
651465-149747,"Lilla Skiren",3-2898_Lilla Skiren_651465-149747.tif,svar/zips/Lilla_Skiren/651465-149747-kartor/web/tiles-3-2898_Lilla_Skiren_651465-149747.dzi
634262-131829,"Lilla Skärsjön",3-5179_Lilla Skärsjön_634262-131829a.tif,svar/zips/Lilla_Sk_rsj_n/634262-131829-kartor/web/tiles-3-5179_Lilla_Skarsjon_634262-131829a.dzi
640760-128954,"Lilla Stamsjön",3-1043_Lilla Stamsjön_640760-128954.tif,svar/zips/Lilla_Stamsj_n/640760-128954-kartor/web/tiles-3-1043_Lilla_Stamsjon_640760-128954.dzi
633368-131316,"Lilla Maresjö",3-5205_Lilla Maresjö_633368-131316d.tif,svar/zips/Lilla_Maresj_/633368-131316-kartor/web/tiles-3-5205_Lilla_Maresjo_633368-131316d.dzi
655856-161949,"Lilla Skogssjön",3-6612_Lilla Skogssjön_655856-161949.tif,svar/zips/Lilla_Skogssj_n/655856-161949-kartor/web/tiles-3-6612_Lilla_Skogssjon_655856-161949.dzi
632636-134619,"Lilla Skärshultasjön",2-1034_Lilla Skärshultasjön_632636-134619.tif,svar/zips/Lilla_Sk_rshultasj_n/632636-134619-kartor/web/tiles-2-1034_Lilla_Skarshultasjon_632636-134619.dzi
640553-129615,"Lilla Sturven",3-1100_Lilla Sturven_640553-129615.tif,svar/zips/Lilla_Sturven/640553-129615-kartor/web/tiles-3-1100_Lilla_Sturven_640553-129615.dzi
635921-130911,"Lilla Sävsjö",3-2836_Lilla Sävsjö_635921-130911.tif,svar/zips/Lilla_S_vsj_/635921-130911-kartor/web/tiles-3-2836_Lilla_Savsjo_635921-130911.dzi
642967-129392,"Lilla Tinnsjön",1-0295_Lilla Tinnsjön_642967-129392.tif,svar/zips/Lilla_Tinnsj_n/642967-129392-kartor/web/tiles-1-0295_Lilla_Tinnsjon_642967-129392.dzi
654136-158302,"Lilla Tomtsjön",3-4392_Lilla Tomtsjön_654136-158302.tif,svar/zips/Lilla_Tomtsj_n/654136-158302-kartor/web/tiles-3-4392_Lilla_Tomtsjon_654136-158302.dzi
624015-144159,"Lilla Torkelsjön",3-5913_Lilla Torkelsjön_624015-144159.tif,svar/zips/Lilla_Torkelsj_n/624015-144159-kartor/web/tiles-3-5913_Lilla_Torkelsjon_624015-144159.dzi
634262-131829,"Lilla Skärsjön",3-5179_Lilla Skärsjön_634262-131829b.tif,svar/zips/Lilla_Sk_rsj_n/634262-131829-kartor/web/tiles-3-5179_Lilla_Skarsjon_634262-131829b.dzi
632636-134619,"Lilla Skärshultasjön",3-4898_Lilla Skärhultasjön_632636-134619.tif,svar/zips/Lilla_Sk_rshultasj_n/632636-134619-kartor/web/tiles-3-4898_Lilla_Skarhultasjon_632636-134619.dzi
651114-142715,"Lilla Trehörningen",2-0218_Lilla Trehörningen_651114-142715.tif,svar/zips/Lilla_Treh_rningen/651114-142715-kartor/web/tiles-2-0218_Lilla_Trehorningen_651114-142715.dzi
637271-149555,"Lilla �&kebosjön",3-2273_Lilla Åkebosjön_637271-149555.tif,svar/zips/Lilla_kebosj_n/637271-149555-kartor/web/tiles-3-2273_Lilla_Akebosjon_637271-149555.dzi
629650-133423,"Lilla Ullasjön",3-5082_Lilla Ullasjön_629650-133423.tif,svar/zips/Lilla_Ullasj_n/629650-133423-kartor/web/tiles-3-5082_Lilla_Ullasjon_629650-133423.dzi
634102-149713,"Lilla �lgasjö",3-4680_Lilla Älgasjö_634102-149713a.tif,svar/zips/Lilla_lgasj_/634102-149713-kartor/web/tiles-3-4680_Lilla_Algasjo_634102-149713a.dzi
635443-129887,"Lilla Värsjö",3-3551_Lilla Värsjö_635443-129887.tif,svar/zips/Lilla_V_rsj_/635443-129887-kartor/web/tiles-3-3551_Lilla_Varsjo_635443-129887.dzi
634262-131829,"Lilla Skärsjön",3-5179_Lilla Skärsjön_634262-131829c.tif,svar/zips/Lilla_Sk_rsj_n/634262-131829-kartor/web/tiles-3-5179_Lilla_Skarsjon_634262-131829c.dzi
651013-153019,"Lilla �lgsjön",3-2992_Lilla Älgsjön_651013-153019.tif,svar/zips/Lilla_lgsj_n/651013-153019-kartor/web/tiles-3-2992_Lilla_Algsjon_651013-153019.dzi
651114-142715,"Lilla Trehörningen",2-0407_Lilla Trehörningen_651114-142715.tif,svar/zips/Lilla_Treh_rningen/651114-142715-kartor/web/tiles-2-0407_Lilla_Trehorningen_651114-142715.dzi
634102-149713,"Lilla �lgasjö",3-4680_Lilla Älgasjö_634102-149713b.tif,svar/zips/Lilla_lgasj_/634102-149713-kartor/web/tiles-3-4680_Lilla_Algasjo_634102-149713b.dzi
624459-145379,"Lilla �rsjön",3-2971_Lilla Örsjön_624459-145379.tif,svar/zips/Lilla_rsj_n/624459-145379-kartor/web/tiles-3-2971_Lilla_Orsjon_624459-145379.dzi
634262-131829,"Lilla Skärsjön",3-5179_Lilla Skärsjön_634262-131829d.tif,svar/zips/Lilla_Sk_rsj_n/634262-131829-kartor/web/tiles-3-5179_Lilla_Skarsjon_634262-131829d.dzi
635443-129887,"Lilla Värsjö",3-6603_Lilla Värsjö_635443-129887.jpg,svar/zips/Lilla_V_rsj_/635443-129887-kartor/web/tiles-3-6603_Lilla_Varsjo_635443-129887.dzi
638665-129243,"Lilla �resjön",3-1627_Lilla Öresjön_638665-129243.tif,svar/zips/Lilla_resj_n/638665-129243-kartor/web/tiles-3-1627_Lilla_Oresjon_638665-129243.dzi
653350-125834,"Lilla �retjärn",3-2002_Lilla Öretjärn_653350-125834.tif,svar/zips/Lilla_retj_rn/653350-125834-kartor/web/tiles-3-2002_Lilla_Oretjarn_653350-125834.dzi
643234-130614,"Lille-Trän",3-1029_Lille-Trän_643234-130614.tif,svar/zips/Lille-Tr_n/643234-130614-kartor/web/tiles-3-1029_Lille-Tran_643234-130614.dzi
651114-142715,"Lilla Trehörningen",2-0407_Lilla Trehörningen_651114-142715b.tif,svar/zips/Lilla_Treh_rningen/651114-142715-kartor/web/tiles-2-0407_Lilla_Trehorningen_651114-142715b.dzi
645787-128014,"Lille-Väktor",2-0959_Lille-Väktor_645787-128014.jpg,svar/zips/Lille-V_ktor/645787-128014-kartor/web/tiles-2-0959_Lille-Vaktor_645787-128014.dzi
632259-154418,"Lillefjärd",5-0435_Lillefjärd_632259-154418.tif,svar/zips/Lillefj_rd/632259-154418-kartor/web/tiles-5-0435_Lillefjard_632259-154418.dzi
635443-129887,"Lilla Värsjö",3-6603_Lilla Värsjö_635443-129887.tif,svar/zips/Lilla_V_rsj_/635443-129887-kartor/web/tiles-3-6603_Lilla_Varsjo_635443-129887.dzi
631749-131355,"Lillesjö",3-6707_Lillesjö_631749-131355.jpg,svar/zips/Lillesj_/631749-131355-kartor/web/tiles-3-6707_Lillesjo_631749-131355.dzi
635694-150460,"Lillesjö",3-3784_Lillesjö_635694-150460a.tif,svar/zips/Lillesj_/635694-150460-kartor/web/tiles-3-3784_Lillesjo_635694-150460a.dzi
641235-138563,"Lillesjö",3-6310_Lillesjö_641235-138563.tif,svar/zips/Lillesj_/641235-138563-kartor/web/tiles-3-6310_Lillesjo_641235-138563.dzi
634533-150985,"Lillesjön",3-3781_Lillesjön_634533-150985a.tif,svar/zips/Lillesj_n/634533-150985-kartor/web/tiles-3-3781_Lillesjon_634533-150985a.dzi
633359-145588,"Lillesjön",3-4706_Lillasjön_633359-145588.tif,svar/zips/Lillesj_n/633359-145588-kartor/web/tiles-3-4706_Lillasjon_633359-145588.dzi
628176-138347,"Lillesjön",3-1581_Lillesjön_628176-138347.tif,svar/zips/Lillesj_n/628176-138347-kartor/web/tiles-3-1581_Lillesjon_628176-138347.dzi
631749-131355,"Lillesjö",3-6707_Lillesjö_631749-131355.tif,svar/zips/Lillesj_/631749-131355-kartor/web/tiles-3-6707_Lillesjo_631749-131355.dzi
645787-128014,"Lille-Väktor",2-0959_Lille-Väktor_645787-128014.tif,svar/zips/Lille-V_ktor/645787-128014-kartor/web/tiles-2-0959_Lille-Vaktor_645787-128014.dzi
633685-144781,"Lillesjön",3-2954_Lillesjön_633685-144781.tif,svar/zips/Lillesj_n/633685-144781-kartor/web/tiles-3-2954_Lillesjon_633685-144781.dzi
635694-150460,"Lillesjö",3-3784_Lillesjö_635694-150460b.tif,svar/zips/Lillesj_/635694-150460-kartor/web/tiles-3-3784_Lillesjo_635694-150460b.dzi
638067-143444,"Lillesjön",3-4029_Lillesjön_638067-143444.tif,svar/zips/Lillesj_n/638067-143444-kartor/web/tiles-3-4029_Lillesjon_638067-143444.dzi
636687-136891,"Lillesjön",3-0869_Lillesjön_636687-136891a.tif,svar/zips/Lillesj_n/636687-136891-kartor/web/tiles-3-0869_Lillesjon_636687-136891a.dzi
645787-128014,"Lille-Väktor",3-4849_Lille-Väktor_645787-128014a.tif,svar/zips/Lille-V_ktor/645787-128014-kartor/web/tiles-3-4849_Lille-Vaktor_645787-128014a.dzi
638108-138317,"Lillesjön",3-5674_Lillesjön_638108-138317.tif,svar/zips/Lillesj_n/638108-138317-kartor/web/tiles-3-5674_Lillesjon_638108-138317.dzi
638161-137737,"Lillesjön",3-6288_Lillesjön_638161-137737.tif,svar/zips/Lillesj_n/638161-137737-kartor/web/tiles-3-6288_Lillesjon_638161-137737.dzi
634533-150985,"Lillesjön",3-3781_Lillesjön_634533-150985b.tif,svar/zips/Lillesj_n/634533-150985-kartor/web/tiles-3-3781_Lillesjon_634533-150985b.dzi
636687-136891,"Lillesjön",3-0869_Lillesjön_636687-136891b.tif,svar/zips/Lillesj_n/636687-136891-kartor/web/tiles-3-0869_Lillesjon_636687-136891b.dzi
639850-152617,"Lillevattnet",3-3244_Lillevattnet_639850-152617.tif,svar/zips/Lillevattnet/639850-152617-kartor/web/tiles-3-3244_Lillevattnet_639850-152617.dzi
652811-130332,"Lillesjön",3-2485_Lillesjön_652811-130332.tif,svar/zips/Lillesj_n/652811-130332-kartor/web/tiles-3-2485_Lillesjon_652811-130332.dzi
643609-143086,"Lille Glan",3-2602_Lille Glan_643609-143086.tif,svar/zips/Lille_Glan/643609-143086-kartor/web/tiles-3-2602_Lille_Glan_643609-143086.dzi
643694-127111,"Lillevatten",3-3984_Lillevatten_643694-127111.tif,svar/zips/Lillevatten/643694-127111-kartor/web/tiles-3-3984_Lillevatten_643694-127111.dzi
638067-143444,"Lillesjön",3-6687_Lillesjön_638067-143444.jpg,svar/zips/Lillesj_n/638067-143444-kartor/web/tiles-3-6687_Lillesjon_638067-143444.dzi
645787-128014,"Lille-Väktor",3-4849_Lille-Väktor_645787-128014b.tif,svar/zips/Lille-V_ktor/645787-128014-kartor/web/tiles-3-4849_Lille-Vaktor_645787-128014b.dzi
624171-134831,"Lillsjön",3-2783_Lillsjön_624171-134831a.tif,svar/zips/Lillsj_n/624171-134831-kartor/web/tiles-3-2783_Lillsjon_624171-134831a.dzi
631632-150367,"Lille Hindsjön",3-3837_Lille Hindsjön_631632-150367a.tif,svar/zips/Lille_Hindsj_n/631632-150367-kartor/web/tiles-3-3837_Lille_Hindsjon_631632-150367a.dzi
626321-147954,"Lillsjön",5-0464_Lillsjön_626321-147954.tif,svar/zips/Lillsj_n/626321-147954-kartor/web/tiles-5-0464_Lillsjon_626321-147954.dzi
634380-148817,"Lillsjön",3-3822_Lillsjön_634380-148817a.tif,svar/zips/Lillsj_n/634380-148817-kartor/web/tiles-3-3822_Lillsjon_634380-148817a.dzi
634786-147318,"Lillsjön",3-3736_Lillsjön_634786-147318.tif,svar/zips/Lillsj_n/634786-147318-kartor/web/tiles-3-3736_Lillsjon_634786-147318.dzi
636774-150525,"Lillsjön",3-2872_Lillsjön_636774-150525.tif,svar/zips/Lillsj_n/636774-150525-kartor/web/tiles-3-2872_Lillsjon_636774-150525.dzi
637993-152469,"Lillsjön",3-3643_Lillsjön_637993-152469.tif,svar/zips/Lillsj_n/637993-152469-kartor/web/tiles-3-3643_Lillsjon_637993-152469.dzi
638067-143444,"Lillesjön",3-6687_Lillesjön_638067-143444.pdf,svar/zips/Lillesj_n/638067-143444-kartor/web/tiles-3-6687_Lillesjon_638067-143444.dzi
624171-134831,"Lillsjön",3-2783_Lillsjön_624171-134831b.tif,svar/zips/Lillsj_n/624171-134831-kartor/web/tiles-3-2783_Lillsjon_624171-134831b.dzi
639220-151159,"Lillsjön",3-3625_Lillsjön_639220-151159.tif,svar/zips/Lillsj_n/639220-151159-kartor/web/tiles-3-3625_Lillsjon_639220-151159.dzi
634380-148817,"Lillsjön",3-3822_Lillsjön_634380-148817b.tif,svar/zips/Lillsj_n/634380-148817-kartor/web/tiles-3-3822_Lillsjon_634380-148817b.dzi
655380-155738,"Lillsjön",5-0985_Lillsjön_655380-155738.png,svar/zips/Lillsj_n/655380-155738-kartor/web/tiles-5-0985_Lillsjon_655380-155738.dzi
642027-146395,"Lillsjön",3-2828_Lillsjön_642027-146395.tif,svar/zips/Lillsj_n/642027-146395-kartor/web/tiles-3-2828_Lillsjon_642027-146395.dzi
631632-150367,"Lille Hindsjön",3-3837_Lille Hindsjön_631632-150367b.tif,svar/zips/Lille_Hindsj_n/631632-150367-kartor/web/tiles-3-3837_Lille_Hindsjon_631632-150367b.dzi
654089-151933,"Lillsjön",3-5625_Lillsjön_654089-151933.tif,svar/zips/Lillsj_n/654089-151933-kartor/web/tiles-3-5625_Lillsjon_654089-151933.dzi
638067-143444,"Lillesjön",3-6687_Lillesjön_638067-143444.tif,svar/zips/Lillesj_n/638067-143444-kartor/web/tiles-3-6687_Lillesjon_638067-143444.dzi
656529-155162,"Lillsjön",5-0179_Lillsjön_656529-155162.tif,svar/zips/Lillsj_n/656529-155162-kartor/web/tiles-5-0179_Lillsjon_656529-155162.dzi
640409-136912,"Lillö Sjö",3-4861_Lillö sjö_640409-136912.tif,svar/zips/Lill_Sj_/640409-136912-kartor/web/tiles-3-4861_Lillo_sjo_640409-136912.dzi
640275-149055,"Lindefallasjön",3-3601_Lindefallasjön_640275-149055.tif,svar/zips/Lindefallasj_n/640275-149055-kartor/web/tiles-3-3601_Lindefallasjon_640275-149055.dzi
656046-130394,"Limmen",2-0513_Limmen_656046-130394.tif,svar/zips/Limmen/656046-130394-kartor/web/tiles-2-0513_Limmen_656046-130394.dzi
652052-151626,"Linddalssjön",3-2910_Linddalssjön_652052-151626.tif,svar/zips/Linddalssj_n/652052-151626-kartor/web/tiles-3-2910_Linddalssjon_652052-151626.dzi
641696-137516,"Lindhultasjön",3-4786_Lindhultasjön_641696-137516.tif,svar/zips/Lindhultasj_n/641696-137516-kartor/web/tiles-3-4786_Lindhultasjon_641696-137516.dzi
639410-130708,"Lindesjön",2-0632_Lindesjön_639410-130708.tif,svar/zips/Lindesj_n/639410-130708-kartor/web/tiles-2-0632_Lindesjon_639410-130708.dzi
633608-141894,"Lindhultsgöl",3-5606_Lindhultsgöl_633608-141894.tif,svar/zips/Lindhultsg_l/633608-141894-kartor/web/tiles-3-5606_Lindhultsgol_633608-141894.dzi
636348-146279,"Lindåsasjön",3-2441_Lindåsasjön_636348-146279.tif,svar/zips/Lind_sasj_n/636348-146279-kartor/web/tiles-3-2441_Lindasasjon_636348-146279.dzi
650435-126754,"Lindevatten",3-2626_Lindevatten_650435-126754a.tif,svar/zips/Lindevatten/650435-126754-kartor/web/tiles-3-2626_Lindevatten_650435-126754a.dzi
656046-130394,"Limmen",3-6629_Limmen_656046-130394.jpg,svar/zips/Limmen/656046-130394-kartor/web/tiles-3-6629_Limmen_656046-130394.dzi
640486-152886,"Lingsjön",3-3391_Lingsjön_640486-152886.tif,svar/zips/Lingsj_n/640486-152886-kartor/web/tiles-3-3391_Lingsjon_640486-152886.dzi
637769-149284,"Linden",2-1093_Linden_637769-149284.jpg,svar/zips/Linden/637769-149284-kartor/web/tiles-2-1093_Linden_637769-149284.dzi
634393-141813,"Lindösgöl",3-5594_Lindösgöl_634393-141813.tif,svar/zips/Lind_sg_l/634393-141813-kartor/web/tiles-3-5594_Lindosgol_634393-141813.dzi
636348-146279,"Lindåsasjön",3-2988_Lindåsasjön_636348-146279.tif,svar/zips/Lind_sasj_n/636348-146279-kartor/web/tiles-3-2988_Lindasasjon_636348-146279.dzi
627920-145948,"Linnerydssjön",2-0148_Linnerydssjön_627920-145948.tif,svar/zips/Linnerydssj_n/627920-145948-kartor/web/tiles-2-0148_Linnerydssjon_627920-145948.dzi
656046-130394,"Limmen",3-6629_Limmen_656046-130394.tif,svar/zips/Limmen/656046-130394-kartor/web/tiles-3-6629_Limmen_656046-130394.dzi
639745-133662,"Lindåsasjön",3-3668_Lindåsasjön_639745-133662.tif,svar/zips/Lind_sasj_n/639745-133662-kartor/web/tiles-3-3668_Lindasasjon_639745-133662.dzi
650435-126754,"Lindevatten",3-2626_Lindevatten_650435-126754b.tif,svar/zips/Lindevatten/650435-126754-kartor/web/tiles-3-2626_Lindevatten_650435-126754b.dzi
637907-141293,"Linnerydssjön",3-3877_Linnerydssjön_637907-141293a.tif,svar/zips/Linnerydssj_n/637907-141293-kartor/web/tiles-3-3877_Linnerydssjon_637907-141293a.dzi
637769-149284,"Linden",2-1093_Linden_637769-149284.tif,svar/zips/Linden/637769-149284-kartor/web/tiles-2-1093_Linden_637769-149284.dzi
635659-143585,"Linnesjön",2-0138_Linnesjön_635659-143585.tif,svar/zips/Linnesj_n/635659-143585-kartor/web/tiles-2-0138_Linnesjon_635659-143585.dzi
636340-140067,"Linnesjön",3-2436_Linnesjön_636340-140067.tif,svar/zips/Linnesj_n/636340-140067-kartor/web/tiles-3-2436_Linnesjon_636340-140067.dzi
645964-128991,"Liperedsjön",3-1706_Liperedsjön_645964-128991.tif,svar/zips/Liperedsj_n/645964-128991-kartor/web/tiles-3-1706_Liperedsjon_645964-128991.dzi
624065-147380,"Listersjön",0-0087_Listersjön_624065-147380.tif,svar/zips/Listersj_n/624065-147380-kartor/web/tiles-0-0087_Listersjon_624065-147380.dzi
637907-141293,"Linnerydssjön",3-3877_Linnerydssjön_637907-141293b.tif,svar/zips/Linnerydssj_n/637907-141293-kartor/web/tiles-3-3877_Linnerydssjon_637907-141293b.dzi
637769-149284,"Linden",3-2313_Linden_637769-149284.tif,svar/zips/Linden/637769-149284-kartor/web/tiles-3-2313_Linden_637769-149284.dzi
634356-141652,"Ljungsjön",3-3871_Ljungsjön_634356-141652a.tif,svar/zips/Ljungsj_n/634356-141652-kartor/web/tiles-3-3871_Ljungsjon_634356-141652a.dzi
636340-140067,"Linnesjön",5-0035_Linnesjön_636340-140067.pdf,svar/zips/Linnesj_n/636340-140067-kartor/web/tiles-5-0035_Linnesjon_636340-140067.dzi
636489-140907,"Ljungsjön",3-5242_Ljungsjön_636489-140907.tif,svar/zips/Ljungsj_n/636489-140907-kartor/web/tiles-3-5242_Ljungsjon_636489-140907.dzi
635659-143585,"Linnesjön",2-0294_Linnesjön_635659-143585.tif,svar/zips/Linnesj_n/635659-143585-kartor/web/tiles-2-0294_Linnesjon_635659-143585.dzi
638840-154011,"Ljusgöl",3-3370_Ljusgöl_638840-154011.tif,svar/zips/Ljusg_l/638840-154011-kartor/web/tiles-3-3370_Ljusgol_638840-154011.dzi
624065-147380,"Listersjön",2-0145_Listersjön_624065-147380.tif,svar/zips/Listersj_n/624065-147380-kartor/web/tiles-2-0145_Listersjon_624065-147380.dzi
639847-152416,"Ljusgöl",3-3251_Ljusgöl_639847-152416.tif,svar/zips/Ljusg_l/639847-152416-kartor/web/tiles-3-3251_Ljusgol_639847-152416.dzi
640454-153677,"Ljusgöl",3-3256_Ljusgöl_640454-153677.tif,svar/zips/Ljusg_l/640454-153677-kartor/web/tiles-3-3256_Ljusgol_640454-153677.dzi
634356-141652,"Ljungsjön",3-3871_Ljungsjön_634356-141652b.tif,svar/zips/Ljungsj_n/634356-141652-kartor/web/tiles-3-3871_Ljungsjon_634356-141652b.dzi
650273-148918,"Ljussjön",3-2803_Ljussjön_650273-148918.tif,svar/zips/Ljussj_n/650273-148918-kartor/web/tiles-3-2803_Ljussjon_650273-148918.dzi
651578-150774,"Ljussjön",3-2773_Ljussjön_651578-150774.tif,svar/zips/Ljussj_n/651578-150774-kartor/web/tiles-3-2773_Ljussjon_651578-150774.dzi
655588-144442,"Logsjön",0-0136_Logsjon_655588-144442a.tif,svar/zips/Logsj_n/655588-144442-kartor/web/tiles-0-0136_Logsjon_655588-144442a.dzi
643560-151721,"Loftersgöl",3-3386_Loftersgöl_643560-151721.tif,svar/zips/Loftersg_l/643560-151721-kartor/web/tiles-3-3386_Loftersgol_643560-151721.dzi
625350-147154,"Ljusterhövden",2-0146_Ljusterhövden_625350-147154.tif,svar/zips/Ljusterh_vden/625350-147154-kartor/web/tiles-2-0146_Ljusterhovden_625350-147154.dzi
624716-150043,"Lomsjön",2-1100_Lomsjön_624716-150043.jpg,svar/zips/Lomsj_n/624716-150043-kartor/web/tiles-2-1100_Lomsjon_624716-150043.dzi
656162-156798,"Ljussjön",3-3275_Ljussjön_656162-156798.tif,svar/zips/Ljussj_n/656162-156798-kartor/web/tiles-3-3275_Ljussjon_656162-156798.dzi
631531-131731,"Lommasjön",3-5208_Lommasjön_631531-131731a.tif,svar/zips/Lommasj_n/631531-131731-kartor/web/tiles-3-5208_Lommasjon_631531-131731a.dzi
650273-148918,"Ljussjön",3-2902_Ljussjön_650273-148918.tif,svar/zips/Ljussj_n/650273-148918-kartor/web/tiles-3-2902_Ljussjon_650273-148918.dzi
655588-144442,"Logsjön",0-0136_Logsjon_655588-144442b.pdf,svar/zips/Logsj_n/655588-144442-kartor/web/tiles-0-0136_Logsjon_655588-144442b.dzi
635807-135668,"Lomsjön",3-6293_Lomsjön_635807-135668.tif,svar/zips/Lomsj_n/635807-135668-kartor/web/tiles-3-6293_Lomsjon_635807-135668.dzi
637523-138710,"Lomsjön",3-5331_Lomsjön_637523-138710a.tif,svar/zips/Lomsj_n/637523-138710-kartor/web/tiles-3-5331_Lomsjon_637523-138710a.dzi
645790-144179,"Lorasjön",3-3677_Lorasjön_645790-144179.tif,svar/zips/Lorasj_n/645790-144179-kartor/web/tiles-3-3677_Lorasjon_645790-144179.dzi
631531-131731,"Lommasjön",3-5208_Lommasjön_631531-131731b.tif,svar/zips/Lommasj_n/631531-131731-kartor/web/tiles-3-5208_Lommasjon_631531-131731b.dzi
624716-150043,"Lomsjön",2-1100_Lomsjön_624716-150043.tif,svar/zips/Lomsj_n/624716-150043-kartor/web/tiles-2-1100_Lomsjon_624716-150043.dzi
632407-147945,"Losjön",3-6383_Losjön_632407-147945.jpg,svar/zips/Losj_n/632407-147945-kartor/web/tiles-3-6383_Losjon_632407-147945.dzi
653145-157697,"Ludgosjön",0-0051_Ludgosjön_653145-157697.tif,svar/zips/Ludgosj_n/653145-157697-kartor/web/tiles-0-0051_Ludgosjon_653145-157697.dzi
637523-138710,"Lomsjön",3-5331_Lomsjön_637523-138710b.tif,svar/zips/Lomsj_n/637523-138710-kartor/web/tiles-3-5331_Lomsjon_637523-138710b.dzi
639466-140421,"Lovsjön",3-6463_Lovsjön_639466-140421.jpg,svar/zips/Lovsj_n/639466-140421-kartor/web/tiles-3-6463_Lovsjon_639466-140421.dzi
651426-125722,"Lundetjärnet",3-1917_Lundetjärnet_651426-125722.tif,svar/zips/Lundetj_rnet/651426-125722-kartor/web/tiles-3-1917_Lundetjarnet_651426-125722.dzi
632407-147945,"Losjön",3-6383_Losjön_632407-147945.tif,svar/zips/Losj_n/632407-147945-kartor/web/tiles-3-6383_Losjon_632407-147945.dzi
624716-150043,"Lomsjön",3-3857_Lomsjön_624716-150043a.tif,svar/zips/Lomsj_n/624716-150043-kartor/web/tiles-3-3857_Lomsjon_624716-150043a.dzi
631531-131731,"Lommasjön",3-5208_Lommasjön_631531-131731c.tif,svar/zips/Lommasj_n/631531-131731-kartor/web/tiles-3-5208_Lommasjon_631531-131731c.dzi
623811-137924,"Lursjön",3-0820_Lursjön_623811-137924.tif,svar/zips/Lursj_n/623811-137924-kartor/web/tiles-3-0820_Lursjon_623811-137924.dzi
639466-140421,"Lovsjön",3-6463_Lovsjön_639466-140421.tif,svar/zips/Lovsj_n/639466-140421-kartor/web/tiles-3-6463_Lovsjon_639466-140421.dzi
652908-152969,"Lundsbolssjön",3-5621_Lundsbolssjön_652908-152969.tif,svar/zips/Lundsbolssj_n/652908-152969-kartor/web/tiles-3-5621_Lundsbolssjon_652908-152969.dzi
652892-124060,"Lursjön",3-3102_Lursjön_652892-124060.tif,svar/zips/Lursj_n/652892-124060-kartor/web/tiles-3-3102_Lursjon_652892-124060.dzi
656550-163744,"Lycksjön",3-1889_Lycksjön_656550-163744.tif,svar/zips/Lycksj_n/656550-163744-kartor/web/tiles-3-1889_Lycksjon_656550-163744.dzi
642134-130981,"Lygnösjö",3-1066_Lygnösjö_642134-130981.tif,svar/zips/Lygn_sj_/642134-130981-kartor/web/tiles-3-1066_Lygnosjo_642134-130981.dzi
624716-150043,"Lomsjön",3-3857_Lomsjön_624716-150043b.tif,svar/zips/Lomsj_n/624716-150043-kartor/web/tiles-3-3857_Lomsjon_624716-150043b.dzi
638260-140869,"Lyngemadssjön",3-5468_Lyngemadssjön_638260-140869a.tif,svar/zips/Lyngemadssj_n/638260-140869-kartor/web/tiles-3-5468_Lyngemadssjon_638260-140869a.dzi
637886-128777,"Lygnern",0-0147_Lygnern_637886-128777.tif,svar/zips/Lygnern/637886-128777-kartor/web/tiles-0-0147_Lygnern_637886-128777.dzi
623811-137924,"Lursjön",3-5813a_Lursjön_623811-137924.tif,svar/zips/Lursj_n/623811-137924-kartor/web/tiles-3-5813a_Lursjon_623811-137924.dzi
620184-139120,"Lyngsjön",3-5814a_Lyngsjön_620184-139120.tif,svar/zips/Lyngsj_n/620184-139120-kartor/web/tiles-3-5814a_Lyngsjon_620184-139120.dzi
633103-132643,"Lyngsjön",3-5183_Lyngsjön_633103-132643a.jpg,svar/zips/Lyngsj_n/633103-132643-kartor/web/tiles-3-5183_Lyngsjon_633103-132643a.dzi
641998-127922,"Lysevattnet",3-4518_Lysevattnet_641998-127922.tif,svar/zips/Lysevattnet/641998-127922-kartor/web/tiles-3-4518_Lysevattnet_641998-127922.dzi
644494-127688,"Lysevatten",3-1536_Lysevatten_644494-127688.tif,svar/zips/Lysevatten/644494-127688-kartor/web/tiles-3-1536_Lysevatten_644494-127688.dzi
633848-142611,"Lynnen",2-0181_Lynnen_633848-142611.tif,svar/zips/Lynnen/633848-142611-kartor/web/tiles-2-0181_Lynnen_633848-142611.dzi
637886-128777,"Lygnern",2-0188_Lygnern_637886-128777.jpg,svar/zips/Lygnern/637886-128777-kartor/web/tiles-2-0188_Lygnern_637886-128777.dzi
638260-140869,"Lyngemadssjön",3-5468_Lyngemadssjön_638260-140869b.tif,svar/zips/Lyngemadssj_n/638260-140869-kartor/web/tiles-3-5468_Lyngemadssjon_638260-140869b.dzi
620184-139120,"Lyngsjön",3-5814b_Lyngsjön_620184-139120.tif,svar/zips/Lyngsj_n/620184-139120-kartor/web/tiles-3-5814b_Lyngsjon_620184-139120.dzi
633103-132643,"Lyngsjön",3-5183_Lyngsjön_633103-132643a.tif,svar/zips/Lyngsj_n/633103-132643-kartor/web/tiles-3-5183_Lyngsjon_633103-132643a.dzi
623811-137924,"Lursjön",3-5813b_Lursjön_623811-137924.tif,svar/zips/Lursj_n/623811-137924-kartor/web/tiles-3-5813b_Lursjon_623811-137924.dzi
639011-133547,"Lysjön",2-0389_Lysjön_639011-133547a.tif,svar/zips/Lysj_n/639011-133547-kartor/web/tiles-2-0389_Lysjon_639011-133547a.dzi
635132-135475,"Löbbosjön",3-5661_Löbbosjön_635132-135475.tif,svar/zips/L_bbosj_n/635132-135475-kartor/web/tiles-3-5661_Lobbosjon_635132-135475.dzi
637066-151254,"Lysgöl",3-3756_Lysgöl_637066-151254a.tif,svar/zips/Lysg_l/637066-151254-kartor/web/tiles-3-3756_Lysgol_637066-151254a.dzi
637886-128777,"Lygnern",2-0188_Lygnern_637886-128777.tif,svar/zips/Lygnern/637886-128777-kartor/web/tiles-2-0188_Lygnern_637886-128777.dzi
656188-128168,"Lyssjö",3-1714_Lyssjö_656188-128168.tif,svar/zips/Lyssj_/656188-128168-kartor/web/tiles-3-1714_Lyssjo_656188-128168.dzi
633103-132643,"Lyngsjön",3-5183_Lyngsjön_633103-132643b.tif,svar/zips/Lyngsj_n/633103-132643-kartor/web/tiles-3-5183_Lyngsjon_633103-132643b.dzi
629163-146824,"Läen",1-0292_Läen_629163-146824.tif,svar/zips/L_en/629163-146824-kartor/web/tiles-1-0292_Laen_629163-146824.dzi
632966-143377,"Lädjasjön",2-0161_Lädjasjön_632966-143377.tif,svar/zips/L_djasj_n/632966-143377-kartor/web/tiles-2-0161_Ladjasjon_632966-143377.dzi
637066-151254,"Lysgöl",3-3756_Lysgöl_637066-151254b.tif,svar/zips/Lysg_l/637066-151254-kartor/web/tiles-3-3756_Lysgol_637066-151254b.dzi
627766-147808,"Löften",3-0761_Löften_627766-147808.tif,svar/zips/L_ften/627766-147808-kartor/web/tiles-3-0761_Loften_627766-147808.dzi
639011-133547,"Lysjön",2-0389_Lysjön_639011-133547b.tif,svar/zips/Lysj_n/639011-133547-kartor/web/tiles-2-0389_Lysjon_639011-133547b.dzi
642676-137266,"Lönern",3-0873_Lönern_642676-137266.tif,svar/zips/L_nern/642676-137266-kartor/web/tiles-3-0873_Lonern_642676-137266.dzi
638875-144949,"Långanäsasjön",3-0751_Långanässjön_638875-144949.tif,svar/zips/L_ngan_sasj_n/638875-144949-kartor/web/tiles-3-0751_Langanassjon_638875-144949.dzi
635483-146475,"Löjasjön",3-3565_Löjasjön_635483-146475.tif,svar/zips/L_jasj_n/635483-146475-kartor/web/tiles-3-3565_Lojasjon_635483-146475.dzi
633103-132643,"Lyngsjön",3-5183_Lyngsjön_633103-132643c.tif,svar/zips/Lyngsj_n/633103-132643-kartor/web/tiles-3-5183_Lyngsjon_633103-132643c.dzi
637090-128655,"Långaresjö",3-0888_Långaresjö_637090-128655.tif,svar/zips/L_ngaresj_/637090-128655-kartor/web/tiles-3-0888_Langaresjo_637090-128655.dzi
633292-133283,"Långasjö",2-0618_Långasjö_633292-133283a.tif,svar/zips/L_ngasj_/633292-133283-kartor/web/tiles-2-0618_Langasjo_633292-133283a.dzi
633972-132886,"Långasjö",3-6638_Långasjö_633972-132886.jpg,svar/zips/L_ngasj_/633972-132886-kartor/web/tiles-3-6638_Langasjo_633972-132886.dzi
623020-146415,"Långasjön",2-0697_Långasjön_623020-146416.tif,svar/zips/L_ngasj_n/623020-146415-kartor/web/tiles-2-0697_Langasjon_623020-146416.dzi
623401-144131,"Långasjön",3-2825_Långasjön_623401-144131.tif,svar/zips/L_ngasj_n/623401-144131-kartor/web/tiles-3-2825_Langasjon_623401-144131.dzi
624124-145257,"Långasjön",3-5474_Långasjön_624124-145257.tif,svar/zips/L_ngasj_n/624124-145257-kartor/web/tiles-3-5474_Langasjon_624124-145257.dzi
633972-132886,"Långasjö",3-6638_Långasjö_633972-132886.tif,svar/zips/L_ngasj_/633972-132886-kartor/web/tiles-3-6638_Langasjo_633972-132886.dzi
633292-133283,"Långasjö",2-0618_Långasjö_633292-133283b.jpg,svar/zips/L_ngasj_/633292-133283-kartor/web/tiles-2-0618_Langasjo_633292-133283b.dzi
638875-144949,"Långanäsasjön",3-1782_Långanässjön_638875-144949.tif,svar/zips/L_ngan_sasj_n/638875-144949-kartor/web/tiles-3-1782_Langanassjon_638875-144949.dzi
633103-132643,"Lyngsjön",3-6443_Lyngsjön_633103-132643.jpg,svar/zips/Lyngsj_n/633103-132643-kartor/web/tiles-3-6443_Lyngsjon_633103-132643.dzi
624528-147369,"Långasjön",3-5565_Långasjön_624528-147369.tif,svar/zips/L_ngasj_n/624528-147369-kartor/web/tiles-3-5565_Langasjon_624528-147369.dzi
624884-147525,"Långasjön",3-5569_Långasjön_624884-147525.tif,svar/zips/L_ngasj_n/624884-147525-kartor/web/tiles-3-5569_Langasjon_624884-147525.dzi
624554-145574,"Långasjön",3-2979_Långasjön_624554-145574.tif,svar/zips/L_ngasj_n/624554-145574-kartor/web/tiles-3-2979_Langasjon_624554-145574.dzi
633407-132737,"Långasjön",3-5215_Långasjön_633407-132737a.tif,svar/zips/L_ngasj_n/633407-132737-kartor/web/tiles-3-5215_Langasjon_633407-132737a.dzi
633292-133283,"Långasjö",2-0618_Långasjö_633292-133283b.tif,svar/zips/L_ngasj_/633292-133283-kartor/web/tiles-2-0618_Langasjo_633292-133283b.dzi
633103-132643,"Lyngsjön",3-6443_Lyngsjön_633103-132643.tif,svar/zips/Lyngsj_n/633103-132643-kartor/web/tiles-3-6443_Lyngsjon_633103-132643.dzi
624834-146137,"Långasjön",3-3179_Långasjön_624834-146137.tif,svar/zips/L_ngasj_n/624834-146137-kartor/web/tiles-3-3179_Langasjon_624834-146137.dzi
650387-148392,"Långbogen",3-3005_Långbogen_650387-148392.tif,svar/zips/L_ngbogen/650387-148392-kartor/web/tiles-3-3005_Langbogen_650387-148392.dzi
636099-139046,"Långasjön",2-0674_Långasjön_636099-139046a.tif,svar/zips/L_ngasj_n/636099-139046-kartor/web/tiles-2-0674_Langasjon_636099-139046a.dzi
633407-132737,"Långasjön",3-5215_Långasjön_633407-132737b.tif,svar/zips/L_ngasj_n/633407-132737-kartor/web/tiles-3-5215_Langasjon_633407-132737b.dzi
633292-133283,"Långasjö",2-0618_Långasjö_633292-133283c.tif,svar/zips/L_ngasj_/633292-133283-kartor/web/tiles-2-0618_Langasjo_633292-133283c.dzi
633103-132643,"Lyngsjön",5-1010_Lyngsjön_633103-132643.pdf,svar/zips/Lyngsj_n/633103-132643-kartor/web/tiles-5-1010_Lyngsjon_633103-132643.dzi
634778-130621,"Långasjön",3-3552_Långasjön_634778-130621.tif,svar/zips/L_ngasj_n/634778-130621-kartor/web/tiles-3-3552_Langasjon_634778-130621.dzi
634391-130270,"Långasjö",3-6546_Långasjö_634391-130270.jpg,svar/zips/L_ngasj_/634391-130270-kartor/web/tiles-3-6546_Langasjo_634391-130270.dzi
642565-128763,"Långekärr",3-4824_Långekärr_642565-128763.tif,svar/zips/L_ngek_rr/642565-128763-kartor/web/tiles-3-4824_Langekarr_642565-128763.dzi
630814-148413,"Långegöl",3-3848_Långegöl_630814-148413a.tif,svar/zips/L_ngeg_l/630814-148413-kartor/web/tiles-3-3848_Langegol_630814-148413a.dzi
633407-132737,"Långasjön",3-5215_Långasjön_633407-132737c.tif,svar/zips/L_ngasj_n/633407-132737-kartor/web/tiles-3-5215_Langasjon_633407-132737c.dzi
633976-142928,"Lången",1-0308_Lången_633976-142928.tif,svar/zips/L_ngen/633976-142928-kartor/web/tiles-1-0308_Langen_633976-142928.dzi
634373-134567,"Lången",3-2547_Lången_634373-134567.tif,svar/zips/L_ngen/634373-134567-kartor/web/tiles-3-2547_Langen_634373-134567.dzi
636099-139046,"Långasjön",2-0674_Långasjön_636099-139046b.tif,svar/zips/L_ngasj_n/636099-139046-kartor/web/tiles-2-0674_Langasjon_636099-139046b.dzi
633292-133283,"Långasjö",2-0618_Långasjö_633292-133283d.tif,svar/zips/L_ngasj_/633292-133283-kartor/web/tiles-2-0618_Langasjo_633292-133283d.dzi
634716-140234,"Lången",3-6376_Lången_634716-140234.jpg,svar/zips/L_ngen/634716-140234-kartor/web/tiles-3-6376_Langen_634716-140234.dzi
634391-130270,"Långasjö",3-6546_Långasjö_634391-130270.tif,svar/zips/L_ngasj_/634391-130270-kartor/web/tiles-3-6546_Langasjo_634391-130270.dzi
630814-148413,"Långegöl",3-3848_Långegöl_630814-148413b.tif,svar/zips/L_ngeg_l/630814-148413-kartor/web/tiles-3-3848_Langegol_630814-148413b.dzi
633407-132737,"Långasjön",3-5215_Långasjön_633407-132737d.tif,svar/zips/L_ngasj_n/633407-132737-kartor/web/tiles-3-5215_Langasjon_633407-132737d.dzi
644156-131315,"Lången",3-4842_Lången_644156-131315.tif,svar/zips/L_ngen/644156-131315-kartor/web/tiles-3-4842_Langen_644156-131315.dzi
633292-133283,"Långasjö",3-6704_Långasjö_633292-133283.jpg,svar/zips/L_ngasj_/633292-133283-kartor/web/tiles-3-6704_Langasjo_633292-133283.dzi
640465-142567,"Lången",3-5725_Lången_640465-142567.tif,svar/zips/L_ngen/640465-142567-kartor/web/tiles-3-5725_Langen_640465-142567.dzi
646947-151878,"Lången",2-1043_Lången_646947-151878.jpg,svar/zips/L_ngen/646947-151878-kartor/web/tiles-2-1043_Langen_646947-151878.dzi
643520-130932,"Lången",3-4843_Lången_643520-130932.tif,svar/zips/L_ngen/643520-130932-kartor/web/tiles-3-4843_Langen_643520-130932.dzi
634716-140234,"Lången",3-6376_Lången_634716-140234.tif,svar/zips/L_ngen/634716-140234-kartor/web/tiles-3-6376_Langen_634716-140234.dzi
633407-132737,"Långasjön",3-6711_Långasjön_633407-132737.jpg,svar/zips/L_ngasj_n/633407-132737-kartor/web/tiles-3-6711_Langasjon_633407-132737.dzi
653386-142797,"Lången",2-0515_Lången_653386-142797.tif,svar/zips/L_ngen/653386-142797-kartor/web/tiles-2-0515_Langen_653386-142797.dzi
633292-133283,"Långasjö",3-6704_Långasjö_633292-133283.tif,svar/zips/L_ngasj_/633292-133283-kartor/web/tiles-3-6704_Langasjo_633292-133283.dzi
649177-137968,"Lången",3-1461_Lången_649177-137968.tif,svar/zips/L_ngen/649177-137968-kartor/web/tiles-3-1461_Langen_649177-137968.dzi
654967-124425,"Lången",3-4259_Lången_654967-124425.tif,svar/zips/L_ngen/654967-124425-kartor/web/tiles-3-4259_Langen_654967-124425.dzi
632657-132932,"Långesjön",3-6448_Långesjön_632657-132932.jpg,svar/zips/L_ngesj_n/632657-132932-kartor/web/tiles-3-6448_Langesjon_632657-132932.dzi
628326-133212,"Långesjön",3-4690_Långesjön_628326-133212.tif,svar/zips/L_ngesj_n/628326-133212-kartor/web/tiles-3-4690_Langesjon_628326-133212.dzi
646947-151878,"Lången",2-1043_Lången_646947-151878.tif,svar/zips/L_ngen/646947-151878-kartor/web/tiles-2-1043_Langen_646947-151878.dzi
633407-132737,"Långasjön",3-6711_Långasjön_633407-132737.tif,svar/zips/L_ngasj_n/633407-132737-kartor/web/tiles-3-6711_Langasjon_633407-132737.dzi
653386-142797,"Lången",5-0116_Lången_653386-142797a.tif,svar/zips/L_ngen/653386-142797-kartor/web/tiles-5-0116_Langen_653386-142797a.dzi
649177-137968,"Lången",3-1462_Lången_649177-137968.tif,svar/zips/L_ngen/649177-137968-kartor/web/tiles-3-1462_Langen_649177-137968.dzi
642237-128552,"Långesjön",3-0981_Långesjön_642237-128552.tif,svar/zips/L_ngesj_n/642237-128552-kartor/web/tiles-3-0981_Langesjon_642237-128552.dzi
640460-129466,"Långetjärn",3-0983_Långetjärn_640460-129466.tif,svar/zips/L_ngetj_rn/640460-129466-kartor/web/tiles-3-0983_Langetjarn_640460-129466.dzi
639791-128196,"Långetjärn",3-1843_Långetjärn_639791-128196.tif,svar/zips/L_ngetj_rn/639791-128196-kartor/web/tiles-3-1843_Langetjarn_639791-128196.dzi
643777-129582,"Långesjön",3-4829_Långesjön_643777-129582a.tif,svar/zips/L_ngesj_n/643777-129582-kartor/web/tiles-3-4829_Langesjon_643777-129582a.dzi
632657-132932,"Långesjön",3-6448_Långesjön_632657-132932.tif,svar/zips/L_ngesj_n/632657-132932-kartor/web/tiles-3-6448_Langesjon_632657-132932.dzi
638291-127418,"Långevatten",3-0919_Långevatten_638291-127418.tif,svar/zips/L_ngevatten/638291-127418-kartor/web/tiles-3-0919_Langevatten_638291-127418.dzi
651491-129861,"Långetjärnen",3-2479_Långetjärnet_651491-129861.tif,svar/zips/L_ngetj_rnen/651491-129861-kartor/web/tiles-3-2479_Langetjarnet_651491-129861.dzi
643413-129803,"Långevatten",3-4527_Långevatten_643413-129803.tif,svar/zips/L_ngevatten/643413-129803-kartor/web/tiles-3-4527_Langevatten_643413-129803.dzi
653386-142797,"Lången",5-0116_Lången_653386-142797b.tif,svar/zips/L_ngen/653386-142797-kartor/web/tiles-5-0116_Langen_653386-142797b.dzi
643777-129582,"Långesjön",3-4829_Långesjön_643777-129582b.tif,svar/zips/L_ngesj_n/643777-129582-kartor/web/tiles-3-4829_Langesjon_643777-129582b.dzi
644475-127835,"Långevatten",2-1017_Långevatten_644475-127835.jpg,svar/zips/L_ngevatten/644475-127835-kartor/web/tiles-2-1017_Langevatten_644475-127835.dzi
640460-129466,"Långetjärn",3-0992_Långetjärn_640460-129466.tif,svar/zips/L_ngetj_rn/640460-129466-kartor/web/tiles-3-0992_Langetjarn_640460-129466.dzi
652119-126492,"Långevatten",3-2620_Långevatten_652119-126492a.tif,svar/zips/L_ngevatten/652119-126492-kartor/web/tiles-3-2620_Langevatten_652119-126492a.dzi
651915-124783,"Långevatten",3-2042_Långevatten_651915-124783.tif,svar/zips/L_ngevatten/651915-124783-kartor/web/tiles-3-2042_Langevatten_651915-124783.dzi
644475-127835,"Långevatten",2-1017_Långevatten_644475-127835.tif,svar/zips/L_ngevatten/644475-127835-kartor/web/tiles-2-1017_Langevatten_644475-127835.dzi
632657-132932,"Långesjön",5-1011_Långesjön_632657-132932.pdf,svar/zips/L_ngesj_n/632657-132932-kartor/web/tiles-5-1011_Langesjon_632657-132932.dzi
646174-127774,"Långevattnet",3-3521_Långevattnet_646174-127774.tif,svar/zips/L_ngevattnet/646174-127774-kartor/web/tiles-3-3521_Langevattnet_646174-127774.dzi
654484-124980,"Långevatten",3-4260_Långevatten_654484-124980.tif,svar/zips/L_ngevatten/654484-124980-kartor/web/tiles-3-4260_Langevatten_654484-124980.dzi
641170-127881,"Långevattnet",3-1635_Långevattnet_641170-127881.tif,svar/zips/L_ngevattnet/641170-127881-kartor/web/tiles-3-1635_Langevattnet_641170-127881.dzi
636591-152510,"Långgölen",1-0235_Långgölen_636591-152510.tif,svar/zips/L_ngg_len/636591-152510-kartor/web/tiles-1-0235_Langgolen_636591-152510.dzi
643713-154066,"Långgöl",3-3377_Långgöl_643713-154066.tif,svar/zips/L_ngg_l/643713-154066-kartor/web/tiles-3-3377_Langgol_643713-154066.dzi
624560-146730,"Långe Göl",3-5509_Långe göl_624560-146730.tif,svar/zips/L_nge_G_l/624560-146730-kartor/web/tiles-3-5509_Lange_gol_624560-146730.dzi
652119-126492,"Långevatten",3-2620_Långevatten_652119-126492b.tif,svar/zips/L_ngevatten/652119-126492-kartor/web/tiles-3-2620_Langevatten_652119-126492b.dzi
649524-128381,"Långhalmen",0-0146_Långhalmen_649524-128381.tif,svar/zips/L_nghalmen/649524-128381-kartor/web/tiles-0-0146_Langhalmen_649524-128381.dzi
652364-156455,"Långhalsen-Södra",0-0058_Långhalsen_södra_652364-156455.jpg,svar/zips/L_nghalsen-S_dra/652364-156455-kartor/web/tiles-0-0058_Langhalsen_sodra_652364-156455.dzi
635877-153978,"Långsjön",1-0233_Långsjön_635877-153978.tif,svar/zips/L_ngsj_n/635877-153978-kartor/web/tiles-1-0233_Langsjon_635877-153978.dzi
641252-152669,"Långrammen",3-1580_Långrammen_641252-152669.tif,svar/zips/L_ngrammen/641252-152669-kartor/web/tiles-3-1580_Langrammen_641252-152669.dzi
637867-139161,"Långsjön",3-5244_Långsjön_637867-139161.tif,svar/zips/L_ngsj_n/637867-139161-kartor/web/tiles-3-5244_Langsjon_637867-139161.dzi
637969-150675,"Långsjön",3-3515a_Långsjön_637969-150675.tif,svar/zips/L_ngsj_n/637969-150675-kartor/web/tiles-3-3515a_Langsjon_637969-150675.dzi
637159-151272,"Långsjön",3-3430_Långsjön_637159-151272.tif,svar/zips/L_ngsj_n/637159-151272-kartor/web/tiles-3-3430_Langsjon_637159-151272.dzi
640777-150402,"Långsjön",3-3622_Långsjön_640777-150402.tif,svar/zips/L_ngsj_n/640777-150402-kartor/web/tiles-3-3622_Langsjon_640777-150402.dzi
652364-156455,"Långhalsen-Södra",0-0058_Långhalsen_södra_652364-156455.tif,svar/zips/L_nghalsen-S_dra/652364-156455-kartor/web/tiles-0-0058_Langhalsen_sodra_652364-156455.dzi
653652-161811,"Långsjön",3-3509_Långsjön_653652-161811.tif,svar/zips/L_ngsj_n/653652-161811-kartor/web/tiles-3-3509_Langsjon_653652-161811.dzi
638661-140090,"Långsjön",5-0036_Långsjön_638661-140090.pdf,svar/zips/L_ngsj_n/638661-140090-kartor/web/tiles-5-0036_Langsjon_638661-140090.dzi
654804-159298,"Långsjön",0-0126_Långsjön_654804-159298.tif,svar/zips/L_ngsj_n/654804-159298-kartor/web/tiles-0-0126_Langsjon_654804-159298.dzi
655593-158645,"Långsjön",5-0180_Långsjön_655593-158645.tif,svar/zips/L_ngsj_n/655593-158645-kartor/web/tiles-5-0180_Langsjon_655593-158645.dzi
652412-143738,"Långsjön",3-3421_Långsjön_652412-143738.tif,svar/zips/L_ngsj_n/652412-143738-kartor/web/tiles-3-3421_Langsjon_652412-143738.dzi
637969-150675,"Långsjön",3-3515b_Långsjön_637969-150675.tif,svar/zips/L_ngsj_n/637969-150675-kartor/web/tiles-3-3515b_Langsjon_637969-150675.dzi
656590-164240,"Långsjön",3-1885_Långsjön_656590-164240.tif,svar/zips/L_ngsj_n/656590-164240-kartor/web/tiles-3-1885_Langsjon_656590-164240.dzi
656002-159646,"Långsjön",5-0979_Långsjön_656002-159646.pdf,svar/zips/L_ngsj_n/656002-159646-kartor/web/tiles-5-0979_Langsjon_656002-159646.dzi
654151-158271,"Långsjön",3-4389_Långsjön_654151-158271.tif,svar/zips/L_ngsj_n/654151-158271-kartor/web/tiles-3-4389_Langsjon_654151-158271.dzi
656047-162784,"Långsjön",3-1865_Långsjön_656047-162784.tif,svar/zips/L_ngsj_n/656047-162784-kartor/web/tiles-3-1865_Langsjon_656047-162784.dzi
656590-164240,"Långsjön",3-6419_Långsjön_656590-164240.jpg,svar/zips/L_ngsj_n/656590-164240-kartor/web/tiles-3-6419_Langsjon_656590-164240.dzi
638252-138814,"Långvattnet",3-2434_Långvattnet_638252-138814.tif,svar/zips/L_ngvattnet/638252-138814-kartor/web/tiles-3-2434_Langvattnet_638252-138814.dzi
652412-143738,"Långsjön",3-6414_Långsjön_652412-143738a.jpg,svar/zips/L_ngsj_n/652412-143738-kartor/web/tiles-3-6414_Langsjon_652412-143738a.dzi
653242-125047,"Långvattnet",3-1571_Långvattnet_653242-125047.tif,svar/zips/L_ngvattnet/653242-125047-kartor/web/tiles-3-1571_Langvattnet_653242-125047.dzi
655669-153081,"Lören",3-5632_Lören_655669-153081.tif,svar/zips/L_ren/655669-153081-kartor/web/tiles-3-5632_Loren_655669-153081.dzi
651659-125659,"Långtjärn",3-1919_Långtjärn_651659-125659.tif,svar/zips/L_ngtj_rn/651659-125659-kartor/web/tiles-3-1919_Langtjarn_651659-125659.dzi
654646-164746,"Långträsk",5-0181_Långträsk_654646-164746.tif,svar/zips/L_ngtr_sk/654646-164746-kartor/web/tiles-5-0181_Langtrask_654646-164746.dzi
648510-124062,"Långöns Vatten",3-4205_Långöns vatten_648510-124062.tif,svar/zips/L_ng_ns_Vatten/648510-124062-kartor/web/tiles-3-4205_Langons_vatten_648510-124062.dzi
652412-143738,"Långsjön",3-6414_Långsjön_652412-143738a.tif,svar/zips/L_ngsj_n/652412-143738-kartor/web/tiles-3-6414_Langsjon_652412-143738a.dzi
623301-149571,"Lösensjön",3-0760_Lösensjön_623301-149571.tif,svar/zips/L_sensj_n/623301-149571-kartor/web/tiles-3-0760_Losensjon_623301-149571.dzi
656590-164240,"Långsjön",3-6419_Långsjön_656590-164240.tif,svar/zips/L_ngsj_n/656590-164240-kartor/web/tiles-3-6419_Langsjon_656590-164240.dzi
624178-134911,"Lärkesholmssjön",3-2783_Lärkesholmssjön_624178-134911a.tif,svar/zips/L_rkesholmssj_n/624178-134911-kartor/web/tiles-3-2783_Larkesholmssjon_624178-134911a.dzi
652113-143074,"Lättlamp",5-0133_Lättlamp_652113-143074.tif,svar/zips/L_ttlamp/652113-143074-kartor/web/tiles-5-0133_Lattlamp_652113-143074.dzi
653242-125047,"Långvattnet",3-2490_Långvattnet_653242-125047.tif,svar/zips/L_ngvattnet/653242-125047-kartor/web/tiles-3-2490_Langvattnet_653242-125047.dzi
630934-144417,"Lövsjön",3-0801_Lövsjön_630934-144417.tif,svar/zips/L_vsj_n/630934-144417-kartor/web/tiles-3-0801_Lovsjon_630934-144417.dzi
652412-143738,"Långsjön",3-6414_Långsjön_652412-143738b.tif,svar/zips/L_ngsj_n/652412-143738-kartor/web/tiles-3-6414_Langsjon_652412-143738b.dzi
623301-149571,"Lösensjön",3-2827_Lösensjön_623301-149571.tif,svar/zips/L_sensj_n/623301-149571-kartor/web/tiles-3-2827_Losensjon_623301-149571.dzi
639266-146764,"Lövsjön",3-2920_Lövsjön_639266-146764.tif,svar/zips/L_vsj_n/639266-146764-kartor/web/tiles-3-2920_Lovsjon_639266-146764.dzi
646905-124990,"Lövvikevatten",3-3524_Lövvikevattnet_646905-124990.tif,svar/zips/L_vvikevatten/646905-124990-kartor/web/tiles-3-3524_Lovvikevattnet_646905-124990.dzi
624178-134911,"Lärkesholmssjön",3-2783_Lärkesholmssjön_624178-134911b.tif,svar/zips/L_rkesholmssj_n/624178-134911-kartor/web/tiles-3-2783_Larkesholmssjon_624178-134911b.dzi
650904-153801,"Lövsjön",2-0484_Lövsjön_650904-153801.tif,svar/zips/L_vsj_n/650904-153801-kartor/web/tiles-2-0484_Lovsjon_650904-153801.dzi
652129-126593,"Löv",3-1738_Löv_652129-126593.tif,svar/zips/L_v/652129-126593-kartor/web/tiles-3-1738_Lov_652129-126593.dzi
628790-150288,"Madesjösjön",3-3845_Madesjösjön_628790-150288a.tif,svar/zips/Madesj_sj_n/628790-150288-kartor/web/tiles-3-3845_Madesjosjon_628790-150288a.dzi
630934-144417,"Lövsjön",3-0802_Lövsjön_630934-144417.tif,svar/zips/L_vsj_n/630934-144417-kartor/web/tiles-3-0802_Lovsjon_630934-144417.dzi
632867-145547,"Madkroken",2-0560_Madkroken_632867-145547.tif,svar/zips/Madkroken/632867-145547-kartor/web/tiles-2-0560_Madkroken_632867-145547.dzi
652482-127718,"Madsjön",3-4839_Madsjön_652482-127718.tif,svar/zips/Madsj_n/652482-127718-kartor/web/tiles-3-4839_Madsjon_652482-127718.dzi
640885-132084,"Madsjön",3-5588_Madsjön_640885-132084.tif,svar/zips/Madsj_n/640885-132084-kartor/web/tiles-3-5588_Madsjon_640885-132084.dzi
635334-135239,"Majsjön",3-2575_Majsjön_635334-135239a.tif,svar/zips/Majsj_n/635334-135239-kartor/web/tiles-3-2575_Majsjon_635334-135239a.dzi
652412-143738,"Långsjön",3-6414_Långsjön_652412-143738c.tif,svar/zips/L_ngsj_n/652412-143738-kartor/web/tiles-3-6414_Langsjon_652412-143738c.dzi
651578-126127,"Malevattnet",3-1953_Malevattnet_651578-126127.tif,svar/zips/Malevattnet/651578-126127-kartor/web/tiles-3-1953_Malevattnet_651578-126127.dzi
630804-140641,"Malabergssjön",3-6369_Malabergssjön_630804-140641.jpg,svar/zips/Malabergssj_n/630804-140641-kartor/web/tiles-3-6369_Malabergssjon_630804-140641.dzi
624588-149908,"Malmsjön",2-1101_Malmsjön_624588-149908.jpg,svar/zips/Malmsj_n/624588-149908-kartor/web/tiles-2-1101_Malmsjon_624588-149908.dzi
650734-148577,"Malmsjön",3-2904_Malmsjön_650734-148577.tif,svar/zips/Malmsj_n/650734-148577-kartor/web/tiles-3-2904_Malmsjon_650734-148577.dzi
652646-152336,"Malmsjön",3-5628_Malmsjön_652646-152336.tif,svar/zips/Malmsj_n/652646-152336-kartor/web/tiles-3-5628_Malmsjon_652646-152336.dzi
628790-150288,"Madesjösjön",3-3845_Madesjösjön_628790-150288b.tif,svar/zips/Madesj_sj_n/628790-150288-kartor/web/tiles-3-3845_Madesjosjon_628790-150288b.dzi
652412-143738,"Långsjön",5-0168_Långsjön_652412-143738.tif,svar/zips/L_ngsj_n/652412-143738-kartor/web/tiles-5-0168_Langsjon_652412-143738.dzi
635334-135239,"Majsjön",3-2575_Majsjön_635334-135239b.tif,svar/zips/Majsj_n/635334-135239-kartor/web/tiles-3-2575_Majsjon_635334-135239b.dzi
630804-140641,"Malabergssjön",3-6369_Malabergssjön_630804-140641.tif,svar/zips/Malabergssj_n/630804-140641-kartor/web/tiles-3-6369_Malabergssjon_630804-140641.dzi
642436-132816,"Malsjö",2-0540_Malsjö_642436-132816.tif,svar/zips/Malsj_/642436-132816-kartor/web/tiles-2-0540_Malsjo_642436-132816.dzi
656114-161514,"Malmsjön",3-4283_Malmsjön_656114-161514.tif,svar/zips/Malmsj_n/656114-161514-kartor/web/tiles-3-4283_Malmsjon_656114-161514.dzi
624588-149908,"Malmsjön",2-1101_Malmsjön_624588-149908.tif,svar/zips/Malmsj_n/624588-149908-kartor/web/tiles-2-1101_Malmsjon_624588-149908.dzi
638343-154195,"Maren",0-0118_Maren_638343-154195.tif,svar/zips/Maren/638343-154195-kartor/web/tiles-0-0118_Maren_638343-154195.dzi
635091-150305,"Maren",3-3795_Maren_635091-150305a.tif,svar/zips/Maren/635091-150305-kartor/web/tiles-3-3795_Maren_635091-150305a.dzi
637078-135977,"Marjebosjön",3-4862_Marjebosjön_637078-135977.tif,svar/zips/Marjebosj_n/637078-135977-kartor/web/tiles-3-4862_Marjebosjon_637078-135977.dzi
635334-135239,"Majsjön",3-2575_Majsjön_635334-135239c.tif,svar/zips/Majsj_n/635334-135239-kartor/web/tiles-3-2575_Majsjon_635334-135239c.dzi
652638-129125,"Marsjön",1-0146_Marsjön_652638-129125.tif,svar/zips/Marsj_n/652638-129125-kartor/web/tiles-1-0146_Marsjon_652638-129125.dzi
656114-161514,"Malmsjön",3-6611_Malmsjön_656114-161514.jpg,svar/zips/Malmsj_n/656114-161514-kartor/web/tiles-3-6611_Malmsjon_656114-161514.dzi
656727-131425,"Mellan-Svan",3-1239_Mellan-Svan_656727-131425.tif,svar/zips/Mellan-Svan/656727-131425-kartor/web/tiles-3-1239_Mellan-Svan_656727-131425.dzi
632453-148346,"Marskogsjön",3-6384_Marskogsjön_632453-148346.jpg,svar/zips/Marskogsj_n/632453-148346-kartor/web/tiles-3-6384_Marskogsjon_632453-148346.dzi
624588-149908,"Malmsjön",3-3850_Malmsjön_624588-149908a.tif,svar/zips/Malmsj_n/624588-149908-kartor/web/tiles-3-3850_Malmsjon_624588-149908a.dzi
635091-150305,"Maren",3-3795_Maren_635091-150305b.tif,svar/zips/Maren/635091-150305-kartor/web/tiles-3-3795_Maren_635091-150305b.dzi
644964-127774,"Medjolingen",3-4241_Medjolingen_644964-127774.tif,svar/zips/Medjolingen/644964-127774-kartor/web/tiles-3-4241_Medjolingen_644964-127774.dzi
653461-126344,"Mellan-Kornsjön",3-3996_Mellan Kornsjön_653461-126344.tif,svar/zips/Mellan-Kornsj_n/653461-126344-kartor/web/tiles-3-3996_Mellan_Kornsjon_653461-126344.dzi
656651-157649,"Mellan-Marviken",0-0165_Mellan-Marviken_656651-157649a.tif,svar/zips/Mellan-Marviken/656651-157649-kartor/web/tiles-0-0165_Mellan-Marviken_656651-157649a.dzi
656114-161514,"Malmsjön",3-6611_Malmsjön_656114-161514.pdf,svar/zips/Malmsj_n/656114-161514-kartor/web/tiles-3-6611_Malmsjon_656114-161514.dzi
638184-148366,"Mellangölen",3-5740_Mellangölen_638184-148366.tif,svar/zips/Mellang_len/638184-148366-kartor/web/tiles-3-5740_Mellangolen_638184-148366.dzi
632453-148346,"Marskogsjön",3-6384_Marskogsjön_632453-148346.tif,svar/zips/Marskogsj_n/632453-148346-kartor/web/tiles-3-6384_Marskogsjon_632453-148346.dzi
624588-149908,"Malmsjön",3-3850_Malmsjön_624588-149908b.tif,svar/zips/Malmsj_n/624588-149908-kartor/web/tiles-3-3850_Malmsjon_624588-149908b.dzi
631503-134957,"Mellanfärgen",3-0861_Mellan-Färgen_631503-134957.tif,svar/zips/Mellanf_rgen/631503-134957-kartor/web/tiles-3-0861_Mellan-Fargen_631503-134957.dzi
656651-157649,"Mellan-Marviken",0-0165_Mellan-Marviken_656651-157649b.jpg,svar/zips/Mellan-Marviken/656651-157649-kartor/web/tiles-0-0165_Mellan-Marviken_656651-157649b.dzi
635217-149904,"Mellanmaren",3-3791_Mellanmaren_635217-149904a.tif,svar/zips/Mellanmaren/635217-149904-kartor/web/tiles-3-3791_Mellanmaren_635217-149904a.dzi
624925-136666,"Mellansjön",3-3715_Mellansjön_624925-136666.tif,svar/zips/Mellansj_n/624925-136666-kartor/web/tiles-3-3715_Mellansjon_624925-136666.dzi
625106-143273,"Mellansjön",3-5987_Mellansjön_625106-143273.tif,svar/zips/Mellansj_n/625106-143273-kartor/web/tiles-3-5987_Mellansjon_625106-143273.dzi
633200-136200,"Mellansjön",3-6529_Mellansjön_633200-136200.jpg,svar/zips/Mellansj_n/633200-136200-kartor/web/tiles-3-6529_Mellansjon_633200-136200.dzi
656114-161514,"Malmsjön",3-6611_Malmsjön_656114-161514.tif,svar/zips/Malmsj_n/656114-161514-kartor/web/tiles-3-6611_Malmsjon_656114-161514.dzi
634105-134252,"Mellansjön",3-2072_Mellansjön_634105-134252.tif,svar/zips/Mellansj_n/634105-134252-kartor/web/tiles-3-2072_Mellansjon_634105-134252.dzi
635705-146189,"Mellansjön",3-3566_Mellansjön_635705-146189.tif,svar/zips/Mellansj_n/635705-146189-kartor/web/tiles-3-3566_Mellansjon_635705-146189.dzi
636835-137429,"Mellansjön",3-6294_Mellansjön_636835-137429.tif,svar/zips/Mellansj_n/636835-137429-kartor/web/tiles-3-6294_Mellansjon_636835-137429.dzi
637275-137923,"Mellansjön",3-2069_Mellansjön_637275-137923.tif,svar/zips/Mellansj_n/637275-137923-kartor/web/tiles-3-2069_Mellansjon_637275-137923.dzi
635217-149904,"Mellanmaren",3-3791_Mellanmaren_635217-149904b.tif,svar/zips/Mellanmaren/635217-149904-kartor/web/tiles-3-3791_Mellanmaren_635217-149904b.dzi
651224-126077,"Mellan Sandsjön",3-2122_Mellan Sandsjön_651224-126077.tif,svar/zips/Mellan_Sandsj_n/651224-126077-kartor/web/tiles-3-2122_Mellan_Sandsjon_651224-126077.dzi
633200-136200,"Mellansjön",3-6529_Mellansjön_633200-136200.tif,svar/zips/Mellansj_n/633200-136200-kartor/web/tiles-3-6529_Mellansjon_633200-136200.dzi
637275-137923,"Mellansjön",5-0037_Mellansjön_637275-137923.pdf,svar/zips/Mellansj_n/637275-137923-kartor/web/tiles-5-0037_Mellansjon_637275-137923.dzi
635854-129297,"Mellan �rsjön",3-4726_Mellan Ärsjön_635854-129297.tif,svar/zips/Mellan_rsj_n/635854-129297-kartor/web/tiles-3-4726_Mellan_Arsjon_635854-129297.dzi
643357-127789,"Mellan �revatten",3-1079_Mellan Örevatten_6643357-12778943381-127784.tif,svar/zips/Mellan_revatten/643357-127789-kartor/web/tiles-3-1079_Mellan_Orevatten_6643357-12778943381-127784.dzi
655954-126993,"Mellom-Ulvattnet",3-4811_Mellom-Ulvattnet_655954-126993.tif,svar/zips/Mellom-Ulvattnet/655954-126993-kartor/web/tiles-3-4811_Mellom-Ulvattnet_655954-126993.dzi
639863-139767,"Mellansjön",3-6306_Mellansjön_639863-139767.tif,svar/zips/Mellansj_n/639863-139767-kartor/web/tiles-3-6306_Mellansjon_639863-139767.dzi
638684-127331,"Mellsjö",3-0925_Mellsjön_638684-127331.tif,svar/zips/Mellsj_/638684-127331-kartor/web/tiles-3-0925_Mellsjon_638684-127331.dzi
625404-137064,"Mellomsjön",3-3448_Mellomsjön_625404-137064.tif,svar/zips/Mellomsj_n/625404-137064-kartor/web/tiles-3-3448_Mellomsjon_625404-137064.dzi
639727-134164,"Mellsjön",3-5825_Mellsjön_639727-134164.tif,svar/zips/Mellsj_n/639727-134164-kartor/web/tiles-3-5825_Mellsjon_639727-134164.dzi
635854-129297,"Mellan �rsjön",3-6643_Mellan-Ärsjön_635854-129297.jpg,svar/zips/Mellan_rsj_n/635854-129297-kartor/web/tiles-3-6643_Mellan-Arsjon_635854-129297.dzi
641340-134166,"Mellsjön",3-4880_Mellsjön_641340-134166.tif,svar/zips/Mellsj_n/641340-134166-kartor/web/tiles-3-4880_Mellsjon_641340-134166.dzi
651179-125644,"Mellumvattnet",3-2619_Mellumvattnet_651179-125644.tif,svar/zips/Mellumvattnet/651179-125644-kartor/web/tiles-3-2619_Mellumvattnet_651179-125644.dzi
643389-129269,"Mell Kvarnsjön",3-4826_Mellersta Kvarnsjön_643389-129269.tif,svar/zips/Mell_Kvarnsj_n/643389-129269-kartor/web/tiles-3-4826_Mellersta_Kvarnsjon_643389-129269.dzi
636089-149465,"Melsjön",3-3802_Melsjön_636089-149465a.tif,svar/zips/Melsj_n/636089-149465-kartor/web/tiles-3-3802_Melsjon_636089-149465a.dzi
624048-144644,"Metgylet",3-5918_Metgylet_624048-144644.tif,svar/zips/Metgylet/624048-144644-kartor/web/tiles-3-5918_Metgylet_624048-144644.dzi
648430-126858,"Metsjö",3-3462_Metsjö_648430-126858.tif,svar/zips/Metsj_/648430-126858-kartor/web/tiles-3-3462_Metsjo_648430-126858.dzi
625184-144083,"Mien",2-0561_Mien_625184-144083.tif,svar/zips/Mien/625184-144083-kartor/web/tiles-2-0561_Mien_625184-144083.dzi
624943-145440,"Metesjön",3-5501_Metesjön_624943-145440.tif,svar/zips/Metesj_n/624943-145440-kartor/web/tiles-3-5501_Metesjon_624943-145440.dzi
635854-129297,"Mellan �rsjön",3-6643_Mellan-Ärsjön_635854-129297.tif,svar/zips/Mellan_rsj_n/635854-129297-kartor/web/tiles-3-6643_Mellan-Arsjon_635854-129297.dzi
635109-148676,"Mistersjö",3-3814_Mistersjö_635109-148676a.tif,svar/zips/Mistersj_/635109-148676-kartor/web/tiles-3-3814_Mistersjo_635109-148676a.dzi
625738-146986,"Mjuasjön",3-2847_Mjuasjön_625738-146986.tif,svar/zips/Mjuasj_n/625738-146986-kartor/web/tiles-3-2847_Mjuasjon_625738-146986.dzi
636089-149465,"Melsjön",3-3802_Melsjön_636089-149465b.tif,svar/zips/Melsj_n/636089-149465-kartor/web/tiles-3-3802_Melsjon_636089-149465b.dzi
625738-139520,"Mjöasjö",3-5841_Mjöasjö_625738-139520a.tif,svar/zips/Mj_asj_/625738-139520-kartor/web/tiles-3-5841_Mjoasjo_625738-139520a.dzi
636265-132373,"Mjöasjön",3-1992_Mjöasjön_636265-132373.tif,svar/zips/Mj_asj_n/636265-132373-kartor/web/tiles-3-1992_Mjoasjon_636265-132373.dzi
634586-132136,"Mjöasjön",2-0617_Mjöasjön_634586-132136a.tif,svar/zips/Mj_asj_n/634586-132136-kartor/web/tiles-2-0617_Mjoasjon_634586-132136a.dzi
638478-131441,"Mjögasjön",3-4772_Mjögasjön_638478-131441.tif,svar/zips/Mj_gasj_n/638478-131441-kartor/web/tiles-3-4772_Mjogasjon_638478-131441.dzi
625928-147734,"Mjuasjön",2-0699_Mjuasjön_625928-147734.tif,svar/zips/Mjuasj_n/625928-147734-kartor/web/tiles-2-0699_Mjuasjon_625928-147734.dzi
627814-148582,"Mjusjön",5-0476_Mjusjön_627814-148582.tif,svar/zips/Mjusj_n/627814-148582-kartor/web/tiles-5-0476_Mjusjon_627814-148582.dzi
635109-148676,"Mistersjö",3-3814_Mistersjö_635109-148676b.tif,svar/zips/Mistersj_/635109-148676-kartor/web/tiles-3-3814_Mistersjo_635109-148676b.dzi
634586-132136,"Mjöasjön",2-0617_Mjöasjön_634586-132136b.jpg,svar/zips/Mj_asj_n/634586-132136-kartor/web/tiles-2-0617_Mjoasjon_634586-132136b.dzi
634056-132437,"Mjällsjön",3-5186_Mjällsjön_634056-132437a.jpg,svar/zips/Mj_llsj_n/634056-132437-kartor/web/tiles-3-5186_Mjallsjon_634056-132437a.dzi
636265-132373,"Mjöasjön",3-6563_Mjöasjön_636265-132373.jpg,svar/zips/Mj_asj_n/636265-132373-kartor/web/tiles-3-6563_Mjoasjon_636265-132373.dzi
631136-134114,"Mjälasjön",2-0650_Mjälasjön_631136-134114a.tif,svar/zips/Mj_lasj_n/631136-134114-kartor/web/tiles-2-0650_Mjalasjon_631136-134114a.dzi
633470-130392,"Mjällsjön",3-2403a_Mjällsjön_633470-130392.tif,svar/zips/Mj_llsj_n/633470-130392-kartor/web/tiles-3-2403a_Mjallsjon_633470-130392.dzi
642138-130063,"Mjörn",0-0070_Mjörn_642138-130063.jpg,svar/zips/Mj_rn/642138-130063-kartor/web/tiles-0-0070_Mjorn_642138-130063.dzi
631722-151110,"Mjösjön",5-0440_Mjösjön_631722-151110.tif,svar/zips/Mj_sj_n/631722-151110-kartor/web/tiles-5-0440_Mjosjon_631722-151110.dzi
636265-132373,"Mjöasjön",3-6563_Mjöasjön_636265-132373.tif,svar/zips/Mj_asj_n/636265-132373-kartor/web/tiles-3-6563_Mjoasjon_636265-132373.dzi
631136-134114,"Mjälasjön",2-0650_Mjälasjön_631136-134114b.tif,svar/zips/Mj_lasj_n/631136-134114-kartor/web/tiles-2-0650_Mjalasjon_631136-134114b.dzi
634586-132136,"Mjöasjön",2-0617_Mjöasjön_634586-132136b.tif,svar/zips/Mj_asj_n/634586-132136-kartor/web/tiles-2-0617_Mjoasjon_634586-132136b.dzi
633470-130392,"Mjällsjön",3-2403b_Mjällsjön_633470-130392.tif,svar/zips/Mj_llsj_n/633470-130392-kartor/web/tiles-3-2403b_Mjallsjon_633470-130392.dzi
634056-132437,"Mjällsjön",3-5186_Mjällsjön_634056-132437a.tif,svar/zips/Mj_llsj_n/634056-132437-kartor/web/tiles-3-5186_Mjallsjon_634056-132437a.dzi
642138-130063,"Mjörn",2-0199_Mjörn_642138-130063.tif,svar/zips/Mj_rn/642138-130063-kartor/web/tiles-2-0199_Mjorn_642138-130063.dzi
632605-136947,"Mjösjön",2-0670_Mjösjön_632605-136947.tif,svar/zips/Mj_sj_n/632605-136947-kartor/web/tiles-2-0670_Mjosjon_632605-136947.dzi
625738-139520,"Mjöasjö",3-5841_Mjöasjö_625738-139520b.tif,svar/zips/Mj_asj_/625738-139520-kartor/web/tiles-3-5841_Mjoasjo_625738-139520b.dzi
631136-134114,"Mjälasjön",2-1027_Mjälasjön_631136-134114.jpg,svar/zips/Mj_lasj_n/631136-134114-kartor/web/tiles-2-1027_Mjalasjon_631136-134114.dzi
636265-132373,"Mjöasjön",5-1012_Mjöasjön-Överlida_636265-132373.pdf,svar/zips/Mj_asj_n/636265-132373-kartor/web/tiles-5-1012_Mjoasjon-Overlida_636265-132373.dzi
634056-132437,"Mjällsjön",3-5186_Mjällsjön_634056-132437b.tif,svar/zips/Mj_llsj_n/634056-132437-kartor/web/tiles-3-5186_Mjallsjon_634056-132437b.dzi
642138-130063,"Mjörn",3-1036_Mjörn_642138-130063.tif,svar/zips/Mj_rn/642138-130063-kartor/web/tiles-3-1036_Mjorn_642138-130063.dzi
634586-132136,"Mjöasjön",2-0617_Mjöasjön_634586-132136c.tif,svar/zips/Mj_asj_n/634586-132136-kartor/web/tiles-2-0617_Mjoasjon_634586-132136c.dzi
638862-154060,"Mjösjön",3-3396_Mjösjön_638862-154060.tif,svar/zips/Mj_sj_n/638862-154060-kartor/web/tiles-3-3396_Mjosjon_638862-154060.dzi
631136-134114,"Mjälasjön",2-1027_Mjälasjön_631136-134114.tif,svar/zips/Mj_lasj_n/631136-134114-kartor/web/tiles-2-1027_Mjalasjon_631136-134114.dzi
636906-129929,"Mjösjön",3-5320_Mjösjön_636906-129929.tif,svar/zips/Mj_sj_n/636906-129929-kartor/web/tiles-3-5320_Mjosjon_636906-129929.dzi
640316-152423,"Mjösjön",3-3258_Mjösjön_640316-152423.tif,svar/zips/Mj_sj_n/640316-152423-kartor/web/tiles-3-3258_Mjosjon_640316-152423.dzi
625738-139520,"Mjöasjö",3-5841_Mjöasjö_625738-139520c.tif,svar/zips/Mj_asj_/625738-139520-kartor/web/tiles-3-5841_Mjoasjo_625738-139520c.dzi
648746-126711,"Mjövattenssjön",3-2467_Mjövattenssjön_648746-126711.tif,svar/zips/Mj_vattenssj_n/648746-126711-kartor/web/tiles-3-2467_Mjovattenssjon_648746-126711.dzi
641612-135077,"Mogden",3-4881_Mogden_641612-135077.tif,svar/zips/Mogden/641612-135077-kartor/web/tiles-3-4881_Mogden_641612-135077.dzi
655728-130108,"Mogsjön",3-4798_Mögsjön_655728-130108.tif,svar/zips/Mogsj_n/655728-130108-kartor/web/tiles-3-4798_Mogsjon_655728-130108.dzi
634586-132136,"Mjöasjön",2-0617_Mjöasjön_634586-132136d.tif,svar/zips/Mj_asj_n/634586-132136-kartor/web/tiles-2-0617_Mjoasjon_634586-132136d.dzi
625959-147390,"Mogölen",3-5561_Mogölen_625959-147390.tif,svar/zips/Mog_len/625959-147390-kartor/web/tiles-3-5561_Mogolen_625959-147390.dzi
642158-128150,"Mollsjön",3-1049_Mollsjön_642158-128150.tif,svar/zips/Mollsj_n/642158-128150-kartor/web/tiles-3-1049_Mollsjon_642158-128150.dzi
625738-139520,"Mjöasjö",3-5841_Mjöasjö_625738-139520d.tif,svar/zips/Mj_asj_/625738-139520-kartor/web/tiles-3-5841_Mjoasjo_625738-139520d.dzi
642612-133643,"Mollasjön",3-4779_Mollasjön_642612-133643.tif,svar/zips/Mollasj_n/642612-133643-kartor/web/tiles-3-4779_Mollasjon_642612-133643.dzi
627691-149618,"Mosjön",3-3866_Mosjön_627691-149618a.tif,svar/zips/Mosj_n/627691-149618-kartor/web/tiles-3-3866_Mosjon_627691-149618a.dzi
636813-152517,"Mosjön",2-0345_Mosjön_636813-152517.tif,svar/zips/Mosj_n/636813-152517-kartor/web/tiles-2-0345_Mosjon_636813-152517.dzi
634586-132136,"Mjöasjön",2-0617_Mjöasjön_634586-132136e.tif,svar/zips/Mj_asj_n/634586-132136-kartor/web/tiles-2-0617_Mjoasjon_634586-132136e.dzi
634796-149257,"Moren",3-3785_Moren_634796-149257a.tif,svar/zips/Moren/634796-149257-kartor/web/tiles-3-3785_Moren_634796-149257a.dzi
636263-138489,"Mosjön",2-1048_Mosjön_636263-138489.jpg,svar/zips/Mosj_n/636263-138489-kartor/web/tiles-2-1048_Mosjon_636263-138489.dzi
643102-151764,"Mosjön",3-3387_Mosjön_643102-151764.jpg,svar/zips/Mosj_n/643102-151764-kartor/web/tiles-3-3387_Mosjon_643102-151764.dzi
627691-149618,"Mosjön",3-3866_Mosjön_627691-149618b.tif,svar/zips/Mosj_n/627691-149618-kartor/web/tiles-3-3866_Mosjon_627691-149618b.dzi
634875-142066,"Mossjö",5-0039_Mossjö_634875-142066.pdf,svar/zips/Mossj_/634875-142066-kartor/web/tiles-5-0039_Mossjo_634875-142066.dzi
634796-149257,"Moren",3-3785_Moren_634796-149257b.tif,svar/zips/Moren/634796-149257-kartor/web/tiles-3-3785_Moren_634796-149257b.dzi
638143-132789,"Mossasjön",3-5578_Mossasjön_638143-132789.tif,svar/zips/Mossasj_n/638143-132789-kartor/web/tiles-3-5578_Mossasjon_638143-132789.dzi
625738-139520,"Mjöasjö",3-5841_Mjöasjö_625738-139520e.tif,svar/zips/Mj_asj_/625738-139520-kartor/web/tiles-3-5841_Mjoasjo_625738-139520e.dzi
634586-132136,"Mjöasjön",3-6562_Mjöasjön_634586-132136.jpg,svar/zips/Mj_asj_n/634586-132136-kartor/web/tiles-3-6562_Mjoasjon_634586-132136.dzi
636263-138489,"Mosjön",2-1048_Mosjön_636263-138489.tif,svar/zips/Mosj_n/636263-138489-kartor/web/tiles-2-1048_Mosjon_636263-138489.dzi
624052-148976,"Mossjön",3-5314_Mossjön_624052-148976.tif,svar/zips/Mossj_n/624052-148976-kartor/web/tiles-3-5314_Mossjon_624052-148976.dzi
638085-138862,"Mossjön",3-4719_Mossjön_638085-138862.tif,svar/zips/Mossj_n/638085-138862-kartor/web/tiles-3-4719_Mossjon_638085-138862.dzi
654088-148832,"Mossjön",2-0494_Mossjön_654088-148832a.tif,svar/zips/Mossj_n/654088-148832-kartor/web/tiles-2-0494_Mossjon_654088-148832a.dzi
625738-139520,"Mjöasjö",3-5841_Mjöasjö_625738-139520f.tif,svar/zips/Mj_asj_/625738-139520-kartor/web/tiles-3-5841_Mjoasjo_625738-139520f.dzi
643102-151764,"Mosjön",3-3387_Mosjön_643102-151764.tif,svar/zips/Mosj_n/643102-151764-kartor/web/tiles-3-3387_Mosjon_643102-151764.dzi
638967-146484,"Mostorpagölen",3-5743_Mostorpagölen_638967-146484.tif,svar/zips/Mostorpag_len/638967-146484-kartor/web/tiles-3-5743_Mostorpagolen_638967-146484.dzi
642253-138558,"Mullsjön",0-0160_Mullsjön_642253-138558.jpg,svar/zips/Mullsj_n/642253-138558-kartor/web/tiles-0-0160_Mullsjon_642253-138558.dzi
636263-138489,"Mosjön",3-2432_Mosjön_636263-138489.tif,svar/zips/Mosj_n/636263-138489-kartor/web/tiles-3-2432_Mosjon_636263-138489.dzi
634586-132136,"Mjöasjön",3-6562_Mjöasjön_634586-132136.tif,svar/zips/Mj_asj_n/634586-132136-kartor/web/tiles-3-6562_Mjoasjon_634586-132136.dzi
639120-144682,"Mostorpagölen",3-2428_Mostorpagölen_639120-144682.tif,svar/zips/Mostorpag_len/639120-144682-kartor/web/tiles-3-2428_Mostorpagolen_639120-144682.dzi
642253-138558,"Mullsjön",0-0160_Mullsjön_642253-138558.tif,svar/zips/Mullsj_n/642253-138558-kartor/web/tiles-0-0160_Mullsjon_642253-138558.dzi
646681-140779,"Mullsjön",3-1463_Mullsjön_646681-140779.tif,svar/zips/Mullsj_n/646681-140779-kartor/web/tiles-3-1463_Mullsjon_646681-140779.dzi
636263-138489,"Mosjön",5-0038_Mosjön_636263-138489.pdf,svar/zips/Mosj_n/636263-138489-kartor/web/tiles-5-0038_Mosjon_636263-138489.dzi
625738-139520,"Mjöasjö",3-5841_Mjöasjö_625738-139520g.tif,svar/zips/Mj_asj_/625738-139520-kartor/web/tiles-3-5841_Mjoasjo_625738-139520g.dzi
640038-138247,"Mulserydssjön",2-0785_Mulserydssjön_640038-138247.tif,svar/zips/Mulserydssj_n/640038-138247-kartor/web/tiles-2-0785_Mulserydssjon_640038-138247.dzi
654088-148832,"Mossjön",2-0494_Mossjön_654088-148832b.tif,svar/zips/Mossj_n/654088-148832-kartor/web/tiles-2-0494_Mossjon_654088-148832b.dzi
634586-132136,"Mjöasjön",5-1013_Mjöasjön-Älvsered_634586-132136.pdf,svar/zips/Mj_asj_n/634586-132136-kartor/web/tiles-5-1013_Mjoasjon-Alvsered_634586-132136.dzi
639706-138571,"Munkabosjön",3-5732_Munkabosjön_639706-138571.tif,svar/zips/Munkabosj_n/639706-138571-kartor/web/tiles-3-5732_Munkabosjon_639706-138571.dzi
656100-143425,"Multen",2-0283_Multen_656100-143425.tif,svar/zips/Multen/656100-143425-kartor/web/tiles-2-0283_Multen_656100-143425.dzi
626941-149115,"Munkasjön",5-0475_Munkasjön_626941-149115.tif,svar/zips/Munkasj_n/626941-149115-kartor/web/tiles-5-0475_Munkasjon_626941-149115.dzi
640038-138247,"Mulserydssjön",3-1803_Mulserydssjön_640038-138247.tif,svar/zips/Mulserydssj_n/640038-138247-kartor/web/tiles-3-1803_Mulserydssjon_640038-138247.dzi
640746-140268,"Munksjön",3-6432_Munksjön_640746-140268.jpg,svar/zips/Munksj_n/640746-140268-kartor/web/tiles-3-6432_Munksjon_640746-140268.dzi
635929-130707,"Munlug",3-2246_Munlug_635929-130707.tif,svar/zips/Munlug/635929-130707-kartor/web/tiles-3-2246_Munlug_635929-130707.dzi
638282-128372,"Munnesjö",3-0894_Munnesjö_638282-128372.tif,svar/zips/Munnesj_/638282-128372-kartor/web/tiles-3-0894_Munnesjo_638282-128372.dzi
642253-138558,"Mullsjön",3-0727_Mullsjön_642253-138558.tif,svar/zips/Mullsj_n/642253-138558-kartor/web/tiles-3-0727_Mullsjon_642253-138558.dzi
639706-138571,"Munkabosjön",5-0040_Munkabosjön_639706-138571.pdf,svar/zips/Munkabosj_n/639706-138571-kartor/web/tiles-5-0040_Munkabosjon_639706-138571.dzi
634783-147490,"Muntagölen",3-3567_Muntagölen_634783-147490.tif,svar/zips/Muntag_len/634783-147490-kartor/web/tiles-3-3567_Muntagolen_634783-147490.dzi
633850-131246,"Musasjö",3-5228_Musasjö_633850-131246b.tif,svar/zips/Musasj_/633850-131246-kartor/web/tiles-3-5228_Musasjo_633850-131246b.dzi
654353-162104,"Muskan",2-0480_Muskan_ 654353-162104.tif,svar/zips/Muskan/654353-162104-kartor/web/tiles-2-0480_Muskan_654353-162104.dzi
640746-140268,"Munksjön",3-6432_Munksjön_640746-140268.tif,svar/zips/Munksj_n/640746-140268-kartor/web/tiles-3-6432_Munksjon_640746-140268.dzi
652022-151699,"Myckelmossasjön",3-2804_Myckelmossasjön_652022-151699a.jpg,svar/zips/Myckelmossasj_n/652022-151699-kartor/web/tiles-3-2804_Myckelmossasjon_652022-151699a.dzi
638146-146910,"Mycklaflon",3-0752_Mycklaflon_638146-146910.tif,svar/zips/Mycklaflon/638146-146910-kartor/web/tiles-3-0752_Mycklaflon_638146-146910.dzi
640038-138247,"Mulserydssjön",3-6460_Mulserydssjön_640038-138247.jpg,svar/zips/Mulserydssj_n/640038-138247-kartor/web/tiles-3-6460_Mulserydssjon_640038-138247.dzi
636916-147615,"Myresjö",3-3568_Myresjö_636916-147615.tif,svar/zips/Myresj_/636916-147615-kartor/web/tiles-3-3568_Myresjo_636916-147615.dzi
642396-133164,"Myresjö",3-3895_Myresjö_642396-133164a.tif,svar/zips/Myresj_/642396-133164-kartor/web/tiles-3-3895_Myresjo_642396-133164a.dzi
650694-129238,"Myresjön",3-2480_Myresjön_650694-129238.tif,svar/zips/Myresj_n/650694-129238-kartor/web/tiles-3-2480_Myresjon_650694-129238.dzi
634647-143188,"Myingen",3-5600_Myingen_634647-143188.tif,svar/zips/Myingen/634647-143188-kartor/web/tiles-3-5600_Myingen_634647-143188.dzi
652022-151699,"Myckelmossasjön",3-2804_Myckelmossasjön_652022-151699a.tif,svar/zips/Myckelmossasj_n/652022-151699-kartor/web/tiles-3-2804_Myckelmossasjon_652022-151699a.dzi
628323-139679,"Möckeln",1-0134_Möckeln_628323-139679.tif,svar/zips/M_ckeln/628323-139679-kartor/web/tiles-1-0134_Mockeln_628323-139679.dzi
638146-146910,"Mycklaflon",3-3014_Mycklaflon_638146-146910.tif,svar/zips/Mycklaflon/638146-146910-kartor/web/tiles-3-3014_Mycklaflon_638146-146910.dzi
640038-138247,"Mulserydssjön",3-6460_Mulserydssjön_640038-138247.tif,svar/zips/Mulserydssj_n/640038-138247-kartor/web/tiles-3-6460_Mulserydssjon_640038-138247.dzi
642396-133164,"Myresjö",3-3895_Myresjö_642396-133164b.tif,svar/zips/Myresj_/642396-133164-kartor/web/tiles-3-3895_Myresjo_642396-133164b.dzi
638083-151634,"Möckeln",1-0253_Möckeln_638083-151634.tif,svar/zips/M_ckeln/638083-151634-kartor/web/tiles-1-0253_Mockeln_638083-151634.dzi
628323-139679,"Möckeln",2-0556_Möckeln_628323-139679.tif,svar/zips/M_ckeln/628323-139679-kartor/web/tiles-2-0556_Mockeln_628323-139679.dzi
632641-150603,"Möcklasjö",3-2343_Möcklasjö_632641-150603.tif,svar/zips/M_cklasj_/632641-150603-kartor/web/tiles-3-2343_Mocklasjo_632641-150603.dzi
644024-127728,"Måkevatten",3-3989_Måkevatten_644024-127728.tif,svar/zips/M_kevatten/644024-127728-kartor/web/tiles-3-3989_Makevatten_644024-127728.dzi
628781-136365,"Mäen",3-0844_Mäen_628781-136365.tif,svar/zips/M_en/628781-136365-kartor/web/tiles-3-0844_Maen_628781-136365.dzi
631249-147673,"Möckeln",2-0558_Möckeln_631249-147673.tif,svar/zips/M_ckeln/631249-147673-kartor/web/tiles-2-0558_Mockeln_631249-147673.dzi
652022-151699,"Myckelmossasjön",3-2804_Myckelmossasjön_652022-151699b.tif,svar/zips/Myckelmossasj_n/652022-151699-kartor/web/tiles-3-2804_Myckelmossasjon_652022-151699b.dzi
635677-143459,"Målarehemsgölen",3-3342_Målarehemsgölen_635677-143459.tif,svar/zips/M_larehemsg_len/635677-143459-kartor/web/tiles-3-3342_Malarehemsgolen_635677-143459.dzi
634585-143192,"Målasjön",3-5526_Målasjön_634585-143192.pdf,svar/zips/M_lasj_n/634585-143192-kartor/web/tiles-3-5526_Malasjon_634585-143192.dzi
636578-141450,"Målasjön",3-4158_Målasjön_636578-141450.tif,svar/zips/M_lasj_n/636578-141450-kartor/web/tiles-3-4158_Malasjon_636578-141450.dzi
624160-135791,"Möllesjön",2-1037_Möllesjön_624160-135791.jpg,svar/zips/M_llesj_n/624160-135791-kartor/web/tiles-2-1037_Mollesjon_624160-135791.dzi
625131-141738,"Möllesjön",3-2637_Möllesjön_625131-141738.tif,svar/zips/M_llesj_n/625131-141738-kartor/web/tiles-3-2637_Mollesjon_625131-141738.dzi
652022-151699,"Myckelmossasjön",3-2996_Myckelmossasjön_652022-151699.tif,svar/zips/Myckelmossasj_n/652022-151699-kartor/web/tiles-3-2996_Myckelmossasjon_652022-151699.dzi
628781-136365,"Mäen",3-2937_Mäen_628781-136365.tif,svar/zips/M_en/628781-136365-kartor/web/tiles-3-2937_Maen_628781-136365.dzi
631249-147673,"Möckeln",3-0758_Möckeln_631249-147673.tif,svar/zips/M_ckeln/631249-147673-kartor/web/tiles-3-0758_Mockeln_631249-147673.dzi
631154-132545,"Möllesjön",3-5113_Möllesjön_631154-132545.tif,svar/zips/M_llesj_n/631154-132545-kartor/web/tiles-3-5113_Mollesjon_631154-132545.dzi
624417-146914,"Mållsjön",3-2816_Mållsjön_624417-146914.tif,svar/zips/M_llsj_n/624417-146914-kartor/web/tiles-3-2816_Mallsjon_624417-146914.dzi
634585-143192,"Målasjön",3-5526_Målasjön_634585-143192.tif,svar/zips/M_lasj_n/634585-143192-kartor/web/tiles-3-5526_Malasjon_634585-143192.dzi
651104-153739,"Mårdkärret",3-1765_Mårdkärret_651104-153739.tif,svar/zips/M_rdk_rret/651104-153739-kartor/web/tiles-3-1765_Mardkarret_651104-153739.dzi
624160-135791,"Möllesjön",2-1037_Möllesjön_624160-135791.tif,svar/zips/M_llesj_n/624160-135791-kartor/web/tiles-2-1037_Mollesjon_624160-135791.dzi
628781-136365,"Mäen",3-6480_Mäen_628781-136365.jpg,svar/zips/M_en/628781-136365-kartor/web/tiles-3-6480_Maen_628781-136365.dzi
638559-141860,"Mörebergssjön",3-3872_Mörebergssjön_638559-141860a.tif,svar/zips/M_rebergssj_n/638559-141860-kartor/web/tiles-3-3872_Morebergssjon_638559-141860a.dzi
624726-143976,"Månasjön",3-5988_Månasjön_624726-143976.tif,svar/zips/M_nasj_n/624726-143976-kartor/web/tiles-3-5988_Manasjon_624726-143976.dzi
648290-127316,"Mållsjön",3-3485_Mållsjön_648290-127316.tif,svar/zips/M_llsj_n/648290-127316-kartor/web/tiles-3-3485_Mallsjon_648290-127316.dzi
653490-125721,"Möretjärn",3-2003_Möretjärn_653490-125721a.tif,svar/zips/M_retj_rn/653490-125721-kartor/web/tiles-3-2003_Moretjarn_653490-125721a.dzi
640212-153687,"Mörghulte Göl",3-3249_Mörghulte Göl_640212-153687.tif,svar/zips/M_rghulte_G_l/640212-153687-kartor/web/tiles-3-3249_Morghulte_Gol_640212-153687.dzi
636004-135778,"Mörke-Malen",3-4890_Mörke-Malen_636004-135779.tif,svar/zips/M_rke-Malen/636004-135778-kartor/web/tiles-3-4890_Morke-Malen_636004-135779.dzi
638559-141860,"Mörebergssjön",3-3872_Mörebergssjön_638559-141860b.tif,svar/zips/M_rebergssj_n/638559-141860-kartor/web/tiles-3-3872_Morebergssjon_638559-141860b.dzi
653494-124841,"Mörkerödtjärnen",3-4206_Mörkerödtjärn_653494-124841.tif,svar/zips/M_rker_dtj_rnen/653494-124841-kartor/web/tiles-3-4206_Morkerodtjarn_653494-124841.dzi
642499-131762,"Mörkabosjön",3-4744_Mörkabosjön_642499-131762.tif,svar/zips/M_rkabosj_n/642499-131762-kartor/web/tiles-3-4744_Morkabosjon_642499-131762.dzi
628781-136365,"Mäen",3-6480_Mäen_628781-136365.tif,svar/zips/M_en/628781-136365-kartor/web/tiles-3-6480_Maen_628781-136365.dzi
643142-130536,"Mårsjön",3-1023_Mårsjön_643142-130536.tif,svar/zips/M_rsj_n/643142-130536-kartor/web/tiles-3-1023_Marsjon_643142-130536.dzi
649596-150415,"Mårn",3-5859_Mårn_649596-150415.tif,svar/zips/M_rn/649596-150415-kartor/web/tiles-3-5859_Marn_649596-150415.dzi
639382-153600,"Mörtgölen",3-3239_Mörtgölen_639382-153600.tif,svar/zips/M_rtg_len/639382-153600-kartor/web/tiles-3-3239_Mortgolen_639382-153600.dzi
652001-126159,"Mörtevattnet",3-1910_Mörtevattnet_652001-126159.tif,svar/zips/M_rtevattnet/652001-126159-kartor/web/tiles-3-1910_Mortevattnet_652001-126159.dzi
623891-149344,"Mörtsjön",3-5315_Mörtsjön_623891-149344.tif,svar/zips/M_rtsj_n/623891-149344-kartor/web/tiles-3-5315_Mortsjon_623891-149344.dzi
639411-129718,"Mörtsjön",3-0920_Mörtsjön_639411-129718.tif,svar/zips/M_rtsj_n/639411-129718-kartor/web/tiles-3-0920_Mortsjon_639411-129718.dzi
634607-150255,"Mörksjön",3-3804_Mörksjön_634607-150255a.tif,svar/zips/M_rksj_n/634607-150255-kartor/web/tiles-3-3804_Morksjon_634607-150255a.dzi
655177-159161,"Mörtsjön",3-1878_Mörtsjön_655177-159161.tif,svar/zips/M_rtsj_n/655177-159161-kartor/web/tiles-3-1878_Mortsjon_655177-159161.dzi
650341-126833,"Mörtsjön",3-3069_Mörtsjön_650341-126833.tif,svar/zips/M_rtsj_n/650341-126833-kartor/web/tiles-3-3069_Mortsjon_650341-126833.dzi
653509-148902,"Mörtsjön",3-2908_Mörtsjön_653509-148902.tif,svar/zips/M_rtsj_n/653509-148902-kartor/web/tiles-3-2908_Mortsjon_653509-148902.dzi
656747-162731,"Mörtsjön",3-6512_Mörtsjön_656747-162731.jpg,svar/zips/M_rtsj_n/656747-162731-kartor/web/tiles-3-6512_Mortsjon_656747-162731.dzi
650899-149534,"Mäseln",2-0133_Mäseln_650899-149534.tif,svar/zips/M_seln/650899-149534-kartor/web/tiles-2-0133_Maseln_650899-149534.dzi
656301-153412,"Mörtsjön",3-1770_Mörtsjön_656301-153412.tif,svar/zips/M_rtsj_n/656301-153412-kartor/web/tiles-3-1770_Mortsjon_656301-153412.dzi
635256-130337,"Mäsen",2-0249a_Mäsen_635256-130337.tif,svar/zips/M_sen/635256-130337-kartor/web/tiles-2-0249a_Masen_635256-130337.dzi
634607-150255,"Mörksjön",3-3804_Mörksjön_634607-150255b.tif,svar/zips/M_rksj_n/634607-150255-kartor/web/tiles-3-3804_Morksjon_634607-150255b.dzi
634330-152299,"Mösjö",3-2764_Mösjö_634330-152299.tif,svar/zips/M_sj_/634330-152299-kartor/web/tiles-3-2764_Mosjo_634330-152299.dzi
656747-162731,"Mörtsjön",3-6512_Mörtsjön_656747-162731.tif,svar/zips/M_rtsj_n/656747-162731-kartor/web/tiles-3-6512_Mortsjon_656747-162731.dzi
641038-153847,"Mösjön",3-3380_Mösjön_641038-153847.tif,svar/zips/M_sj_n/641038-153847-kartor/web/tiles-3-3380_Mosjon_641038-153847.dzi
636907-150983,"Mösjön",3-3757_Mösjön_636907-150983a.tif,svar/zips/M_sj_n/636907-150983-kartor/web/tiles-3-3757_Mosjon_636907-150983a.dzi
636390-152195,"Mösjön",2-0328_Mösjön_636390-152195.tif,svar/zips/M_sj_n/636390-152195-kartor/web/tiles-2-0328_Mosjon_636390-152195.dzi
637261-149321,"Mösjön",3-2311_Mösjön_637261-149321.tif,svar/zips/M_sj_n/637261-149321-kartor/web/tiles-3-2311_Mosjon_637261-149321.dzi
636489-153625,"Mösjön",1-0234_Mösjön_636489-153625.tif,svar/zips/M_sj_n/636489-153625-kartor/web/tiles-1-0234_Mosjon_636489-153625.dzi
651642-150651,"Måsjön",3-2770_Måsjön_651642-150651.tif,svar/zips/M_sj_n/651642-150651-kartor/web/tiles-3-2770_Masjon_651642-150651.dzi
631886-131576,"Måssjö",2-0625_Måssjö_631886-131576.jpg,svar/zips/M_ssj_/631886-131576-kartor/web/tiles-2-0625_Massjo_631886-131576.dzi
652957-147274,"Måsjön",5-0126_Måsjön_652957-147274.tif,svar/zips/M_sj_n/652957-147274-kartor/web/tiles-5-0126_Masjon_652957-147274.dzi
656092-160258,"Måsnaren",1-0179_Måsnaren_656092-160258.tif,svar/zips/M_snaren/656092-160258-kartor/web/tiles-1-0179_Masnaren_656092-160258.dzi
651791-150536,"Mösjön",3-2770_Mösjön_651791-150536.tif,svar/zips/M_sj_n/651791-150536-kartor/web/tiles-3-2770_Mosjon_651791-150536.dzi
641155-138551,"Nackebosjön",3-6309_Nackebosjön_641155-138551.tif,svar/zips/Nackebosj_n/641155-138551-kartor/web/tiles-3-6309_Nackebosjon_641155-138551.dzi
636907-150983,"Mösjön",3-3757_Mösjön_636907-150983b.tif,svar/zips/M_sj_n/636907-150983-kartor/web/tiles-3-3757_Mosjon_636907-150983b.dzi
637171-144436,"Naglarpasjön",3-3737_Naglarpasjön_637171-144436.tif,svar/zips/Naglarpasj_n/637171-144436-kartor/web/tiles-3-3737_Naglarpasjon_637171-144436.dzi
635910-148373,"Narrveten",3-3569_Narrveten_635910-148373.tif,svar/zips/Narrveten/635910-148373-kartor/web/tiles-3-3569_Narrveten_635910-148373.dzi
631886-131576,"Måssjö",2-0625_Måssjö_631886-131576.tif,svar/zips/M_ssj_/631886-131576-kartor/web/tiles-2-0625_Massjo_631886-131576.dzi
643457-130411,"Namnsjön",3-1025_Namnsjön_643457-130411.tif,svar/zips/Namnsj_n/643457-130411-kartor/web/tiles-3-1025_Namnsjon_643457-130411.dzi
639890-145878,"Narebogölen",3-5291_Narebogölen_639890-145878.tif,svar/zips/Narebog_len/639890-145878-kartor/web/tiles-3-5291_Narebogolen_639890-145878.dzi
652781-141631,"Narven",5-0134_Narven_652781-141631.tif,svar/zips/Narven/652781-141631-kartor/web/tiles-5-0134_Narven_652781-141631.dzi
652689-124892,"Nedre Bolsjön",0-0075_Nedre Bolsjön_652689-124892.tif,svar/zips/Nedre_Bolsj_n/652689-124892-kartor/web/tiles-0-0075_Nedre_Bolsjon_652689-124892.dzi
654865-123868,"Nedre Färingen",2-0252_Nedre Färingen_654865-123868.tif,svar/zips/Nedre_F_ringen/654865-123868-kartor/web/tiles-2-0252_Nedre_Faringen_654865-123868.dzi
634754-147657,"Nasan",3-3570_Nasan_634754-147657.tif,svar/zips/Nasan/634754-147657-kartor/web/tiles-3-3570_Nasan_634754-147657.dzi
635910-148373,"Narrveten",3-3818_Narrveten_635910-148373a.tif,svar/zips/Narrveten/635910-148373-kartor/web/tiles-3-3818_Narrveten_635910-148373a.dzi
650646-152150,"Nedre Glottern",2-0829_Nedre Glottern_650646-152150.tif,svar/zips/Nedre_Glottern/650646-152150-kartor/web/tiles-2-0829_Nedre_Glottern_650646-152150.dzi
631886-131576,"Måssjö",3-6449_Måssjö_631886-131576.jpg,svar/zips/M_ssj_/631886-131576-kartor/web/tiles-3-6449_Massjo_631886-131576.dzi
652689-124892,"Nedre Bolsjön",3-1595a_Nedre Bolsjön_652689-124892.tif,svar/zips/Nedre_Bolsj_n/652689-124892-kartor/web/tiles-3-1595a_Nedre_Bolsjon_652689-124892.dzi
654865-123868,"Nedre Färingen",3-4000_Nedre Färingen_654865-123868.tif,svar/zips/Nedre_F_ringen/654865-123868-kartor/web/tiles-3-4000_Nedre_Faringen_654865-123868.dzi
655536-131664,"Nedre Kalven",3-1173a_Nedre Kalven_655536-131664.tif,svar/zips/Nedre_Kalven/655536-131664-kartor/web/tiles-3-1173a_Nedre_Kalven_655536-131664.dzi
653447-129873,"Nedre Högsjön",3-1704_Nedre Högsjön_653447-129873.tif,svar/zips/Nedre_H_gsj_n/653447-129873-kartor/web/tiles-3-1704_Nedre_Hogsjon_653447-129873.dzi
635910-148373,"Narrveten",3-3818_Narrveten_635910-148373b.tif,svar/zips/Narrveten/635910-148373-kartor/web/tiles-3-3818_Narrveten_635910-148373b.dzi
652808-147454,"Nedre Gryten",5-0127_Nedre Gryten_652808-147454.tif,svar/zips/Nedre_Gryten/652808-147454-kartor/web/tiles-5-0127_Nedre_Gryten_652808-147454.dzi
631886-131576,"Måssjö",3-6449_Måssjö_631886-131576.tif,svar/zips/M_ssj_/631886-131576-kartor/web/tiles-3-6449_Massjo_631886-131576.dzi
643560-152081,"Nedre Kroksjön",3-3369_Nedre Kroksjön_643560-152081.tif,svar/zips/Nedre_Kroksj_n/643560-152081-kartor/web/tiles-3-3369_Nedre_Kroksjon_643560-152081.dzi
642774-142060,"Nedre Kvarnasjön",3-2546_Nedre Kvarnasjön_642774-142060.tif,svar/zips/Nedre_Kvarnasj_n/642774-142060-kartor/web/tiles-3-2546_Nedre_Kvarnasjon_642774-142060.dzi
652689-124892,"Nedre Bolsjön",3-1595b_Nedre Bolsjön_652689-124892.tif,svar/zips/Nedre_Bolsj_n/652689-124892-kartor/web/tiles-3-1595b_Nedre_Bolsjon_652689-124892.dzi
655536-131664,"Nedre Kalven",3-1173b_Nedre Kalven_655536-131664.tif,svar/zips/Nedre_Kalven/655536-131664-kartor/web/tiles-3-1173b_Nedre_Kalven_655536-131664.dzi
643378-129216,"Nedre Kvarnsjön",3-4826_Nedre Kvarnsjön_643378-129216.tif,svar/zips/Nedre_Kvarnsj_n/643378-129216-kartor/web/tiles-3-4826_Nedre_Kvarnsjon_643378-129216.dzi
643657-127257,"Nedre Långevatten",3-1630_Nedre Långevatten_643657-127257.tif,svar/zips/Nedre_L_ngevatten/643657-127257-kartor/web/tiles-3-1630_Nedre_Langevatten_643657-127257.dzi
634155-150738,"Nedre Leksjön",3-3771_Nedre Leksjön_634155-150738b.tif,svar/zips/Nedre_Leksj_n/634155-150738-kartor/web/tiles-3-3771_Nedre_Leksjon_634155-150738b.dzi
639618-152168,"Nedre Slån",3-3262_Nedre Slån_639618-152168.tif,svar/zips/Nedre_Sl_n/639618-152168-kartor/web/tiles-3-3262_Nedre_Slan_639618-152168.dzi
652689-124892,"Nedre Bolsjön",3-1595c_Nedre Bolsjön_652689-124892.tif,svar/zips/Nedre_Bolsj_n/652689-124892-kartor/web/tiles-3-1595c_Nedre_Bolsjon_652689-124892.dzi
624320-145714,"Nedre Nätsjön",3-2975_Nedre Nätsjön_624320-145714.tif,svar/zips/Nedre_N_tsj_n/624320-145714-kartor/web/tiles-3-2975_Nedre_Natsjon_624320-145714.dzi
651627-150664,"Nedre Ripplingen",3-2773_Nedre Ripplingen_651627-150664.tif,svar/zips/Nedre_Ripplingen/651627-150664-kartor/web/tiles-3-2773_Nedre_Ripplingen_651627-150664.dzi
631886-131576,"Måssjö",5-1014_Måssjön_631886-131576.pdf,svar/zips/M_ssj_/631886-131576-kartor/web/tiles-5-1014_Massjon_631886-131576.dzi
656247-163293,"Nedre Rudasjön",3-4488_Nedre Rudasjön_656247-163293.tif,svar/zips/Nedre_Rudasj_n/656247-163293-kartor/web/tiles-3-4488_Nedre_Rudasjon_656247-163293.dzi
651540-129830,"Nedre Strussåstjärnet",3-2479_Nedre Strussåstjärnet_651540-129830.tif,svar/zips/Nedre_Struss_stj_rnet/651540-129830-kartor/web/tiles-3-2479_Nedre_Strussastjarnet_651540-129830.dzi
636894-148513,"Nedre Svartsjön",3-2878_Nedre Svartsjön_636894-148513.tif,svar/zips/Nedre_Svartsj_n/636894-148513-kartor/web/tiles-3-2878_Nedre_Svartsjon_636894-148513.dzi
652689-124892,"Nedre Bolsjön",3-1595d_Nedre Bolsjön_652689-124892.tif,svar/zips/Nedre_Bolsj_n/652689-124892-kartor/web/tiles-3-1595d_Nedre_Bolsjon_652689-124892.dzi
648845-126575,"Nedre Trästickeln",3-2572_Nedre Trästickeln_648845-126575.tif,svar/zips/Nedre_Tr_stickeln/648845-126575-kartor/web/tiles-3-2572_Nedre_Trastickeln_648845-126575.dzi
630416-131621,"Nedre Vallsjön",3-5109_Nedre Vallsjön_630416-131621.tif,svar/zips/Nedre_Vallsj_n/630416-131621-kartor/web/tiles-3-5109_Nedre_Vallsjon_630416-131621.dzi
651080-152027,"Nedre Vekmangeln",2-0847_Nedre Vekmangeln_651080-152027.tif,svar/zips/Nedre_Vekmangeln/651080-152027-kartor/web/tiles-2-0847_Nedre_Vekmangeln_651080-152027.dzi
643336-127783,"Nedre �revatten",3-1079_Nedre Örevatten_43336-127783.tif,svar/zips/Nedre_revatten/643336-127783-kartor/web/tiles-3-1079_Nedre_Orevatten_43336-127783.dzi
633239-141520,"Nedre Trehörningen",3-2940_Nedre Trehörningen_633239-141520.tif,svar/zips/Nedre_Treh_rningen/633239-141520-kartor/web/tiles-3-2940_Nedre_Trehorningen_633239-141520.dzi
630835-135633,"Nejsjön",1-0289_Nejsjön_630835-135633.tif,svar/zips/Nejsj_n/630835-135633-kartor/web/tiles-1-0289_Nejsjon_630835-135633.dzi
637223-151155,"Nerbjärken",2-1091_Nerbjärken_637223-151155.jpg,svar/zips/Nerbj_rken/637223-151155-kartor/web/tiles-2-1091_Nerbjarken_637223-151155.dzi
651435-125867,"Nockerödvattnet",3-1909_Nockerödvattnet_651435-125867.tif,svar/zips/Nocker_dvattnet/651435-125867-kartor/web/tiles-3-1909_Nockerodvattnet_651435-125867.dzi
652689-124892,"Nedre Bolsjön",3-1595e_Nedre Bolsjön_652689-124892.tif,svar/zips/Nedre_Bolsj_n/652689-124892-kartor/web/tiles-3-1595e_Nedre_Bolsjon_652689-124892.dzi
642387-143714,"Noen",3-1824_Noen_642387-143714.tif,svar/zips/Noen/642387-143714-kartor/web/tiles-3-1824_Noen_642387-143714.dzi
651080-152027,"Nedre Vekmangeln",3-0714_Nedre Vekmangeln_651080-152027.tif,svar/zips/Nedre_Vekmangeln/651080-152027-kartor/web/tiles-3-0714_Nedre_Vekmangeln_651080-152027.dzi
637237-142137,"Nordanskogs Damm",3-6274_Nordanskogs damm_637237-142137.tif,svar/zips/Nordanskogs_Damm/637237-142137-kartor/web/tiles-3-6274_Nordanskogs_damm_637237-142137.dzi
653916-124858,"Nord-Vammsjön",3-4001_Nord-Vammsjön_653916-124858.tif,svar/zips/Nord-Vammsj_n/653916-124858-kartor/web/tiles-3-4001_Nord-Vammsjon_653916-124858.dzi
653890-160075,"Norasjön",5-0980_Norasjön_653890-160075.pdf,svar/zips/Norasj_n/653890-160075-kartor/web/tiles-5-0980_Norasjon_653890-160075.dzi
641319-136822,"Nordsjön",3-4863_Nordsjön_641319-136822.tif,svar/zips/Nordsj_n/641319-136822-kartor/web/tiles-3-4863_Nordsjon_641319-136822.dzi
643760-139762,"Nordvättnen",5-1047_Nordvättnen_643760-139762.pdf,svar/zips/Nordv_ttnen/643760-139762-kartor/web/tiles-5-1047_Nordvattnen_643760-139762.dzi
637223-151155,"Nerbjärken",2-1091_Nerbjärken_637223-151155.tif,svar/zips/Nerbj_rken/637223-151155-kartor/web/tiles-2-1091_Nerbjarken_637223-151155.dzi
651238-125670,"Nordvattnet",3-1956_Nordvattnet_651238-125670.tif,svar/zips/Nordvattnet/651238-125670-kartor/web/tiles-3-1956_Nordvattnet_651238-125670.dzi
631206-134111,"Nordsjön",2-0650_Nordsjön_631206-134111a.tif,svar/zips/Nordsj_n/631206-134111-kartor/web/tiles-2-0650_Nordsjon_631206-134111a.dzi
652689-124892,"Nedre Bolsjön",3-1595f_Nedre Bolsjön_652689-124892.tif,svar/zips/Nedre_Bolsj_n/652689-124892-kartor/web/tiles-3-1595f_Nedre_Bolsjon_652689-124892.dzi
655520-126317,"Nordre Boksjö",2-0514_Nordre Boksjö_655520-126317.tif,svar/zips/Nordre_Boksj_/655520-126317-kartor/web/tiles-2-0514_Nordre_Boksjo_655520-126317.dzi
639585-128358,"Nordsjön",3-1732_Nordsjön_639585-128358.tif,svar/zips/Nordsj_n/639585-128358-kartor/web/tiles-3-1732_Nordsjon_639585-128358.dzi
624757-144528,"Norrasjön",3-5989_Norrasjön_624757-144528.tif,svar/zips/Norrasj_n/624757-144528-kartor/web/tiles-3-5989_Norrasjon_624757-144528.dzi
636635-145397,"Norrasjön",3-2443_Norrasjön_636635-145397.tif,svar/zips/Norrasj_n/636635-145397-kartor/web/tiles-3-2443_Norrasjon_636635-145397.dzi
637223-151155,"Nerbjärken",3-3758_Nerbjärken_637223-151155a.tif,svar/zips/Nerbj_rken/637223-151155-kartor/web/tiles-3-3758_Nerbjarken_637223-151155a.dzi
642201-132408,"Norra Acksjön",3-5592_Norra Acksjön_642201-132408.tif,svar/zips/Norra_Acksj_n/642201-132408-kartor/web/tiles-3-5592_Norra_Acksjon_642201-132408.dzi
637512-142225,"Norrasjön",3-5612_Norrasjön_637512-142225.tif,svar/zips/Norrasj_n/637512-142225-kartor/web/tiles-3-5612_Norrasjon_637512-142225.dzi
631206-134111,"Nordsjön",2-0650_Nordsjön_631206-134111b.tif,svar/zips/Nordsj_n/631206-134111-kartor/web/tiles-2-0650_Nordsjon_631206-134111b.dzi
651899-143910,"Norra Asplången",2-0969_Norra Asplången_651899-143910.tif,svar/zips/Norra_Aspl_ngen/651899-143910-kartor/web/tiles-2-0969_Norra_Asplangen_651899-143910.dzi
653584-125009,"Norra Blötevattnet",3-3998_Norra Blötevattnet_653584-125009.tif,svar/zips/Norra_Bl_tevattnet/653584-125009-kartor/web/tiles-3-3998_Norra_Blotevattnet_653584-125009.dzi
638959-127991,"Norra Barnsjön",3-1848_Norra Barnsjön_638959-127991.tif,svar/zips/Norra_Barnsj_n/638959-127991-kartor/web/tiles-3-1848_Norra_Barnsjon_638959-127991.dzi
637223-151155,"Nerbjärken",3-3758_Nerbjärken_637223-151155b.tif,svar/zips/Nerbj_rken/637223-151155-kartor/web/tiles-3-3758_Nerbjarken_637223-151155b.dzi
634153-134276,"Norra Bolsjön",3-2073_Norra Bolsjön_634153-134276.tif,svar/zips/Norra_Bolsj_n/634153-134276-kartor/web/tiles-3-2073_Norra_Bolsjon_634153-134276.dzi
653621-125388,"Norra Bullaresjön",2-0215_Norra Bullaresjön_653621-125388.tif,svar/zips/Norra_Bullaresj_n/653621-125388-kartor/web/tiles-2-0215_Norra_Bullaresjon_653621-125388.dzi
640765-149483,"Norra Linkaren",3-3619_Norra Linkaren_640765-149483.tif,svar/zips/Norra_Linkaren/640765-149483-kartor/web/tiles-3-3619_Norra_Linkaren_640765-149483.dzi
631354-132583,"Norra Långasjön",3-5107_Norra Långasjön_631354-132583.tif,svar/zips/Norra_L_ngasj_n/631354-132583-kartor/web/tiles-3-5107_Norra_Langasjon_631354-132583.dzi
641401-153519,"Norra Hällsjön",3-3379_Norra Hällsjön_641401-153519.tif,svar/zips/Norra_H_llsj_n/641401-153519-kartor/web/tiles-3-3379_Norra_Hallsjon_641401-153519.dzi
653813-126173,"Norra Kornsjön",0-0148_Norra Kornsjön_653813-126173.tif,svar/zips/Norra_Kornsj_n/653813-126173-kartor/web/tiles-0-0148_Norra_Kornsjon_653813-126173.dzi
638064-137340,"Norra Mossebosjön",3-5121_Norra Mossebosjön_638064-137340a.tif,svar/zips/Norra_Mossebosj_n/638064-137340-kartor/web/tiles-3-5121_Norra_Mossebosjon_638064-137340a.dzi
633051-138296,"Norra Fyllen",3-6282_Norra Fyllen_633051-138296.tif,svar/zips/Norra_Fyllen/633051-138296-kartor/web/tiles-3-6282_Norra_Fyllen_633051-138296.dzi
637089-137096,"Norra Gussjö",3-0863_Norra Gussjö_637089-137096.tif,svar/zips/Norra_Gussj_/637089-137096-kartor/web/tiles-3-0863_Norra_Gussjo_637089-137096.dzi
634008-130209,"Norra Stensjön",3-2255_Norra Stensjön_634008-130209.tif,svar/zips/Norra_Stensj_n/634008-130209-kartor/web/tiles-3-2255_Norra_Stensjon_634008-130209.dzi
638064-137340,"Norra Mossebosjön",3-5121_Norra Mossebosjön_638064-137340b.tif,svar/zips/Norra_Mossebosj_n/638064-137340-kartor/web/tiles-3-5121_Norra_Mossebosjon_638064-137340b.dzi
624991-143829,"Norra Svansjön",3-5990_Norra Svansjön_624991-143829.tif,svar/zips/Norra_Svansj_n/624991-143829-kartor/web/tiles-3-5990_Norra_Svansjon_624991-143829.dzi
653621-125388,"Norra Bullaresjön",3-1569_Norra Bullaresjön_653621-125388.tif,svar/zips/Norra_Bullaresj_n/653621-125388-kartor/web/tiles-3-1569_Norra_Bullaresjon_653621-125388.dzi
643469-152316,"Norra Stensjön",3-3373_Norra Stensjön_643469-152316.tif,svar/zips/Norra_Stensj_n/643469-152316-kartor/web/tiles-3-3373_Norra_Stensjon_643469-152316.dzi
624044-141165,"Norra Skärsjön",3-6464_Norra Skärsjön_624044-141165.jpg,svar/zips/Norra_Sk_rsj_n/624044-141165-kartor/web/tiles-3-6464_Norra_Skarsjon_624044-141165.dzi
625505-141232,"Norra Smedsjön",3-6473_Norra Smedsjön_625505-141232.jpg,svar/zips/Norra_Smedsj_n/625505-141232-kartor/web/tiles-3-6473_Norra_Smedsjon_625505-141232.dzi
637089-137096,"Norra Gussjö",3-0867_Norra Gussjö (Hammarsjön)_637089-137096.tif,svar/zips/Norra_Gussj_/637089-137096-kartor/web/tiles-3-0867_Norra_Gussjo_Hammarsjon_637089-137096.dzi
634008-130209,"Norra Stensjön",3-6545_Norra Stensjön_634008-130209.jpg,svar/zips/Norra_Stensj_n/634008-130209-kartor/web/tiles-3-6545_Norra_Stensjon_634008-130209.dzi
637379-137645,"Norra Vallsjön",3-1831_Norra Vallsjön_637379-137645.tif,svar/zips/Norra_Vallsj_n/637379-137645-kartor/web/tiles-3-1831_Norra_Vallsjon_637379-137645.dzi
639128-139229,"Norra Tväsjön",3-5480_Norra Tväsjön_639128-139229.tif,svar/zips/Norra_Tv_sj_n/639128-139229-kartor/web/tiles-3-5480_Norra_Tvasjon_639128-139229.dzi
627729-140872,"Norra Virestadsjön",2-0300_Norra Virestadsjön_627729-140872.tif,svar/zips/Norra_Virestadsj_n/627729-140872-kartor/web/tiles-2-0300_Norra_Virestadsjon_627729-140872.dzi
625505-141232,"Norra Smedsjön",3-6473_Norra Smedsjön_625505-141232.tif,svar/zips/Norra_Smedsj_n/625505-141232-kartor/web/tiles-3-6473_Norra_Smedsjon_625505-141232.dzi
639254-144481,"Norra Vixen",3-2916_Norra Vixen_639254-144481.tif,svar/zips/Norra_Vixen/639254-144481-kartor/web/tiles-3-2916_Norra_Vixen_639254-144481.dzi
624044-141165,"Norra Skärsjön",3-6464_Norra Skärsjön_624044-141165.tif,svar/zips/Norra_Sk_rsj_n/624044-141165-kartor/web/tiles-3-6464_Norra_Skarsjon_624044-141165.dzi
637089-137096,"Norra Gussjö",3-1825_Norra Gussjö (och Hammarsjön)_637089-137096.tif,svar/zips/Norra_Gussj_/637089-137096-kartor/web/tiles-3-1825_Norra_Gussjo_och_Hammarsjon_637089-137096.dzi
634008-130209,"Norra Stensjön",3-6545_Norra Stensjön_634008-130209.tif,svar/zips/Norra_Stensj_n/634008-130209-kartor/web/tiles-3-6545_Norra_Stensjon_634008-130209.dzi
637379-137645,"Norra Vallsjön",3-2506_Norra Vallsjön_637379-137645.tif,svar/zips/Norra_Vallsj_n/637379-137645-kartor/web/tiles-3-2506_Norra_Vallsjon_637379-137645.dzi
625926-147384,"Norra �&sjön",3-3187_Norra Åsjön_625926-147384.tif,svar/zips/Norra_sj_n/625926-147384-kartor/web/tiles-3-3187_Norra_Asjon_625926-147384.dzi
639254-144481,"Norra Vixen",3-6346_Norra Vixen_639254-144481.jpg,svar/zips/Norra_Vixen/639254-144481-kartor/web/tiles-3-6346_Norra_Vixen_639254-144481.dzi
633077-141660,"Norra �lten",2-0951_Norra Älten_633077-141660.jpg,svar/zips/Norra_lten/633077-141660-kartor/web/tiles-2-0951_Norra_Alten_633077-141660.dzi
623920-147353,"Norregöl",3-0781_Norregöl_623920-147353.tif,svar/zips/Norreg_l/623920-147353-kartor/web/tiles-3-0781_Norregol_623920-147353.dzi
630480-143556,"Norresjö",2-0157_Norresjö_630480-143556.tif,svar/zips/Norresj_/630480-143556-kartor/web/tiles-2-0157_Norresjo_630480-143556.dzi
636434-153367,"Norra �sjön",2-0342_Norra Ösjön_636434-153367.tif,svar/zips/Norra_sj_n/636434-153367-kartor/web/tiles-2-0342_Norra_Osjon_636434-153367.dzi
637089-137096,"Norra Gussjö",5-0021_Hammarsjön_(N Gussjö_637089-137096).pdf,svar/zips/Norra_Gussj_/637089-137096-kartor/web/tiles-5-0021_Hammarsjon_N_Gussjo_637089-137096_.dzi
637379-137645,"Norra Vallsjön",5-0042_Norra Vallsjön_637379-137645.pdf,svar/zips/Norra_Vallsj_n/637379-137645-kartor/web/tiles-5-0042_Norra_Vallsjon_637379-137645.dzi
639254-144481,"Norra Vixen",3-6346_Norra Vixen_639254-144481.tif,svar/zips/Norra_Vixen/639254-144481-kartor/web/tiles-3-6346_Norra_Vixen_639254-144481.dzi
637780-141171,"Norresjö",3-5240_Norresjö_637780-141171.tif,svar/zips/Norresj_/637780-141171-kartor/web/tiles-3-5240_Norresjo_637780-141171.dzi
633077-141660,"Norra �lten",2-0951_Norra Älten_633077-141660.tif,svar/zips/Norra_lten/633077-141660-kartor/web/tiles-2-0951_Norra_Alten_633077-141660.dzi
630480-143556,"Norresjö",3-6623_Norra Bergundasjön_630480-143556.jpg,svar/zips/Norresj_/630480-143556-kartor/web/tiles-3-6623_Norra_Bergundasjon_630480-143556.dzi
626313-148095,"Norrsjön",5-0465_Norrsjön_626313-148095.tif,svar/zips/Norrsj_n/626313-148095-kartor/web/tiles-5-0465_Norrsjon_626313-148095.dzi
636080-148075,"Norre Göl",3-3344_Norre Göl_636080-148075.tif,svar/zips/Norre_G_l/636080-148075-kartor/web/tiles-3-3344_Norre_Gol_636080-148075.dzi
627728-149184,"Norrsjön",5-0487_Norrsjön_627728-149184.tif,svar/zips/Norrsj_n/627728-149184-kartor/web/tiles-5-0487_Norrsjon_627728-149184.dzi
633177-145970,"Norrsjön",2-0562_Norrsjön_633177-145970.tif,svar/zips/Norrsj_n/633177-145970-kartor/web/tiles-2-0562_Norrsjon_633177-145970.dzi
635820-143247,"Norrsjön",3-4017_Norrsjön_635820-143247.tif,svar/zips/Norrsj_n/635820-143247-kartor/web/tiles-3-4017_Norrsjon_635820-143247.dzi
637089-137096,"Norra Gussjö",5-0041_Norra Gussjö_637089-137096.pdf,svar/zips/Norra_Gussj_/637089-137096-kartor/web/tiles-5-0041_Norra_Gussjo_637089-137096.dzi
630480-143556,"Norresjö",3-6623_Norra Bergundasjön_630480-143556.tif,svar/zips/Norresj_/630480-143556-kartor/web/tiles-3-6623_Norra_Bergundasjon_630480-143556.dzi
624658-146332,"Norsjön",3-3169_Norsjön_624658-146332.tif,svar/zips/Norsj_n/624658-146332-kartor/web/tiles-3-3169_Norsjon_624658-146332.dzi
635204-147309,"Nyanäsagölen",3-3739_Nynäsagölen_635204-147309.tif,svar/zips/Nyan_sag_len/635204-147309-kartor/web/tiles-3-3739_Nynasagolen_635204-147309.dzi
632223-136317,"Norrsjön",3-4715_Norrsjön_632223-136317.tif,svar/zips/Norrsj_n/632223-136317-kartor/web/tiles-3-4715_Norrsjon_632223-136317.dzi
651577-151632,"Norrsjön",2-0845_Norrsjön_651577-151632.tif,svar/zips/Norrsj_n/651577-151632-kartor/web/tiles-2-0845_Norrsjon_651577-151632.dzi
635064-141622,"Nursjön",3-6348_Nursjön_635064-141622.jpg,svar/zips/Nursj_n/635064-141622-kartor/web/tiles-3-6348_Nursjon_635064-141622.dzi
655609-165190,"Nybysjön",3-2182_Nybysjön_655609-165190.tif,svar/zips/Nybysj_n/655609-165190-kartor/web/tiles-3-2182_Nybysjon_655609-165190.dzi
650058-128307,"Nyckelvattnet",3-4838_Nyckelvattnet_650058-128307.tif,svar/zips/Nyckelvattnet/650058-128307-kartor/web/tiles-3-4838_Nyckelvattnet_650058-128307.dzi
656124-158126,"Nytången",3-3273_Nytången_656124-158126.tif,svar/zips/Nyt_ngen/656124-158126-kartor/web/tiles-3-3273_Nytangen_656124-158126.dzi
636930-145226,"Näcksjön",3-3952_Näcksjön_636930-145226.tif,svar/zips/N_cksj_n/636930-145226-kartor/web/tiles-3-3952_Nacksjon_636930-145226.dzi
649610-126113,"Nyrödsjön",3-2473_Nyrödsjön_649610-126113.tif,svar/zips/Nyr_dsj_n/649610-126113-kartor/web/tiles-3-2473_Nyrodsjon_649610-126113.dzi
636700-144233,"Nöbbelesjön",3-3953_Nöbbelesjön_636700-144233.tif,svar/zips/N_bbelesj_n/636700-144233-kartor/web/tiles-3-3953_Nobbelesjon_636700-144233.dzi
635064-141622,"Nursjön",3-6348_Nursjön_635064-141622.tif,svar/zips/Nursj_n/635064-141622-kartor/web/tiles-3-6348_Nursjon_635064-141622.dzi
656163-156846,"Nyckelsjön",3-1760_Nyckelsjön_656163-156846.tif,svar/zips/Nyckelsj_n/656163-156846-kartor/web/tiles-3-1760_Nyckelsjon_656163-156846.dzi
636713-152326,"Näjern",2-0333_Näjern_636713-152326.tif,svar/zips/N_jern/636713-152326-kartor/web/tiles-2-0333_Najern_636713-152326.dzi
642063-127872,"Nödsjön",3-4519_Nödsjön_642063-127872.tif,svar/zips/N_dsj_n/642063-127872-kartor/web/tiles-3-4519_Nodsjon_642063-127872.dzi
650833-152024,"Näknen",3-1905_Näknen_650833-152024.tif,svar/zips/N_knen/650833-152024-kartor/web/tiles-3-1905_Naknen_650833-152024.dzi
651834-130678,"Nären",2-0566_Nären_651834-130678.tif,svar/zips/N_ren/651834-130678-kartor/web/tiles-2-0566_Naren_651834-130678.dzi
636792-152028,"Näjern",3-2884_Näjern_636792-152028.tif,svar/zips/N_jern/636792-152028-kartor/web/tiles-3-2884_Najern_636792-152028.dzi
638280-144298,"Nömmen",3-1812_Nömmen_638280-144298.tif,svar/zips/N_mmen/638280-144298-kartor/web/tiles-3-1812_Nommen_638280-144298.dzi
639313-147403,"Nässjasjön",3-2502_Nässjasjön_639313-147403.tif,svar/zips/N_ssjasj_n/639313-147403-kartor/web/tiles-3-2502_Nassjasjon_639313-147403.dzi
635369-145684,"Nässjagölen",3-3572_Nässjagölen_635369-145684.tif,svar/zips/N_ssjag_len/635369-145684-kartor/web/tiles-3-3572_Nassjagolen_635369-145684.dzi
652439-153389,"Näsnaren",3-5619_Näsnaren_652439-153389.tif,svar/zips/N_snaren/652439-153389-kartor/web/tiles-3-5619_Nasnaren_652439-153389.dzi
635940-136080,"Nässjön",3-6295_Nässjön_635940-136080.tif,svar/zips/N_ssj_n/635940-136080-kartor/web/tiles-3-6295_Nassjon_635940-136080.dzi
636335-137221,"Nässjö",5-0043_Nässjö_636335-137221.pdf,svar/zips/N_ssj_/636335-137221-kartor/web/tiles-5-0043_Nassjo_636335-137221.dzi
634342-138677,"Nästasjön",2-1054_Nästasjön_634342-138677.jpg,svar/zips/N_stasj_n/634342-138677-kartor/web/tiles-2-1054_Nastasjon_634342-138677.dzi
641737-138012,"Nässjön",2-0783_Nässjön_641737-138012.tif,svar/zips/N_ssj_n/641737-138012-kartor/web/tiles-2-0783_Nassjon_641737-138012.dzi
625130-145084,"Nästen",3-2966_Nästen_625130-145084.tif,svar/zips/N_sten/625130-145084-kartor/web/tiles-3-2966_Nasten_625130-145084.dzi
638919-152317,"Nässjön",3-3712_Nässjön_638919-152317.tif,svar/zips/N_ssj_n/638919-152317-kartor/web/tiles-3-3712_Nassjon_638919-152317.dzi
623289-146219,"Nässjön",3-0788_Nässjön_623289-146219.tif,svar/zips/N_ssj_n/623289-146219-kartor/web/tiles-3-0788_Nassjon_623289-146219.dzi
652090-130335,"Näsölen",3-4778_Näsölen_652090-130335.tif,svar/zips/N_s_len/652090-130335-kartor/web/tiles-3-4778_Nasolen_652090-130335.dzi
656377-127113,"Nössjö",3-4729_Nössjö_656377-127113.tif,svar/zips/N_ssj_/656377-127113-kartor/web/tiles-3-4729_Nossjo_656377-127113.dzi
615577-134584,"Nötesjön",2-0171_Nötesjön_615577-134584.tif,svar/zips/N_tesj_n/615577-134584-kartor/web/tiles-2-0171_Notesjon_615577-134584.dzi
634342-138677,"Nästasjön",2-1054_Nästasjön_634342-138677.tif,svar/zips/N_stasj_n/634342-138677-kartor/web/tiles-2-1054_Nastasjon_634342-138677.dzi
641737-138012,"Nässjön",3-1464_Nässjön_641737-138012.tif,svar/zips/N_ssj_n/641737-138012-kartor/web/tiles-3-1464_Nassjon_641737-138012.dzi
637916-140470,"Nöthultagölen",3-1807_Nöthultagölen_637916-140470.tif,svar/zips/N_thultag_len/637916-140470-kartor/web/tiles-3-1807_Nothultagolen_637916-140470.dzi
624622-142824,"Nätsjön",3-2644_Nätsjön_624622-142824.tif,svar/zips/N_tsj_n/624622-142824-kartor/web/tiles-3-2644_Natsjon_624622-142824.dzi
626257-147879,"Nätterhövden",2-0362_Nätterhövden_626257-147879a.tif,svar/zips/N_tterh_vden/626257-147879-kartor/web/tiles-2-0362_Natterhovden_626257-147879a.dzi
634342-138677,"Nästasjön",3-2923_Nästasjön_634342-138677.tif,svar/zips/N_stasj_n/634342-138677-kartor/web/tiles-3-2923_Nastasjon_634342-138677.dzi
633640-154122,"Nötöfjärden",3-6498_Nötöfjärden_633640-154122.jpg,svar/zips/N_t_fj_rden/633640-154122-kartor/web/tiles-3-6498_Notofjarden_633640-154122.dzi
623289-146219,"Nässjön",3-2825_Nässjön_623289-146219.tif,svar/zips/N_ssj_n/623289-146219-kartor/web/tiles-3-2825_Nassjon_623289-146219.dzi
637916-140470,"Nöthultagölen",3-6389_Nöthultagölen_637916-140470.jpg,svar/zips/N_thultag_len/637916-140470-kartor/web/tiles-3-6389_Nothultagolen_637916-140470.dzi
650486-155390,"Nävsjön",3-2987_Nävsjön_650486-155390.tif,svar/zips/N_vsj_n/650486-155390-kartor/web/tiles-3-2987_Navsjon_650486-155390.dzi
655476-159515,"Ogan",3-1933_Ogan_655476-159515.tif,svar/zips/Ogan/655476-159515-kartor/web/tiles-3-1933_Ogan_655476-159515.dzi
624971-148549,"Nävrasjön",2-0667_Nävrasjön_624971-148549.tif,svar/zips/N_vrasj_n/624971-148549-kartor/web/tiles-2-0667_Navrasjon_624971-148549.dzi
626257-147879,"Nätterhövden",2-0362_Nätterhövden_626257-147879b.tif,svar/zips/N_tterh_vden/626257-147879-kartor/web/tiles-2-0362_Natterhovden_626257-147879b.dzi
635793-130642,"Oklången",3-0881_Oklången_635793-130642.tif,svar/zips/Okl_ngen/635793-130642-kartor/web/tiles-3-0881_Oklangen_635793-130642.dzi
629949-141010,"Olasjön",3-4686_Olasjön_629949-141010.tif,svar/zips/Olasj_n/629949-141010-kartor/web/tiles-3-4686_Olasjon_629949-141010.dzi
650486-155390,"Nävsjön",3-6735_Nävsjön_650486-155390.jpg,svar/zips/N_vsj_n/650486-155390-kartor/web/tiles-3-6735_Navsjon_650486-155390.dzi
633640-154122,"Nötöfjärden",3-6498_Nötöfjärden_633640-154122.tif,svar/zips/N_t_fj_rden/633640-154122-kartor/web/tiles-3-6498_Notofjarden_633640-154122.dzi
637916-140470,"Nöthultagölen",3-6389_Nöthultagölen_637916-140470.tif,svar/zips/N_thultag_len/637916-140470-kartor/web/tiles-3-6389_Nothultagolen_637916-140470.dzi
637107-134618,"Opperhalen",3-1990_Opperhalen_637107-134618.tif,svar/zips/Opperhalen/637107-134618-kartor/web/tiles-3-1990_Opperhalen_637107-134618.dzi
637180-150926,"Oppbjärken",3-3759_Oppbjärken_637180-150926a.tif,svar/zips/Oppbj_rken/637180-150926-kartor/web/tiles-3-3759_Oppbjarken_637180-150926a.dzi
621816-140914,"Oppmannasjön",3-5815a_Oppmannasjön_621816-140914.tif,svar/zips/Oppmannasj_n/621816-140914-kartor/web/tiles-3-5815a_Oppmannasjon_621816-140914.dzi
650486-155390,"Nävsjön",3-6735_Nävsjön_650486-155390.tif,svar/zips/N_vsj_n/650486-155390-kartor/web/tiles-3-6735_Navsjon_650486-155390.dzi
627375-149721,"Oppsjön",5-0455_Oppsjön_627375-149721.tif,svar/zips/Oppsj_n/627375-149721-kartor/web/tiles-5-0455_Oppsjon_627375-149721.dzi
635793-130642,"Oklången",3-2159_Oklången_635793-130642.tif,svar/zips/Okl_ngen/635793-130642-kartor/web/tiles-3-2159_Oklangen_635793-130642.dzi
624937-136646,"Oresjön",3-3716_Oresjön_624937-136646.tif,svar/zips/Oresj_n/624937-136646-kartor/web/tiles-3-3716_Oresjon_624937-136646.dzi
643134-132942,"Ornungasjö",3-1991_Ornungasjö_643134-132942.tif,svar/zips/Ornungasj_/643134-132942-kartor/web/tiles-3-1991_Ornungasjo_643134-132942.dzi
637180-150926,"Oppbjärken",3-3759_Oppbjärken_637180-150926b.tif,svar/zips/Oppbj_rken/637180-150926-kartor/web/tiles-3-3759_Oppbjarken_637180-150926b.dzi
654989-154505,"Orrhammaren",3-0710_Orrhammaren_654989-154505.tif,svar/zips/Orrhammaren/654989-154505-kartor/web/tiles-3-0710_Orrhammaren_654989-154505.dzi
621816-140914,"Oppmannasjön",3-5815b_Oppmannasjön_621816-140914.tif,svar/zips/Oppmannasj_n/621816-140914-kartor/web/tiles-3-5815b_Oppmannasjon_621816-140914.dzi
635793-130642,"Oklången",3-6625_Oklången_635793-130642.jpg,svar/zips/Okl_ngen/635793-130642-kartor/web/tiles-3-6625_Oklangen_635793-130642.dzi
630181-149494,"Orranäsasjön",3-3846_Orranäsasjön_630181-149494a.tif,svar/zips/Orran_sasj_n/630181-149494-kartor/web/tiles-3-3846_Orranasasjon_630181-149494a.dzi
642228-128497,"Osjön",3-4821_Osjön_642228-128497.tif,svar/zips/Osj_n/642228-128497-kartor/web/tiles-3-4821_Osjon_642228-128497.dzi
625800-138182,"Orsjön",3-5845_Orsjön_625800-138182a.tif,svar/zips/Orsj_n/625800-138182-kartor/web/tiles-3-5845_Orsjon_625800-138182a.dzi
624815-138826,"Osbysjön",1-0329_Osbysjön_624815-138826.tif,svar/zips/Osbysj_n/624815-138826-kartor/web/tiles-1-0329_Osbysjon_624815-138826.dzi
643114-129287,"Ottersjön",3-4815_Ottersjön_643114-129287.tif,svar/zips/Ottersj_n/643114-129287-kartor/web/tiles-3-4815_Ottersjon_643114-129287.dzi
650609-142591,"Ottersjön",3-6339_Ottersjön_650609-142591.jpg,svar/zips/Ottersj_n/650609-142591-kartor/web/tiles-3-6339_Ottersjon_650609-142591.dzi
633167-129910,"Ottersjön",3-2415_Ottersjön_633167-129910.tif,svar/zips/Ottersj_n/633167-129910-kartor/web/tiles-3-2415_Ottersjon_633167-129910.dzi
625800-138182,"Orsjön",3-5845_Orsjön_625800-138182b.tif,svar/zips/Orsj_n/625800-138182-kartor/web/tiles-3-5845_Orsjon_625800-138182b.dzi
635793-130642,"Oklången",3-6625_Oklången_635793-130642.tif,svar/zips/Okl_ngen/635793-130642-kartor/web/tiles-3-6625_Oklangen_635793-130642.dzi
630181-149494,"Orranäsasjön",3-3846_Orranäsasjön_630181-149494b.tif,svar/zips/Orran_sasj_n/630181-149494-kartor/web/tiles-3-3846_Orranasasjon_630181-149494b.dzi
640634-131143,"Oxalasjön",3-4894_Oxalasjön_640634-131143.tif,svar/zips/Oxalasj_n/640634-131143-kartor/web/tiles-3-4894_Oxalasjon_640634-131143.dzi
639570-130697,"Oxalasjön",3-5249_Oxalasjön_639570-130697.tif,svar/zips/Oxalasj_n/639570-130697-kartor/web/tiles-3-5249_Oxalasjon_639570-130697.dzi
650609-142591,"Ottersjön",3-6339_Ottersjön_650609-142591.tif,svar/zips/Ottersj_n/650609-142591-kartor/web/tiles-3-6339_Ottersjon_650609-142591.dzi
624815-138826,"Osbysjön",3-0821_Osbysjön_624815-138826.tif,svar/zips/Osbysj_n/624815-138826-kartor/web/tiles-3-0821_Osbysjon_624815-138826.dzi
625800-138182,"Orsjön",3-5845_Orsjön_625800-138182c.tif,svar/zips/Orsj_n/625800-138182-kartor/web/tiles-3-5845_Orsjon_625800-138182c.dzi
625909-134297,"Oxhultasjön",1-0201_Oxhultasjön_625909-134297.jpg,svar/zips/Oxhultasj_n/625909-134297-kartor/web/tiles-1-0201_Oxhultasjon_625909-134297.dzi
639732-136423,"Oxasjön",3-4754_Oxasjön_639732-136423.tif,svar/zips/Oxasj_n/639732-136423-kartor/web/tiles-3-4754_Oxasjon_639732-136423.dzi
635344-144965,"Paddingetorpasjön",3-2951_Paddingetorpasjön_635344-144965.tif,svar/zips/Paddingetorpasj_n/635344-144965-kartor/web/tiles-3-2951_Paddingetorpasjon_635344-144965.dzi
638894-129290,"Oxsjön",3-1833_Oxsjön_638894-129290.tif,svar/zips/Oxsj_n/638894-129290-kartor/web/tiles-3-1833_Oxsjon_638894-129290.dzi
639329-127074,"Oxsjön",3-1628_Oxsjön_639329-127074.tif,svar/zips/Oxsj_n/639329-127074-kartor/web/tiles-3-1628_Oxsjon_639329-127074.dzi
625909-134297,"Oxhultasjön",1-0201_Oxhultasjön_625909-134297.tif,svar/zips/Oxhultasj_n/625909-134297-kartor/web/tiles-1-0201_Oxhultasjon_625909-134297.dzi
625885-147032,"Paraklen",3-5453_Paraklen_625885-147032.tif,svar/zips/Paraklen/625885-147032-kartor/web/tiles-3-5453_Paraklen_625885-147032.dzi
636063-148039,"Penan",3-3344_Penan_636063-148039.tif,svar/zips/Penan/636063-148039-kartor/web/tiles-3-3344_Penan_636063-148039.dzi
625800-138182,"Orsjön",3-5845_Orsjön_625800-138182d.tif,svar/zips/Orsj_n/625800-138182-kartor/web/tiles-3-5845_Orsjon_625800-138182d.dzi
634290-141636,"Persgöl",3-5598_Persgöl_634290-141636.tif,svar/zips/Persg_l/634290-141636-kartor/web/tiles-3-5598_Persgol_634290-141636.dzi
624922-136739,"Pickelsjön",3-3714_Pickelsjön_624922-136739.tif,svar/zips/Pickelsj_n/624922-136739-kartor/web/tiles-3-3714_Pickelsjon_624922-136739.dzi
639795-145871,"Passlemålagölen",3-5292_Passlemålagölen_639795-145871.tif,svar/zips/Passlem_lag_len/639795-145871-kartor/web/tiles-3-5292_Passlemalagolen_639795-145871.dzi
640128-132565,"Pickesjön",0-0067_Pickesjön_640128-132565.tif,svar/zips/Pickesj_n/640128-132565-kartor/web/tiles-0-0067_Pickesjon_640128-132565.dzi
625909-134297,"Oxhultasjön",3-6379_Oxhultasjön_625909-134297.jpg,svar/zips/Oxhultasj_n/625909-134297-kartor/web/tiles-3-6379_Oxhultasjon_625909-134297.dzi
638424-152537,"Pipsjön",3-3638_Pipsjön_638424-152537.tif,svar/zips/Pipsj_n/638424-152537-kartor/web/tiles-3-3638_Pipsjon_638424-152537.dzi
625800-138182,"Orsjön",3-5845_Orsjön_625800-138182e.tif,svar/zips/Orsj_n/625800-138182-kartor/web/tiles-3-5845_Orsjon_625800-138182e.dzi
643080-129487,"Porssjön",1-0295_Porssjön_643080-129487.tif,svar/zips/Porssj_n/643080-129487-kartor/web/tiles-1-0295_Porssjon_643080-129487.dzi
636824-135003,"Pjukasjön",3-4755_Pjukasjön_636824-135003.tif,svar/zips/Pjukasj_n/636824-135003-kartor/web/tiles-3-4755_Pjukasjon_636824-135003.dzi
625909-134297,"Oxhultasjön",3-6379_Oxhultasjön_625909-134297.tif,svar/zips/Oxhultasj_n/625909-134297-kartor/web/tiles-3-6379_Oxhultasjon_625909-134297.dzi
638432-139490,"Portgölarna Nr 2",3-5403_Portgölarna Nr 2_638432-139490.tif,svar/zips/Portg_larna_Nr_2/638432-139490-kartor/web/tiles-3-5403_Portgolarna_Nr_2_638432-139490.dzi
632998-141537,"Planagöl",2-0952_Planagöl_632998-141537.jpg,svar/zips/Planag_l/632998-141537-kartor/web/tiles-2-0952_Planagol_632998-141537.dzi
640128-132565,"Pickesjön",3-3897_Pickesjön_640128-132565a.tif,svar/zips/Pickesj_n/640128-132565-kartor/web/tiles-3-3897_Pickesjon_640128-132565a.dzi
625800-138182,"Orsjön",3-5845_Orsjön_625800-138182f.tif,svar/zips/Orsj_n/625800-138182-kartor/web/tiles-3-5845_Orsjon_625800-138182f.dzi
637058-143870,"Prinsasjön",3-3870_Prinsasjön_637058-143870a.tif,svar/zips/Prinsasj_n/637058-143870-kartor/web/tiles-3-3870_Prinsasjon_637058-143870a.dzi
634164-139394,"Prostsjön",2-1108_Prostsjön_634164-139394.jpg,svar/zips/Prostsj_n/634164-139394-kartor/web/tiles-2-1108_Prostsjon_634164-139394.dzi
635006-147547,"Prästasjön",3-3573_Prästasjön_635006-147547.tif,svar/zips/Pr_stasj_n/635006-147547-kartor/web/tiles-3-3573_Prastasjon_635006-147547.dzi
632998-141537,"Planagöl",2-0952_Planagöl_632998-141537.tif,svar/zips/Planag_l/632998-141537-kartor/web/tiles-2-0952_Planagol_632998-141537.dzi
625800-138182,"Orsjön",3-5845_Orsjön_625800-138182g.tif,svar/zips/Orsj_n/625800-138182-kartor/web/tiles-3-5845_Orsjon_625800-138182g.dzi
637058-143870,"Prinsasjön",3-3870_Prinsasjön_637058-143870b.tif,svar/zips/Prinsasj_n/637058-143870-kartor/web/tiles-3-3870_Prinsasjon_637058-143870b.dzi
634164-139394,"Prostsjön",2-1108_Prostsjön_634164-139394.tif,svar/zips/Prostsj_n/634164-139394-kartor/web/tiles-2-1108_Prostsjon_634164-139394.dzi
655137-124266,"Prästvattnet",3-4211_Prästevattnet_655137-124266.tif,svar/zips/Pr_stvattnet/655137-124266-kartor/web/tiles-3-4211_Prastevattnet_655137-124266.dzi
640591-128053,"Prästtjärn",3-1046_Prästtjärn_640591-128053.tif,svar/zips/Pr_sttj_rn/640591-128053-kartor/web/tiles-3-1046_Prasttjarn_640591-128053.dzi
640128-132565,"Pickesjön",3-3897_Pickesjön_640128-132565b.tif,svar/zips/Pickesj_n/640128-132565-kartor/web/tiles-3-3897_Pickesjon_640128-132565b.dzi
635064-147084,"Pukagöl",3-3742_Pukagöl_635064-147084.tif,svar/zips/Pukag_l/635064-147084-kartor/web/tiles-3-3742_Pukagol_635064-147084.dzi
641444-141642,"Pukasjön",3-6462_Pukasjön_641444-141642.jpg,svar/zips/Pukasj_n/641444-141642-kartor/web/tiles-3-6462_Pukasjon_641444-141642.dzi
641110-128010,"Plogfoten",3-4182_Plogfoten_641110-128010.tif,svar/zips/Plogfoten/641110-128010-kartor/web/tiles-3-4182_Plogfoten_641110-128010.dzi
639423-147153,"Pukullasjön",3-5293_Pukullasjön_639423-147153.tif,svar/zips/Pukullasj_n/639423-147153-kartor/web/tiles-3-5293_Pukullasjon_639423-147153.dzi
651506-126086,"Pulsemosjön",3-1950_Pulsemosjön_651506-126086.tif,svar/zips/Pulsemosj_n/651506-126086-kartor/web/tiles-3-1950_Pulsemosjon_651506-126086.dzi
640639-131958,"Pålsbosjön",3-5323_Pålsbosjön_640639-131958.tif,svar/zips/P_lsbosj_n/640639-131958-kartor/web/tiles-3-5323_Palsbosjon_640639-131958.dzi
636099-145222,"Prästabosjön",3-3954_Prästabosjön_636099-145222.tif,svar/zips/Pr_stabosj_n/636099-145222-kartor/web/tiles-3-3954_Prastabosjon_636099-145222.dzi
640039-136426,"Påbosjön",3-4756_Påbosjön_640039-136426.tif,svar/zips/P_bosj_n/640039-136426-kartor/web/tiles-3-4756_Pabosjon_640039-136426.dzi
650889-128513,"Ragnerudsjön",3-4837_Ragnerudsjön_650889-128513.tif,svar/zips/Ragnerudsj_n/650889-128513-kartor/web/tiles-3-4837_Ragnerudsjon_650889-128513.dzi
641444-141642,"Pukasjön",3-6462_Pukasjön_641444-141642.tif,svar/zips/Pukasj_n/641444-141642-kartor/web/tiles-3-6462_Pukasjon_641444-141642.dzi
640811-132031,"Pålsbotjärn",2-0842_Pålsbotjärn_640811-132031.tif,svar/zips/P_lsbotj_rn/640811-132031-kartor/web/tiles-2-0842_Palsbotjarn_640811-132031.dzi
638271-138427,"Rakalven",3-5672_Rakalven_638271-138427.tif,svar/zips/Rakalven/638271-138427-kartor/web/tiles-3-5672_Rakalven_638271-138427.dzi
623521-140260,"Rammsjön",3-5838_Rammsjön_623521-140260a.tif,svar/zips/Rammsj_n/623521-140260-kartor/web/tiles-3-5838_Rammsjon_623521-140260a.dzi
638126-129414,"Rammsjön",2-0859_Rammsjön_638126-129414.tif,svar/zips/Rammsj_n/638126-129414-kartor/web/tiles-2-0859_Rammsjon_638126-129414.dzi
623298-142139,"Rammsjön",3-1830_Rammsjön_623298-142139.tif,svar/zips/Rammsj_n/623298-142139-kartor/web/tiles-3-1830_Rammsjon_623298-142139.dzi
639794-130303,"Rammsjön",3-0895_Rammsjön_639794-130303a.tif,svar/zips/Rammsj_n/639794-130303-kartor/web/tiles-3-0895_Rammsjon_639794-130303a.dzi
635015-151934,"Rammsjön",3-3508_Rammsjön_635015-151934.tif,svar/zips/Rammsj_n/635015-151934-kartor/web/tiles-3-3508_Rammsjon_635015-151934.dzi
639940-134574,"Rammsjön",2-0701_Rammsjön_639940-134574.tif,svar/zips/Rammsj_n/639940-134574-kartor/web/tiles-2-0701_Rammsjon_639940-134574.dzi
642136-144141,"Ralången",3-1794_Ralången_642136-144141.tif,svar/zips/Ral_ngen/642136-144141-kartor/web/tiles-3-1794_Ralangen_642136-144141.dzi
623521-140260,"Rammsjön",3-5838_Rammsjön_623521-140260b.tif,svar/zips/Rammsj_n/623521-140260-kartor/web/tiles-3-5838_Rammsjon_623521-140260b.dzi
654956-128715,"Rammsjön",3-4797_Rammsjön_654956-128715.tif,svar/zips/Rammsj_n/654956-128715-kartor/web/tiles-3-4797_Rammsjon_654956-128715.dzi
623298-142139,"Rammsjön",3-6572_Rammsjön_623298-142139.jpg,svar/zips/Rammsj_n/623298-142139-kartor/web/tiles-3-6572_Rammsjon_623298-142139.dzi
640937-148738,"Rammsjön",3-3635_Rammsjön_640937-148738.tif,svar/zips/Rammsj_n/640937-148738-kartor/web/tiles-3-3635_Rammsjon_640937-148738.dzi
653144-124725,"Rammtjärnen",3-4258_Rammtjärnen_653144-124725.tif,svar/zips/Rammtj_rnen/653144-124725-kartor/web/tiles-3-4258_Rammtjarnen_653144-124725.dzi
635782-165670,"Rammträsk",3-3006_Rammträsk_635782-165670.tif,svar/zips/Rammtr_sk/635782-165670-kartor/web/tiles-3-3006_Rammtrask_635782-165670.dzi
639794-130303,"Rammsjön",3-0895_Rammsjön_639794-130303b.tif,svar/zips/Rammsj_n/639794-130303-kartor/web/tiles-3-0895_Rammsjon_639794-130303b.dzi
623521-140260,"Rammsjön",3-5838_Rammsjön_623521-140260c.tif,svar/zips/Rammsj_n/623521-140260-kartor/web/tiles-3-5838_Rammsjon_623521-140260c.dzi
639940-134574,"Rammsjön",3-0877_Rammsjön_639940-134574.tif,svar/zips/Rammsj_n/639940-134574-kartor/web/tiles-3-0877_Rammsjon_639940-134574.dzi
635921-147615,"Ramnagöl",3-3744_Ramnagöl_635921-147615.tif,svar/zips/Ramnag_l/635921-147615-kartor/web/tiles-3-3744_Ramnagol_635921-147615.dzi
642136-144141,"Ralången",3-2448_Ralången_642136-144141.tif,svar/zips/Ral_ngen/642136-144141-kartor/web/tiles-3-2448_Ralangen_642136-144141.dzi
623298-142139,"Rammsjön",3-6572_Rammsjön_623298-142139.tif,svar/zips/Rammsj_n/623298-142139-kartor/web/tiles-3-6572_Rammsjon_623298-142139.dzi
635070-148966,"Ramsebosjön",3-3433_Ramsebosjön_635070-148966.tif,svar/zips/Ramsebosj_n/635070-148966-kartor/web/tiles-3-3433_Ramsebosjon_635070-148966.dzi
640330-132834,"Ramnasjön",3-5577_Ramnasjön_640330-132834.tif,svar/zips/Ramnasj_n/640330-132834-kartor/web/tiles-3-5577_Ramnasjon_640330-132834.dzi
637072-148216,"Ramsen",2-0293_Ramsen_637072-148216.tif,svar/zips/Ramsen/637072-148216-kartor/web/tiles-2-0293_Ramsen_637072-148216.dzi
641404-141800,"Ramsjön",3-1802_Ramsjön_641404-141800.tif,svar/zips/Ramsj_n/641404-141800-kartor/web/tiles-3-1802_Ramsjon_641404-141800.dzi
623521-140260,"Rammsjön",3-5838_Rammsjön_623521-140260d.tif,svar/zips/Rammsj_n/623521-140260-kartor/web/tiles-3-5838_Rammsjon_623521-140260d.dzi
624101-145646,"Ramsjön",3-2976_Ramsjön_624101-145646.tif,svar/zips/Ramsj_n/624101-145646-kartor/web/tiles-3-2976_Ramsjon_624101-145646.dzi
634279-144807,"Ramsjön",3-3745_Ramsjön_634279-144807.tif,svar/zips/Ramsj_n/634279-144807-kartor/web/tiles-3-3745_Ramsjon_634279-144807.dzi
633650-138207,"Rannäsa Sjö",2-1109_Rannäsa sjö_633650-138207.jpg,svar/zips/Rann_sa_Sj_/633650-138207-kartor/web/tiles-2-1109_Rannasa_sjo_633650-138207.dzi
631351-135732,"Rangen",2-0653_Rangen_631351-135732.tif,svar/zips/Rangen/631351-135732-kartor/web/tiles-2-0653_Rangen_631351-135732.dzi
638409-138549,"Rasjön",2-0184_Rasjön_638409-138549.tif,svar/zips/Rasj_n/638409-138549-kartor/web/tiles-2-0184_Rasjon_638409-138549.dzi
623521-140260,"Rammsjön",3-5838_Rammsjön_623521-140260e.tif,svar/zips/Rammsj_n/623521-140260-kartor/web/tiles-3-5838_Rammsjon_623521-140260e.dzi
623815-141620,"Raslången",3-5816a_Raslången_623815-141620.tif,svar/zips/Rasl_ngen/623815-141620-kartor/web/tiles-3-5816a_Raslangen_623815-141620.dzi
651270-126311,"Rassen",3-4261_Rassen_651270-126311.tif,svar/zips/Rassen/651270-126311-kartor/web/tiles-3-4261_Rassen_651270-126311.dzi
638409-138549,"Rasjön",2-0779_Rasjön_638409-138549.tif,svar/zips/Rasj_n/638409-138549-kartor/web/tiles-2-0779_Rasjon_638409-138549.dzi
636508-150748,"Rensjön",3-2880_Rensjön_636508-150748.tif,svar/zips/Rensj_n/636508-150748-kartor/web/tiles-3-2880_Rensjon_636508-150748.dzi
651401-126334,"Restad Långevatten",1-0205_Restad Långevatten_651401-126334.tif,svar/zips/Restad_L_ngevatten/651401-126334-kartor/web/tiles-1-0205_Restad_Langevatten_651401-126334.dzi
623815-141620,"Raslången",3-5816b_Raslången_623815-141620.tif,svar/zips/Rasl_ngen/623815-141620-kartor/web/tiles-3-5816b_Raslangen_623815-141620.dzi
623521-140260,"Rammsjön",3-5838_Rammsjön_623521-140260f.tif,svar/zips/Rammsj_n/623521-140260-kartor/web/tiles-3-5838_Rammsjon_623521-140260f.dzi
633650-138207,"Rannäsa Sjö",2-1109_Rannäsa sjö_633650-138207.tif,svar/zips/Rann_sa_Sj_/633650-138207-kartor/web/tiles-2-1109_Rannasa_sjo_633650-138207.dzi
631351-135732,"Rangen",3-6535_Rangen_631351-135732.jpg,svar/zips/Rangen/631351-135732-kartor/web/tiles-3-6535_Rangen_631351-135732.dzi
638409-138549,"Rasjön",3-1826_Rasjön_638409-138549.tif,svar/zips/Rasj_n/638409-138549-kartor/web/tiles-3-1826_Rasjon_638409-138549.dzi
646859-127533,"Restevattnet",3-1540_Restevattnet_646859-127533.tif,svar/zips/Restevattnet/646859-127533-kartor/web/tiles-3-1540_Restevattnet_646859-127533.dzi
640188-142483,"Ribbingsnässjön",3-4020_Ribbingsnässjön_640188-142483.tif,svar/zips/Ribbingsn_ssj_n/640188-142483-kartor/web/tiles-3-4020_Ribbingsnassjon_640188-142483.dzi
633084-141388,"Rickelsbodasjön",2-1011_Rickelsbodasjön_633084-141388.jpg,svar/zips/Rickelsbodasj_n/633084-141388-kartor/web/tiles-2-1011_Rickelsbodasjon_633084-141388.dzi
623521-140260,"Rammsjön",3-5838_Rammsjön_623521-140260g.tif,svar/zips/Rammsj_n/623521-140260-kartor/web/tiles-3-5838_Rammsjon_623521-140260g.dzi
631351-135732,"Rangen",3-6535_Rangen_631351-135732.tif,svar/zips/Rangen/631351-135732-kartor/web/tiles-3-6535_Rangen_631351-135732.dzi
645820-127680,"Rinnevattnet",3-3457_Rinnevattnet_645820-127680.tif,svar/zips/Rinnevattnet/645820-127680-kartor/web/tiles-3-3457_Rinnevattnet_645820-127680.dzi
633721-133948,"Risborn",3-2075_Risborn_633721-133948.tif,svar/zips/Risborn/633721-133948-kartor/web/tiles-3-2075_Risborn_633721-133948.dzi
633084-141388,"Rickelsbodasjön",2-1011_Rickelsbodasjön_633084-141388.tif,svar/zips/Rickelsbodasj_n/633084-141388-kartor/web/tiles-2-1011_Rickelsbodasjon_633084-141388.dzi
646859-127533,"Restevattnet",3-3479_Restevattnet_646859-127533.tif,svar/zips/Restevattnet/646859-127533-kartor/web/tiles-3-3479_Restevattnet_646859-127533.dzi
643693-153958,"Ringestorpegölen",3-3234_Ringestorpegölen_643693-153958a.tif,svar/zips/Ringestorpeg_len/643693-153958-kartor/web/tiles-3-3234_Ringestorpegolen_643693-153958a.dzi
655152-128027,"Risevattnet",3-4796_Risevattnet_655152-128027.tif,svar/zips/Risevattnet/655152-128027-kartor/web/tiles-3-4796_Risevattnet_655152-128027.dzi
642306-128459,"Risbysjön",3-1051_Risbysjön_642306-128459.tif,svar/zips/Risbysj_n/642306-128459-kartor/web/tiles-3-1051_Risbysjon_642306-128459.dzi
643437-151848,"Risen",3-3382_Risen_643437-151848.jpg,svar/zips/Risen/643437-151848-kartor/web/tiles-3-3382_Risen_643437-151848.dzi
645218-127649,"Rishageröd Vatten",2-0957_Rishageröd vatten_645218-127649.jpg,svar/zips/Rishager_d_Vatten/645218-127649-kartor/web/tiles-2-0957_Rishagerod_vatten_645218-127649.dzi
634548-144847,"Robråtasjön",3-3746_Robråtasjön_634548-144847.tif,svar/zips/Robr_tasj_n/634548-144847-kartor/web/tiles-3-3746_Robratasjon_634548-144847.dzi
646005-151934,"Risten",0-0111a_Risten_646005-151934.tif,svar/zips/Risten/646005-151934-kartor/web/tiles-0-0111a_Risten_646005-151934.dzi
643693-153958,"Ringestorpegölen",3-3234_Ringestorpegölen_643693-153958b.tif,svar/zips/Ringestorpeg_len/643693-153958-kartor/web/tiles-3-3234_Ringestorpegolen_643693-153958b.dzi
640627-140342,"Rocksjön",2-0136_Rocksjön_640627-140342.tif,svar/zips/Rocksj_n/640627-140342-kartor/web/tiles-2-0136_Rocksjon_640627-140342.dzi
640217-140809,"Rogbergasjön",3-1821_Rogbergasjön_640217-140809.tif,svar/zips/Rogbergasj_n/640217-140809-kartor/web/tiles-3-1821_Rogbergasjon_640217-140809.dzi
650823-151043,"Risten",3-5846_Risten_650823-151043.tif,svar/zips/Risten/650823-151043-kartor/web/tiles-3-5846_Risten_650823-151043.dzi
645218-127649,"Rishageröd Vatten",2-0957_Rishageröd vatten_645218-127649.tif,svar/zips/Rishager_d_Vatten/645218-127649-kartor/web/tiles-2-0957_Rishagerod_vatten_645218-127649.dzi
643437-151848,"Risen",3-3382_Risen_643437-151848.tif,svar/zips/Risen/643437-151848-kartor/web/tiles-3-3382_Risen_643437-151848.dzi
628109-146025,"Rolsmosjön",2-0148_Rolsmosjön_628109-146025.tif,svar/zips/Rolsmosj_n/628109-146025-kartor/web/tiles-2-0148_Rolsmosjon_628109-146025.dzi
640217-140809,"Rogbergasjön",3-3043_Rogbergasjön_640217-140809.tif,svar/zips/Rogbergasj_n/640217-140809-kartor/web/tiles-3-3043_Rogbergasjon_640217-140809.dzi
624625-140318,"Rolstorpssjön",1-0175_Rolstorpssjön_624625-140318a.tif,svar/zips/Rolstorpssj_n/624625-140318-kartor/web/tiles-1-0175_Rolstorpssjon_624625-140318a.dzi
640103-144811,"Rosjön",5-1039_Rosjön_640103-144811.pdf,svar/zips/Rosj_n/640103-144811-kartor/web/tiles-5-1039_Rosjon_640103-144811.dzi
646005-151934,"Risten",0-0111b_Risten_646005-151934.tif,svar/zips/Risten/646005-151934-kartor/web/tiles-0-0111b_Risten_646005-151934.dzi
645218-127649,"Rishageröd Vatten",3-4226_Rishageröd Vatten_645218-127649.tif,svar/zips/Rishager_d_Vatten/645218-127649-kartor/web/tiles-3-4226_Rishagerod_Vatten_645218-127649.dzi
624625-140318,"Rolstorpssjön",1-0175_Rolstorpssjön_624625-140318b.tif,svar/zips/Rolstorpssj_n/624625-140318-kartor/web/tiles-1-0175_Rolstorpssjon_624625-140318b.dzi
642956-127456,"Romesjön",3-4225_Romesjön_642956-127456.tif,svar/zips/Romesj_n/642956-127456-kartor/web/tiles-3-4225_Romesjon_642956-127456.dzi
638668-149705,"Rostorpesjön",3-3632_Rostorpesjön_638668-149705.tif,svar/zips/Rostorpesj_n/638668-149705-kartor/web/tiles-3-3632_Rostorpesjon_638668-149705.dzi
652902-125783,"Rotehogstjärnen",3-2006_Rotehogstjärnen_652902-125783a.tif,svar/zips/Rotehogstj_rnen/652902-125783-kartor/web/tiles-3-2006_Rotehogstjarnen_652902-125783a.dzi
646005-151934,"Risten",0-0111c_Risten_646005-151934.tif,svar/zips/Risten/646005-151934-kartor/web/tiles-0-0111c_Risten_646005-151934.dzi
649527-125099,"Roms Vatten",3-2563_Roms vatten_649527-125099.tif,svar/zips/Roms_Vatten/649527-125099-kartor/web/tiles-3-2563_Roms_vatten_649527-125099.dzi
627931-148622,"Rostockasjön",2-0141_Rostockasjön_627931-148622.tif,svar/zips/Rostockasj_n/627931-148622-kartor/web/tiles-2-0141_Rostockasjon_627931-148622.dzi
623708-143908,"Rudegyl",3-5991_Rudegyl_623708-143908.tif,svar/zips/Rudegyl/623708-143908-kartor/web/tiles-3-5991_Rudegyl_623708-143908.dzi
652902-125783,"Rotehogstjärnen",3-2006_Rotehogstjärnen_652902-125783b.tif,svar/zips/Rotehogstj_rnen/652902-125783-kartor/web/tiles-3-2006_Rotehogstjarnen_652902-125783b.dzi
646005-151934,"Risten",0-0111d_Risten_646005-151934.tif,svar/zips/Risten/646005-151934-kartor/web/tiles-0-0111d_Risten_646005-151934.dzi
624447-145160,"Rudegyl",3-5926_Rudegyl_624447-145160.tif,svar/zips/Rudegyl/624447-145160-kartor/web/tiles-3-5926_Rudegyl_624447-145160.dzi
638256-127297,"Rubbesjö",3-2724_Rubbesjö_638256-127297.tif,svar/zips/Rubbesj_/638256-127297-kartor/web/tiles-3-2724_Rubbesjo_638256-127297.dzi
649729-148798,"Ruggen",3-3003_Ruggen_649729-148798.tif,svar/zips/Ruggen/649729-148798-kartor/web/tiles-3-3003_Ruggen_649729-148798.dzi
624230-143509,"Rumpegylet",3-5927_Rumpegylet_624230-143509.tif,svar/zips/Rumpegylet/624230-143509-kartor/web/tiles-3-5927_Rumpegylet_624230-143509.dzi
629022-146127,"Rottnen",2-0557_Rottnen_629022-146127.tif,svar/zips/Rottnen/629022-146127-kartor/web/tiles-2-0557_Rottnen_629022-146127.dzi
652902-125783,"Rotehogstjärnen",5-1054_Rotehogstjärnen_652902-125783.jpg,svar/zips/Rotehogstj_rnen/652902-125783-kartor/web/tiles-5-1054_Rotehogstjarnen_652902-125783.dzi
646005-151934,"Risten",0-0111e_Risten_646005-151934.tif,svar/zips/Risten/646005-151934-kartor/web/tiles-0-0111e_Risten_646005-151934.dzi
635344-153772,"Rungeln",2-0344_Rungeln_635344-153772.tif,svar/zips/Rungeln/635344-153772-kartor/web/tiles-2-0344_Rungeln_635344-153772.dzi
639298-143288,"Runnerydsjön",3-1800_Runnerydssjön_639298-143288.tif,svar/zips/Runnerydsj_n/639298-143288-kartor/web/tiles-3-1800_Runnerydssjon_639298-143288.dzi
652177-159038,"Rundbosjön",5-0987_Rundbosjön_652177-159038.png,svar/zips/Rundbosj_n/652177-159038-kartor/web/tiles-5-0987_Rundbosjon_652177-159038.dzi
639669-149678,"Rumsjön",3-3703_Rumsjön_639669-149678.tif,svar/zips/Rumsj_n/639669-149678-kartor/web/tiles-3-3703_Rumsjon_639669-149678.dzi
652857-157591,"Runnviken",0-0051_Runnviken_652857-157591.tif,svar/zips/Runnviken/652857-157591-kartor/web/tiles-0-0051_Runnviken_652857-157591.dzi
634618-129098,"Ryasjö",3-2247_Ryasjö_634618-129098.tif,svar/zips/Ryasj_/634618-129098-kartor/web/tiles-3-2247_Ryasjo_634618-129098.dzi
637505-139197,"Ryasjön",3-5334_Ryasjön_637505-139197a.tif,svar/zips/Ryasj_n/637505-139197-kartor/web/tiles-3-5334_Ryasjon_637505-139197a.dzi
633574-132961,"Ryasjön",3-6710_Ryasjön_633574-132961.jpg,svar/zips/Ryasj_n/633574-132961-kartor/web/tiles-3-6710_Ryasjon_633574-132961.dzi
634172-141113,"Rusken",3-0845_Rusken_634172-141113.tif,svar/zips/Rusken/634172-141113-kartor/web/tiles-3-0845_Rusken_634172-141113.dzi
637976-129135,"Ryatjärn",3-2746_Ryatjärn_637976-129135.tif,svar/zips/Ryatj_rn/637976-129135-kartor/web/tiles-3-2746_Ryatjarn_637976-129135.dzi
638483-133619,"Ryasjön",2-0574_Ryasjön_638483-133619.tif,svar/zips/Ryasj_n/638483-133619-kartor/web/tiles-2-0574_Ryasjon_638483-133619.dzi
634905-142438,"Rydasjön",5-1040_Rydasjön_634905-142438.pdf,svar/zips/Rydasj_n/634905-142438-kartor/web/tiles-5-1040_Rydasjon_634905-142438.dzi
634930-145990,"Rydingen",3-3347_Rydingen_634930-145990.tif,svar/zips/Rydingen/634930-145990-kartor/web/tiles-3-3347_Rydingen_634930-145990.dzi
641946-130369,"Rydbosjön",3-1037_Rydbosjön_641946-130369a.tif,svar/zips/Rydbosj_n/641946-130369-kartor/web/tiles-3-1037_Rydbosjon_641946-130369a.dzi
634172-141113,"Rusken",3-2544_Rusken_634172-141113.tif,svar/zips/Rusken/634172-141113-kartor/web/tiles-3-2544_Rusken_634172-141113.dzi
633574-132961,"Ryasjön",3-6710_Ryasjön_633574-132961.tif,svar/zips/Ryasj_n/633574-132961-kartor/web/tiles-3-6710_Ryasjon_633574-132961.dzi
640525-137289,"Rydssjön",3-4864_Rydssjön_640525-137289.tif,svar/zips/Rydssj_n/640525-137289-kartor/web/tiles-3-4864_Rydssjon_640525-137289.dzi
637505-139197,"Ryasjön",3-5334_Ryasjön_637505-139197b.tif,svar/zips/Ryasj_n/637505-139197-kartor/web/tiles-3-5334_Ryasjon_637505-139197b.dzi
636569-139061,"Rydssjön",3-5332_Rydssjön_636569-139061a.tif,svar/zips/Rydssj_n/636569-139061-kartor/web/tiles-3-5332_Rydssjon_636569-139061a.dzi
633038-141057,"Rymmen",2-0182_Rymmen_633038-141057.tif,svar/zips/Rymmen/633038-141057-kartor/web/tiles-2-0182_Rymmen_633038-141057.dzi
644900-128548,"Ryrsjön",2-1013_Ryrsjön_644900-128548.jpg,svar/zips/Ryrsj_n/644900-128548-kartor/web/tiles-2-1013_Ryrsjon_644900-128548.dzi
622615-145531,"Ryssjön",3-5475_Ryssjön_622615-145531.tif,svar/zips/Ryssj_n/622615-145531-kartor/web/tiles-3-5475_Ryssjon_622615-145531.dzi
642736-153465,"Ryven",5-0419_Ryven_642736-153465.tif,svar/zips/Ryven/642736-153465-kartor/web/tiles-5-0419_Ryven_642736-153465.dzi
630069-140009,"Ryssbysjön",3-0822_Ryssbysjön_630069-140009.tif,svar/zips/Ryssbysj_n/630069-140009-kartor/web/tiles-3-0822_Ryssbysjon_630069-140009.dzi
641946-130369,"Rydbosjön",3-1037_Rydbosjön_641946-130369b.tif,svar/zips/Rydbosj_n/641946-130369-kartor/web/tiles-3-1037_Rydbosjon_641946-130369b.dzi
636569-139061,"Rydssjön",3-5332_Rydssjön_636569-139061b.tif,svar/zips/Rydssj_n/636569-139061-kartor/web/tiles-3-5332_Rydssjon_636569-139061b.dzi
621766-140032,"Råbelövsjön",3-5817_Råbelövssjön_621766-140032a.tif,svar/zips/R_bel_vsj_n/621766-140032-kartor/web/tiles-3-5817_Rabelovssjon_621766-140032a.dzi
633038-141057,"Rymmen",3-0846_Rymmen_633038-141057.tif,svar/zips/Rymmen/633038-141057-kartor/web/tiles-3-0846_Rymmen_633038-141057.dzi
644900-128548,"Ryrsjön",2-1013_Ryrsjön_644900-128548.tif,svar/zips/Ryrsj_n/644900-128548-kartor/web/tiles-2-1013_Ryrsjon_644900-128548.dzi
639929-127630,"Rådasjön",0-0071_Rådasjön_639929-127630.tif,svar/zips/R_dasj_n/639929-127630-kartor/web/tiles-0-0071_Radasjon_639929-127630.dzi
623689-145806,"Rödbysjön",3-3918_Rödbysjön_623689-145806a.tif,svar/zips/R_dbysj_n/623689-145806-kartor/web/tiles-3-3918_Rodbysjon_623689-145806a.dzi
621766-140032,"Råbelövsjön",3-5817_Råbelövssjön_621766-140032b.tif,svar/zips/R_bel_vsj_n/621766-140032-kartor/web/tiles-3-5817_Rabelovssjon_621766-140032b.dzi
637860-150593,"Råden",3-2877_Råden_637860-150593.tif,svar/zips/R_den/637860-150593-kartor/web/tiles-3-2877_Raden_637860-150593.dzi
643746-140074,"Rödsjön",5-1048_Rödsjön_643746-140074.pdf,svar/zips/R_dsj_n/643746-140074-kartor/web/tiles-5-1048_Rodsjon_643746-140074.dzi
646075-125124,"Rödsvatten",3-4255_Rödsvatten_646075-125124.tif,svar/zips/R_dsvatten/646075-125124-kartor/web/tiles-3-4255_Rodsvatten_646075-125124.dzi
644175-144590,"Rödjessjön",3-3690_Rödjesjön_644175-144590.tif,svar/zips/R_djessj_n/644175-144590-kartor/web/tiles-3-3690_Rodjesjon_644175-144590.dzi
638161-138847,"Rödvattnet",3-5333_Rödvattnet_638161-138847.tif,svar/zips/R_dvattnet/638161-138847-kartor/web/tiles-3-5333_Rodvattnet_638161-138847.dzi
627451-138444,"Römningen",2-0219_Römningen_627451-138444.tif,svar/zips/R_mningen/627451-138444-kartor/web/tiles-2-0219_Romningen_627451-138444.dzi
644900-128548,"Ryrsjön",3-4820_Ryrsjön_644900-128548.tif,svar/zips/Ryrsj_n/644900-128548-kartor/web/tiles-3-4820_Ryrsjon_644900-128548.dzi
644529-127782,"Rödvatten",2-0960_Rödvatten_644529-127782.jpg,svar/zips/R_dvatten/644529-127782-kartor/web/tiles-2-0960_Rodvatten_644529-127782.dzi
623689-145806,"Rödbysjön",3-3918_Rödbysjön_623689-145806b.tif,svar/zips/R_dbysj_n/623689-145806-kartor/web/tiles-3-3918_Rodbysjon_623689-145806b.dzi
639929-127630,"Rådasjön",2-0202_Rådasjön_639929-127630.tif,svar/zips/R_dasj_n/639929-127630-kartor/web/tiles-2-0202_Radasjon_639929-127630.dzi
638273-142262,"Rönnebergssjön",3-6496_Rönnebergssjön_638273-142262.jpg,svar/zips/R_nnebergssj_n/638273-142262-kartor/web/tiles-3-6496_Ronnebergssjon_638273-142262.dzi
639568-136101,"Rånnavägssjön",3-4865_Rånnavägssjön_639568-136101.tif,svar/zips/R_nnav_gssj_n/639568-136101-kartor/web/tiles-3-4865_Rannavagssjon_639568-136101.dzi
627451-138444,"Römningen",3-0823_Römningen_627451-138444.tif,svar/zips/R_mningen/627451-138444-kartor/web/tiles-3-0823_Romningen_627451-138444.dzi
652822-129972,"Rännen",3-4795_Rännen_652822-129972.tif,svar/zips/R_nnen/652822-129972-kartor/web/tiles-3-4795_Rannen_652822-129972.dzi
625612-141770,"Rönnesjön",2-0254_Rönnesjön_625612-141770.tif,svar/zips/R_nnesj_n/625612-141770-kartor/web/tiles-2-0254_Ronnesjon_625612-141770.dzi
639441-132555,"Rönnesjö",3-3659_Rönnesjö_639441-132555.tif,svar/zips/R_nnesj_/639441-132555-kartor/web/tiles-3-3659_Ronnesjo_639441-132555.dzi
639929-127630,"Rådasjön",3-1081_Rådasjön_639929-127630.tif,svar/zips/R_dasj_n/639929-127630-kartor/web/tiles-3-1081_Radasjon_639929-127630.dzi
638273-142262,"Rönnebergssjön",3-6496_Rönnebergssjön_638273-142262.tif,svar/zips/R_nnebergssj_n/638273-142262-kartor/web/tiles-3-6496_Ronnebergssjon_638273-142262.dzi
649170-124823,"Rönningevattnet",3-4201_Rönningevattnet_649170-124823.tif,svar/zips/R_nningevattnet/649170-124823-kartor/web/tiles-3-4201_Ronningevattnet_649170-124823.dzi
633555-130018,"Rörsjön",3-2837_Rörsjön_633555-130018.tif,svar/zips/R_rsj_n/633555-130018-kartor/web/tiles-3-2837_Rorsjon_633555-130018.dzi
644529-127782,"Rödvatten",2-0960_Rödvatten_644529-127782.tif,svar/zips/R_dvatten/644529-127782-kartor/web/tiles-2-0960_Rodvatten_644529-127782.dzi
640159-138282,"Rörsjön",3-6461_Rörsjön_640159-138282.jpg,svar/zips/R_rsj_n/640159-138282-kartor/web/tiles-3-6461_Rorsjon_640159-138282.dzi
626288-145119,"Råsasjön",2-0155_Råsasjön_626288-145119.tif,svar/zips/R_sasj_n/626288-145119-kartor/web/tiles-2-0155_Rasasjon_626288-145119.dzi
634537-147612,"Rösjön",3-3582_Rösjön_634537-147612.tif,svar/zips/R_sj_n/634537-147612-kartor/web/tiles-3-3582_Rosjon_634537-147612.dzi
625612-141770,"Rönnesjön",3-6573_Rönnesjön_625612-141770.jpg,svar/zips/R_nnesj_n/625612-141770-kartor/web/tiles-3-6573_Ronnesjon_625612-141770.dzi
639929-127630,"Rådasjön",3-1090_Rådasjön_639929-127630.tif,svar/zips/R_dasj_n/639929-127630-kartor/web/tiles-3-1090_Radasjon_639929-127630.dzi
636205-151320,"Rösjön",3-3760_Rösjön_636205-151320a.tif,svar/zips/R_sj_n/636205-151320-kartor/web/tiles-3-3760_Rosjon_636205-151320a.dzi
638793-127598,"Råsjö",3-4181_Råsjö_638793-127598.tif,svar/zips/R_sj_/638793-127598-kartor/web/tiles-3-4181_Rasjo_638793-127598.dzi
639447-148026,"Rösjön",3-3623_Rösjön_639447-148026.tif,svar/zips/R_sj_n/639447-148026-kartor/web/tiles-3-3623_Rosjon_639447-148026.dzi
644529-127782,"Rödvatten",3-4227_Rödvatten_644529-127782.tif,svar/zips/R_dvatten/644529-127782-kartor/web/tiles-3-4227_Rodvatten_644529-127782.dzi
640159-138282,"Rörsjön",3-6461_Rörsjön_640159-138282.tif,svar/zips/R_rsj_n/640159-138282-kartor/web/tiles-3-6461_Rorsjon_640159-138282.dzi
625612-141770,"Rönnesjön",3-6573_Rönnesjön_625612-141770.tif,svar/zips/R_nnesj_n/625612-141770-kartor/web/tiles-3-6573_Ronnesjon_625612-141770.dzi
650126-148683,"Rösjön",3-2909_Rösjön_650126-148683.tif,svar/zips/R_sj_n/650126-148683-kartor/web/tiles-3-2909_Rosjon_650126-148683.dzi
624598-133125,"Rössjön",1-0353_Rössjön_624598-133125.jpg,svar/zips/R_ssj_n/624598-133125-kartor/web/tiles-1-0353_Rossjon_624598-133125.dzi
641418-135409,"Röstesjön",3-4882_Röstesjön_641418-135409.tif,svar/zips/R_stesj_n/641418-135409-kartor/web/tiles-3-4882_Rostesjon_641418-135409.dzi
651802-143769,"Rösjön",2-0974_Rösjön_651802-143769.tif,svar/zips/R_sj_n/651802-143769-kartor/web/tiles-2-0974_Rosjon_651802-143769.dzi
655139-127176,"Rösvattnet",3-4794_Rösvattnet_655139-127176.tif,svar/zips/R_svattnet/655139-127176-kartor/web/tiles-3-4794_Rosvattnet_655139-127176.dzi
636205-151320,"Rösjön",3-3760_Rösjön_636205-151320b.tif,svar/zips/R_sj_n/636205-151320-kartor/web/tiles-3-3760_Rosjon_636205-151320b.dzi
653088-130343,"Råvarp",2-0565_Råvarp_653088-130343.tif,svar/zips/R_varp/653088-130343-kartor/web/tiles-2-0565_Ravarp_653088-130343.dzi
624598-133125,"Rössjön",1-0353_Rössjön_624598-133125.tif,svar/zips/R_ssj_n/624598-133125-kartor/web/tiles-1-0353_Rossjon_624598-133125.dzi
652672-126216,"Röstatjärnet",3-3198_Svartkastjärnet_652672-126216.tif,svar/zips/R_statj_rnet/652672-126216-kartor/web/tiles-3-3198_Svartkastjarnet_652672-126216.dzi
656536-128433,"Rötjärn",3-1722_Rötjärn_656536-128433.tif,svar/zips/R_tj_rn/656536-128433-kartor/web/tiles-3-1722_Rotjarn_656536-128433.dzi
639117-127657,"Sagsjön",3-4180_Sagsjön_639117-127657.tif,svar/zips/Sagsj_n/639117-127657-kartor/web/tiles-3-4180_Sagsjon_639117-127657.dzi
634039-149580,"Salen",2-0359_Salen_634039-149580a.tif,svar/zips/Salen/634039-149580-kartor/web/tiles-2-0359_Salen_634039-149580a.dzi
623872-149477,"Rävsjön",2-0671_Rävsjön_623872-149477.tif,svar/zips/R_vsj_n/623872-149477-kartor/web/tiles-2-0671_Ravsjon_623872-149477.dzi
629786-142525,"Salen",0-0078_Salen_629786-142525.tif,svar/zips/Salen/629786-142525-kartor/web/tiles-0-0078_Salen_629786-142525.dzi
624598-133125,"Rössjön",3-0834_Rössjön_624598-133125.tif,svar/zips/R_ssj_n/624598-133125-kartor/web/tiles-3-0834_Rossjon_624598-133125.dzi
635629-146230,"Salshultasjön",3-3348_Salshultasjön_635629-146230.tif,svar/zips/Salshultasj_n/635629-146230-kartor/web/tiles-3-3348_Salshultasjon_635629-146230.dzi
635746-147808,"Saljen",1-0211_Saljen_635746-147808.tif,svar/zips/Saljen/635746-147808-kartor/web/tiles-1-0211_Saljen_635746-147808.dzi
634039-149580,"Salen",2-0359_Salen_634039-149580b.tif,svar/zips/Salen/634039-149580-kartor/web/tiles-2-0359_Salen_634039-149580b.dzi
643143-138037,"Sandhemssjön",3-1465_Sandhemssjön_643143-138037.tif,svar/zips/Sandhemssj_n/643143-138037-kartor/web/tiles-3-1465_Sandhemssjon_643143-138037.dzi
633981-134913,"Samserydssjön",2-0138_Flen_637382-148784.tif,svar/zips/Samserydssj_n/633981-134913-kartor/web/tiles-2-0138_Flen_637382-148784.dzi
636712-131335,"Sandsjö",3-4530_Sandsjö_636712-131335.tif,svar/zips/Sandsj_/636712-131335-kartor/web/tiles-3-4530_Sandsjo_636712-131335.dzi
630703-133707,"Sandsjön",3-5097_Sandsjön_630703-133707.tif,svar/zips/Sandsj_n/630703-133707-kartor/web/tiles-3-5097_Sandsjon_630703-133707.dzi
629700-135327,"Sandsjön",1-0136_Sandsjön_629700-135327.tif,svar/zips/Sandsj_n/629700-135327-kartor/web/tiles-1-0136_Sandsjon_629700-135327.dzi
623248-145926,"Salsjön",3-5461_Salsjön_623248-145926.tif,svar/zips/Salsj_n/623248-145926-kartor/web/tiles-3-5461_Salsjon_623248-145926.dzi
633762-150120,"Sandsjön",3-3773_Sandsjön_633762-150120a.tif,svar/zips/Sandsj_n/633762-150120-kartor/web/tiles-3-3773_Sandsjon_633762-150120a.dzi
630747-147145,"Sandsjön",3-6334_Sandsjön_630747-147145.jpg,svar/zips/Sandsj_n/630747-147145-kartor/web/tiles-3-6334_Sandsjon_630747-147145.dzi
633981-134913,"Samserydssjön",3-2512_Samserydssjön_633981-134913.tif,svar/zips/Samserydssj_n/633981-134913-kartor/web/tiles-3-2512_Samserydssjon_633981-134913.dzi
637990-140480,"Sandsjön",3-1817_Sandsjön_637990-140480.tif,svar/zips/Sandsj_n/637990-140480-kartor/web/tiles-3-1817_Sandsjon_637990-140480.dzi
637106-143817,"Sandsjön",3-4035_Sandsjön_637106-143817.tif,svar/zips/Sandsj_n/637106-143817-kartor/web/tiles-3-4035_Sandsjon_637106-143817.dzi
638569-153373,"Sandsjön",3-3395_Sandsjön_638569-153373.jpg,svar/zips/Sandsj_n/638569-153373-kartor/web/tiles-3-3395_Sandsjon_638569-153373.dzi
638700-127393,"Sandsjö",3-0926_Sandsjön_638700-127393.tif,svar/zips/Sandsj_/638700-127393-kartor/web/tiles-3-0926_Sandsjon_638700-127393.dzi
630747-147145,"Sandsjön",3-6334_Sandsjön_630747-147145.tif,svar/zips/Sandsj_n/630747-147145-kartor/web/tiles-3-6334_Sandsjon_630747-147145.dzi
639609-129371,"Sandsjön",3-0922_Sandsjön_639609-129371.tif,svar/zips/Sandsj_n/639609-129371-kartor/web/tiles-3-0922_Sandsjon_639609-129371.dzi
633762-150120,"Sandsjön",3-3773_Sandsjön_633762-150120b.tif,svar/zips/Sandsj_n/633762-150120-kartor/web/tiles-3-3773_Sandsjon_633762-150120b.dzi
640497-128906,"Sandsjön",3-1044_Sandsjön_640497-128906.tif,svar/zips/Sandsj_n/640497-128906-kartor/web/tiles-3-1044_Sandsjon_640497-128906.dzi
642376-132240,"Sandsjön",3-3898_Sandsjön_642376-132240a.tif,svar/zips/Sandsj_n/642376-132240-kartor/web/tiles-3-3898_Sandsjon_642376-132240a.dzi
642734-134336,"Sandsken",3-4780_Sandsken_642734-134336.tif,svar/zips/Sandsken/642734-134336-kartor/web/tiles-3-4780_Sandsken_642734-134336.dzi
655284-127984,"Sandsjön",3-1720_Sandsjön_655284-127984.tif,svar/zips/Sandsj_n/655284-127984-kartor/web/tiles-3-1720_Sandsjon_655284-127984.dzi
638569-153373,"Sandsjön",3-3395_Sandsjön_638569-153373.tif,svar/zips/Sandsj_n/638569-153373-kartor/web/tiles-3-3395_Sandsjon_638569-153373.dzi
626218-141764,"Sandören",3-0815_Sandören_626218-141764.tif,svar/zips/Sand_ren/626218-141764-kartor/web/tiles-3-0815_Sandoren_626218-141764.dzi
654747-124966,"Sandvatten",3-1756_Sandvatten_654747-124966.tif,svar/zips/Sandvatten/654747-124966-kartor/web/tiles-3-1756_Sandvatten_654747-124966.dzi
651205-127171,"Sannesjön",3-2569_Sannesjön_651205-127171.tif,svar/zips/Sannesj_n/651205-127171-kartor/web/tiles-3-2569_Sannesjon_651205-127171.dzi
634403-147298,"Segen",3-3349_Segen_634403-147298.tif,svar/zips/Segen/634403-147298-kartor/web/tiles-3-3349_Segen_634403-147298.dzi
634797-147347,"Serarpasjön",2-0311_Serarpasjön_634797-147347.tif,svar/zips/Serarpasj_n/634797-147347-kartor/web/tiles-2-0311_Serarpasjon_634797-147347.dzi
652830-125716,"Sibrissen",3-1995_Sibrissen_652830-125716.tif,svar/zips/Sibrissen/652830-125716-kartor/web/tiles-3-1995_Sibrissen_652830-125716.dzi
626082-148159,"Sidlången",2-0363_Sidlången_626082-148159a.tif,svar/zips/Sidl_ngen/626082-148159-kartor/web/tiles-2-0363_Sidlangen_626082-148159a.dzi
642376-132240,"Sandsjön",3-3898_Sandsjön_642376-132240b.tif,svar/zips/Sandsj_n/642376-132240-kartor/web/tiles-3-3898_Sandsjon_642376-132240b.dzi
625259-148449,"Sillhövden",3-2827_Sillhövden_625259-148449.tif,svar/zips/Sillh_vden/625259-148449-kartor/web/tiles-3-2827_Sillhovden_625259-148449.dzi
652907-125103,"Siktjärn",3-2019_Sikttjärn_652907-125103.tif,svar/zips/Siktj_rn/652907-125103-kartor/web/tiles-3-2019_Sikttjarn_652907-125103.dzi
653703-159331,"Sillen",0-0054_Sillen_653703-159331.tif,svar/zips/Sillen/653703-159331-kartor/web/tiles-0-0054_Sillen_653703-159331.dzi
636053-166363,"Sigvaldeträsk",3-3006_Sigvaldeträsk_636053-166363.tif,svar/zips/Sigvaldetr_sk/636053-166363-kartor/web/tiles-3-3006_Sigvaldetrask_636053-166363.dzi
641941-149382,"Sillsjön",2-0137_Sillsjön_641941-149382.tif,svar/zips/Sillsj_n/641941-149382-kartor/web/tiles-2-0137_Sillsjon_641941-149382.dzi
629123-133697,"Simlången",3-0855_Simlången_629123-133697.tif,svar/zips/Siml_ngen/629123-133697-kartor/web/tiles-3-0855_Simlangen_629123-133697.dzi
647133-138139,"Simsjön",3-1511_Simsjön_647133-138139.tif,svar/zips/Simsj_n/647133-138139-kartor/web/tiles-3-1511_Simsjon_647133-138139.dzi
642182-128498,"Sirsjön",3-4821_Sirsjön_642182-128498a.tif,svar/zips/Sirsj_n/642182-128498-kartor/web/tiles-3-4821_Sirsjon_642182-128498a.dzi
655400-142520,"Sirsjön",3-3423_Sirsjön_656100-143425a.tif,svar/zips/Sirsj_n/655400-142520-kartor/web/tiles-3-3423_Sirsjon_656100-143425a.dzi
626082-148159,"Sidlången",2-0363_Sidlången_626082-148159b.tif,svar/zips/Sidl_ngen/626082-148159-kartor/web/tiles-2-0363_Sidlangen_626082-148159b.dzi
655147-158951,"Sjundasjön",3-6744_Sjundasjön_655147-158951.pdf,svar/zips/Sjundasj_n/655147-158951-kartor/web/tiles-3-6744_Sjundasjon_655147-158951.dzi
642182-128498,"Sirsjön",3-4821_Sirsjön_642182-128498b.tif,svar/zips/Sirsj_n/642182-128498-kartor/web/tiles-3-4821_Sirsjon_642182-128498b.dzi
639564-127089,"Sisjön",3-2163_Sisjön_639564-127089.tif,svar/zips/Sisj_n/639564-127089-kartor/web/tiles-3-2163_Sisjon_639564-127089.dzi
636808-146178,"Sjunnendammen",3-3956_Sjunnendammen_636808-146178.tif,svar/zips/Sjunnendammen/636808-146178-kartor/web/tiles-3-3956_Sjunnendammen_636808-146178.dzi
635864-137352,"Sjöarpasjön",3-5247_Sjöarpasjön_635864-137352.tif,svar/zips/Sj_arpasj_n/635864-137352-kartor/web/tiles-3-5247_Sjoarpasjon_635864-137352.dzi
655400-142520,"Sirsjön",3-3423_Sirsjön_656100-143425b.tif,svar/zips/Sirsj_n/655400-142520-kartor/web/tiles-3-3423_Sirsjon_656100-143425b.dzi
625072-133939,"Sjöaltesjön",3-3036_Sjöaltesjön_625072-133939.tif,svar/zips/Sj_altesj_n/625072-133939-kartor/web/tiles-3-3036_Sjoaltesjon_625072-133939.dzi
630989-141761,"Sjöatorpasjön",3-6485_Sjöatorpasjön_630989-141761.jpg,svar/zips/Sj_atorpasj_n/630989-141761-kartor/web/tiles-3-6485_Sjoatorpasjon_630989-141761.dzi
639833-148052,"Sjöbosjön",3-3630_Sjöbosjön_639833-148052.tif,svar/zips/Sj_bosj_n/639833-148052-kartor/web/tiles-3-3630_Sjobosjon_639833-148052.dzi
635864-137352,"Sjöarpasjön",5-0044_Sjöarpasjön_635864-137352.pdf,svar/zips/Sj_arpasj_n/635864-137352-kartor/web/tiles-5-0044_Sjoarpasjon_635864-137352.dzi
639863-134147,"Sjögårdssjön",2-0839_Sjögårdssjön_639863-134147.tif,svar/zips/Sj_g_rdssj_n/639863-134147-kartor/web/tiles-2-0839_Sjogardssjon_639863-134147.dzi
622922-133645,"Sjökrokasjön",3-2592_Sjökrokasjön_622922-133645.tif,svar/zips/Sj_krokasj_n/622922-133645-kartor/web/tiles-3-2592_Sjokrokasjon_622922-133645.dzi
631758-133428,"Sjögårdssjön",3-5271_Sjögårdssjön_631758-133428a.tif,svar/zips/Sj_g_rdssj_n/631758-133428-kartor/web/tiles-3-5271_Sjogardssjon_631758-133428a.dzi
620580-136631,"Sjöbergasjön",3-0824_Sjöbergasjön_620580-136631.tif,svar/zips/Sj_bergasj_n/620580-136631-kartor/web/tiles-3-0824_Sjobergasjon_620580-136631.dzi
653703-159331,"Sillen",5-0981_Sillen_653703-159331.pdf,svar/zips/Sillen/653703-159331-kartor/web/tiles-5-0981_Sillen_653703-159331.dzi
630989-141761,"Sjöatorpasjön",3-6485_Sjöatorpasjön_630989-141761.tif,svar/zips/Sj_atorpasj_n/630989-141761-kartor/web/tiles-3-6485_Sjoatorpasjon_630989-141761.dzi
635190-132109,"Sjölidssjön",2-0613_Sjölidssjön_635190-132109a.tif,svar/zips/Sj_lidssj_n/635190-132109-kartor/web/tiles-2-0613_Sjolidssjon_635190-132109a.dzi
632176-131370,"Sjönevadssjön",2-0627_Sjönevadssjön_632176-131370a.tif,svar/zips/Sj_nevadssj_n/632176-131370-kartor/web/tiles-2-0627_Sjonevadssjon_632176-131370a.dzi
652319-126326,"Sjökärrssjön",3-1748_Sjökärrssjön_652319-126326.tif,svar/zips/Sj_k_rrssj_n/652319-126326-kartor/web/tiles-3-1748_Sjokarrssjon_652319-126326.dzi
631758-133428,"Sjögårdssjön",3-5271_Sjögårdssjön_631758-133428b.tif,svar/zips/Sj_g_rdssj_n/631758-133428-kartor/web/tiles-3-5271_Sjogardssjon_631758-133428b.dzi
656612-132996,"Sjönsjö",3-1236_Sjönsjö_656612-132996.tif,svar/zips/Sj_nsj_/656612-132996-kartor/web/tiles-3-1236_Sjonsjo_656612-132996.dzi
632085-131735,"Sjösgärdessjön",3-5218_Sjösgärdessjön_632085-131735a.tif,svar/zips/Sj_sg_rdessj_n/632085-131735-kartor/web/tiles-3-5218_Sjosgardessjon_632085-131735a.dzi
634959-146353,"Sjöstugusjön",3-3574_Sjöstugusjön_634959-146353.tif,svar/zips/Sj_stugusj_n/634959-146353-kartor/web/tiles-3-3574_Sjostugusjon_634959-146353.dzi
635022-146631,"Sjöstugusjön",3-3351_Sjöstugusjön_635022-146631.tif,svar/zips/Sj_stugusj_n/635022-146631-kartor/web/tiles-3-3351_Sjostugusjon_635022-146631.dzi
632176-131370,"Sjönevadssjön",2-0627_Sjönevadssjön_632176-131370b.jpg,svar/zips/Sj_nevadssj_n/632176-131370-kartor/web/tiles-2-0627_Sjonevadssjon_632176-131370b.dzi
635190-132109,"Sjölidssjön",2-0613_Sjölidssjön_635190-132109b.jpg,svar/zips/Sj_lidssj_n/635190-132109-kartor/web/tiles-2-0613_Sjolidssjon_635190-132109b.dzi
644831-136156,"Sjötorpasjön",3-1512_Sjötorpssjön_644831-136156.tif,svar/zips/Sj_torpasj_n/644831-136156-kartor/web/tiles-3-1512_Sjotorpssjon_644831-136156.dzi
631758-133428,"Sjögårdssjön",3-5271_Sjögårdssjön_631758-133428c.tif,svar/zips/Sj_g_rdssj_n/631758-133428-kartor/web/tiles-3-5271_Sjogardssjon_631758-133428c.dzi
647075-138530,"Sjötorpasjön",3-1466_Sjötorpasjön_647075-138530.tif,svar/zips/Sj_torpasj_n/647075-138530-kartor/web/tiles-3-1466_Sjotorpasjon_647075-138530.dzi
632085-131735,"Sjösgärdessjön",3-5218_Sjösgärdessjön_632085-131735b.jpg,svar/zips/Sj_sg_rdessj_n/632085-131735-kartor/web/tiles-3-5218_Sjosgardessjon_632085-131735b.dzi
632176-131370,"Sjönevadssjön",2-0627_Sjönevadssjön_632176-131370b.tif,svar/zips/Sj_nevadssj_n/632176-131370-kartor/web/tiles-2-0627_Sjonevadssjon_632176-131370b.dzi
635190-132109,"Sjölidssjön",2-0613_Sjölidssjön_635190-132109b.tif,svar/zips/Sj_lidssj_n/635190-132109-kartor/web/tiles-2-0613_Sjolidssjon_635190-132109b.dzi
641409-139581,"Sjövikssjön",3-0728_Sjöviksjön_641409-139581.tif,svar/zips/Sj_vikssj_n/641409-139581-kartor/web/tiles-3-0728_Sjoviksjon_641409-139581.dzi
639613-133534,"Skansasjön",3-3669_Skansasjön_639613-133534.tif,svar/zips/Skansasj_n/639613-133534-kartor/web/tiles-3-3669_Skansasjon_639613-133534.dzi
651959-124882,"Skallerödsjön",3-2018_Skallerödssjön_651959-124882.tif,svar/zips/Skaller_dsj_n/651959-124882-kartor/web/tiles-3-2018_Skallerodssjon_651959-124882.dzi
654174-140266,"Skagern",3-1440_Skagern_654174-140266a.tif,svar/zips/Skagern/654174-140266-kartor/web/tiles-3-1440_Skagern_654174-140266a.dzi
636832-142312,"Skallebygda Sjö",3-5539_Skallebygda sjö_636832-142312.tif,svar/zips/Skallebygda_Sj_/636832-142312-kartor/web/tiles-3-5539_Skallebygda_sjo_636832-142312.dzi
632085-131735,"Sjösgärdessjön",3-5218_Sjösgärdessjön_632085-131735b.tif,svar/zips/Sj_sg_rdessj_n/632085-131735-kartor/web/tiles-3-5218_Sjosgardessjon_632085-131735b.dzi
632176-131370,"Sjönevadssjön",2-0627_Sjönevadssjön_632176-131370c.tif,svar/zips/Sj_nevadssj_n/632176-131370-kartor/web/tiles-2-0627_Sjonevadssjon_632176-131370c.dzi
648736-126361,"Skarnhällesjön",3-2010_Skarnhällesjön_648736-126361.tif,svar/zips/Skarnh_llesj_n/648736-126361-kartor/web/tiles-3-2010_Skarnhallesjon_648736-126361.dzi
637559-150818,"Skatsjön",3-2879_Skatsjön_637559-150818.tif,svar/zips/Skatsj_n/637559-150818-kartor/web/tiles-3-2879_Skatsjon_637559-150818.dzi
635190-132109,"Sjölidssjön",2-0613_Sjölidssjön_635190-132109c.tif,svar/zips/Sj_lidssj_n/635190-132109-kartor/web/tiles-2-0613_Sjolidssjon_635190-132109c.dzi
654174-140266,"Skagern",3-1440_Skagern_654174-140266b.tif,svar/zips/Skagern/654174-140266-kartor/web/tiles-3-1440_Skagern_654174-140266b.dzi
634957-132069,"Skateredsjön",3-5175_Skateredsjön_634957-132069a.jpg,svar/zips/Skateredsj_n/634957-132069-kartor/web/tiles-3-5175_Skateredsjon_634957-132069a.dzi
632085-131735,"Sjösgärdessjön",3-5218_Sjösgärdessjön_632085-131735c.tif,svar/zips/Sj_sg_rdessj_n/632085-131735-kartor/web/tiles-3-5218_Sjosgardessjon_632085-131735c.dzi
632176-131370,"Sjönevadssjön",2-0627_Sjönevadssjön_632176-131370d.tif,svar/zips/Sj_nevadssj_n/632176-131370-kartor/web/tiles-2-0627_Sjonevadssjon_632176-131370d.dzi
630320-134146,"Skavsjön",3-0856_Skavsjön_630320-134146.tif,svar/zips/Skavsj_n/630320-134146-kartor/web/tiles-3-0856_Skavsjon_630320-134146.dzi
638513-146360,"Skedesjön",3-3045_Skedesjön_638513-146360.tif,svar/zips/Skedesj_n/638513-146360-kartor/web/tiles-3-3045_Skedesjon_638513-146360.dzi
651454-129763,"Skedtjärnet",3-2481_Skedtjärnet_651454-129763.tif,svar/zips/Skedtj_rnet/651454-129763-kartor/web/tiles-3-2481_Skedtjarnet_651454-129763.dzi
654174-140266,"Skagern",3-1458_Skagern_654174-140266.tif,svar/zips/Skagern/654174-140266-kartor/web/tiles-3-1458_Skagern_654174-140266.dzi
626256-147766,"Skepen",1-0320_Skepen_626256-147766.tif,svar/zips/Skepen/626256-147766-kartor/web/tiles-1-0320_Skepen_626256-147766.dzi
634957-132069,"Skateredsjön",3-5175_Skateredsjön_634957-132069a.tif,svar/zips/Skateredsj_n/634957-132069-kartor/web/tiles-3-5175_Skateredsjon_634957-132069a.dzi
632176-131370,"Sjönevadssjön",2-0627_Sjönevadssjön_632176-131370e.tif,svar/zips/Sj_nevadssj_n/632176-131370-kartor/web/tiles-2-0627_Sjonevadssjon_632176-131370e.dzi
630320-134146,"Skavsjön",3-5274_Skavsjön_630320-134146.tif,svar/zips/Skavsj_n/630320-134146-kartor/web/tiles-3-5274_Skavsjon_630320-134146.dzi
626256-147766,"Skepen",3-3863_Skepen_626256-147766a.tif,svar/zips/Skepen/626256-147766-kartor/web/tiles-3-3863_Skepen_626256-147766a.dzi
654847-158874,"Skillötsjön",5-0982_Skillötsjön_654847-158874.pdf,svar/zips/Skill_tsj_n/654847-158874-kartor/web/tiles-5-0982_Skillotsjon_654847-158874.dzi
632085-131735,"Sjösgärdessjön",3-5218_Sjösgärdessjön_632085-131735d.tif,svar/zips/Sj_sg_rdessj_n/632085-131735-kartor/web/tiles-3-5218_Sjosgardessjon_632085-131735d.dzi
639373-152879,"Skinnsjön",2-0315_Skinnsjön_639373-152879.jpg,svar/zips/Skinnsj_n/639373-152879-kartor/web/tiles-2-0315_Skinnsjon_639373-152879.dzi
652485-146319,"Skeppsjön",3-4444_Skeppsjön_652485-146319.tif,svar/zips/Skeppsj_n/652485-146319-kartor/web/tiles-3-4444_Skeppsjon_652485-146319.dzi
632176-131370,"Sjönevadssjön",3-6450_Sjönevadssjön_632176-131370.jpg,svar/zips/Sj_nevadssj_n/632176-131370-kartor/web/tiles-3-6450_Sjonevadssjon_632176-131370.dzi
634957-132069,"Skateredsjön",3-5175_Skateredsjön_634957-132069b.tif,svar/zips/Skateredsj_n/634957-132069-kartor/web/tiles-3-5175_Skateredsjon_634957-132069b.dzi
632466-136087,"Skipaltasjön",3-6536_Skipaltasjön_632466-136087.jpg,svar/zips/Skipaltasj_n/632466-136087-kartor/web/tiles-3-6536_Skipaltasjon_632466-136087.dzi
626256-147766,"Skepen",3-3863_Skepen_626256-147766b.tif,svar/zips/Skepen/626256-147766-kartor/web/tiles-3-3863_Skepen_626256-147766b.dzi
654152-148687,"Skirasjön",2-0489_Skirasjön_654152-148687a.tif,svar/zips/Skirasj_n/654152-148687-kartor/web/tiles-2-0489_Skirasjon_654152-148687a.dzi
634957-132069,"Skateredsjön",3-5175_Skateredsjön_634957-132069c.tif,svar/zips/Skateredsj_n/634957-132069-kartor/web/tiles-3-5175_Skateredsjon_634957-132069c.dzi
639373-152879,"Skinnsjön",2-0315_Skinnsjön_639373-152879.tif,svar/zips/Skinnsj_n/639373-152879-kartor/web/tiles-2-0315_Skinnsjon_639373-152879.dzi
632085-131735,"Sjösgärdessjön",3-5218_Sjösgärdessjön_632085-131735e.tif,svar/zips/Sj_sg_rdessj_n/632085-131735-kartor/web/tiles-3-5218_Sjosgardessjon_632085-131735e.dzi
634280-152209,"Skiren",3-3803_Skiren_634280-152209a.tif,svar/zips/Skiren/634280-152209-kartor/web/tiles-3-3803_Skiren_634280-152209a.dzi
654152-148687,"Skirasjön",2-0489_Skirasjön_654152-148687b.tif,svar/zips/Skirasj_n/654152-148687-kartor/web/tiles-2-0489_Skirasjon_654152-148687b.dzi
634550-149165,"Skiren",3-3788_Skiren_634550-149165a.tif,svar/zips/Skiren/634550-149165-kartor/web/tiles-3-3788_Skiren_634550-149165a.dzi
632176-131370,"Sjönevadssjön",3-6450_Sjönevadssjön_632176-131370.tif,svar/zips/Sj_nevadssj_n/632176-131370-kartor/web/tiles-3-6450_Sjonevadssjon_632176-131370.dzi
632466-136087,"Skipaltasjön",3-6536_Skipaltasjön_632466-136087.tif,svar/zips/Skipaltasj_n/632466-136087-kartor/web/tiles-3-6536_Skipaltasjon_632466-136087.dzi
634957-132069,"Skateredsjön",3-5175_Skateredsjön_634957-132069d.tif,svar/zips/Skateredsj_n/634957-132069-kartor/web/tiles-3-5175_Skateredsjon_634957-132069d.dzi
634280-152209,"Skiren",3-3803_Skiren_634280-152209b.tif,svar/zips/Skiren/634280-152209-kartor/web/tiles-3-3803_Skiren_634280-152209b.dzi
639373-152879,"Skinnsjön",3-1936_Skinnsjön_639373-152879.tif,svar/zips/Skinnsj_n/639373-152879-kartor/web/tiles-3-1936_Skinnsjon_639373-152879.dzi
632085-131735,"Sjösgärdessjön",3-5218_Sjösgärdessjön_632085-131735f.tif,svar/zips/Sj_sg_rdessj_n/632085-131735-kartor/web/tiles-3-5218_Sjosgardessjon_632085-131735f.dzi
634550-149165,"Skiren",3-3788_Skiren_634550-149165b.tif,svar/zips/Skiren/634550-149165-kartor/web/tiles-3-3788_Skiren_634550-149165b.dzi
635795-148991,"Skiren",3-3796_Skiren_635795-148991a.tif,svar/zips/Skiren/635795-148991-kartor/web/tiles-3-3796_Skiren_635795-148991a.dzi
632176-131370,"Sjönevadssjön",5-1015_Sjönevadssjön_632176-131370.pdf,svar/zips/Sj_nevadssj_n/632176-131370-kartor/web/tiles-5-1015_Sjonevadssjon_632176-131370.dzi
650581-152471,"Skiren",2-0857_Skiren_650581-152471.tif,svar/zips/Skiren/650581-152471-kartor/web/tiles-2-0857_Skiren_650581-152471.dzi
634957-132069,"Skateredsjön",3-5175_Skateredsjön_634957-132069e.tif,svar/zips/Skateredsj_n/634957-132069-kartor/web/tiles-3-5175_Skateredsjon_634957-132069e.dzi
651102-153566,"Skiren",2-0483_Skiren_651102-153566.tif,svar/zips/Skiren/651102-153566-kartor/web/tiles-2-0483_Skiren_651102-153566.dzi
632085-131735,"Sjösgärdessjön",3-6451_Sjösgärdessjön_632085-131735.jpg,svar/zips/Sj_sg_rdessj_n/632085-131735-kartor/web/tiles-3-6451_Sjosgardessjon_632085-131735.dzi
649118-148632,"Skiren",3-6426_Skiren_649118-148632.tif,svar/zips/Skiren/649118-148632-kartor/web/tiles-3-6426_Skiren_649118-148632.dzi
637843-152651,"Skirsjön",3-3640_Skirsjön_637843-152651.tif,svar/zips/Skirsj_n/637843-152651-kartor/web/tiles-3-3640_Skirsjon_637843-152651.dzi
635795-148991,"Skiren",3-3796_Skiren_635795-148991b.tif,svar/zips/Skiren/635795-148991-kartor/web/tiles-3-3796_Skiren_635795-148991b.dzi
655073-159152,"Skirsjön",3-2336_Skirsjön_655073-159152.tif,svar/zips/Skirsj_n/655073-159152-kartor/web/tiles-3-2336_Skirsjon_655073-159152.dzi
655694-160061,"Skirsjön",3-1924_Skirsjön_655694-160061.tif,svar/zips/Skirsj_n/655694-160061-kartor/web/tiles-3-1924_Skirsjon_655694-160061.dzi
634642-135010,"Skivebosjön",3-6642_Skivebosjön_634642-135010.jpg,svar/zips/Skivebosj_n/634642-135010-kartor/web/tiles-3-6642_Skivebosjon_634642-135010.dzi
635919-147488,"Skirösjön",2-0291_Skirösjön_635919-147488.tif,svar/zips/Skir_sj_n/635919-147488-kartor/web/tiles-2-0291_Skirosjon_635919-147488.dzi
637514-139679,"Skogshyltasjön",3-4578_Skogshyltasjön_637514-139679a.tif,svar/zips/Skogshyltasj_n/637514-139679-kartor/web/tiles-3-4578_Skogshyltasjon_637514-139679a.dzi
628382-146287,"Skogsrydssjön",3-4707_Skogsrydssjön_628382-146287.tif,svar/zips/Skogsrydssj_n/628382-146287-kartor/web/tiles-3-4707_Skogsrydssjon_628382-146287.dzi
632085-131735,"Sjösgärdessjön",3-6451_Sjösgärdessjön_632085-131735.tif,svar/zips/Sj_sg_rdessj_n/632085-131735-kartor/web/tiles-3-6451_Sjosgardessjon_632085-131735.dzi
653837-126678,"Skottesjön",3-4836_Skottesjön_653837-126678.tif,svar/zips/Skottesj_n/653837-126678-kartor/web/tiles-3-4836_Skottesjon_653837-126678.dzi
635669-132535,"Skogasjön",5-1017_Skogasjön_635669-132535.pdf,svar/zips/Skogasj_n/635669-132535-kartor/web/tiles-5-1017_Skogasjon_635669-132535.dzi
636701-136255,"Skjutsebosjön",3-4585_Skjutsebosjön_636701-136255.tif,svar/zips/Skjutsebosj_n/636701-136255-kartor/web/tiles-3-4585_Skjutsebosjon_636701-136255.dzi
634642-135010,"Skivebosjön",3-6642_Skivebosjön_634642-135010.tif,svar/zips/Skivebosj_n/634642-135010-kartor/web/tiles-3-6642_Skivebosjon_634642-135010.dzi
638664-153406,"Skrikgallen",1-0213_Skrikgallen_638664-153406.tif,svar/zips/Skrikgallen/638664-153406-kartor/web/tiles-1-0213_Skrikgallen_638664-153406.dzi
637514-139679,"Skogshyltasjön",3-4578_Skogshyltasjön_637514-139679b.tif,svar/zips/Skogshyltasj_n/637514-139679-kartor/web/tiles-3-4578_Skogshyltasjon_637514-139679b.dzi
632085-131735,"Sjösgärdessjön",5-1016_Sjösgärdessjön_632085-131735.pdf,svar/zips/Sj_sg_rdessj_n/632085-131735-kartor/web/tiles-5-1016_Sjosgardessjon_632085-131735.dzi
639175-131508,"Skrimsjö",3-5860_Skrimsjön_639175-131508.tif,svar/zips/Skrimsj_/639175-131508-kartor/web/tiles-3-5860_Skrimsjon_639175-131508.dzi
651914-151841,"Skrovsjön",3-2646_Skrovsjön_651914-151841.tif,svar/zips/Skrovsj_n/651914-151841-kartor/web/tiles-3-2646_Skrovsjon_651914-151841.dzi
637405-149367,"Skriksjön",3-2297_Skriksjön_637405-149367.tif,svar/zips/Skriksj_n/637405-149367-kartor/web/tiles-3-2297_Skriksjon_637405-149367.dzi
651335-152705,"Skrålen",3-2774_Skrålen_651335-152705.tif,svar/zips/Skr_len/651335-152705-kartor/web/tiles-3-2774_Skralen_651335-152705.dzi
643299-127378,"Skrovvatten",3-1522_Skrovvatten_643299-127378.tif,svar/zips/Skrovvatten/643299-127378-kartor/web/tiles-3-1522_Skrovvatten_643299-127378.dzi
641793-127896,"Skyrsjön",3-1001_Skyrsjön_641793-127896.tif,svar/zips/Skyrsj_n/641793-127896-kartor/web/tiles-3-1001_Skyrsjon_641793-127896.dzi
643153-129517,"Skäfthultssjön",2-0511_Skäfthultssjön_643153-129517.tif,svar/zips/Sk_fthultssj_n/643153-129517-kartor/web/tiles-2-0511_Skafthultssjon_643153-129517.dzi
639607-148338,"Skurusjön",3-3629_Skurusjön_639607-148338.tif,svar/zips/Skurusj_n/639607-148338-kartor/web/tiles-3-3629_Skurusjon_639607-148338.dzi
635919-147488,"Skirösjön",3-2429_Skirösjön_635919-147488.tif,svar/zips/Skir_sj_n/635919-147488-kartor/web/tiles-3-2429_Skirosjon_635919-147488.dzi
623473-148453,"Skälagölen",3-5322_Skälagölen_623473-148453.tif,svar/zips/Sk_lag_len/623473-148453-kartor/web/tiles-3-5322_Skalagolen_623473-148453.dzi
638642-147026,"Skultarpasjön",3-5192_Skultarpasjön_638642-147026.tif,svar/zips/Skultarpasj_n/638642-147026-kartor/web/tiles-3-5192_Skultarpasjon_638642-147026.dzi
651335-152705,"Skrålen",3-2994_Skrålen_651335-152705.tif,svar/zips/Skr_len/651335-152705-kartor/web/tiles-3-2994_Skralen_651335-152705.dzi
636975-153631,"Skälsjön",1-0231_Skälsjön_636975-153631.tif,svar/zips/Sk_lsj_n/636975-153631-kartor/web/tiles-1-0231_Skalsjon_636975-153631.dzi
639871-128731,"Skällsjön",3-3974_Skällsjön_639871-128731.tif,svar/zips/Sk_llsj_n/639871-128731-kartor/web/tiles-3-3974_Skallsjon_639871-128731.dzi
634467-129859,"Skällingesjö",3-2160_Skällingesjö_634467-129859.tif,svar/zips/Sk_llingesj_/634467-129859-kartor/web/tiles-3-2160_Skallingesjo_634467-129859.dzi
624486-141154,"Skäravattnet",3-3451_Skäravattnet_624486-141154.tif,svar/zips/Sk_ravattnet/624486-141154-kartor/web/tiles-3-3451_Skaravattnet_624486-141154.dzi
638544-128774,"Skållesjö",3-0896_Skållesjö_638544-128774.tif,svar/zips/Sk_llesj_/638544-128774-kartor/web/tiles-3-0896_Skallesjo_638544-128774.dzi
624814-147962,"Skäravattnet",2-0663_Skäravattnet_624814-147962.tif,svar/zips/Sk_ravattnet/624814-147962-kartor/web/tiles-2-0663_Skaravattnet_624814-147962.dzi
643299-127378,"Skrovvatten",3-1524_Skrovvatten_643299-127378.tif,svar/zips/Skrovvatten/643299-127378-kartor/web/tiles-3-1524_Skrovvatten_643299-127378.dzi
625490-148247,"Skäravattnet",3-2401_Skäravattnet_625490-148247.tif,svar/zips/Sk_ravattnet/625490-148247-kartor/web/tiles-3-2401_Skaravattnet_625490-148247.dzi
634191-150583,"Sköregöl",3-3806_Sköregöl_634191-150583a.tif,svar/zips/Sk_reg_l/634191-150583-kartor/web/tiles-3-3806_Skoregol_634191-150583a.dzi
629017-133590,"Skällåsasjön",3-5086_Skällåsasjön_629017-133590.tif,svar/zips/Sk_ll_sasj_n/629017-133590-kartor/web/tiles-3-5086_Skallasasjon_629017-133590.dzi
625182-146796,"Skäravattnet",3-2815_Skäravattnet_625182-146796.tif,svar/zips/Sk_ravattnet/625182-146796-kartor/web/tiles-3-2815_Skaravattnet_625182-146796.dzi
650788-148501,"Skären",3-2903_Skären_650788-148501.tif,svar/zips/Sk_ren/650788-148501-kartor/web/tiles-3-2903_Skaren_650788-148501.dzi
635987-134222,"Skäremosjön",3-0878_Skäremosjön_635987-134222.tif,svar/zips/Sk_remosj_n/635987-134222-kartor/web/tiles-3-0878_Skaremosjon_635987-134222.dzi
634191-150583,"Sköregöl",3-3806_Sköregöl_634191-150583b.tif,svar/zips/Sk_reg_l/634191-150583-kartor/web/tiles-3-3806_Skoregol_634191-150583b.dzi
625182-146796,"Skäravattnet",3-2822_Skäravattnet_625182-146796.tif,svar/zips/Sk_ravattnet/625182-146796-kartor/web/tiles-3-2822_Skaravattnet_625182-146796.dzi
638453-152736,"Skärgöl",3-3238_Skärgöl_638453-152736.tif,svar/zips/Sk_rg_l/638453-152736-kartor/web/tiles-3-3238_Skargol_638453-152736.dzi
640609-148673,"Skärgölen",5-0988_Skärgölen_640609-148673.png,svar/zips/Sk_rg_len/640609-148673-kartor/web/tiles-5-0988_Skargolen_640609-148673.dzi
651573-152481,"Skärgölen",5-1063_Skärgölen_651573-152481.jpg,svar/zips/Sk_rg_len/651573-152481-kartor/web/tiles-5-1063_Skargolen_651573-152481.dzi
640814-131614,"Skäresjön",2-0382_Skäresjön_640814-131614a.tif,svar/zips/Sk_resj_n/640814-131614-kartor/web/tiles-2-0382_Skaresjon_640814-131614a.dzi
634450-141923,"Skärshultasjön",3-5554_Skärshultasjön_634450-141923.tif,svar/zips/Sk_rshultasj_n/634450-141923-kartor/web/tiles-3-5554_Skarshultasjon_634450-141923.dzi
624317-144658,"Skärsjön",3-5993_Skärsjön_624317-144658.tif,svar/zips/Sk_rsj_n/624317-144658-kartor/web/tiles-3-5993_Skarsjon_624317-144658.dzi
624594-145225,"Skärsjögylen",3-2983_Skärsjögylen_624594-145225.tif,svar/zips/Sk_rsj_gylen/624594-145225-kartor/web/tiles-3-2983_Skarsjogylen_624594-145225.dzi
623248-146827,"Skärsjön",3-3186_Skärsjön_623248-146827.tif,svar/zips/Sk_rsj_n/623248-146827-kartor/web/tiles-3-3186_Skarsjon_623248-146827.dzi
633959-144217,"Skärlen",1-0251_Skärlen_633959-144217.tif,svar/zips/Sk_rlen/633959-144217-kartor/web/tiles-1-0251_Skarlen_633959-144217.dzi
640814-131614,"Skäresjön",2-0382_Skäresjön_640814-131614b.tif,svar/zips/Sk_resj_n/640814-131614-kartor/web/tiles-2-0382_Skaresjon_640814-131614b.dzi
632671-131742,"Skärsjö",2-0610_Skärsjö_632671-131742a.tif,svar/zips/Sk_rsj_/632671-131742-kartor/web/tiles-2-0610_Skarsjo_632671-131742a.dzi
623715-143983,"Skärsjön",3-5992_Skärsjön_623715-143983.tif,svar/zips/Sk_rsj_n/623715-143983-kartor/web/tiles-3-5992_Skarsjon_623715-143983.dzi
624324-147903,"Skärsjön",2-0668_Skärsjön_624324-147903.tif,svar/zips/Sk_rsj_n/624324-147903-kartor/web/tiles-2-0668_Skarsjon_624324-147903.dzi
627337-139097,"Skärsjön",3-0825_Skärsjön_627337-139097.tif,svar/zips/Sk_rsj_n/627337-139097-kartor/web/tiles-3-0825_Skarsjon_627337-139097.dzi
624543-145186,"Skärsjön",3-5497_Skärsjön_624543-145186.tif,svar/zips/Sk_rsj_n/624543-145186-kartor/web/tiles-3-5497_Skarsjon_624543-145186.dzi
633959-144217,"Skärlen",3-0803_Skärlen_633959-144217.tif,svar/zips/Sk_rlen/633959-144217-kartor/web/tiles-3-0803_Skarlen_633959-144217.dzi
624799-145312,"Skärsjön",3-2927_Skärsjön_624799-145312.tif,svar/zips/Sk_rsj_n/624799-145312-kartor/web/tiles-3-2927_Skarsjon_624799-145312.dzi
628111-149232,"Skärsjön",2-0364_Skärsjön_628111-149232a.tif,svar/zips/Sk_rsj_n/628111-149232-kartor/web/tiles-2-0364_Skarsjon_628111-149232a.dzi
632671-131742,"Skärsjö",2-0610_Skärsjö_632671-131742b.tif,svar/zips/Sk_rsj_/632671-131742-kartor/web/tiles-2-0610_Skarsjo_632671-131742b.dzi
628881-136095,"Skärsjön",2-1004_Skärsjön_628881-136095.jpg,svar/zips/Sk_rsj_n/628881-136095-kartor/web/tiles-2-1004_Skarsjon_628881-136095.dzi
632768-134735,"Skärsjön",2-1029_Skärsjön_632768-134735.jpg,svar/zips/Sk_rsj_n/632768-134735-kartor/web/tiles-2-1029_Skarsjon_632768-134735.dzi
632979-135766,"Skärsjön",3-4900_Skärsjön_632979-135766.tif,svar/zips/Sk_rsj_n/632979-135766-kartor/web/tiles-3-4900_Skarsjon_632979-135766.dzi
632558-140721,"Skärsjön",2-1021_Skärsjön_632558-140721.jpg,svar/zips/Sk_rsj_n/632558-140721-kartor/web/tiles-2-1021_Skarsjon_632558-140721.dzi
633164-144128,"Skärsjön",3-0804_Skärsjön_633164-144128.tif,svar/zips/Sk_rsj_n/633164-144128-kartor/web/tiles-3-0804_Skarsjon_633164-144128.dzi
628111-149232,"Skärsjön",2-0364_Skärsjön_628111-149232b.tif,svar/zips/Sk_rsj_n/628111-149232-kartor/web/tiles-2-0364_Skarsjon_628111-149232b.dzi
632632-147274,"Skärsjön",3-4708_Skärsjön_632632-147274.tif,svar/zips/Sk_rsj_n/632632-147274-kartor/web/tiles-3-4708_Skarsjon_632632-147274.dzi
632671-131742,"Skärsjö",2-0610_Skärsjö_632671-131742c.tif,svar/zips/Sk_rsj_/632671-131742-kartor/web/tiles-2-0610_Skarsjo_632671-131742c.dzi
628881-136095,"Skärsjön",2-1004_Skärsjön_628881-136095.tif,svar/zips/Sk_rsj_n/628881-136095-kartor/web/tiles-2-1004_Skarsjon_628881-136095.dzi
632979-135766,"Skärsjön",3-6539_Skärsjön_632979-135766.jpg,svar/zips/Sk_rsj_n/632979-135766-kartor/web/tiles-3-6539_Skarsjon_632979-135766.dzi
632558-140721,"Skärsjön",2-1021_Skärsjön_632558-140721.tif,svar/zips/Sk_rsj_n/632558-140721-kartor/web/tiles-2-1021_Skarsjon_632558-140721.dzi
634752-140753,"Skärsjön",3-6373_Skärsjön_634752-140753.jpg,svar/zips/Sk_rsj_n/634752-140753-kartor/web/tiles-3-6373_Skarsjon_634752-140753.dzi
633344-130068,"Skärsjön",3-2413_Skärsjön_633344-130068.tif,svar/zips/Sk_rsj_n/633344-130068-kartor/web/tiles-3-2413_Skarsjon_633344-130068.dzi
633654-142889,"Skärsjön",3-4709_Skärsjön_633654-142889.tif,svar/zips/Sk_rsj_n/633654-142889-kartor/web/tiles-3-4709_Skarsjon_633654-142889.dzi
634979-144241,"Skärsjön",2-0290_Skärsjön_634979-144241.tif,svar/zips/Sk_rsj_n/634979-144241-kartor/web/tiles-2-0290_Skarsjon_634979-144241.dzi
632768-134735,"Skärsjön",2-1029_Skärsjön_632768-134735.tif,svar/zips/Sk_rsj_n/632768-134735-kartor/web/tiles-2-1029_Skarsjon_632768-134735.dzi
632671-131742,"Skärsjö",2-0610_Skärsjö_632671-131742d.tif,svar/zips/Sk_rsj_/632671-131742-kartor/web/tiles-2-0610_Skarsjo_632671-131742d.dzi
633344-130068,"Skärsjön",5-1064_Skärsjön_633344-130068.jpg,svar/zips/Sk_rsj_n/633344-130068-kartor/web/tiles-5-1064_Skarsjon_633344-130068.dzi
635198-130537,"Skärsjön",3-2158_Skärsjön_635198-130537.tif,svar/zips/Sk_rsj_n/635198-130537-kartor/web/tiles-3-2158_Skarsjon_635198-130537.dzi
632979-135766,"Skärsjön",3-6539_Skärsjön_632979-135766.tif,svar/zips/Sk_rsj_n/632979-135766-kartor/web/tiles-3-6539_Skarsjon_632979-135766.dzi
635760-143571,"Skärsjön",3-0847_Skärsjön_635760-143571.tif,svar/zips/Sk_rsj_n/635760-143571-kartor/web/tiles-3-0847_Skarsjon_635760-143571.dzi
634752-140753,"Skärsjön",3-6373_Skärsjön_634752-140753.tif,svar/zips/Sk_rsj_n/634752-140753-kartor/web/tiles-3-6373_Skarsjon_634752-140753.dzi
636418-138623,"Skärsjön",2-1063_Skärsjön_636418-138623.tif,svar/zips/Sk_rsj_n/636418-138623-kartor/web/tiles-2-1063_Skarsjon_636418-138623.dzi
632671-131742,"Skärsjö",2-0610_Skärsjö_632671-131742e.tif,svar/zips/Sk_rsj_/632671-131742-kartor/web/tiles-2-0610_Skarsjo_632671-131742e.dzi
635198-130537,"Skärsjön",3-6435_Skärsjön_635198-130537.jpg,svar/zips/Sk_rsj_n/635198-130537-kartor/web/tiles-3-6435_Skarsjon_635198-130537.dzi
634979-144241,"Skärsjön",3-2603_Skärsjön_634979-144241.tif,svar/zips/Sk_rsj_n/634979-144241-kartor/web/tiles-3-2603_Skarsjon_634979-144241.dzi
637473-137070,"Skärsjön",3-0871_Skärsjön_637473-137070.tif,svar/zips/Sk_rsj_n/637473-137070-kartor/web/tiles-3-0871_Skarsjon_637473-137070.dzi
637260-128728,"Skärsjön",3-1633_Skärsjön_637260-128728.tif,svar/zips/Sk_rsj_n/637260-128728-kartor/web/tiles-3-1633_Skarsjon_637260-128728.dzi
638568-127679,"Skårsjön",3-0923_Skårsjön_638568-127679.tif,svar/zips/Sk_rsj_n/638568-127679-kartor/web/tiles-3-0923_Skarsjon_638568-127679.dzi
635760-143571,"Skärsjön",3-2953_Skärsjön_635760-143571.tif,svar/zips/Sk_rsj_n/635760-143571-kartor/web/tiles-3-2953_Skarsjon_635760-143571.dzi
632671-131742,"Skärsjö",2-0610_Skärsjö_632671-131742f.tif,svar/zips/Sk_rsj_/632671-131742-kartor/web/tiles-2-0610_Skarsjo_632671-131742f.dzi
637617-138697,"Skärsjön",3-4159_Skärsjön_637617-138697.tif,svar/zips/Sk_rsj_n/637617-138697-kartor/web/tiles-3-4159_Skarsjon_637617-138697.dzi
638822-131805,"Skärsjön",3-5864_Skärsjön_638822-131805.tif,svar/zips/Sk_rsj_n/638822-131805-kartor/web/tiles-3-5864_Skarsjon_638822-131805.dzi
635198-130537,"Skärsjön",3-6435_Skärsjön_635198-130537.tif,svar/zips/Sk_rsj_n/635198-130537-kartor/web/tiles-3-6435_Skarsjon_635198-130537.dzi
639566-128728,"Skärsjön",3-1854_Skärsjön_639566-128728.tif,svar/zips/Sk_rsj_n/639566-128728-kartor/web/tiles-3-1854_Skarsjon_639566-128728.dzi
647843-137307,"Skärvalången",3-1513_Skärvalången_647843-137307.tif,svar/zips/Sk_rval_ngen/647843-137307-kartor/web/tiles-3-1513_Skarvalangen_647843-137307.dzi
640328-142402,"Skärsjön",3-4009_Skärsjön_640328-142402.tif,svar/zips/Sk_rsj_n/640328-142402-kartor/web/tiles-3-4009_Skarsjon_640328-142402.dzi
636438-138132,"Skärvsjö",2-1049_Skärvsjö_636438-138132.jpg,svar/zips/Sk_rvsj_/636438-138132-kartor/web/tiles-2-1049_Skarvsjo_636438-138132.dzi
632671-131742,"Skärsjö",2-0610_Skärsjö_632671-131742g.tif,svar/zips/Sk_rsj_/632671-131742-kartor/web/tiles-2-0610_Skarsjo_632671-131742g.dzi
627215-150116,"Skärvsjösjön",5-0448a_Skärvsjösjön_627215-150116.tif,svar/zips/Sk_rvsj_sj_n/627215-150116-kartor/web/tiles-5-0448a_Skarvsjosjon_627215-150116.dzi
652929-126237,"Sladtjärn",3-2495_Sladtjärn_652929-126237.tif,svar/zips/Sladtj_rn/652929-126237-kartor/web/tiles-3-2495_Sladtjarn_652929-126237.dzi
640529-143024,"Skärsjön",3-1795_Skärsjön_640529-143024.tif,svar/zips/Sk_rsj_n/640529-143024-kartor/web/tiles-3-1795_Skarsjon_640529-143024.dzi
632671-131742,"Skärsjö",3-6452_Skärsjö_632671-131742.jpg,svar/zips/Sk_rsj_/632671-131742-kartor/web/tiles-3-6452_Skarsjo_632671-131742.dzi
643970-129734,"Slisjön",3-4818_Slisjön_643970-129734.tif,svar/zips/Slisj_n/643970-129734-kartor/web/tiles-3-4818_Slisjon_643970-129734.dzi
636438-138132,"Skärvsjö",2-1049_Skärvsjö_636438-138132.tif,svar/zips/Sk_rvsj_/636438-138132-kartor/web/tiles-2-1049_Skarvsjo_636438-138132.dzi
627215-150116,"Skärvsjösjön",5-0448b_Skärvsjösjön_627215-150116.tif,svar/zips/Sk_rvsj_sj_n/627215-150116-kartor/web/tiles-5-0448b_Skarvsjosjon_627215-150116.dzi
637345-153515,"Slissjön",0-0117_Slissjön_637345-153515.tif,svar/zips/Slissj_n/637345-153515-kartor/web/tiles-0-0117_Slissjon_637345-153515.dzi
631711-132656,"Slisjön",3-6444_Slisjön_631711-132656.jpg,svar/zips/Slisj_n/631711-132656-kartor/web/tiles-3-6444_Slisjon_631711-132656.dzi
624821-142167,"Slagesnässjön",3-2629_Slagesnässjön_624821-142167.tif,svar/zips/Slagesn_ssj_n/624821-142167-kartor/web/tiles-3-2629_Slagesnassjon_624821-142167.dzi
634205-152025,"Släthultskyllen",3-3780_Släthultskyllen_634205-152025a.tif,svar/zips/Sl_thultskyllen/634205-152025-kartor/web/tiles-3-3780_Slathultskyllen_634205-152025a.dzi
636438-138132,"Skärvsjö",3-2539_Skärvsjö_636438-138132.tif,svar/zips/Sk_rvsj_/636438-138132-kartor/web/tiles-3-2539_Skarvsjo_636438-138132.dzi
624440-145842,"Smedagyl",3-5455_Smedagyl_624440-145842.tif,svar/zips/Smedagyl/624440-145842-kartor/web/tiles-3-5455_Smedagyl_624440-145842.dzi
637345-153515,"Slissjön",3-1940_Slissjön_637345-153515.tif,svar/zips/Slissj_n/637345-153515-kartor/web/tiles-3-1940_Slissjon_637345-153515.dzi
631711-132656,"Slisjön",3-6444_Slisjön_631711-132656.tif,svar/zips/Slisj_n/631711-132656-kartor/web/tiles-3-6444_Slisjon_631711-132656.dzi
632671-131742,"Skärsjö",3-6452_Skärsjö_632671-131742.tif,svar/zips/Sk_rsj_/632671-131742-kartor/web/tiles-3-6452_Skarsjo_632671-131742.dzi
624792-141257,"Smedegylet",2-1040_Smedegylet_624792-141257.jpg,svar/zips/Smedegylet/624792-141257-kartor/web/tiles-2-1040_Smedegylet_624792-141257.dzi
636438-138132,"Skärvsjö",5-0045_Skärvsjö_636438-138132.pdf,svar/zips/Sk_rvsj_/636438-138132-kartor/web/tiles-5-0045_Skarvsjo_636438-138132.dzi
638018-152642,"Smedstorpasjön",3-3648_Smedstorpasjön_638018-152642.tif,svar/zips/Smedstorpasj_n/638018-152642-kartor/web/tiles-3-3648_Smedstorpasjon_638018-152642.dzi
627451-149554,"Smedsjön",5-0454_Smedsjön_627451-149554a.tif,svar/zips/Smedsj_n/627451-149554-kartor/web/tiles-5-0454_Smedsjon_627451-149554a.dzi
632671-131742,"Skärsjö",5-1018_Skärsjö_632671-131742.pdf,svar/zips/Sk_rsj_/632671-131742-kartor/web/tiles-5-1018_Skarsjo_632671-131742.dzi
631711-132656,"Slisjön",5-1020_Slisjön_631711-132656.pdf,svar/zips/Slisj_n/631711-132656-kartor/web/tiles-5-1020_Slisjon_631711-132656.dzi
635705-143436,"Smedstorpasjön",3-3353_Smedstorpasjön_635705-143436.tif,svar/zips/Smedstorpasj_n/635705-143436-kartor/web/tiles-3-3353_Smedstorpasjon_635705-143436.dzi
634205-152025,"Släthultskyllen",3-3780_Släthultskyllen_634205-152025b.tif,svar/zips/Sl_thultskyllen/634205-152025-kartor/web/tiles-3-3780_Slathultskyllen_634205-152025b.dzi
648001-126721,"Smedvattnet",3-1552_Smedvattnet_648001-126721a.tif,svar/zips/Smedvattnet/648001-126721-kartor/web/tiles-3-1552_Smedvattnet_648001-126721a.dzi
627451-149554,"Smedsjön",5-0454_Smedsjön_627451-149554b.tif,svar/zips/Smedsj_n/627451-149554-kartor/web/tiles-5-0454_Smedsjon_627451-149554b.dzi
624792-141257,"Smedegylet",2-1040_Smedegylet_624792-141257.tif,svar/zips/Smedegylet/624792-141257-kartor/web/tiles-2-1040_Smedegylet_624792-141257.dzi
634915-152719,"Smälten",1-0228_Smälten_634915-152719.tif,svar/zips/Sm_lten/634915-152719-kartor/web/tiles-1-0228_Smalten_634915-152719.dzi
652298-126555,"Smedvattnet",3-1745_Smedvattnet_652298-126555.tif,svar/zips/Smedvattnet/652298-126555-kartor/web/tiles-3-1745_Smedvattnet_652298-126555.dzi
635652-136015,"Smörhultasjön",3-5669_Smörhultasjön_635652-136015.tif,svar/zips/Sm_rhultasj_n/635652-136015-kartor/web/tiles-3-5669_Smorhultasjon_635652-136015.dzi
641186-128017,"Smörvattnet",3-2164_Smörvattnet_641186-128017.tif,svar/zips/Sm_rvattnet/641186-128017-kartor/web/tiles-3-2164_Smorvattnet_641186-128017.dzi
649786-126850,"Småsjöarna (Norra)",3-2573_Småsjöarna (Norra)_649786-126850.tif,svar/zips/Sm_sj_arna_Norra_/649786-126850-kartor/web/tiles-3-2573_Smasjoarna_Norra_649786-126850.dzi
634915-152719,"Smälten",3-1937_Smälten_634915-152719.tif,svar/zips/Sm_lten/634915-152719-kartor/web/tiles-3-1937_Smalten_634915-152719.dzi
656507-128245,"Snaggenässjön",3-1709_Snaggenässjön_656507-128245.tif,svar/zips/Snaggen_ssj_n/656507-128245-kartor/web/tiles-3-1709_Snaggenassjon_656507-128245.dzi
648001-126721,"Smedvattnet",3-1552_Smedvattnet_648001-126721b.tif,svar/zips/Smedvattnet/648001-126721-kartor/web/tiles-3-1552_Smedvattnet_648001-126721b.dzi
653842-145941,"Snårsjön",3-0711_Snårsjön_653842-145941.tif,svar/zips/Sn_rsj_n/653842-145941-kartor/web/tiles-3-0711_Snarsjon_653842-145941.dzi
645936-129008,"Småvattnet",3-1706_Småvattnet_645936-129008.tif,svar/zips/Sm_vattnet/645936-129008-kartor/web/tiles-3-1706_Smavattnet_645936-129008.dzi
616267-136857,"Snogeholmssjön",2-0174_Snogeholmssjön_616267-136857.tif,svar/zips/Snogeholmssj_n/616267-136857-kartor/web/tiles-2-0174_Snogeholmssjon_616267-136857.dzi
636475-151872,"Snövålen",3-2881_Snövålen_636475-151872.tif,svar/zips/Sn_v_len/636475-151872-kartor/web/tiles-3-2881_Snovalen_636475-151872.dzi
638011-145865,"Solgen",1-0193_Solgen_638011-145865.tif,svar/zips/Solgen/638011-145865-kartor/web/tiles-1-0193_Solgen_638011-145865.dzi
645911-127980,"Sollums Lång",2-1126_Sollums Lång_645911-127980.jpg,svar/zips/Sollums_L_ng/645911-127980-kartor/web/tiles-2-1126_Sollums_Lang_645911-127980.dzi
648001-126721,"Smedvattnet",3-3492_Smedvattnet_648001-126721.tif,svar/zips/Smedvattnet/648001-126721-kartor/web/tiles-3-3492_Smedvattnet_648001-126721.dzi
654370-148479,"Sottern",1-0164_Sottern_654370-148479.pdf,svar/zips/Sottern/654370-148479-kartor/web/tiles-1-0164_Sottern_654370-148479.dzi
644727-145497,"Sommen-�stra",0-0060_Sommen_644727-145497a.tif,svar/zips/Sommen-_stra/644727-145497-kartor/web/tiles-0-0060_Sommen_644727-145497a.dzi
634861-134201,"Spaden",3-6630_Spaden_634861-134201.jpg,svar/zips/Spaden/634861-134201-kartor/web/tiles-3-6630_Spaden_634861-134201.dzi
616267-136857,"Snogeholmssjön",3-4675_Snogeholmssjön_616267-136857.tif,svar/zips/Snogeholmssj_n/616267-136857-kartor/web/tiles-3-4675_Snogeholmssjon_616267-136857.dzi
639524-144786,"Soåsasjön",3-0753_Soåsasjön_639524-144786.tif,svar/zips/So_sasj_n/639524-144786-kartor/web/tiles-3-0753_Soasasjon_639524-144786.dzi
654370-148479,"Sottern",1-0164_Sottern_654370-148479.tif,svar/zips/Sottern/654370-148479-kartor/web/tiles-1-0164_Sottern_654370-148479.dzi
636724-151137,"Spetsjön",5-0423_Spetsjön_636724-151137.tif,svar/zips/Spetsj_n/636724-151137-kartor/web/tiles-5-0423_Spetsjon_636724-151137.dzi
644727-145497,"Sommen-�stra",0-0060_Sommen_644727-145497b.tif,svar/zips/Sommen-_stra/644727-145497-kartor/web/tiles-0-0060_Sommen_644727-145497b.dzi
645911-127980,"Sollums Lång",2-1126_Sollums Lång_645911-127980.tif,svar/zips/Sollums_L_ng/645911-127980-kartor/web/tiles-2-1126_Sollums_Lang_645911-127980.dzi
634861-134201,"Spaden",3-6630_Spaden_634861-134201.tif,svar/zips/Spaden/634861-134201-kartor/web/tiles-3-6630_Spaden_634861-134201.dzi
638925-143297,"Spexhultasjön",3-2540_Spexhultasjön_638925-143297.tif,svar/zips/Spexhultasj_n/638925-143297-kartor/web/tiles-3-2540_Spexhultasjon_638925-143297.dzi
655018-123915,"Sopperödvattnet",2-0250_Sopperödvattnet_655018-123915.tif,svar/zips/Sopper_dvattnet/655018-123915-kartor/web/tiles-2-0250_Sopperodvattnet_655018-123915.dzi
630806-142789,"Spånen",2-0162_Spånen_630806-142789.tif,svar/zips/Sp_nen/630806-142789-kartor/web/tiles-2-0162_Spanen_630806-142789.dzi
639524-144786,"Soåsasjön",3-2438_Soåsasjön_639524-144786.tif,svar/zips/So_sasj_n/639524-144786-kartor/web/tiles-3-2438_Soasasjon_639524-144786.dzi
633881-136265,"Spånsjön",3-5120_Spånsjön_633881-136265a.tif,svar/zips/Sp_nsj_n/633881-136265-kartor/web/tiles-3-5120_Spansjon_633881-136265a.dzi
629906-147666,"Stampasjön",5-0474_Stampasjön_629906-147666.tif,svar/zips/Stampasj_n/629906-147666-kartor/web/tiles-5-0474_Stampasjon_629906-147666.dzi
630603-140195,"Staffansbosjön",3-4710_Staffansbosjön_630603-140195.tif,svar/zips/Staffansbosj_n/630603-140195-kartor/web/tiles-3-4710_Staffansbosjon_630603-140195.dzi
641597-152006,"Spjuten",3-3246_Spjuten_641597-152006.tif,svar/zips/Spjuten/641597-152006-kartor/web/tiles-3-3246_Spjuten_641597-152006.dzi
632297-136270,"Starrsjön",2-0938_Starrsjön_632297-136270.tif,svar/zips/Starrsj_n/632297-136270-kartor/web/tiles-2-0938_Starrsjon_632297-136270.dzi
634837-129253,"Stamsjö",3-2262_Stamsjö_634837-129253.tif,svar/zips/Stamsj_/634837-129253-kartor/web/tiles-3-2262_Stamsjo_634837-129253.dzi
628086-136430,"Stavsjön",3-6361_Stavsjön_628086-136430.jpg,svar/zips/Stavsj_n/628086-136430-kartor/web/tiles-3-6361_Stavsjon_628086-136430.dzi
652839-151898,"Starrsjön",3-5627_Starrsjön_652839-151898.tif,svar/zips/Starrsj_n/652839-151898-kartor/web/tiles-3-5627_Starrsjon_652839-151898.dzi
633881-136265,"Spånsjön",3-5120_Spånsjön_633881-136265b.tif,svar/zips/Sp_nsj_n/633881-136265-kartor/web/tiles-3-5120_Spansjon_633881-136265b.dzi
638902-141451,"Stavsjön",3-4030_Stavsjön_638902-141451.tif,svar/zips/Stavsj_n/638902-141451-kartor/web/tiles-3-4030_Stavsjon_638902-141451.dzi
651243-153593,"Stavsjön",3-1761_Stavsjön_651243-153593.tif,svar/zips/Stavsj_n/651243-153593-kartor/web/tiles-3-1761_Stavsjon_651243-153593.dzi
634837-129253,"Stamsjö",3-6439_Stamsjö_634837-129253.jpg,svar/zips/Stamsj_/634837-129253-kartor/web/tiles-3-6439_Stamsjo_634837-129253.dzi
654652-159513,"Stegsjön",3-2187_Stegsjön_654652-159513.tif,svar/zips/Stegsj_n/654652-159513-kartor/web/tiles-3-2187_Stegsjon_654652-159513.dzi
644418-129962,"Stavsjön",3-1052_Stavsjön_644418-129962.tif,svar/zips/Stavsj_n/644418-129962-kartor/web/tiles-3-1052_Stavsjon_644418-129962.dzi
628086-136430,"Stavsjön",3-6361_Stavsjön_628086-136430.tif,svar/zips/Stavsj_n/628086-136430-kartor/web/tiles-3-6361_Stavsjon_628086-136430.dzi
625034-141566,"Stenabrosjön",3-2634_Stenabrosjön_625034-141566.tif,svar/zips/Stenabrosj_n/625034-141566-kartor/web/tiles-3-2634_Stenabrosjon_625034-141566.dzi
644056-128151,"Stendammen",2-1012_Stendammen_644056-128151.jpg,svar/zips/Stendammen/644056-128151-kartor/web/tiles-2-1012_Stendammen_644056-128151.dzi
634220-153138,"Stenbäckesjön",3-3110_Stenbäckesjön_634220-153138.tif,svar/zips/Stenb_ckesj_n/634220-153138-kartor/web/tiles-3-3110_Stenbackesjon_634220-153138.dzi
634837-129253,"Stamsjö",3-6439_Stamsjö_634837-129253.tif,svar/zips/Stamsj_/634837-129253-kartor/web/tiles-3-6439_Stamsjo_634837-129253.dzi
634261-149113,"Stenasjö",3-3778_Stenasjö_634261-149113a.tif,svar/zips/Stenasj_/634261-149113-kartor/web/tiles-3-3778_Stenasjo_634261-149113a.dzi
638317-138010,"Stengårdshultasjön",3-6416_Stengårdshultasjön_638317-138010.jpg,svar/zips/Steng_rdshultasj_n/638317-138010-kartor/web/tiles-3-6416_Stengardshultasjon_638317-138010.dzi
644056-128151,"Stendammen",2-1012_Stendammen_644056-128151.tif,svar/zips/Stendammen/644056-128151-kartor/web/tiles-2-1012_Stendammen_644056-128151.dzi
638030-128212,"Stensjö",2-0188_Stensjö_638030-128212.jpg,svar/zips/Stensj_/638030-128212-kartor/web/tiles-2-0188_Stensjo_638030-128212.dzi
624621-147049,"Stensjön",3-2858_Stensjön_624621-147049.tif,svar/zips/Stensj_n/624621-147049-kartor/web/tiles-3-2858_Stensjon_624621-147049.dzi
637706-139092,"Stensjö",3-0848_Stensjö_637706-139092.tif,svar/zips/Stensj_/637706-139092-kartor/web/tiles-3-0848_Stensjo_637706-139092.dzi
625127-140425,"Stensjön",3-2161_Stensjön_625127-140425.tif,svar/zips/Stensj_n/625127-140425-kartor/web/tiles-3-2161_Stensjon_625127-140425.dzi
625392-144817,"Stensjön",3-2960_Stensjön_625392-144817.tif,svar/zips/Stensj_n/625392-144817-kartor/web/tiles-3-2960_Stensjon_625392-144817.dzi
625910-146948,"Stensjön",2-0280_Stensjön_625910-146948.tif,svar/zips/Stensj_n/625910-146948-kartor/web/tiles-2-0280_Stensjon_625910-146948.dzi
644056-128151,"Stendammen",3-4817_Stendammen_644056-128151.tif,svar/zips/Stendammen/644056-128151-kartor/web/tiles-3-4817_Stendammen_644056-128151.dzi
638030-128212,"Stensjö",2-0188_Stensjö_638030-128212.tif,svar/zips/Stensj_/638030-128212-kartor/web/tiles-2-0188_Stensjo_638030-128212.dzi
638317-138010,"Stengårdshultasjön",3-6416_Stengårdshultasjön_638317-138010.tif,svar/zips/Steng_rdshultasj_n/638317-138010-kartor/web/tiles-3-6416_Stengardshultasjon_638317-138010.dzi
629520-139912,"Stensjön",3-0826_Stensjön_629520-139912.tif,svar/zips/Stensj_n/629520-139912-kartor/web/tiles-3-0826_Stensjon_629520-139912.dzi
630746-150410,"Stensjön",3-3868_Stensjön_630746-150410a.tif,svar/zips/Stensj_n/630746-150410-kartor/web/tiles-3-3868_Stensjon_630746-150410a.dzi
631743-151801,"Stensjön",3-2365_Stensjön_631743-151801.tif,svar/zips/Stensj_n/631743-151801-kartor/web/tiles-3-2365_Stensjon_631743-151801.dzi
638030-128212,"Stensjö",3-2892_Stensjön_638030-128212.tif,svar/zips/Stensj_/638030-128212-kartor/web/tiles-3-2892_Stensjon_638030-128212.dzi
633113-133146,"Stensjön",3-5178_Stensjön_633113-133146a.jpg,svar/zips/Stensj_n/633113-133146-kartor/web/tiles-3-5178_Stensjon_633113-133146a.dzi
634807-146779,"Stensjön",3-3960_Stensjön_634807-146779.tif,svar/zips/Stensj_n/634807-146779-kartor/web/tiles-3-3960_Stensjon_634807-146779.dzi
632678-133049,"Stensjön",3-6445_Stensjön_632678-133049.jpg,svar/zips/Stensj_n/632678-133049-kartor/web/tiles-3-6445_Stensjon_632678-133049.dzi
634242-152903,"Stensjön",3-2762_Stensjön_634242-152903.tif,svar/zips/Stensj_n/634242-152903-kartor/web/tiles-3-2762_Stensjon_634242-152903.dzi
630746-150410,"Stensjön",3-3868_Stensjön_630746-150410b.tif,svar/zips/Stensj_n/630746-150410-kartor/web/tiles-3-3868_Stensjon_630746-150410b.dzi
631743-151801,"Stensjön",3-3831_Stensjön_631743-151801a.tif,svar/zips/Stensj_n/631743-151801-kartor/web/tiles-3-3831_Stensjon_631743-151801a.dzi
636053-151379,"Stensjön",1-0236_Stensjön_636053-151379.tif,svar/zips/Stensj_n/636053-151379-kartor/web/tiles-1-0236_Stensjon_636053-151379.dzi
633113-133146,"Stensjön",3-5178_Stensjön_633113-133146b.tif,svar/zips/Stensj_n/633113-133146-kartor/web/tiles-3-5178_Stensjon_633113-133146b.dzi
636242-150961,"Stensjön",3-2882_Stensjön_636242-150961.tif,svar/zips/Stensj_n/636242-150961-kartor/web/tiles-3-2882_Stensjon_636242-150961.dzi
636511-149667,"Stensjön",3-2295_Stensjön_636511-149667.tif,svar/zips/Stensj_n/636511-149667-kartor/web/tiles-3-2295_Stensjon_636511-149667.dzi
637184-144848,"Stensjön",3-3961_Stensjön_637184-144848.tif,svar/zips/Stensj_n/637184-144848-kartor/web/tiles-3-3961_Stensjon_637184-144848.dzi
632678-133049,"Stensjön",3-6445_Stensjön_632678-133049.tif,svar/zips/Stensj_n/632678-133049-kartor/web/tiles-3-6445_Stensjon_632678-133049.dzi
639651-131292,"Stensjön",2-0860_Stensjön_639651-131292.tif,svar/zips/Stensj_n/639651-131292-kartor/web/tiles-2-0860_Stensjon_639651-131292.dzi
639849-127544,"Stensjön",0-0071_Stensjön_639849-127544.tif,svar/zips/Stensj_n/639849-127544-kartor/web/tiles-0-0071_Stensjon_639849-127544.dzi
631743-151801,"Stensjön",3-3831_Stensjön_631743-151801b.tif,svar/zips/Stensj_n/631743-151801-kartor/web/tiles-3-3831_Stensjon_631743-151801b.dzi
637688-138716,"Stensjön",3-4160_Stensjön_637688-138716.tif,svar/zips/Stensj_n/637688-138716-kartor/web/tiles-3-4160_Stensjon_637688-138716.dzi
640333-141495,"Stensjön",3-0729_Stensjön_640333-141495.tif,svar/zips/Stensj_n/640333-141495-kartor/web/tiles-3-0729_Stensjon_640333-141495.dzi
633113-133146,"Stensjön",3-5178_Stensjön_633113-133146c.tif,svar/zips/Stensj_n/633113-133146-kartor/web/tiles-3-5178_Stensjon_633113-133146c.dzi
639856-145787,"Stensjön",3-4591_Stensjön_639856-145787.tif,svar/zips/Stensj_n/639856-145787-kartor/web/tiles-3-4591_Stensjon_639856-145787.dzi
632678-133049,"Stensjön",5-1027_Stensjön_632678-133049.pdf,svar/zips/Stensj_n/632678-133049-kartor/web/tiles-5-1027_Stensjon_632678-133049.dzi
640634-148167,"Stensjön",3-3637_Stensjön_640634-148167.tif,svar/zips/Stensj_n/640634-148167-kartor/web/tiles-3-3637_Stensjon_640634-148167.dzi
640723-148880,"Stensjön",5-0418_Stensjön_640723-148880.tif,svar/zips/Stensj_n/640723-148880-kartor/web/tiles-5-0418_Stensjon_640723-148880.dzi
639849-127544,"Stensjön",2-0202_Stensjön_639849-127544.tif,svar/zips/Stensj_n/639849-127544-kartor/web/tiles-2-0202_Stensjon_639849-127544.dzi
640930-129556,"Stensjön",3-4813_Stensjön_640930-129556.tif,svar/zips/Stensj_n/640930-129556-kartor/web/tiles-3-4813_Stensjon_640930-129556.dzi
633113-133146,"Stensjön",3-5178_Stensjön_633113-133146d.tif,svar/zips/Stensj_n/633113-133146-kartor/web/tiles-3-5178_Stensjon_633113-133146d.dzi
651703-150497,"Stensjön",3-2769_Stensjön_651703-150497.tif,svar/zips/Stensj_n/651703-150497-kartor/web/tiles-3-2769_Stensjon_651703-150497.dzi
640333-141495,"Stensjön",3-2577_Stensjön_640333-141495.tif,svar/zips/Stensj_n/640333-141495-kartor/web/tiles-3-2577_Stensjon_640333-141495.dzi
641925-131971,"Stensjön",3-5287_Stensjön_641925-131971.tif,svar/zips/Stensj_n/641925-131971-kartor/web/tiles-3-5287_Stensjon_641925-131971.dzi
652572-152505,"Stensjön",3-5629_Stensjön_652572-152505.tif,svar/zips/Stensj_n/652572-152505-kartor/web/tiles-3-5629_Stensjon_652572-152505.dzi
639849-127544,"Stensjön",3-1081_Stensjön_639849-127544.tif,svar/zips/Stensj_n/639849-127544-kartor/web/tiles-3-1081_Stensjon_639849-127544.dzi
643868-151591,"Stensjön",3-3263_Stensjön_643868-151591.tif,svar/zips/Stensj_n/643868-151591-kartor/web/tiles-3-3263_Stensjon_643868-151591.dzi
633113-133146,"Stensjön",3-6705_Stensjön_633113-133146.jpg,svar/zips/Stensj_n/633113-133146-kartor/web/tiles-3-6705_Stensjon_633113-133146.dzi
653928-158187,"Sticksjön",2-0377_Sticksjön_653928-158187a.tif,svar/zips/Sticksj_n/653928-158187-kartor/web/tiles-2-0377_Sticksjon_653928-158187a.dzi
640333-141495,"Stensjön",3-6676_Stensjön_640333-141495.jpg,svar/zips/Stensj_n/640333-141495-kartor/web/tiles-3-6676_Stensjon_640333-141495.dzi
635816-147705,"Stigagöl",3-3962_Stigagöl_635816-147705.tif,svar/zips/Stigag_l/635816-147705-kartor/web/tiles-3-3962_Stigagol_635816-147705.dzi
635464-142794,"Stockarydsgölen",3-5535_Stockarydsgölen_635464-142794.pdf,svar/zips/Stockarydsg_len/635464-142794-kartor/web/tiles-3-5535_Stockarydsgolen_635464-142794.dzi
639849-127544,"Stensjön",3-1089_Stensjön_639849-127544.tif,svar/zips/Stensj_n/639849-127544-kartor/web/tiles-3-1089_Stensjon_639849-127544.dzi
653928-158187,"Sticksjön",2-0377_Sticksjön_653928-158187b.tif,svar/zips/Sticksj_n/653928-158187-kartor/web/tiles-2-0377_Sticksjon_653928-158187b.dzi
633113-133146,"Stensjön",3-6705_Stensjön_633113-133146.tif,svar/zips/Stensj_n/633113-133146-kartor/web/tiles-3-6705_Stensjon_633113-133146.dzi
651492-148887,"Stigtorpegölen",3-2895_Stigstorpegölen_651492-148887.tif,svar/zips/Stigtorpeg_len/651492-148887-kartor/web/tiles-3-2895_Stigstorpegolen_651492-148887.dzi
640333-141495,"Stensjön",3-6676_Stensjön_640333-141495.tif,svar/zips/Stensj_n/640333-141495-kartor/web/tiles-3-6676_Stensjon_640333-141495.dzi
639408-130366,"Stockasjön",3-3976_Stockasjön_639408-130366.tif,svar/zips/Stockasj_n/639408-130366-kartor/web/tiles-3-3976_Stockasjon_639408-130366.dzi
640477-131413,"Stockasjön",3-5117_Stockasjön_640477-131413.tif,svar/zips/Stockasj_n/640477-131413-kartor/web/tiles-3-5117_Stockasjon_640477-131413.dzi
639710-145370,"Stockerydsjön",3-5198_Stockerydsjön_639710-145370.tif,svar/zips/Stockerydsj_n/639710-145370-kartor/web/tiles-3-5198_Stockerydsjon_639710-145370.dzi
635464-142794,"Stockarydsgölen",3-5535_Stockarydsgölen_635464-142794.tif,svar/zips/Stockarydsg_len/635464-142794-kartor/web/tiles-3-5535_Stockarydsgolen_635464-142794.dzi
635611-145366,"Stockgöl",3-3355_Stocksgöl_635611-145366.tif,svar/zips/Stockg_l/635611-145366-kartor/web/tiles-3-3355_Stocksgol_635611-145366.dzi
656419-164404,"Stensjön",3-1887_Lanan_656419-164404.tif,svar/zips/Stensj_n/656419-164404-kartor/web/tiles-3-1887_Lanan_656419-164404.dzi
655695-142624,"Stor-Björken",1-0162_Stor-Björken_655695-142624.tif,svar/zips/Stor-Bj_rken/655695-142624-kartor/web/tiles-1-0162_Stor-Bjorken_655695-142624.dzi
642416-133244,"Stomsjö",3-3896_Stomsjön_642416-133244a.tif,svar/zips/Stomsj_/642416-133244-kartor/web/tiles-3-3896_Stomsjon_642416-133244a.dzi
622184-134637,"Storarydsdammen",3-3456_Storarydsdammen norra delen_622184-134637.tif,svar/zips/Storarydsdammen/622184-134637-kartor/web/tiles-3-3456_Storarydsdammen_norra_delen_622184-134637.dzi
650874-151419,"Stocksjön",2-0848_Stocksjön_650874-151419.tif,svar/zips/Stocksj_n/650874-151419-kartor/web/tiles-2-0848_Stocksjon_650874-151419.dzi
634965-132822,"Storasjön",3-4866_Storasjön_634965-132822a.tif,svar/zips/Storasj_n/634965-132822-kartor/web/tiles-3-4866_Storasjon_634965-132822a.dzi
635010-134905,"Storasjön",3-2550_Storasjön_635010-134905.tif,svar/zips/Storasj_n/635010-134905-kartor/web/tiles-3-2550_Storasjon_635010-134905.dzi
656419-164404,"Stensjön",3-1888_Stensjön_656419-164404.tif,svar/zips/Stensj_n/656419-164404-kartor/web/tiles-3-1888_Stensjon_656419-164404.dzi
638437-132494,"Stora Abborrasjön",2-0858_Stora Abborrasjön_638437-132494.tif,svar/zips/Stora_Abborrasj_n/638437-132494-kartor/web/tiles-2-0858_Stora_Abborrasjon_638437-132494.dzi
646614-128069,"Stora Alekärrsvattnet",3-3537_Stora Alekärrsvattnet_646614-128069.tif,svar/zips/Stora_Alek_rrsvattnet/646614-128069-kartor/web/tiles-3-3537_Stora_Alekarrsvattnet_646614-128069.dzi
642416-133244,"Stomsjö",3-3896_Stomsjön_642416-133244b.tif,svar/zips/Stomsj_/642416-133244-kartor/web/tiles-3-3896_Stomsjon_642416-133244b.dzi
656419-164404,"Stensjön",3-6418_Stensjön_656419-164404.jpg,svar/zips/Stensj_n/656419-164404-kartor/web/tiles-3-6418_Stensjon_656419-164404.dzi
631042-134482,"Stora Allgunnen",1-0319_Stora Allgunnen_631042-134482.tif,svar/zips/Stora_Allgunnen/631042-134482-kartor/web/tiles-1-0319_Stora_Allgunnen_631042-134482.dzi
636557-129868,"Stora Agnsjön",3-4872_Stora Agnsjön_636557-129868.tif,svar/zips/Stora_Agnsj_n/636557-129868-kartor/web/tiles-3-4872_Stora_Agnsjon_636557-129868.dzi
634965-132822,"Storasjön",3-4866_Storasjön_634965-132822b.tif,svar/zips/Storasj_n/634965-132822-kartor/web/tiles-3-4866_Storasjon_634965-132822b.dzi
622184-134637,"Storarydsdammen",3-3456_Storarydsdammen södra delen_622184-134637.tif,svar/zips/Storarydsdammen/622184-134637-kartor/web/tiles-3-3456_Storarydsdammen_sodra_delen_622184-134637.dzi
624926-148106,"Stora Alljungen",3-2826_Stora Alljungen_624926-148106.tif,svar/zips/Stora_Alljungen/624926-148106-kartor/web/tiles-3-2826_Stora_Alljungen_624926-148106.dzi
655469-159188,"Stora Alsjön",3-1882_Stora Alsjön_655469-159188.tif,svar/zips/Stora_Alsj_n/655469-159188-kartor/web/tiles-3-1882_Stora_Alsjon_655469-159188.dzi
631042-134482,"Stora Allgunnen",3-6534_Stora Allgunnen_631042-134482.jpg,svar/zips/Stora_Allgunnen/631042-134482-kartor/web/tiles-3-6534_Stora_Allgunnen_631042-134482.dzi
634965-132822,"Storasjön",3-6672_Storasjön_634965-132822.jpg,svar/zips/Storasj_n/634965-132822-kartor/web/tiles-3-6672_Storasjon_634965-132822.dzi
656419-164404,"Stensjön",3-6418_Stensjön_656419-164404.tif,svar/zips/Stensj_n/656419-164404-kartor/web/tiles-3-6418_Stensjon_656419-164404.dzi
634522-130777,"Stora Asjön",3-3548_Stora Asjön_634522-130777.tif,svar/zips/Stora_Asj_n/634522-130777-kartor/web/tiles-3-3548_Stora_Asjon_634522-130777.dzi
624631-146208,"Stora Angsjön",3-2824_Stora Angsjön_624631-146208.tif,svar/zips/Stora_Angsj_n/624631-146208-kartor/web/tiles-3-2824_Stora_Angsjon_624631-146208.dzi
633731-130485,"Stora Asjön",3-2252_Stora Asjön_633731-130485.tif,svar/zips/Stora_Asj_n/633731-130485-kartor/web/tiles-3-2252_Stora_Asjon_633731-130485.dzi
634965-132822,"Storasjön",3-6672_Storasjön_634965-132822.tif,svar/zips/Storasj_n/634965-132822-kartor/web/tiles-3-6672_Storasjon_634965-132822.dzi
631042-134482,"Stora Allgunnen",3-6534_Stora Allgunnen_631042-134482.tif,svar/zips/Stora_Allgunnen/631042-134482-kartor/web/tiles-3-6534_Stora_Allgunnen_631042-134482.dzi
624478-144188,"Stora Ballagyl",3-5932_Stora Ballagyl_624478-144188.tif,svar/zips/Stora_Ballagyl/624478-144188-kartor/web/tiles-3-5932_Stora_Ballagyl_624478-144188.dzi
633291-131140,"Stora Angsjön",3-5185_Stora Angsjön_633291-131140a.jpg,svar/zips/Stora_Angsj_n/633291-131140-kartor/web/tiles-3-5185_Stora_Angsjon_633291-131140a.dzi
634075-134103,"Stora Askaken",3-5662_Stora Askaken_634075-134103.tif,svar/zips/Stora_Askaken/634075-134103-kartor/web/tiles-3-5662_Stora_Askaken_634075-134103.dzi
638312-131340,"Stora Barrsjön",3-4873_Stora Barrsjön_638312-131340.tif,svar/zips/Stora_Barrsj_n/638312-131340-kartor/web/tiles-3-4873_Stora_Barrsjon_638312-131340.dzi
644061-127578,"Stora Bjurevattnet",3-3988_Stora Bjurevattnet_644061-127578.tif,svar/zips/Stora_Bjurevattnet/644061-127578-kartor/web/tiles-3-3988_Stora_Bjurevattnet_644061-127578.dzi
641975-134943,"Stora Björken",3-4875_Stora Björken_641975-134943.tif,svar/zips/Stora_Bj_rken/641975-134943-kartor/web/tiles-3-4875_Stora_Bjorken_641975-134943.dzi
624631-146208,"Stora Angsjön",3-3170_Stora Angsjön_624631-146208.tif,svar/zips/Stora_Angsj_n/624631-146208-kartor/web/tiles-3-3170_Stora_Angsjon_624631-146208.dzi
633291-131140,"Stora Angsjön",3-5185_Stora Angsjön_633291-131140a.tif,svar/zips/Stora_Angsj_n/633291-131140-kartor/web/tiles-3-5185_Stora_Angsjon_633291-131140a.dzi
623863-147160,"Stora Bastan",3-0771_Stora Bastan_623863-147160.tif,svar/zips/Stora_Bastan/623863-147160-kartor/web/tiles-3-0771_Stora_Bastan_623863-147160.dzi
643617-127715,"Stora Björkärr",3-0939_Stora Björkärr_643617-127715.tif,svar/zips/Stora_Bj_rk_rr/643617-127715-kartor/web/tiles-3-0939_Stora_Bjorkarr_643617-127715.dzi
637794-147338,"Stora Bellen",3-0746_Stora Bellen_637794-147338.tif,svar/zips/Stora_Bellen/637794-147338-kartor/web/tiles-3-0746_Stora_Bellen_637794-147338.dzi
633731-130485,"Stora Asjön",3-6604_Stora Asjön_633731-130485.jpg,svar/zips/Stora_Asj_n/633731-130485-kartor/web/tiles-3-6604_Stora_Asjon_633731-130485.dzi
643305-130453,"Stora Bodasjön",3-1005_Stora Bodasjön_643305-130453.tif,svar/zips/Stora_Bodasj_n/643305-130453-kartor/web/tiles-3-1005_Stora_Bodasjon_643305-130453.dzi
625290-142236,"Stora Bäckasjön",3-2638_Stora Bäckasjön_625290-142236.tif,svar/zips/Stora_B_ckasj_n/625290-142236-kartor/web/tiles-3-2638_Stora_Backasjon_625290-142236.dzi
625446-147349,"Stora Blanken",3-0763_Stora Blanken_625446-147349.tif,svar/zips/Stora_Blanken/625446-147349-kartor/web/tiles-3-0763_Stora_Blanken_625446-147349.dzi
633291-131140,"Stora Angsjön",3-5185_Stora Angsjön_633291-131140b.tif,svar/zips/Stora_Angsj_n/633291-131140-kartor/web/tiles-3-5185_Stora_Angsjon_633291-131140b.dzi
633731-130485,"Stora Asjön",3-6604_Stora Asjön_633731-130485.tif,svar/zips/Stora_Asj_n/633731-130485-kartor/web/tiles-3-6604_Stora_Asjon_633731-130485.dzi
641990-128017,"Stora Björsjön",3-0969_Björsjön_641990-128017.tif,svar/zips/Stora_Bj_rsj_n/641990-128017-kartor/web/tiles-3-0969_Bjorsjon_641990-128017.dzi
633255-131619,"Stora Bälgsjön",3-5214_Stora Bälgsjön_633255-131619a.tif,svar/zips/Stora_B_lgsj_n/633255-131619-kartor/web/tiles-3-5214_Stora_Balgsjon_633255-131619a.dzi
637794-147338,"Stora Bellen",3-3044_Stora Bellen_637794-147338.tif,svar/zips/Stora_Bellen/637794-147338-kartor/web/tiles-3-3044_Stora_Bellen_637794-147338.dzi
640259-127546,"Stora Delsjön",0-0077_Stora Delsjön_640259-127546.tif,svar/zips/Stora_Delsj_n/640259-127546-kartor/web/tiles-0-0077_Stora_Delsjon_640259-127546.dzi
646504-127612,"Stora Djup",3-1520_Stora Djup_646504-127612.tif,svar/zips/Stora_Djup/646504-127612-kartor/web/tiles-3-1520_Stora_Djup_646504-127612.dzi
640240-133965,"Stora Dalsjön",2-0543_Stora Dalsjön_640240-133965.tif,svar/zips/Stora_Dalsj_n/640240-133965-kartor/web/tiles-2-0543_Stora_Dalsjon_640240-133965.dzi
633291-131140,"Stora Angsjön",3-5185_Stora Angsjön_633291-131140c.tif,svar/zips/Stora_Angsj_n/633291-131140-kartor/web/tiles-3-5185_Stora_Angsjon_633291-131140c.dzi
638720-128350,"Stora Djursjön",3-0909_Stora Djursjön_638720-128350.tif,svar/zips/Stora_Djursj_n/638720-128350-kartor/web/tiles-3-0909_Stora_Djursjon_638720-128350.dzi
640259-127546,"Stora Delsjön",3-0973_Stora Delsjön_640259-127546.tif,svar/zips/Stora_Delsj_n/640259-127546-kartor/web/tiles-3-0973_Stora_Delsjon_640259-127546.dzi
633255-131619,"Stora Bälgsjön",3-5214_Stora Bälgsjön_633255-131619b.tif,svar/zips/Stora_B_lgsj_n/633255-131619-kartor/web/tiles-3-5214_Stora_Balgsjon_633255-131619b.dzi
636282-132788,"Stora Djupasjön",3-4748_Stora Djupasjön_636282-132788.tif,svar/zips/Stora_Djupasj_n/636282-132788-kartor/web/tiles-3-4748_Stora_Djupasjon_636282-132788.dzi
646504-127612,"Stora Djup",3-3469_Stora Djup_646504-127612.tif,svar/zips/Stora_Djup/646504-127612-kartor/web/tiles-3-3469_Stora_Djup_646504-127612.dzi
640240-133965,"Stora Dalsjön",3-0879_Stora Dalsjön_640240-133965.tif,svar/zips/Stora_Dalsj_n/640240-133965-kartor/web/tiles-3-0879_Stora_Dalsjon_640240-133965.dzi
650435-142799,"Stora Djäknasjön",3-6600_Stora Djäknasjön_650435-142799.jpg,svar/zips/Stora_Dj_knasj_n/650435-142799-kartor/web/tiles-3-6600_Stora_Djaknasjon_650435-142799.dzi
633291-131140,"Stora Angsjön",3-5185_Stora Angsjön_633291-131140d.tif,svar/zips/Stora_Angsj_n/633291-131140-kartor/web/tiles-3-5185_Stora_Angsjon_633291-131140d.dzi
640259-127546,"Stora Delsjön",3-0975_Stora Delsjön västra delen_640259-127546.tif,svar/zips/Stora_Delsj_n/640259-127546-kartor/web/tiles-3-0975_Stora_Delsjon_vastra_delen_640259-127546.dzi
650172-127021,"Stora Ekevattnet",3-2477_Stora Ekevattnet_650172-127021.tif,svar/zips/Stora_Ekevattnet/650172-127021-kartor/web/tiles-3-2477_Stora_Ekevattnet_650172-127021.dzi
633255-131619,"Stora Bälgsjön",3-5214_Stora Bälgsjön_633255-131619c.tif,svar/zips/Stora_B_lgsj_n/633255-131619-kartor/web/tiles-3-5214_Stora_Balgsjon_633255-131619c.dzi
655587-158869,"Stora Envättern",1-0154_Stora Envättern_655587-158869.tif,svar/zips/Stora_Env_ttern/655587-158869-kartor/web/tiles-1-0154_Stora_Envattern_655587-158869.dzi
635521-129661,"Stora Eksjö",3-2256_Stora Eksjö_635521-129661.tif,svar/zips/Stora_Eksj_/635521-129661-kartor/web/tiles-3-2256_Stora_Eksjo_635521-129661.dzi
636282-132788,"Stora Djupasjön",3-6397_Stora Djupasjön_636282-132788a.jpg,svar/zips/Stora_Djupasj_n/636282-132788-kartor/web/tiles-3-6397_Stora_Djupasjon_636282-132788a.dzi
650435-142799,"Stora Djäknasjön",3-6600_Stora Djäknasjön_650435-142799.tif,svar/zips/Stora_Dj_knasj_n/650435-142799-kartor/web/tiles-3-6600_Stora_Djaknasjon_650435-142799.dzi
643005-130354,"Stora Fjällsjön",3-1009_Stora Fjällsjön_643005-130354.tif,svar/zips/Stora_Fj_llsj_n/643005-130354-kartor/web/tiles-3-1009_Stora_Fjallsjon_643005-130354.dzi
640147-148729,"Stora Fagersjön",3-3631_Stora Fagersjön_640147-148729.tif,svar/zips/Stora_Fagersj_n/640147-148729-kartor/web/tiles-3-3631_Stora_Fagersjon_640147-148729.dzi
655587-158869,"Stora Envättern",5-1065_Stora Envättern_655587-158869.jpg,svar/zips/Stora_Env_ttern/655587-158869-kartor/web/tiles-5-1065_Stora_Envattern_655587-158869.dzi
625442-142204,"Stora Fallsjön",3-2643_Stora Fallsjön_625442-142204.tif,svar/zips/Stora_Fallsj_n/625442-142204-kartor/web/tiles-3-2643_Stora_Fallsjon_625442-142204.dzi
640259-127546,"Stora Delsjön",3-0976_Stora Delsjön östra delen_640259-127546.tif,svar/zips/Stora_Delsj_n/640259-127546-kartor/web/tiles-3-0976_Stora_Delsjon_ostra_delen_640259-127546.dzi
636746-150839,"Stora Fjärsjön",3-3762_Stora Fjärsjön_636746-150839a.tif,svar/zips/Stora_Fj_rsj_n/636746-150839-kartor/web/tiles-3-3762_Stora_Fjarsjon_636746-150839a.dzi
636282-132788,"Stora Djupasjön",3-6397_Stora Djupasjön_636282-132788a.tif,svar/zips/Stora_Djupasj_n/636282-132788-kartor/web/tiles-3-6397_Stora_Djupasjon_636282-132788a.dzi
632391-149866,"Stora Flaten",3-2342_Store Flaten_632391-149866a.tif,svar/zips/Stora_Flaten/632391-149866-kartor/web/tiles-3-2342_Store_Flaten_632391-149866a.dzi
643830-131073,"Stora Fäsjön",3-4745_Stora Fäsjön_643830-131073.tif,svar/zips/Stora_F_sj_n/643830-131073-kartor/web/tiles-3-4745_Stora_Fasjon_643830-131073.dzi
632043-134980,"Stora Färgen",3-0860_Stora Färgen_632043-134980.tif,svar/zips/Stora_F_rgen/632043-134980-kartor/web/tiles-3-0860_Stora_Fargen_632043-134980.dzi
643226-130483,"Stora Fäbodsjön",3-1011_Stora Fäbodsjön_643226-130483.tif,svar/zips/Stora_F_bodsj_n/643226-130483-kartor/web/tiles-3-1011_Stora_Fabodsjon_643226-130483.dzi
642262-130589,"Stora Färgen",3-1589_Stora Färgen_642262-130589.tif,svar/zips/Stora_F_rgen/642262-130589-kartor/web/tiles-3-1589_Stora_Fargen_642262-130589.dzi
636746-150839,"Stora Fjärsjön",3-3762_Stora Fjärsjön_636746-150839b.tif,svar/zips/Stora_Fj_rsj_n/636746-150839-kartor/web/tiles-3-3762_Stora_Fjarsjon_636746-150839b.dzi
640259-127546,"Stora Delsjön",3-0977_Stora Delsjön_640259-127546.tif,svar/zips/Stora_Delsj_n/640259-127546-kartor/web/tiles-3-0977_Stora_Delsjon_640259-127546.dzi
632391-149866,"Stora Flaten",3-3841_Store Flaten_632391-149866a.tif,svar/zips/Stora_Flaten/632391-149866-kartor/web/tiles-3-3841_Store_Flaten_632391-149866a.dzi
636282-132788,"Stora Djupasjön",3-6397_Stora Djupasjön_636282-132788b.jpg,svar/zips/Stora_Djupasj_n/636282-132788-kartor/web/tiles-3-6397_Stora_Djupasjon_636282-132788b.dzi
625061-144827,"Stora Galtsjön",3-3163_Stora Galtsjön_625061-144827.tif,svar/zips/Stora_Galtsj_n/625061-144827-kartor/web/tiles-3-3163_Stora_Galtsjon_625061-144827.dzi
643069-151404,"Stora Gang",3-3250_Stora Gang_643069-151404.tif,svar/zips/Stora_Gang/643069-151404-kartor/web/tiles-3-3250_Stora_Gang_643069-151404.dzi
635144-148040,"Stora Granesjön",3-3726_Stora Granesjön_635144-148040.tif,svar/zips/Stora_Granesj_n/635144-148040-kartor/web/tiles-3-3726_Stora_Granesjon_635144-148040.dzi
636282-132788,"Stora Djupasjön",3-6397_Stora Djupasjön_636282-132788b.tif,svar/zips/Stora_Djupasj_n/636282-132788-kartor/web/tiles-3-6397_Stora_Djupasjon_636282-132788b.dzi
640358-131022,"Stora Gissletjärn",3-3899_Stora Gissletjärn_640358-131022a.tif,svar/zips/Stora_Gissletj_rn/640358-131022-kartor/web/tiles-3-3899_Stora_Gissletjarn_640358-131022a.dzi
633526-133700,"Stora Garsjön",3-5125_Stora Garsjön_633526-133700a.tif,svar/zips/Stora_Garsj_n/633526-133700-kartor/web/tiles-3-5125_Stora_Garsjon_633526-133700a.dzi
632391-149866,"Stora Flaten",3-3841_Store Flaten_632391-149866b.tif,svar/zips/Stora_Flaten/632391-149866-kartor/web/tiles-3-3841_Store_Flaten_632391-149866b.dzi
646395-127963,"Stora Galten",3-1587_Stora Galten_646395-127963.tif,svar/zips/Stora_Galten/646395-127963-kartor/web/tiles-3-1587_Stora_Galten_646395-127963.dzi
652840-151589,"Stora Gryten",3-6503_Stora Gryten_652840-151589.jpg,svar/zips/Stora_Gryten/652840-151589-kartor/web/tiles-3-6503_Stora_Gryten_652840-151589.dzi
648260-126853,"Stora Grågås Vattnet",3-3491_Stora Grågåsvattnet_648260-126853.tif,svar/zips/Stora_Gr_g_s_Vattnet/648260-126853-kartor/web/tiles-3-3491_Stora_Gragasvattnet_648260-126853.dzi
640358-131022,"Stora Gissletjärn",3-3899_Stora Gissletjärn_640358-131022b.tif,svar/zips/Stora_Gissletj_rn/640358-131022-kartor/web/tiles-3-3899_Stora_Gissletjarn_640358-131022b.dzi
636282-132788,"Stora Djupasjön",5-1021_Stora Djupasjön_636282-132788.pdf,svar/zips/Stora_Djupasj_n/636282-132788-kartor/web/tiles-5-1021_Stora_Djupasjon_636282-132788.dzi
633526-133700,"Stora Garsjön",3-5125_Stora Garsjön_633526-133700b.tif,svar/zips/Stora_Garsj_n/633526-133700-kartor/web/tiles-3-5125_Stora_Garsjon_633526-133700b.dzi
646395-127963,"Stora Galten",3-4256_Stora Galten_646395-127963.tif,svar/zips/Stora_Galten/646395-127963-kartor/web/tiles-3-4256_Stora_Galten_646395-127963.dzi
639169-153664,"Stora Grönsjön",3-3259_Stora Grönsjön_639169-153664.tif,svar/zips/Stora_Gr_nsj_n/639169-153664-kartor/web/tiles-3-3259_Stora_Gronsjon_639169-153664.dzi
634586-153391,"Stora Grytgölen",2-0340_Stora Grytgölen_634586-153391.tif,svar/zips/Stora_Grytg_len/634586-153391-kartor/web/tiles-2-0340_Stora_Grytgolen_634586-153391.dzi
643780-127892,"Stora Grötevatten",3-0956_Stora Grötevatten_643780-127892.tif,svar/zips/Stora_Gr_tevatten/643780-127892-kartor/web/tiles-3-0956_Stora_Grotevatten_643780-127892.dzi
631454-132695,"Stora Grässjön",3-5111_Stora Grässjön_631454-132695.tif,svar/zips/Stora_Gr_ssj_n/631454-132695-kartor/web/tiles-3-5111_Stora_Grassjon_631454-132695.dzi
634443-132136,"Stora Gullskivan",3-5174_Stora Gullskivan_634443-132136a.jpg,svar/zips/Stora_Gullskivan/634443-132136-kartor/web/tiles-3-5174_Stora_Gullskivan_634443-132136a.dzi
652840-151589,"Stora Gryten",3-6503_Stora Gryten_652840-151589.tif,svar/zips/Stora_Gryten/652840-151589-kartor/web/tiles-3-6503_Stora_Gryten_652840-151589.dzi
645222-127910,"Stora Gunnarsvattnet",2-1016_Stora Gunnarsvattnet_645222-127910.jpg,svar/zips/Stora_Gunnarsvattnet/645222-127910-kartor/web/tiles-2-1016_Stora_Gunnarsvattnet_645222-127910.dzi
652056-126103,"Stora Gäddevattenstjär",3-1952_Stora Gäddevattenstjärn_652056-126103.tif,svar/zips/Stora_G_ddevattenstj_r/652056-126103-kartor/web/tiles-3-1952_Stora_Gaddevattenstjarn_652056-126103.dzi
624017-147153,"Stora Gäddgölen",3-0775_Stora Gäddgölen_624017-147153.tif,svar/zips/Stora_G_ddg_len/624017-147153-kartor/web/tiles-3-0775_Stora_Gaddgolen_624017-147153.dzi
638416-132958,"Stora Hagasjö",3-5116_Stora Hagasjö_638416-132958.tif,svar/zips/Stora_Hagasj_/638416-132958-kartor/web/tiles-3-5116_Stora_Hagasjo_638416-132958.dzi
625072-147239,"Stora Gunnesjön",3-2852_Stora Gunnesjön_625072-147239.tif,svar/zips/Stora_Gunnesj_n/625072-147239-kartor/web/tiles-3-2852_Stora_Gunnesjon_625072-147239.dzi
633963-153392,"Stora Göl",5-0430_Stora Göl_633963-153392.tif,svar/zips/Stora_G_l/633963-153392-kartor/web/tiles-5-0430_Stora_Gol_633963-153392.dzi
634443-132136,"Stora Gullskivan",3-5174_Stora Gullskivan_634443-132136a.tif,svar/zips/Stora_Gullskivan/634443-132136-kartor/web/tiles-3-5174_Stora_Gullskivan_634443-132136a.dzi
641031-130764,"Stora Hallesjön",3-0944_Stora Hallesjön_641031-130764a.tif,svar/zips/Stora_Hallesj_n/641031-130764-kartor/web/tiles-3-0944_Stora_Hallesjon_641031-130764a.dzi
645222-127910,"Stora Gunnarsvattnet",2-1016_Stora Gunnarsvattnet_645222-127910.tif,svar/zips/Stora_Gunnarsvattnet/645222-127910-kartor/web/tiles-2-1016_Stora_Gunnarsvattnet_645222-127910.dzi
634532-144912,"Stora Harsjön",3-3730_Stora Harsjön_634532-144912.tif,svar/zips/Stora_Harsj_n/634532-144912-kartor/web/tiles-3-3730_Stora_Harsjon_634532-144912.dzi
635936-132488,"Stora Hallången",2-0567_Stora Hallången_635936-132488.tif,svar/zips/Stora_Hall_ngen/635936-132488-kartor/web/tiles-2-0567_Stora_Hallangen_635936-132488.dzi
638944-128075,"Stora Hassungaredssjön",3-0912_Stora Hassungaredssjön_638944-128075.tif,svar/zips/Stora_Hassungaredssj_n/638944-128075-kartor/web/tiles-3-0912_Stora_Hassungaredssjon_638944-128075.dzi
634443-132136,"Stora Gullskivan",3-5174_Stora Gullskivan_634443-132136b.tif,svar/zips/Stora_Gullskivan/634443-132136-kartor/web/tiles-3-5174_Stora_Gullskivan_634443-132136b.dzi
641031-130764,"Stora Hallesjön",3-0944_Stora Hallesjön_641031-130764b.tif,svar/zips/Stora_Hallesj_n/641031-130764-kartor/web/tiles-3-0944_Stora_Hallesjon_641031-130764b.dzi
623931-149463,"Stora Havsjön",2-0659_Stora Havsjön_623931-149463.tif,svar/zips/Stora_Havsj_n/623931-149463-kartor/web/tiles-2-0659_Stora_Havsjon_623931-149463.dzi
630285-133992,"Stora Hasjön",3-5093_Stora Hasjön_630285-133992.tif,svar/zips/Stora_Hasj_n/630285-133992-kartor/web/tiles-3-5093_Stora_Hasjon_630285-133992.dzi
645222-127910,"Stora Gunnarsvattnet",3-4737_Stora Gunnarsvattnet_645222-127910.tif,svar/zips/Stora_Gunnarsvattnet/645222-127910-kartor/web/tiles-3-4737_Stora_Gunnarsvattnet_645222-127910.dzi
626258-145514,"Stora Hensjön",2-0147_Stora Hensjön_626258-145514.tif,svar/zips/Stora_Hensj_n/626258-145514-kartor/web/tiles-2-0147_Stora_Hensjon_626258-145514.dzi
655899-143216,"Stora Hemsjön",2-0487_Stora Hemsjön_655899-143216a.tif,svar/zips/Stora_Hemsj_n/655899-143216-kartor/web/tiles-2-0487_Stora_Hemsjon_655899-143216a.dzi
635936-132488,"Stora Hallången",3-6560_Stora Hallången_635936-132488.jpg,svar/zips/Stora_Hall_ngen/635936-132488-kartor/web/tiles-3-6560_Stora_Hallangen_635936-132488.dzi
634443-132136,"Stora Gullskivan",3-5174_Stora Gullskivan_634443-132136c.tif,svar/zips/Stora_Gullskivan/634443-132136-kartor/web/tiles-3-5174_Stora_Gullskivan_634443-132136c.dzi
636525-133107,"Stora Hissjön",3-4877_Stora Hissjön_636525-133107.tif,svar/zips/Stora_Hissj_n/636525-133107-kartor/web/tiles-3-4877_Stora_Hissjon_636525-133107.dzi
636855-149063,"Stora Hjortsjön",5-0431_Stora Hjortsjön_636855-149063.tif,svar/zips/Stora_Hjortsj_n/636855-149063-kartor/web/tiles-5-0431_Stora_Hjortsjon_636855-149063.dzi
643572-127044,"Stora Holmevatten",3-1539_Stora Holmevatten_643572-127044.tif,svar/zips/Stora_Holmevatten/643572-127044-kartor/web/tiles-3-1539_Stora_Holmevatten_643572-127044.dzi
646198-127700,"Stora Holmevattnet",3-3520_Stora Holmevattnet_646198-127700.tif,svar/zips/Stora_Holmevattnet/646198-127700-kartor/web/tiles-3-3520_Stora_Holmevattnet_646198-127700.dzi
651960-126392,"Stora Holmevatten",3-1735_Stora Holmevatten_651960-126392.jpg,svar/zips/Stora_Holmevatten/651960-126392-kartor/web/tiles-3-1735_Stora_Holmevatten_651960-126392.dzi
655899-143216,"Stora Hemsjön",2-0487_Stora Hemsjön_655899-143216b.tif,svar/zips/Stora_Hemsj_n/655899-143216-kartor/web/tiles-2-0487_Stora_Hemsjon_655899-143216b.dzi
635936-132488,"Stora Hallången",3-6560_Stora Hallången_635936-132488.tif,svar/zips/Stora_Hall_ngen/635936-132488-kartor/web/tiles-3-6560_Stora_Hallangen_635936-132488.dzi
633332-136486,"Stora Hulesjön",3-4587_Stora Hulesjön_633332-136486.tif,svar/zips/Stora_Hulesj_n/633332-136486-kartor/web/tiles-3-4587_Stora_Hulesjon_633332-136486.dzi
627029-149536,"Stora Hultagölen",5-0458_Stora Hultagölen_627029-149536.tif,svar/zips/Stora_Hultag_len/627029-149536-kartor/web/tiles-5-0458_Stora_Hultagolen_627029-149536.dzi
636512-129668,"Stora Hornsjön",2-0564_Stora Hornsjön_636512-129668.tif,svar/zips/Stora_Hornsj_n/636512-129668-kartor/web/tiles-2-0564_Stora_Hornsjon_636512-129668.dzi
651960-126392,"Stora Holmevatten",3-1735_Stora Holmevatten_651960-126392.tif,svar/zips/Stora_Holmevatten/651960-126392-kartor/web/tiles-3-1735_Stora_Holmevatten_651960-126392.dzi
638970-128597,"Stora Hålevatten",3-1846_Stora Hålevatten_638970-128597.tif,svar/zips/Stora_H_levatten/638970-128597-kartor/web/tiles-3-1846_Stora_Halevatten_638970-128597.dzi
635936-132488,"Stora Hallången",5-1022_Stora Hallången_635936-132488.pdf,svar/zips/Stora_Hall_ngen/635936-132488-kartor/web/tiles-5-1022_Stora_Hallangen_635936-132488.dzi
638694-131285,"Stora Hålsjön",2-0189_Stora Hålsjön_638694-131285a.tif,svar/zips/Stora_H_lsj_n/638694-131285-kartor/web/tiles-2-0189_Stora_Halsjon_638694-131285a.dzi
634605-152278,"Stora Hällesjön",1-0243_Stora Hällesjön_634605-152278.tif,svar/zips/Stora_H_llesj_n/634605-152278-kartor/web/tiles-1-0243_Stora_Hallesjon_634605-152278.dzi
640364-129240,"Stora Härsjön",3-0952_Stora Härsjön_640364-129240.tif,svar/zips/Stora_H_rsj_n/640364-129240-kartor/web/tiles-3-0952_Stora_Harsjon_640364-129240.dzi
645239-127241,"Stora Hällungen",3-1527_Stora Hällungen_645239-127241.tif,svar/zips/Stora_H_llungen/645239-127241-kartor/web/tiles-3-1527_Stora_Hallungen_645239-127241.dzi
633700-140333,"Stora Hösjö",3-6486_Stora Hösjö_633700-140333.jpg,svar/zips/Stora_H_sj_/633700-140333-kartor/web/tiles-3-6486_Stora_Hosjo_633700-140333.dzi
644306-127730,"Stora Hästevatten",3-4235_Stora Hästevatten_644306-127730.tif,svar/zips/Stora_H_stevatten/644306-127730-kartor/web/tiles-3-4235_Stora_Hastevatten_644306-127730.dzi
638694-131285,"Stora Hålsjön",2-0189_Stora Hålsjön_638694-131285b.tif,svar/zips/Stora_H_lsj_n/638694-131285-kartor/web/tiles-2-0189_Stora_Halsjon_638694-131285b.dzi
640164-127987,"Stora Hålsjön",3-0982_Stora Hålsjön_640164-127987.tif,svar/zips/Stora_H_lsj_n/640164-127987-kartor/web/tiles-3-0982_Stora_Halsjon_640164-127987.dzi
648665-128770,"Stora Hästefjorden",0-0145_Stora Hästefjorden_648665-128770.tif,svar/zips/Stora_H_stefjorden/648665-128770-kartor/web/tiles-0-0145_Stora_Hastefjorden_648665-128770.dzi
638120-128247,"Stora Iglakärr",3-0901_Stora Iglakärr_638120-128247.tif,svar/zips/Stora_Iglak_rr/638120-128247-kartor/web/tiles-3-0901_Stora_Iglakarr_638120-128247.dzi
645239-127241,"Stora Hällungen",3-1529_Stora Hällungen_645239-127241.tif,svar/zips/Stora_H_llungen/645239-127241-kartor/web/tiles-3-1529_Stora_Hallungen_645239-127241.dzi
640364-129240,"Stora Härsjön",3-0953_Stora Härsjön_640364-129240.tif,svar/zips/Stora_H_rsj_n/640364-129240-kartor/web/tiles-3-0953_Stora_Harsjon_640364-129240.dzi
633919-135973,"Stora Iglasjön",3-5119_Stora Iglasjön_633919-135973a.tif,svar/zips/Stora_Iglasj_n/633919-135973-kartor/web/tiles-3-5119_Stora_Iglasjon_633919-135973a.dzi
638694-131285,"Stora Hålsjön",2-0189_Stora Hålsjön_638694-131285c.tif,svar/zips/Stora_H_lsj_n/638694-131285-kartor/web/tiles-2-0189_Stora_Halsjon_638694-131285c.dzi
651094-143610,"Stora Illersjön",3-6601_Stora Illersjön_651094-143610.jpg,svar/zips/Stora_Illersj_n/651094-143610-kartor/web/tiles-3-6601_Stora_Illersjon_651094-143610.dzi
633700-140333,"Stora Hösjö",3-6486_Stora Hösjö_633700-140333.tif,svar/zips/Stora_H_sj_/633700-140333-kartor/web/tiles-3-6486_Stora_Hosjo_633700-140333.dzi
641461-134162,"Stora Kleven",3-4879_Stora Kleven_641461-134162.tif,svar/zips/Stora_Kleven/641461-134162-kartor/web/tiles-3-4879_Stora_Kleven_641461-134162.dzi
638239-153326,"Stora Karsgöl",3-3231_Stora Karsgöl_638239-153326a.tif,svar/zips/Stora_Karsg_l/638239-153326-kartor/web/tiles-3-3231_Stora_Karsgol_638239-153326a.dzi
640364-129240,"Stora Härsjön",3-6415_Stora Härsjön_640364-129240.jpg,svar/zips/Stora_H_rsj_n/640364-129240-kartor/web/tiles-3-6415_Stora_Harsjon_640364-129240.dzi
639521-128933,"Stora Issjön",2-0190_Stora Issjön_639521-128933.tif,svar/zips/Stora_Issj_n/639521-128933-kartor/web/tiles-2-0190_Stora_Issjon_639521-128933.dzi
638694-131285,"Stora Hålsjön",3-0882_Stora Hålsjön_638694-131285.tif,svar/zips/Stora_H_lsj_n/638694-131285-kartor/web/tiles-3-0882_Stora_Halsjon_638694-131285.dzi
633919-135973,"Stora Iglasjön",3-5119_Stora Iglasjön_633919-135973b.tif,svar/zips/Stora_Iglasj_n/633919-135973-kartor/web/tiles-3-5119_Stora_Iglasjon_633919-135973b.dzi
651094-143610,"Stora Illersjön",3-6601_Stora Illersjön_651094-143610.tif,svar/zips/Stora_Illersj_n/651094-143610-kartor/web/tiles-3-6601_Stora_Illersjon_651094-143610.dzi
643301-129640,"Stora Klevsjön",2-0512_Stora Klevsjön_643301-129640.tif,svar/zips/Stora_Klevsj_n/643301-129640-kartor/web/tiles-2-0512_Stora_Klevsjon_643301-129640.dzi
653581-148411,"Stora Kringsjön",5-0172_Stora Kringsjön_653581-148411.tif,svar/zips/Stora_Kringsj_n/653581-148411-kartor/web/tiles-5-0172_Stora_Kringsjon_653581-148411.dzi
640364-129240,"Stora Härsjön",3-6415_Stora Härsjön_640364-129240.tif,svar/zips/Stora_H_rsj_n/640364-129240-kartor/web/tiles-3-6415_Stora_Harsjon_640364-129240.dzi
640000-131951,"Stora Kolsjön",2-1117_Stora Kolsjön_640000-131951.tif,svar/zips/Stora_Kolsj_n/640000-131951-kartor/web/tiles-2-1117_Stora_Kolsjon_640000-131951.dzi
633919-135973,"Stora Iglasjön",3-5119_Stora Iglasjön_633919-135973c.tif,svar/zips/Stora_Iglasj_n/633919-135973-kartor/web/tiles-3-5119_Stora_Iglasjon_633919-135973c.dzi
638239-153326,"Stora Karsgöl",3-3231_Stora Karsgöl_638239-153326b.tif,svar/zips/Stora_Karsg_l/638239-153326-kartor/web/tiles-3-3231_Stora_Karsgol_638239-153326b.dzi
643301-129640,"Stora Klevsjön",3-6631_Stora Klevsjön_643301-129640.jpg,svar/zips/Stora_Klevsj_n/643301-129640-kartor/web/tiles-3-6631_Stora_Klevsjon_643301-129640.dzi
625137-142692,"Stora Kroksjön",3-2640_Stora Kroksjön_625137-142692.tif,svar/zips/Stora_Kroksj_n/625137-142692-kartor/web/tiles-3-2640_Stora_Kroksjon_625137-142692.dzi
630902-133865,"Stora Kroksjön",3-5105_Stora Kroksjön_630902-133865.tif,svar/zips/Stora_Kroksj_n/630902-133865-kartor/web/tiles-3-5105_Stora_Kroksjon_630902-133865.dzi
635195-131602,"Stora Kroksjön",3-5213_Stora Kroksjön_635195-131602a.tif,svar/zips/Stora_Kroksj_n/635195-131602-kartor/web/tiles-3-5213_Stora_Kroksjon_635195-131602a.dzi
623533-144115,"Stora Kroksjön",3-5994_Stora Kroksjön_623533-144115.tif,svar/zips/Stora_Kroksj_n/623533-144115-kartor/web/tiles-3-5994_Stora_Kroksjon_623533-144115.dzi
643159-129165,"Stora Kroksjön",3-0979_Stora Kroksjön_643159-129165.tif,svar/zips/Stora_Kroksj_n/643159-129165-kartor/web/tiles-3-0979_Stora_Kroksjon_643159-129165.dzi
637465-135417,"Stora Kroksjön",3-6555_Stora Kroksjön_637465-135417.jpg,svar/zips/Stora_Kroksj_n/637465-135417-kartor/web/tiles-3-6555_Stora_Kroksjon_637465-135417.dzi
624799-144345,"Stora Krusegyl",3-5936_Stora Krusegyl_624799-144345.tif,svar/zips/Stora_Krusegyl/624799-144345-kartor/web/tiles-3-5936_Stora_Krusegyl_624799-144345.dzi
641709-127999,"Stora Kroksjön",3-1001_Stora Kroksjön_641709-127999.tif,svar/zips/Stora_Kroksj_n/641709-127999-kartor/web/tiles-3-1001_Stora_Kroksjon_641709-127999.dzi
643301-129640,"Stora Klevsjön",3-6631_Stora Klevsjön_643301-129640.tif,svar/zips/Stora_Klevsj_n/643301-129640-kartor/web/tiles-3-6631_Stora_Klevsjon_643301-129640.dzi
643349-130629,"Stora Krökingen",3-1018_Stora Krökingen_643349-130629.tif,svar/zips/Stora_Kr_kingen/643349-130629-kartor/web/tiles-3-1018_Stora_Krokingen_643349-130629.dzi
638651-128261,"Stora Kulltjärn",3-2739_Stora Kulltjärn_638651-128261.tif,svar/zips/Stora_Kulltj_rn/638651-128261-kartor/web/tiles-3-2739_Stora_Kulltjarn_638651-128261.dzi
635195-131602,"Stora Kroksjön",3-5213_Stora Kroksjön_635195-131602b.tif,svar/zips/Stora_Kroksj_n/635195-131602-kartor/web/tiles-3-5213_Stora_Kroksjon_635195-131602b.dzi
637198-133504,"Stora Kvarnsjön",3-1721_Stora Kvarnsjön_637198-133504.tif,svar/zips/Stora_Kvarnsj_n/637198-133504-kartor/web/tiles-3-1721_Stora_Kvarnsjon_637198-133504.dzi
646215-128331,"Stora Kvarnevattnet",3-4827_Stora Kvarnevattnet_646215-128331.tif,svar/zips/Stora_Kvarnevattnet/646215-128331-kartor/web/tiles-3-4827_Stora_Kvarnevattnet_646215-128331.dzi
634033-152032,"Stora Kyllen",3-3805_Stora Kyllen_634033-152032a.tif,svar/zips/Stora_Kyllen/634033-152032-kartor/web/tiles-3-3805_Stora_Kyllen_634033-152032a.dzi
637465-135417,"Stora Kroksjön",3-6555_Stora Kroksjön_637465-135417.tif,svar/zips/Stora_Kroksj_n/637465-135417-kartor/web/tiles-3-6555_Stora_Kroksjon_637465-135417.dzi
635195-131602,"Stora Kroksjön",3-5213_Stora Kroksjön_635195-131602c.tif,svar/zips/Stora_Kroksj_n/635195-131602-kartor/web/tiles-3-5213_Stora_Kroksjon_635195-131602c.dzi
646675-128131,"Stora Källebergsvattnet",3-3529_Stora Källebergsvattnet_646675-128131.tif,svar/zips/Stora_K_llebergsvattnet/646675-128131-kartor/web/tiles-3-3529_Stora_Kallebergsvattnet_646675-128131.dzi
648210-126895,"Stora Kölnevattnet",3-3542_Stora Kölnevattnet_648210-126895.tif,svar/zips/Stora_K_lnevattnet/648210-126895-kartor/web/tiles-3-3542_Stora_Kolnevattnet_648210-126895.dzi
639406-131157,"Stora Kållesjön",2-0862_Stora Kållesjön_639406-131157.tif,svar/zips/Stora_K_llesj_n/639406-131157-kartor/web/tiles-2-0862_Stora_Kallesjon_639406-131157.dzi
647697-127861,"Stora Köperödssjön",3-3539_Stora Köperödssjön_647697-127861.tif,svar/zips/Stora_K_per_dssj_n/647697-127861-kartor/web/tiles-3-3539_Stora_Koperodssjon_647697-127861.dzi
637264-153621,"Stora Kåren",0-0117_Stora Kåren_637264-153621.tif,svar/zips/Stora_K_ren/637264-153621-kartor/web/tiles-0-0117_Stora_Karen_637264-153621.dzi
634033-152032,"Stora Kyllen",3-3805_Stora Kyllen_634033-152032b.tif,svar/zips/Stora_Kyllen/634033-152032-kartor/web/tiles-3-3805_Stora_Kyllen_634033-152032b.dzi
640421-128188,"Stora Kåsjön",2-0195_Stora Kåsjön_640421-128188.tif,svar/zips/Stora_K_sj_n/640421-128188-kartor/web/tiles-2-0195_Stora_Kasjon_640421-128188.dzi
648311-137447,"Stora Ljungsjön",3-1470_Stora Ljungsjön_648311-137447.tif,svar/zips/Stora_Ljungsj_n/648311-137447-kartor/web/tiles-3-1470_Stora_Ljungsjon_648311-137447.dzi
635195-131602,"Stora Kroksjön",3-5213_Stora Kroksjön_635195-131602d.tif,svar/zips/Stora_Kroksj_n/635195-131602-kartor/web/tiles-3-5213_Stora_Kroksjon_635195-131602d.dzi
640919-129234,"Stora Långetjärn",3-4071_Stora Långetjärn_640919-129234.tif,svar/zips/Stora_L_ngetj_rn/640919-129234-kartor/web/tiles-3-4071_Stora_Langetjarn_640919-129234.dzi
651633-151527,"Stora Lyssgölen",3-2914_Stora Lyssgölen_651633-151527.tif,svar/zips/Stora_Lyssg_len/651633-151527-kartor/web/tiles-3-2914_Stora_Lyssgolen_651633-151527.dzi
643362-129536,"Stora Ljusevatten",3-0987_Stora Ljusevattnet_643362-129536a.tif,svar/zips/Stora_Ljusevatten/643362-129536-kartor/web/tiles-3-0987_Stora_Ljusevattnet_643362-129536a.dzi
644084-129757,"Stora Ljusevattnet",3-4825_Stora Ljusevattnet_644084-129757.tif,svar/zips/Stora_Ljusevattnet/644084-129757-kartor/web/tiles-3-4825_Stora_Ljusevattnet_644084-129757.dzi
642039-128819,"Stora Lövsjön",3-0990_Stora Lövsjön_642039-128819.tif,svar/zips/Stora_L_vsj_n/642039-128819-kartor/web/tiles-3-0990_Stora_Lovsjon_642039-128819.dzi
640421-128188,"Stora Kåsjön",3-0985_Kåsjön_640421-128188.tif,svar/zips/Stora_K_sj_n/640421-128188-kartor/web/tiles-3-0985_Kasjon_640421-128188.dzi
634229-136804,"Stora Moasjö",3-4580_Stora Moasjö_634229-136804.tif,svar/zips/Stora_Moasj_/634229-136804-kartor/web/tiles-3-4580_Stora_Moasjo_634229-136804.dzi
624818-144414,"Stora Mellsjön",3-5995_Stora Mellsjön_624818-144414.tif,svar/zips/Stora_Mellsj_n/624818-144414-kartor/web/tiles-3-5995_Stora_Mellsjon_624818-144414.dzi
633294-131284,"Stora Maresjö",3-5204_Stora Maresjö_633294-131284a.tif,svar/zips/Stora_Maresj_/633294-131284-kartor/web/tiles-3-5204_Stora_Maresjo_633294-131284a.dzi
635195-131602,"Stora Kroksjön",3-5213_Stora Kroksjön_635195-131602e.tif,svar/zips/Stora_Kroksj_n/635195-131602-kartor/web/tiles-3-5213_Stora_Kroksjon_635195-131602e.dzi
643362-129536,"Stora Ljusevatten",3-0987_Stora Ljusevattnet_643362-129536b.tif,svar/zips/Stora_Ljusevatten/643362-129536-kartor/web/tiles-3-0987_Stora_Ljusevattnet_643362-129536b.dzi
644030-127477,"Stora Måkevatten",3-4229_Stora Måkevatten_644030-127477.tif,svar/zips/Stora_M_kevatten/644030-127477-kartor/web/tiles-3-4229_Stora_Makevatten_644030-127477.dzi
642039-128819,"Stora Lövsjön",3-0994_Stora Lövsjön_642039-128819.tif,svar/zips/Stora_L_vsj_n/642039-128819-kartor/web/tiles-3-0994_Stora_Lovsjon_642039-128819.dzi
646215-127913,"Stora Mörtevattnet",3-3522_Stora Mörtevattnet_646215-127913.tif,svar/zips/Stora_M_rtevattnet/646215-127913-kartor/web/tiles-3-3522_Stora_Mortevattnet_646215-127913.dzi
633294-131284,"Stora Maresjö",3-5204_Stora Maresjö_633294-131284b.tif,svar/zips/Stora_Maresj_/633294-131284-kartor/web/tiles-3-5204_Stora_Maresjo_633294-131284b.dzi
635195-131602,"Stora Kroksjön",3-5213_Stora Kroksjön_635195-131602f.tif,svar/zips/Stora_Kroksj_n/635195-131602-kartor/web/tiles-3-5213_Stora_Kroksjon_635195-131602f.dzi
634229-136804,"Stora Moasjö",3-6289_Stora Moasjö_634229-136804.tif,svar/zips/Stora_Moasj_/634229-136804-kartor/web/tiles-3-6289_Stora_Moasjo_634229-136804.dzi
643362-129536,"Stora Ljusevatten",3-0987_Stora Ljusevattnet_643362-129536_text.tif,svar/zips/Stora_Ljusevatten/643362-129536-kartor/web/tiles-3-0987_Stora_Ljusevattnet_643362-129536_text.dzi
634378-130353,"Stora Neten",3-2410_Stora Neten_634378-130353a.tif,svar/zips/Stora_Neten/634378-130353-kartor/web/tiles-3-2410_Stora_Neten_634378-130353a.dzi
635994-153532,"Stora Mörtsjön",1-0224_Stora Mörtsjön_635994-153532.tif,svar/zips/Stora_M_rtsj_n/635994-153532-kartor/web/tiles-1-0224_Stora_Mortsjon_635994-153532.dzi
633294-131284,"Stora Maresjö",3-5204_Stora Maresjö_633294-131284c.tif,svar/zips/Stora_Maresj_/633294-131284-kartor/web/tiles-3-5204_Stora_Maresjo_633294-131284c.dzi
635195-131602,"Stora Kroksjön",3-6569_Stora Kroksjön_635195-131602.jpg,svar/zips/Stora_Kroksj_n/635195-131602-kartor/web/tiles-3-6569_Stora_Kroksjon_635195-131602.dzi
625470-137088,"Stora Nosta",3-6472_Stora Nosta_625470-137088.jpg,svar/zips/Stora_Nosta/625470-137088-kartor/web/tiles-3-6472_Stora_Nosta_625470-137088.dzi
638555-128556,"Stora Nycklatjärn",3-2736_Stora Nycklatjärn_638555-128556.tif,svar/zips/Stora_Nycklatj_rn/638555-128556-kartor/web/tiles-3-2736_Stora_Nycklatjarn_638555-128556.dzi
634378-130353,"Stora Neten",3-2410_Stora Neten_634378-130353b.tif,svar/zips/Stora_Neten/634378-130353-kartor/web/tiles-3-2410_Stora_Neten_634378-130353b.dzi
635786-145015,"Stora Näsgölen",3-3354_Stora Näsgölen_635786-145015.tif,svar/zips/Stora_N_sg_len/635786-145015-kartor/web/tiles-3-3354_Stora_Nasgolen_635786-145015.dzi
625470-137088,"Stora Nosta",3-6472_Stora Nosta_625470-137088.tif,svar/zips/Stora_Nosta/625470-137088-kartor/web/tiles-3-6472_Stora_Nosta_625470-137088.dzi
641089-142422,"Stora Nätaren",2-0964_Stora Nätaren_641089-142422.jpg,svar/zips/Stora_N_taren/641089-142422-kartor/web/tiles-2-0964_Stora_Nataren_641089-142422.dzi
634378-130353,"Stora Neten",3-3545_Stora Neten_634378-130353a.tif,svar/zips/Stora_Neten/634378-130353-kartor/web/tiles-3-3545_Stora_Neten_634378-130353a.dzi
633294-131284,"Stora Maresjö",3-5204_Stora Maresjö_633294-131284d.tif,svar/zips/Stora_Maresj_/633294-131284-kartor/web/tiles-3-5204_Stora_Maresjo_633294-131284d.dzi
635195-131602,"Stora Kroksjön",3-6569_Stora Kroksjön_635195-131602.tif,svar/zips/Stora_Kroksj_n/635195-131602-kartor/web/tiles-3-6569_Stora_Kroksjon_635195-131602.dzi
625250-146193,"Stora Porslösen",3-3164_Stora Porslösen_625250-146193.tif,svar/zips/Stora_Porsl_sen/625250-146193-kartor/web/tiles-3-3164_Stora_Porslosen_625250-146193.dzi
654141-130587,"Stora Olevattnet",3-1717_Stora Olevattnet_654141-130587.tif,svar/zips/Stora_Olevattnet/654141-130587-kartor/web/tiles-3-1717_Stora_Olevattnet_654141-130587.dzi
641089-142422,"Stora Nätaren",2-0964_Stora Nätaren_641089-142422.tif,svar/zips/Stora_N_taren/641089-142422-kartor/web/tiles-2-0964_Stora_Nataren_641089-142422.dzi
637700-153915,"Stora Ramm",2-0323_Stora Ramm_637700-153915.tif,svar/zips/Stora_Ramm/637700-153915-kartor/web/tiles-2-0323_Stora_Ramm_637700-153915.dzi
634378-130353,"Stora Neten",3-3545_Stora Neten_634378-130353b.tif,svar/zips/Stora_Neten/634378-130353-kartor/web/tiles-3-3545_Stora_Neten_634378-130353b.dzi
635195-131602,"Stora Kroksjön",5-1023_Stora Kroksjön_635195-131602.pdf,svar/zips/Stora_Kroksj_n/635195-131602-kartor/web/tiles-5-1023_Stora_Kroksjon_635195-131602.dzi
633294-131284,"Stora Maresjö",3-5204_Stora Maresjö_633294-131284e.tif,svar/zips/Stora_Maresj_/633294-131284-kartor/web/tiles-3-5204_Stora_Maresjo_633294-131284e.dzi
640977-128498,"Stora Ramsjön",3-4218_Stora Ramsjön_640977-128498.tif,svar/zips/Stora_Ramsj_n/640977-128498-kartor/web/tiles-3-4218_Stora_Ramsjon_640977-128498.dzi
637700-153915,"Stora Ramm",3-1941_Stora Ramm_637700-153915.tif,svar/zips/Stora_Ramm/637700-153915-kartor/web/tiles-3-1941_Stora_Ramm_637700-153915.dzi
639741-149403,"Stora Noren",3-3704_Stora Noren_639741-149403.tif,svar/zips/Stora_Noren/639741-149403-kartor/web/tiles-3-3704_Stora_Noren_639741-149403.dzi
651388-125800,"Stora Reusvattnet",3-1918_Stora Reusvattnet_651388-125800.tif,svar/zips/Stora_Reusvattnet/651388-125800-kartor/web/tiles-3-1918_Stora_Reusvattnet_651388-125800.dzi
643475-129327,"Stora Rullesjön",3-4521_Stora Rullesjön_643475-129327.tif,svar/zips/Stora_Rullesj_n/643475-129327-kartor/web/tiles-3-4521_Stora_Rullesjon_643475-129327.dzi
631524-151548,"Stora Råsgöl",3-3835_Stora Råsgöl_631524-151548a.tif,svar/zips/Stora_R_sg_l/631524-151548-kartor/web/tiles-3-3835_Stora_Rasgol_631524-151548a.dzi
651233-125988,"Stora Rotevattnet",3-2116_Stora Rotevattnet_651233-125988.tif,svar/zips/Stora_Rotevattnet/651233-125988-kartor/web/tiles-3-2116_Stora_Rotevattnet_651233-125988.dzi
636926-129139,"Stora Rammsjö",3-0889_Stora Rammsjö_636926-129139.tif,svar/zips/Stora_Rammsj_/636926-129139-kartor/web/tiles-3-0889_Stora_Rammsjo_636926-129139.dzi
633294-131284,"Stora Maresjö",3-5204_Stora Maresjö_633294-131284f.tif,svar/zips/Stora_Maresj_/633294-131284-kartor/web/tiles-3-5204_Stora_Maresjo_633294-131284f.dzi
656388-143597,"Stora Sirsjön",3-4060_Stora Sirsjön_656388-143597a.tif,svar/zips/Stora_Sirsj_n/656388-143597-kartor/web/tiles-3-4060_Stora_Sirsjon_656388-143597a.dzi
646146-127403,"Stora Skarsjön",2-0213_Stora Skarsjön_646146-127403.tif,svar/zips/Stora_Skarsj_n/646146-127403-kartor/web/tiles-2-0213_Stora_Skarsjon_646146-127403.dzi
631524-151548,"Stora Råsgöl",3-3835_Stora Råsgöl_631524-151548b.tif,svar/zips/Stora_R_sg_l/631524-151548-kartor/web/tiles-3-3835_Stora_Rasgol_631524-151548b.dzi
651623-149896,"Stora Skiren",3-2808_Stora Skiren_651623-149896.tif,svar/zips/Stora_Skiren/651623-149896-kartor/web/tiles-3-2808_Stora_Skiren_651623-149896.dzi
633034-151273,"Stora Sinnern",3-2369_Stora Sinnern_633034-151273.tif,svar/zips/Stora_Sinnern/633034-151273-kartor/web/tiles-3-2369_Stora_Sinnern_633034-151273.dzi
634851-129813,"Stora Skottsjö",3-4725_Stora Skottsjö_634851-129813.tif,svar/zips/Stora_Skottsj_/634851-129813-kartor/web/tiles-3-4725_Stora_Skottsjo_634851-129813.dzi
656388-143597,"Stora Sirsjön",3-4060_Stora Sirsjön_656388-143597b.tif,svar/zips/Stora_Sirsj_n/656388-143597-kartor/web/tiles-3-4060_Stora_Sirsjon_656388-143597b.dzi
655930-162013,"Stora Skogssjön",3-6610_Stora Skogssjön_655930-162013.pdf,svar/zips/Stora_Skogssj_n/655930-162013-kartor/web/tiles-3-6610_Stora_Skogssjon_655930-162013.dzi
625057-147491,"Stora Skälen",2-0143_Stora Skälen_625057-147491.tif,svar/zips/Stora_Sk_len/625057-147491-kartor/web/tiles-2-0143_Stora_Skalen_625057-147491.dzi
646146-127403,"Stora Skarsjön",3-1541_Stora Skarsjön_646146-127403.tif,svar/zips/Stora_Skarsj_n/646146-127403-kartor/web/tiles-3-1541_Stora_Skarsjon_646146-127403.dzi
651623-149896,"Stora Skiren",3-2894_Stora Skiren_651623-149896.tif,svar/zips/Stora_Skiren/651623-149896-kartor/web/tiles-3-2894_Stora_Skiren_651623-149896.dzi
633034-151273,"Stora Sinnern",3-3823_Stora Sinnern_633034-151273a.tif,svar/zips/Stora_Sinnern/633034-151273-kartor/web/tiles-3-3823_Stora_Sinnern_633034-151273a.dzi
634851-129813,"Stora Skottsjö",3-6645_Stora Skottsjö_634851-129813.jpg,svar/zips/Stora_Skottsj_/634851-129813-kartor/web/tiles-3-6645_Stora_Skottsjo_634851-129813.dzi
624605-145842,"Stora Skörjesjön",3-3166_Stora Skörjesjön_624605-145842.tif,svar/zips/Stora_Sk_rjesj_n/624605-145842-kartor/web/tiles-3-3166_Stora_Skorjesjon_624605-145842.dzi
655930-162013,"Stora Skogssjön",3-6610_Stora Skogssjön_655930-162013.tif,svar/zips/Stora_Skogssj_n/655930-162013-kartor/web/tiles-3-6610_Stora_Skogssjon_655930-162013.dzi
632658-134675,"Stora Skärshultasjön",2-1033_Stora Skärshultasjön_632658-134675.jpg,svar/zips/Stora_Sk_rshultasj_n/632658-134675-kartor/web/tiles-2-1033_Stora_Skarshultasjon_632658-134675.dzi
633034-151273,"Stora Sinnern",3-3823_Stora Sinnern_633034-151273b.tif,svar/zips/Stora_Sinnern/633034-151273-kartor/web/tiles-3-3823_Stora_Sinnern_633034-151273b.dzi
628606-133205,"Stora Skärsjön",3-4693_Stora Skärsjön_628606-133205.tif,svar/zips/Stora_Sk_rsj_n/628606-133205-kartor/web/tiles-3-4693_Stora_Skarsjon_628606-133205.dzi
646146-127403,"Stora Skarsjön",3-3465_Stora Skarsjön_646146-127403.tif,svar/zips/Stora_Skarsj_n/646146-127403-kartor/web/tiles-3-3465_Stora_Skarsjon_646146-127403.dzi
634851-129813,"Stora Skottsjö",3-6645_Stora Skottsjö_634851-129813.tif,svar/zips/Stora_Skottsj_/634851-129813-kartor/web/tiles-3-6645_Stora_Skottsjo_634851-129813.dzi
633738-142203,"Stora Skärsjön",3-1701_Stora Skärsjön_633738-142203.tif,svar/zips/Stora_Sk_rsj_n/633738-142203-kartor/web/tiles-3-1701_Stora_Skarsjon_633738-142203.dzi
634258-131842,"Stora Skärsjön",3-5180_Stora Skärsjön_634258-131842a.jpg,svar/zips/Stora_Sk_rsj_n/634258-131842-kartor/web/tiles-3-5180_Stora_Skarsjon_634258-131842a.dzi
632658-134675,"Stora Skärshultasjön",2-1033_Stora Skärshultasjön_632658-134675.tif,svar/zips/Stora_Sk_rshultasj_n/632658-134675-kartor/web/tiles-2-1033_Stora_Skarshultasjon_632658-134675.dzi
628606-133205,"Stora Skärsjön",5-1052_Stora Skärsjön_628606-133205.jpg,svar/zips/Stora_Sk_rsj_n/628606-133205-kartor/web/tiles-5-1052_Stora_Skarsjon_628606-133205.dzi
631769-136737,"Stora Slätten",0-0150_Stora Slätten_631769-136737.tif,svar/zips/Stora_Sl_tten/631769-136737-kartor/web/tiles-0-0150_Stora_Slatten_631769-136737.dzi
634602-146694,"Stora Skiregölen",3-3958_Stora Skiregölen_634602-146694.tif,svar/zips/Stora_Skireg_len/634602-146694-kartor/web/tiles-3-3958_Stora_Skiregolen_634602-146694.dzi
637448-136686,"Stora Spångasjön",3-5663_Stora Spångasjön_637448-136686.tif,svar/zips/Stora_Sp_ngasj_n/637448-136686-kartor/web/tiles-3-5663_Stora_Spangasjon_637448-136686.dzi
640680-128957,"Stora Stamsjön",2-0194_Stora Stamsjön_640680-128957.tif,svar/zips/Stora_Stamsj_n/640680-128957-kartor/web/tiles-2-0194_Stora_Stamsjon_640680-128957.dzi
640118-153294,"Stora Slissjön",3-3254_Stora Slissjön_640118-153294.tif,svar/zips/Stora_Slissj_n/640118-153294-kartor/web/tiles-3-3254_Stora_Slissjon_640118-153294.dzi
634258-131842,"Stora Skärsjön",3-5180_Stora Skärsjön_634258-131842a.tif,svar/zips/Stora_Sk_rsj_n/634258-131842-kartor/web/tiles-3-5180_Stora_Skarsjon_634258-131842a.dzi
631769-136737,"Stora Slätten",3-6533_Stora Slätten_631769-136737.jpg,svar/zips/Stora_Sl_tten/631769-136737-kartor/web/tiles-3-6533_Stora_Slatten_631769-136737.dzi
653617-143749,"Stora Stavsjön",5-0120_Stora Stavsjön_653617-143749.tif,svar/zips/Stora_Stavsj_n/653617-143749-kartor/web/tiles-5-0120_Stora_Stavsjon_653617-143749.dzi
632658-134675,"Stora Skärshultasjön",3-4897_Stora Skärhultasjön_632658-134675.tif,svar/zips/Stora_Sk_rshultasj_n/632658-134675-kartor/web/tiles-3-4897_Stora_Skarhultasjon_632658-134675.dzi
633590-140259,"Stora Stensjön",2-1059_Stora Stensjön_633590-140259.jpg,svar/zips/Stora_Stensj_n/633590-140259-kartor/web/tiles-2-1059_Stora_Stensjon_633590-140259.dzi
635128-130973,"Stora Stråksjö",3-2254_Stora Stråksjö_635128-130973.tif,svar/zips/Stora_Str_ksj_/635128-130973-kartor/web/tiles-3-2254_Stora_Straksjo_635128-130973.dzi
640619-129618,"Stora Sturven",3-1038_Stora Sturven_640619-129618.tif,svar/zips/Stora_Sturven/640619-129618-kartor/web/tiles-3-1038_Stora_Sturven_640619-129618.dzi
634258-131842,"Stora Skärsjön",3-5180_Stora Skärsjön_634258-131842b.tif,svar/zips/Stora_Sk_rsj_n/634258-131842-kartor/web/tiles-3-5180_Stora_Skarsjon_634258-131842b.dzi
641589-127817,"Stora Stentjärnen",3-1001_Stora Stentjärnen_641589-127817.tif,svar/zips/Stora_Stentj_rnen/641589-127817-kartor/web/tiles-3-1001_Stora_Stentjarnen_641589-127817.dzi
640680-128957,"Stora Stamsjön",3-1041_Stora Stamsjön_640680-128957.tif,svar/zips/Stora_Stamsj_n/640680-128957-kartor/web/tiles-3-1041_Stora_Stamsjon_640680-128957.dzi
633590-140259,"Stora Stensjön",2-1059_Stora Stensjön_633590-140259.tif,svar/zips/Stora_Stensj_n/633590-140259-kartor/web/tiles-2-1059_Stora_Stensjon_633590-140259.dzi
624535-144592,"Stora Sundsjön",3-5938_Stora Sundsjön_624535-144592.tif,svar/zips/Stora_Sundsj_n/624535-144592-kartor/web/tiles-3-5938_Stora_Sundsjon_624535-144592.dzi
631769-136737,"Stora Slätten",3-6533_Stora Slätten_631769-136737.tif,svar/zips/Stora_Sl_tten/631769-136737-kartor/web/tiles-3-6533_Stora_Slatten_631769-136737.dzi
635128-130973,"Stora Stråksjö",5-1024_Stora Stråksjö_635128-130973.pdf,svar/zips/Stora_Str_ksj_/635128-130973-kartor/web/tiles-5-1024_Stora_Straksjo_635128-130973.dzi
641735-146617,"Stora Sundsjön",3-2831_Stora Sundsjön_641735-146617.tif,svar/zips/Stora_Sundsj_n/641735-146617-kartor/web/tiles-3-2831_Stora_Sundsjon_641735-146617.dzi
640680-128957,"Stora Stamsjön",3-1734_Stora Stamsjön_640680-128957.tif,svar/zips/Stora_Stamsj_n/640680-128957-kartor/web/tiles-3-1734_Stora_Stamsjon_640680-128957.dzi
635836-131017,"Stora Sävsjö",3-6440_Stora Sävsjö_635836-131017.jpg,svar/zips/Stora_S_vsj_/635836-131017-kartor/web/tiles-3-6440_Stora_Savsjo_635836-131017.dzi
633770-135837,"Stora Sävsjön",3-5118_Stora Sävsjön_633770-135837a.tif,svar/zips/Stora_S_vsj_n/633770-135837-kartor/web/tiles-3-5118_Stora_Savsjon_633770-135837a.dzi
639775-134111,"Stora Sälgsjön",2-0841_Store Sälgsjön_639775-134111.tif,svar/zips/Stora_S_lgsj_n/639775-134111-kartor/web/tiles-2-0841_Store_Salgsjon_639775-134111.dzi
638308-129370,"Stora Svansjö",2-0188_Stora Svansjö_638308-129370.jpg,svar/zips/Stora_Svansj_/638308-129370-kartor/web/tiles-2-0188_Stora_Svansjo_638308-129370.dzi
635836-131017,"Stora Sävsjö",3-6440_Stora Sävsjö_635836-131017.tif,svar/zips/Stora_S_vsj_/635836-131017-kartor/web/tiles-3-6440_Stora_Savsjo_635836-131017.dzi
646752-127980,"Stora Tokevattnet",3-3467_Stora Tokevattnet_646752-127980.tif,svar/zips/Stora_Tokevattnet/646752-127980-kartor/web/tiles-3-3467_Stora_Tokevattnet_646752-127980.dzi
650187-142481,"Stora Tingsjön",3-6434_Stora Tingsjön_650187-142481.jpg,svar/zips/Stora_Tingsj_n/650187-142481-kartor/web/tiles-3-6434_Stora_Tingsjon_650187-142481.dzi
634258-131842,"Stora Skärsjön",3-5180_Stora Skärsjön_634258-131842c.tif,svar/zips/Stora_Sk_rsj_n/634258-131842-kartor/web/tiles-3-5180_Stora_Skarsjon_634258-131842c.dzi
638749-131681,"Stora Tofösingen",3-5869_Stora Tofösingen_638749-131681.tif,svar/zips/Stora_Tof_singen/638749-131681-kartor/web/tiles-3-5869_Stora_Tofosingen_638749-131681.dzi
651099-142774,"Stora Trehörningen",2-0218_Stora Trehörningen_651099-142774.tif,svar/zips/Stora_Treh_rningen/651099-142774-kartor/web/tiles-2-0218_Stora_Trehorningen_651099-142774.dzi
650187-142481,"Stora Tingsjön",3-6434_Stora Tingsjön_650187-142481.tif,svar/zips/Stora_Tingsj_n/650187-142481-kartor/web/tiles-3-6434_Stora_Tingsjon_650187-142481.dzi
639988-132949,"Stora Transåssjön",3-3650_Stora Tranåssjön_639988-132949.tif,svar/zips/Stora_Trans_ssj_n/639988-132949-kartor/web/tiles-3-3650_Stora_Tranassjon_639988-132949.dzi
654153-158337,"Stora Tomtsjön",3-4392_Stora Tomtsjön_654153-158337.tif,svar/zips/Stora_Tomtsj_n/654153-158337-kartor/web/tiles-3-4392_Stora_Tomtsjon_654153-158337.dzi
633770-135837,"Stora Sävsjön",3-5118_Stora Sävsjön_633770-135837b.tif,svar/zips/Stora_S_vsj_n/633770-135837-kartor/web/tiles-3-5118_Stora_Savsjon_633770-135837b.dzi
638308-129370,"Stora Svansjö",2-0188_Stora Svansjö_638308-129370.tif,svar/zips/Stora_Svansj_/638308-129370-kartor/web/tiles-2-0188_Stora_Svansjo_638308-129370.dzi
634258-131842,"Stora Skärsjön",3-5180_Stora Skärsjön_634258-131842d.tif,svar/zips/Stora_Sk_rsj_n/634258-131842-kartor/web/tiles-3-5180_Stora_Skarsjon_634258-131842d.dzi
651099-142774,"Stora Trehörningen",2-0408_Stora Trehörningen_651099-142774a.tif,svar/zips/Stora_Treh_rningen/651099-142774-kartor/web/tiles-2-0408_Stora_Trehorningen_651099-142774a.dzi
642059-132162,"Stora Tränningen",2-0383_Stora Tränningen_642059-132162a.tif,svar/zips/Stora_Tr_nningen/642059-132162-kartor/web/tiles-2-0383_Stora_Tranningen_642059-132162a.dzi
656180-126861,"Stora Ulvattnet",3-4812_Stora Ulvattnet_656180-126861.tif,svar/zips/Stora_Ulvattnet/656180-126861-kartor/web/tiles-3-4812_Stora_Ulvattnet_656180-126861.dzi
629667-133459,"Stora Ullasjön",3-5083_Stora Ullasjön_629667-133459.tif,svar/zips/Stora_Ullasj_n/629667-133459-kartor/web/tiles-3-5083_Stora_Ullasjon_629667-133459.dzi
633770-135837,"Stora Sävsjön",5-1049_Stora Sävsjön_633770-135837.pdf,svar/zips/Stora_S_vsj_n/633770-135837-kartor/web/tiles-5-1049_Stora_Savsjon_633770-135837.dzi
638308-129370,"Stora Svansjö",3-1987_Stora Svansjö_638308-129370.tif,svar/zips/Stora_Svansj_/638308-129370-kartor/web/tiles-3-1987_Stora_Svansjo_638308-129370.dzi
632885-131462,"Stora Trännsjön",3-6736_Stora Trännsjön_632885-131462.jpg,svar/zips/Stora_Tr_nnsj_n/632885-131462-kartor/web/tiles-3-6736_Stora_Trannsjon_632885-131462.dzi
650981-141924,"Stora Valsjön",3-6395_Stora Valsjön_650981-141924.jpg,svar/zips/Stora_Valsj_n/650981-141924-kartor/web/tiles-3-6395_Stora_Valsjon_650981-141924.dzi
651099-142774,"Stora Trehörningen",2-0408_Stora Trehörningen_651099-142774b.tif,svar/zips/Stora_Treh_rningen/651099-142774-kartor/web/tiles-2-0408_Stora_Trehorningen_651099-142774b.dzi
642059-132162,"Stora Tränningen",2-0383_Stora Tränningen_642059-132162b.tif,svar/zips/Stora_Tr_nningen/642059-132162-kartor/web/tiles-2-0383_Stora_Tranningen_642059-132162b.dzi
634751-131053,"Stora Ulvsjön",3-6403_Stora Ulvsjön_634751-131053.jpg,svar/zips/Stora_Ulvsj_n/634751-131053-kartor/web/tiles-3-6403_Stora_Ulvsjon_634751-131053.dzi
644219-129845,"Stora Värhuvudsjön",3-4522_Stora Värhuvudsjön_644219-129845.tif,svar/zips/Stora_V_rhuvudsj_n/644219-129845-kartor/web/tiles-3-4522_Stora_Varhuvudsjon_644219-129845.dzi
638308-129370,"Stora Svansjö",3-6671_Stora Svansjö_638308-129370.jpg,svar/zips/Stora_Svansj_/638308-129370-kartor/web/tiles-3-6671_Stora_Svansjo_638308-129370.dzi
635599-151694,"Stora Vädern",1-0246_Stora Vädern_635599-151694.tif,svar/zips/Stora_V_dern/635599-151694-kartor/web/tiles-1-0246_Stora_Vadern_635599-151694.dzi
650981-141924,"Stora Valsjön",3-6395_Stora Valsjön_650981-141924a.tif,svar/zips/Stora_Valsj_n/650981-141924-kartor/web/tiles-3-6395_Stora_Valsjon_650981-141924a.dzi
632885-131462,"Stora Trännsjön",3-6736_Stora Trännsjön_632885-131462.tif,svar/zips/Stora_Tr_nnsj_n/632885-131462-kartor/web/tiles-3-6736_Stora_Trannsjon_632885-131462.dzi
634076-142599,"Stora Värmen",3-4296a_Värmen_634076-142599.tif,svar/zips/Stora_V_rmen/634076-142599-kartor/web/tiles-3-4296a_Varmen_634076-142599.dzi
642059-132162,"Stora Tränningen",3-6617_Stora Tränningen_642059-132162.jpg,svar/zips/Stora_Tr_nningen/642059-132162-kartor/web/tiles-3-6617_Stora_Tranningen_642059-132162.dzi
638308-129370,"Stora Svansjö",3-6671_Stora Svansjö_638308-129370.tif,svar/zips/Stora_Svansj_/638308-129370-kartor/web/tiles-3-6671_Stora_Svansjo_638308-129370.dzi
643839-127730,"Stora �ggdalssjön",3-1545_Stora Äggdalssjön_643839-127730.tif,svar/zips/Stora_ggdalssj_n/643839-127730-kartor/web/tiles-3-1545_Stora_Aggdalssjon_643839-127730.dzi
635323-129758,"Stora Värsjö",3-2236_Stora Värsjö_635323-129758.tif,svar/zips/Stora_V_rsj_/635323-129758-kartor/web/tiles-3-2236_Stora_Varsjo_635323-129758.dzi
634751-131053,"Stora Ulvsjön",3-6403_Stora Ulvsjön_634751-131053.tif,svar/zips/Stora_Ulvsj_n/634751-131053-kartor/web/tiles-3-6403_Stora_Ulvsjon_634751-131053.dzi
634076-142599,"Stora Värmen",3-4296b_Värmen_634076-142599.tif,svar/zips/Stora_V_rmen/634076-142599-kartor/web/tiles-3-4296b_Varmen_634076-142599.dzi
632885-131462,"Stora Trännsjön",5-1025_Stora Trännsjön_632885-131462.pdf,svar/zips/Stora_Tr_nnsj_n/632885-131462-kartor/web/tiles-5-1025_Stora_Trannsjon_632885-131462.dzi
634558-149095,"Stora �jasjön",3-3786_Stora Öjasjön_634558-149095a.tif,svar/zips/Stora_jasj_n/634558-149095-kartor/web/tiles-3-3786_Stora_Ojasjon_634558-149095a.dzi
642059-132162,"Stora Tränningen",3-6617_Stora Tränningen_642059-132162.tif,svar/zips/Stora_Tr_nningen/642059-132162-kartor/web/tiles-3-6617_Stora_Tranningen_642059-132162.dzi
650981-141924,"Stora Valsjön",3-6395_Stora Valsjön_650981-141924b.tif,svar/zips/Stora_Valsj_n/650981-141924-kartor/web/tiles-3-6395_Stora_Valsjon_650981-141924b.dzi
652072-144308,"Stora �len",2-0976_Stora Ölen_652072-144308.tif,svar/zips/Stora_len/652072-144308-kartor/web/tiles-2-0976_Stora_Olen_652072-144308.dzi
635323-129758,"Stora Värsjö",3-6605_Stora Värsjö_635323-129758.jpg,svar/zips/Stora_V_rsj_/635323-129758-kartor/web/tiles-3-6605_Stora_Varsjo_635323-129758.dzi
634118-149668,"Stora �lgasjö",3-3782_Stora Älgasjö_634118-149668a.tif,svar/zips/Stora_lgasj_/634118-149668-kartor/web/tiles-3-3782_Stora_Algasjo_634118-149668a.dzi
634076-142599,"Stora Värmen",3-4296c_Värmen_634076-142599.tif,svar/zips/Stora_V_rmen/634076-142599-kartor/web/tiles-3-4296c_Varmen_634076-142599.dzi
651189-152757,"Stora �lgsjön",2-0851_Stora Älgsjön_651189-152757.tif,svar/zips/Stora_lgsj_n/651189-152757-kartor/web/tiles-2-0851_Stora_Algsjon_651189-152757.dzi
639705-132408,"Stora �lsjön",3-3655_Stora Älsjön_639705-132408.tif,svar/zips/Stora_lsj_n/639705-132408-kartor/web/tiles-3-3655_Stora_Alsjon_639705-132408.dzi
634751-131053,"Stora Ulvsjön",5-1026_Stora Ulvsjön_634751-131053.pdf,svar/zips/Stora_Ulvsj_n/634751-131053-kartor/web/tiles-5-1026_Stora_Ulvsjon_634751-131053.dzi
634558-149095,"Stora �jasjön",3-3786_Stora Öjasjön_634558-149095b.tif,svar/zips/Stora_jasj_n/634558-149095-kartor/web/tiles-3-3786_Stora_Ojasjon_634558-149095b.dzi
635323-129758,"Stora Värsjö",3-6605_Stora Värsjö_635323-129758.tif,svar/zips/Stora_V_rsj_/635323-129758-kartor/web/tiles-3-6605_Stora_Varsjo_635323-129758.dzi
639714-128767,"Stora �ntetjärn",3-1840_Stora Äntetjärn_639714-128767.tif,svar/zips/Stora_ntetj_rn/639714-128767-kartor/web/tiles-3-1840_Stora_Antetjarn_639714-128767.dzi
634118-149668,"Stora �lgasjö",3-3782_Stora Älgasjö_634118-149668b.tif,svar/zips/Stora_lgasj_/634118-149668-kartor/web/tiles-3-3782_Stora_Algasjo_634118-149668b.dzi
638590-129348,"Stora �resjön",3-4886_Stora Öresjön_638590-129348.tif,svar/zips/Stora_resj_n/638590-129348-kartor/web/tiles-3-4886_Stora_Oresjon_638590-129348.dzi
651189-152757,"Stora �lgsjön",3-2807_Stora Älgsjön_651189-152757a.tif,svar/zips/Stora_lgsj_n/651189-152757-kartor/web/tiles-3-2807_Stora_Algsjon_651189-152757a.dzi
653371-125951,"Stora �retjärn",3-2001_Stora Öretjärn_653371-125951a.tif,svar/zips/Stora_retj_rn/653371-125951-kartor/web/tiles-3-2001_Stora_Oretjarn_653371-125951a.dzi
648126-126732,"Stora �revattnet",3-1553_Stora Örevattnet_648126-126732a.tif,svar/zips/Stora_revattnet/648126-126732-kartor/web/tiles-3-1553_Stora_Orevattnet_648126-126732a.dzi
624550-145373,"Stora �rsjön",3-2980_Stora Örsjön_624550-145373.tif,svar/zips/Stora_rsj_n/624550-145373-kartor/web/tiles-3-2980_Stora_Orsjon_624550-145373.dzi
639953-131810,"Stora �rtasjön",3-5573_Stora Ärtasjön_639953-131810.tif,svar/zips/Stora_rtasj_n/639953-131810-kartor/web/tiles-3-5573_Stora_Artasjon_639953-131810.dzi
638590-129348,"Stora �resjön",3-6674_Stora Öresjön_638590-129348.jpg,svar/zips/Stora_resj_n/638590-129348-kartor/web/tiles-3-6674_Stora_Oresjon_638590-129348.dzi
651189-152757,"Stora �lgsjön",3-2807_Stora Älgsjön_651189-152757b.tif,svar/zips/Stora_lgsj_n/651189-152757-kartor/web/tiles-3-2807_Stora_Algsjon_651189-152757b.dzi
635857-129335,"Stora �rsjön",3-4727_Stora Ärsjön_635857-129335.tif,svar/zips/Stora_rsj_n/635857-129335-kartor/web/tiles-3-4727_Stora_Arsjon_635857-129335.dzi
639467-130745,"Stora �rttjärn",3-5587_Stora Ärttjärn_639467-130745.tif,svar/zips/Stora_rttj_rn/639467-130745-kartor/web/tiles-3-5587_Stora_Arttjarn_639467-130745.dzi
637492-132460,"Stora �ssjö",3-6637_Stora Ässjö_637492-132460.jpg,svar/zips/Stora_ssj_/637492-132460-kartor/web/tiles-3-6637_Stora_Assjo_637492-132460.dzi
653371-125951,"Stora �retjärn",3-2001_Stora Öretjärn_653371-125951b.tif,svar/zips/Stora_retj_rn/653371-125951-kartor/web/tiles-3-2001_Stora_Oretjarn_653371-125951b.dzi
623890-149419,"Stora �&sjön",2-0672_Stora Åsjön_623890-149419.tif,svar/zips/Stora_sj_n/623890-149419-kartor/web/tiles-2-0672_Stora_Asjon_623890-149419.dzi
648126-126732,"Stora �revattnet",3-1553_Stora Örevattnet_648126-126732b.tif,svar/zips/Stora_revattnet/648126-126732-kartor/web/tiles-3-1553_Stora_Orevattnet_648126-126732b.dzi
638590-129348,"Stora �resjön",3-6674_Stora Öresjön_638590-129348.tif,svar/zips/Stora_resj_n/638590-129348-kartor/web/tiles-3-6674_Stora_Oresjon_638590-129348.dzi
639915-129401,"Stora �vattnet",3-1076_Stora Övattnet_639915-129401.tif,svar/zips/Stora_vattnet/639915-129401-kartor/web/tiles-3-1076_Stora_Ovattnet_639915-129401.dzi
635857-129335,"Stora �rsjön",3-6644_Stora Ärsjön_635857-129335.jpg,svar/zips/Stora_rsj_n/635857-129335-kartor/web/tiles-3-6644_Stora_Arsjon_635857-129335.dzi
636195-135723,"Store-Malen",3-4891_Store-Malen_636195-135723.tif,svar/zips/Store-Malen/636195-135723-kartor/web/tiles-3-4891_Store-Malen_636195-135723.dzi
635637-152669,"Storbrå",0-0119_Storbrå_635637-152669.tif,svar/zips/Storbr_/635637-152669-kartor/web/tiles-0-0119_Storbra_635637-152669.dzi
643270-130760,"Store-Trän",3-1030_Store-Trän_643270-130760.tif,svar/zips/Store-Tr_n/643270-130760-kartor/web/tiles-3-1030_Store-Tran_643270-130760.dzi
641734-130806,"Store-Nären",2-0568_Store-Nären_641734-130806.tif,svar/zips/Store-N_ren/641734-130806-kartor/web/tiles-2-0568_Store-Naren_641734-130806.dzi
637492-132460,"Stora �ssjö",3-6637_Stora Ässjö_637492-132460.tif,svar/zips/Stora_ssj_/637492-132460-kartor/web/tiles-3-6637_Stora_Assjo_637492-132460.dzi
648126-126732,"Stora �revattnet",3-3489_Stora Örevattnet_648126-126732.tif,svar/zips/Stora_revattnet/648126-126732-kartor/web/tiles-3-3489_Stora_Orevattnet_648126-126732.dzi
635857-129335,"Stora �rsjön",3-6644_Stora Ärsjön_635857-129335.tif,svar/zips/Stora_rsj_n/635857-129335-kartor/web/tiles-3-6644_Stora_Arsjon_635857-129335.dzi
645919-127873,"Store-Väktor",2-1124_Store-Väktor_645919-127873.jpg,svar/zips/Store-V_ktor/645919-127873-kartor/web/tiles-2-1124_Store-Vaktor_645919-127873.dzi
638443-150188,"Storebro Damm",2-0353_Storebro Damm_638443-150188.tif,svar/zips/Storebro_Damm/638443-150188-kartor/web/tiles-2-0353_Storebro_Damm_638443-150188.dzi
635369-147724,"Storegöl",3-3749_Store göl_635369-147724.tif,svar/zips/Storeg_l/635369-147724-kartor/web/tiles-3-3749_Store_gol_635369-147724.dzi
637788-143448,"Storesjön",3-4036_Storesjön_637788-143448.tif,svar/zips/Storesj_n/637788-143448-kartor/web/tiles-3-4036_Storesjon_637788-143448.dzi
651471-125866,"Storeputt",3-1949_Storeputt_651471-125866.tif,svar/zips/Storeputt/651471-125866-kartor/web/tiles-3-1949_Storeputt_651471-125866.dzi
645919-127873,"Store-Väktor",2-1124_Store-Väktor_645919-127873.tif,svar/zips/Store-V_ktor/645919-127873-kartor/web/tiles-2-1124_Store-Vaktor_645919-127873.dzi
638178-141023,"Storegöl",3-5384_Storegöl_638178-141023.tif,svar/zips/Storeg_l/638178-141023-kartor/web/tiles-3-5384_Storegol_638178-141023.dzi
622349-135317,"Store Damm",2-1042_Store Damm_622349-135317.jpg,svar/zips/Store_Damm/622349-135317-kartor/web/tiles-2-1042_Store_Damm_622349-135317.dzi
656100-129552,"Storetjärnet",3-1726_Storetjärnet_656100-129552.tif,svar/zips/Storetj_rnet/656100-129552-kartor/web/tiles-3-1726_Storetjarnet_656100-129552.dzi
650291-126725,"Storesjön",3-3098_Storesjön_650291-126725.tif,svar/zips/Storesj_n/650291-126725-kartor/web/tiles-3-3098_Storesjon_650291-126725.dzi
643649-143070,"Store Glan",3-2602_Store Glan_643649-143070.tif,svar/zips/Store_Glan/643649-143070-kartor/web/tiles-3-2602_Store_Glan_643649-143070.dzi
643776-127195,"Store Gårvattnet",3-4188_Store Gårvattnet_643776-127195.tif,svar/zips/Store_G_rvattnet/643776-127195-kartor/web/tiles-3-4188_Store_Garvattnet_643776-127195.dzi
625752-135351,"Store Sjö",3-2648_Store sjö_625752-135351.tif,svar/zips/Store_Sj_/625752-135351-kartor/web/tiles-3-2648_Store_sjo_625752-135351.dzi
629058-134396,"Storsjön",3-0857_Storsjön_629058-134396.tif,svar/zips/Storsj_n/629058-134396-kartor/web/tiles-3-0857_Storsjon_629058-134396.dzi
631222-150636,"Store Hindsjön",3-2360_Store Hindsjön_631222-150636a.tif,svar/zips/Store_Hindsj_n/631222-150636-kartor/web/tiles-3-2360_Store_Hindsjon_631222-150636a.dzi
622349-135317,"Store Damm",2-1042_Store Damm_622349-135317.tif,svar/zips/Store_Damm/622349-135317-kartor/web/tiles-2-1042_Store_Damm_622349-135317.dzi
625752-135351,"Store Sjö",3-6471_Store sjö_625752-135351.jpg,svar/zips/Store_Sj_/625752-135351-kartor/web/tiles-3-6471_Store_sjo_625752-135351.dzi
627244-149801,"Storsjön",5-0449_Storsjön_627244-149801.tif,svar/zips/Storsj_n/627244-149801-kartor/web/tiles-5-0449_Storsjon_627244-149801.dzi
634877-131945,"Store Sjön",3-5220_Store sjön_634877-131945a.tif,svar/zips/Store_Sj_n/634877-131945-kartor/web/tiles-3-5220_Store_sjon_634877-131945a.dzi
639330-132199,"Storsjön",2-0458_Storsjön_639330-132199a.tif,svar/zips/Storsj_n/639330-132199-kartor/web/tiles-2-0458_Storsjon_639330-132199a.dzi
636684-150081,"Storgöl",3-2274_Storgöl_636684-150081.tif,svar/zips/Storg_l/636684-150081-kartor/web/tiles-3-2274_Storgol_636684-150081.dzi
631222-150636,"Store Hindsjön",3-2360_Store Hindsjön_631222-150636b.tif,svar/zips/Store_Hindsj_n/631222-150636-kartor/web/tiles-3-2360_Store_Hindsjon_631222-150636b.dzi
639722-152504,"Storsjön",2-0316_Storsjön_639722-152504.jpg,svar/zips/Storsj_n/639722-152504-kartor/web/tiles-2-0316_Storsjon_639722-152504.dzi
645919-127873,"Store-Väktor",3-1094_Store-Väktor_645919-127873.tif,svar/zips/Store-V_ktor/645919-127873-kartor/web/tiles-3-1094_Store-Vaktor_645919-127873.dzi
627244-149801,"Storsjön",5-0459_Storsjön_627244-149801.tif,svar/zips/Storsj_n/627244-149801-kartor/web/tiles-5-0459_Storsjon_627244-149801.dzi
640044-142202,"Storsjön",3-1793_Storsjön_640044-142202.tif,svar/zips/Storsj_n/640044-142202-kartor/web/tiles-3-1793_Storsjon_640044-142202.dzi
625752-135351,"Store Sjö",3-6471_Store sjö_625752-135351.tif,svar/zips/Store_Sj_/625752-135351-kartor/web/tiles-3-6471_Store_sjo_625752-135351.dzi
639330-132199,"Storsjön",2-0458_Storsjön_639330-132199b.tif,svar/zips/Storsj_n/639330-132199-kartor/web/tiles-2-0458_Storsjon_639330-132199b.dzi
634877-131945,"Store Sjön",3-5220_Store sjön_634877-131945b.tif,svar/zips/Store_Sj_n/634877-131945-kartor/web/tiles-3-5220_Store_sjon_634877-131945b.dzi
631222-150636,"Store Hindsjön",3-3832_Store Hindsjön_631222-150636a.tif,svar/zips/Store_Hindsj_n/631222-150636-kartor/web/tiles-3-3832_Store_Hindsjon_631222-150636a.dzi
653015-152780,"Storsjön",3-5630_Storsjön_653015-152780.tif,svar/zips/Storsj_n/653015-152780-kartor/web/tiles-3-5630_Storsjon_653015-152780.dzi
639722-152504,"Storsjön",2-0316_Storsjön_639722-152504.tif,svar/zips/Storsj_n/639722-152504-kartor/web/tiles-2-0316_Storsjon_639722-152504.dzi
645919-127873,"Store-Väktor",3-3461_Store-Väktor_645919-127873.tif,svar/zips/Store-V_ktor/645919-127873-kartor/web/tiles-3-3461_Store-Vaktor_645919-127873.dzi
642967-131775,"Storsjön",3-4743_Storsjön_642967-131775.tif,svar/zips/Storsj_n/642967-131775-kartor/web/tiles-3-4743_Storsjon_642967-131775.dzi
653641-149159,"Storsjön",3-2913_Storsjön_653641-149159.tif,svar/zips/Storsj_n/653641-149159-kartor/web/tiles-3-2913_Storsjon_653641-149159.dzi
634877-131945,"Store Sjön",3-5220_Store sjön_634877-131945c.tif,svar/zips/Store_Sj_n/634877-131945-kartor/web/tiles-3-5220_Store_sjon_634877-131945c.dzi
643595-127791,"Storsjön (Västra)",3-0931_Västra Storsjön_643595-127791.tif,svar/zips/Storsj_n_V_stra_/643595-127791-kartor/web/tiles-3-0931_Vastra_Storsjon_643595-127791.dzi
636680-153161,"Storyttern",2-0336_Storyttern_636680-153161.tif,svar/zips/Storyttern/636680-153161-kartor/web/tiles-2-0336_Storyttern_636680-153161.dzi
632688-142513,"Stråken",0-0106_Stråken_632688-142513.tif,svar/zips/Str_ken/632688-142513-kartor/web/tiles-0-0106_Straken_632688-142513.dzi
643594-127853,"Storsjön (�stra)",3-0931_Östra Storsjön_643594-127853.tif,svar/zips/Storsj_n_stra_/643594-127853-kartor/web/tiles-3-0931_Ostra_Storsjon_643594-127853.dzi
631222-150636,"Store Hindsjön",3-3832_Store Hindsjön_631222-150636b.tif,svar/zips/Store_Hindsj_n/631222-150636-kartor/web/tiles-3-3832_Store_Hindsjon_631222-150636b.dzi
650802-127141,"Strandsjön",3-4835_Strandsjön_650802-127141.tif,svar/zips/Strandsj_n/650802-127141-kartor/web/tiles-3-4835_Strandsjon_650802-127141.dzi
642933-138293,"Stråken",2-0212_Stråken_642933-138293.tif,svar/zips/Str_ken/642933-138293-kartor/web/tiles-2-0212_Straken_642933-138293.dzi
634877-131945,"Store Sjön",3-5220_Store sjön_634877-131945d.tif,svar/zips/Store_Sj_n/634877-131945-kartor/web/tiles-3-5220_Store_sjon_634877-131945d.dzi
643595-127791,"Storsjön (Västra)",3-1060_Storsjön (Västra)_643595-127791.tif,svar/zips/Storsj_n_V_stra_/643595-127791-kartor/web/tiles-3-1060_Storsjon_Vastra_643595-127791.dzi
632688-142513,"Stråken",1-0291_Stråken_632688-142513.tif,svar/zips/Str_ken/632688-142513-kartor/web/tiles-1-0291_Straken_632688-142513.dzi
643594-127853,"Storsjön (�stra)",3-1060_Storsjön (Östra)_643594-127853.tif,svar/zips/Storsj_n_stra_/643594-127853-kartor/web/tiles-3-1060_Storsjon_Ostra_643594-127853.dzi
654455-123369,"Strömsvattnet",3-1562_Strömsvattnet_654455-123369.tif,svar/zips/Str_msvattnet/654455-123369-kartor/web/tiles-3-1562_Stromsvattnet_654455-123369.dzi
625069-144747,"Strömsjön",3-3504_Strömsjön_625069-144747.tif,svar/zips/Str_msj_n/625069-144747-kartor/web/tiles-3-3504_Stromsjon_625069-144747.dzi
640979-137287,"Strängseredsjön",3-4784_Strändseredssjön_640979-137287.tif,svar/zips/Str_ngseredsj_n/640979-137287-kartor/web/tiles-3-4784_Strandseredssjon_640979-137287.dzi
643104-129688,"Strättsjön",3-4529_Strättjön_643104-129688.tif,svar/zips/Str_ttsj_n/643104-129688-kartor/web/tiles-3-4529_Strattjon_643104-129688.dzi
643760-145073,"Strånnesjön",3-2597_Strånnesjön_643760-145073.tif,svar/zips/Str_nnesj_n/643760-145073-kartor/web/tiles-3-2597_Strannesjon_643760-145073.dzi
632688-142513,"Stråken",3-6475_Stråken_632688-142513.jpg,svar/zips/Str_ken/632688-142513-kartor/web/tiles-3-6475_Straken_632688-142513.dzi
625358-141299,"Strönasjön",2-0995_Strönasjön_625358-141299.jpg,svar/zips/Str_nasj_n/625358-141299-kartor/web/tiles-2-0995_Stronasjon_625358-141299.dzi
633127-136804,"Stumsjön",3-5317_Stumsjön_633127-136804.tif,svar/zips/Stumsj_n/633127-136804-kartor/web/tiles-3-5317_Stumsjon_633127-136804.dzi
654455-123369,"Strömsvattnet",3-2494_Strömsvattnet_654455-123369.tif,svar/zips/Str_msvattnet/654455-123369-kartor/web/tiles-3-2494_Stromsvattnet_654455-123369.dzi
654766-164737,"Stunnträsk",3-2317_Stunnträsk_654766-164737.tif,svar/zips/Stunntr_sk/654766-164737-kartor/web/tiles-3-2317_Stunntrask_654766-164737.dzi
629634-135792,"Stönjasjön",3-0849_Stönjasjön_629634-135792.tif,svar/zips/St_njasj_n/629634-135792-kartor/web/tiles-3-0849_Stonjasjon_629634-135792.dzi
651072-126296,"Stämsjön",3-3087_Stämsjön_651072-126296.tif,svar/zips/St_msj_n/651072-126296-kartor/web/tiles-3-3087_Stamsjon_651072-126296.dzi
625358-141299,"Strönasjön",2-0995_Strönasjön_625358-141299.tif,svar/zips/Str_nasj_n/625358-141299-kartor/web/tiles-2-0995_Stronasjon_625358-141299.dzi
638354-139457,"Sulebosjön",3-4579_Sulebosjön_638354-139457.tif,svar/zips/Sulebosj_n/638354-139457-kartor/web/tiles-3-4579_Sulebosjon_638354-139457.dzi
636850-149669,"St Hammarsjö",2-0256_St Hammarsjö_636850-149669.tif,svar/zips/St_Hammarsj_/636850-149669-kartor/web/tiles-2-0256_St_Hammarsjo_636850-149669.dzi
642511-129230,"Sundasjön",3-1039_Sundasjön_642511-129230.tif,svar/zips/Sundasj_n/642511-129230-kartor/web/tiles-3-1039_Sundasjon_642511-129230.dzi
637933-128626,"Sundsjön",2-0188_Sundsjön_637933-128626.jpg,svar/zips/Sundsj_n/637933-128626-kartor/web/tiles-2-0188_Sundsjon_637933-128626.dzi
625122-144808,"Sundsjön",3-3505_Sundsjön_625122-144808.tif,svar/zips/Sundsj_n/625122-144808-kartor/web/tiles-3-3505_Sundsjon_625122-144808.dzi
635720-154010,"Stärringen",2-0330_Stärringen_635720-154010.tif,svar/zips/St_rringen/635720-154010-kartor/web/tiles-2-0330_Starringen_635720-154010.dzi
625358-141299,"Strönasjön",3-5818_Strönasjön_625358-141299a.tif,svar/zips/Str_nasj_n/625358-141299-kartor/web/tiles-3-5818_Stronasjon_625358-141299a.dzi
632688-142513,"Stråken",3-6475_Stråken_632688-142513.tif,svar/zips/Str_ken/632688-142513-kartor/web/tiles-3-6475_Straken_632688-142513.dzi
636850-149669,"St Hammarsjö",2-1094_Stora Hammarsjön_636850-149669.jpg,svar/zips/St_Hammarsj_/636850-149669-kartor/web/tiles-2-1094_Stora_Hammarsjon_636850-149669.dzi
637933-128626,"Sundsjön",2-0188_Sundsjön_637933-128626.tif,svar/zips/Sundsj_n/637933-128626-kartor/web/tiles-2-0188_Sundsjon_637933-128626.dzi
635531-137538,"Sunnerbosjön",3-6285_Sunnerbosjön_635531-137538.tif,svar/zips/Sunnerbosj_n/635531-137538-kartor/web/tiles-3-6285_Sunnerbosjon_635531-137538.dzi
639756-128524,"Survesjön",3-4263_Survesjön_639756-128524.tif,svar/zips/Survesj_n/639756-128524-kartor/web/tiles-3-4263_Survesjon_639756-128524.dzi
641768-127580,"Surtesjön",3-1000_Surtesjön_641768-127580a.tif,svar/zips/Surtesj_n/641768-127580-kartor/web/tiles-3-1000_Surtesjon_641768-127580a.dzi
639645-136455,"Surströmmasjön",3-4757_Surströmmasjön_639645-136455.tif,svar/zips/Surstr_mmasj_n/639645-136455-kartor/web/tiles-3-4757_Surstrommasjon_639645-136455.dzi
625358-141299,"Strönasjön",3-5818_Strönasjön_625358-141299b.tif,svar/zips/Str_nasj_n/625358-141299-kartor/web/tiles-3-5818_Stronasjon_625358-141299b.dzi
637933-128626,"Sundsjön",3-2888_Sundsjön_637933-128626.tif,svar/zips/Sundsj_n/637933-128626-kartor/web/tiles-3-2888_Sundsjon_637933-128626.dzi
636850-149669,"St Hammarsjö",2-1094_Stora Hammarsjön_636850-149669.tif,svar/zips/St_Hammarsj_/636850-149669-kartor/web/tiles-2-1094_Stora_Hammarsjon_636850-149669.dzi
643994-127264,"Svallesjön",3-4446_Svallesjön_643994-127264.tif,svar/zips/Svallesj_n/643994-127264-kartor/web/tiles-3-4446_Svallesjon_643994-127264.dzi
635531-137538,"Sunnerbosjön",5-0046_Sunnerbosjön_635531-137538.pdf,svar/zips/Sunnerbosj_n/635531-137538-kartor/web/tiles-5-0046_Sunnerbosjon_635531-137538.dzi
652947-130435,"Svalsjön",3-2486_Svalsjön_652947-130435.tif,svar/zips/Svalsj_n/652947-130435-kartor/web/tiles-3-2486_Svalsjon_652947-130435.dzi
641768-127580,"Surtesjön",3-1000_Surtesjön_641768-127580b.tif,svar/zips/Surtesj_n/641768-127580-kartor/web/tiles-3-1000_Surtesjon_641768-127580b.dzi
634754-140340,"Svanarydssjön",3-6371_Svanarydssjön_634754-140340.tif,svar/zips/Svanarydssj_n/634754-140340-kartor/web/tiles-3-6371_Svanarydssjon_634754-140340.dzi
615480-135323,"Svaneholmssjön",2-0223_Svaneholmssjön_615480-135323.tif,svar/zips/Svaneholmssj_n/615480-135323-kartor/web/tiles-2-0223_Svaneholmssjon_615480-135323.dzi
638983-132981,"Svansjön",2-0390_Svansjön_638983-132981a.tif,svar/zips/Svansj_n/638983-132981-kartor/web/tiles-2-0390_Svansjon_638983-132981a.dzi
625612-138546,"Svanshalssjön",3-3452_Svanshalssjön_625612-138546.tif,svar/zips/Svanshalssj_n/625612-138546-kartor/web/tiles-3-3452_Svanshalssjon_625612-138546.dzi
638913-138061,"Svansjön",3-2507_Svansjön_638913-138061.tif,svar/zips/Svansj_n/638913-138061-kartor/web/tiles-3-2507_Svansjon_638913-138061.dzi
623254-144748,"Svartasjön",3-5996_Svartasjön_623254-144748.tif,svar/zips/Svartasj_n/623254-144748-kartor/web/tiles-3-5996_Svartasjon_623254-144748.dzi
641175-137986,"Svansjön",3-5723_Svansjön_641175-137986.tif,svar/zips/Svansj_n/641175-137986-kartor/web/tiles-3-5723_Svansjon_641175-137986.dzi
639200-144675,"Svansjön",3-5191_Svansjön_639200-144675.tif,svar/zips/Svansj_n/639200-144675-kartor/web/tiles-3-5191_Svansjon_639200-144675.dzi
624913-145391,"Svartasjön",3-5500_Svartasjön_624913-145391.tif,svar/zips/Svartasj_n/624913-145391-kartor/web/tiles-3-5500_Svartasjon_624913-145391.dzi
625612-138546,"Svanshalssjön",3-6469_Svanshalssjön_625612-138546.jpg,svar/zips/Svanshalssj_n/625612-138546-kartor/web/tiles-3-6469_Svanshalssjon_625612-138546.dzi
625087-135232,"Svarta Sjö",3-2199_Svarta Sjö_625087-135232.tif,svar/zips/Svarta_Sj_/625087-135232-kartor/web/tiles-3-2199_Svarta_Sjo_625087-135232.dzi
644619-144446,"Svarten",3-3688_Svarten_644619-144446.tif,svar/zips/Svarten/644619-144446-kartor/web/tiles-3-3688_Svarten_644619-144446.dzi
638983-132981,"Svansjön",2-0390_Svansjön_638983-132981b.tif,svar/zips/Svansj_n/638983-132981-kartor/web/tiles-2-0390_Svansjon_638983-132981b.dzi
634039-130685,"Svarten",3-2416_Svarten_634039-130685.tif,svar/zips/Svarten/634039-130685-kartor/web/tiles-3-2416_Svarten_634039-130685.dzi
642094-128499,"Svartetjärn",3-4821_Svartetjärn_642094-128499a.tif,svar/zips/Svartetj_rn/642094-128499-kartor/web/tiles-3-4821_Svartetjarn_642094-128499a.dzi
625708-147482,"Svartgöl",3-5557_Svartgöl_625708-147482.tif,svar/zips/Svartg_l/625708-147482-kartor/web/tiles-3-5557_Svartgol_625708-147482.dzi
625087-135232,"Svarta Sjö",3-6575_Svarta sjö_625087-135232.jpg,svar/zips/Svarta_Sj_/625087-135232-kartor/web/tiles-3-6575_Svarta_sjo_625087-135232.dzi
643022-154336,"Svartgölen",3-3267_Svartgölen_643022-154336.tif,svar/zips/Svartg_len/643022-154336-kartor/web/tiles-3-3267_Svartgolen_643022-154336.dzi
625636-147437,"Svarthövden",3-0766_Svarthövden_625636-147437.tif,svar/zips/Svarth_vden/625636-147437-kartor/web/tiles-3-0766_Svarthovden_625636-147437.dzi
642094-128499,"Svartetjärn",3-4821_Svartetjärn_642094-128499b.tif,svar/zips/Svartetj_rn/642094-128499-kartor/web/tiles-3-4821_Svartetjarn_642094-128499b.dzi
634039-130685,"Svarten",3-6561_Svarten_634039-130685.jpg,svar/zips/Svarten/634039-130685-kartor/web/tiles-3-6561_Svarten_634039-130685.dzi
623851-145342,"Svartasjön",3-5476_Svartasjön_623851-145342.tif,svar/zips/Svartasj_n/623851-145342-kartor/web/tiles-3-5476_Svartasjon_623851-145342.dzi
625838-146408,"Svartsjön",3-5514_Svartsjön_625838-146408.tif,svar/zips/Svartsj_n/625838-146408-kartor/web/tiles-3-5514_Svartsjon_625838-146408.dzi
633635-141454,"Svartsjön",2-0944_Svartsjön_633635-141454.jpg,svar/zips/Svartsj_n/633635-141454-kartor/web/tiles-2-0944_Svartsjon_633635-141454.dzi
639020-148143,"Svartsjön",3-5194_Svartsjön_639020-148143.tif,svar/zips/Svartsj_n/639020-148143-kartor/web/tiles-3-5194_Svartsjon_639020-148143.dzi
656266-128216,"Svarttjärnen",3-1712_Svarttjärnen_656266-128216.tif,svar/zips/Svarttj_rnen/656266-128216-kartor/web/tiles-3-1712_Svarttjarnen_656266-128216.dzi
625087-135232,"Svarta Sjö",3-6575_Svarta sjö_625087-135232.tif,svar/zips/Svarta_Sj_/625087-135232-kartor/web/tiles-3-6575_Svarta_sjo_625087-135232.dzi
634039-130685,"Svarten",3-6561_Svarten_634039-130685.tif,svar/zips/Svarten/634039-130685-kartor/web/tiles-3-6561_Svarten_634039-130685.dzi
624236-146519,"Svensjön",3-3175_Svensjön_624236-146519.tif,svar/zips/Svensj_n/624236-146519-kartor/web/tiles-3-3175_Svensjon_624236-146519.dzi
643708-139452,"Svedsjön",5-1050_Svedsjön_643708-139452.pdf,svar/zips/Svedsj_n/643708-139452-kartor/web/tiles-5-1050_Svedsjon_643708-139452.dzi
633635-141454,"Svartsjön",2-0944_Svartsjön_633635-141454.tif,svar/zips/Svartsj_n/633635-141454-kartor/web/tiles-2-0944_Svartsjon_633635-141454.dzi
642714-129114,"Sverkesjön",3-4816_Sverkesjön_642714-129114.tif,svar/zips/Sverkesj_n/642714-129114-kartor/web/tiles-3-4816_Sverkesjon_642714-129114.dzi
625612-138546,"Svanshalssjön",3-6469_Svanshalssjön_625612-138546.tif,svar/zips/Svanshalssj_n/625612-138546-kartor/web/tiles-3-6469_Svanshalssjon_625612-138546.dzi
635597-145627,"Svinasjön",3-3356_Svinasjön_635597-145627.tif,svar/zips/Svinasj_n/635597-145627-kartor/web/tiles-3-3356_Svinasjon_635597-145627.dzi
634730-142429,"Svinasjön",3-4014_Svinasjön_634730-142429.tif,svar/zips/Svinasj_n/634730-142429-kartor/web/tiles-3-4014_Svinasjon_634730-142429.dzi
634039-130685,"Svarten",5-1028_Svarten_634039-130685.pdf,svar/zips/Svarten/634039-130685-kartor/web/tiles-5-1028_Svarten_634039-130685.dzi
651295-128781,"Svinesjön",2-0570_Svingsjön_651295-128781.tif,svar/zips/Svinesj_n/651295-128781-kartor/web/tiles-2-0570_Svingsjon_651295-128781.dzi
639468-153595,"Svingölen",3-3241_Svingölen_639468-153595.tif,svar/zips/Sving_len/639468-153595-kartor/web/tiles-3-3241_Svingolen_639468-153595.dzi
637553-138670,"Svinsjön",3-5330_Svinsjön_637553-138670a.tif,svar/zips/Svinsj_n/637553-138670-kartor/web/tiles-3-5330_Svinsjon_637553-138670a.dzi
650505-153369,"Svinsjön",3-5690_Svinsjön_650505-153369.tif,svar/zips/Svinsj_n/650505-153369-kartor/web/tiles-3-5690_Svinsjon_650505-153369.dzi
637254-128834,"Svinsjön",3-2711_Svinsjön_637254-128834.tif,svar/zips/Svinsj_n/637254-128834-kartor/web/tiles-3-2711_Svinsjon_637254-128834.dzi
637508-138665,"Svinsjögölen",3-5491_Svinsjögölen_637508-138665.tif,svar/zips/Svinsj_g_len/637508-138665-kartor/web/tiles-3-5491_Svinsjogolen_637508-138665.dzi
637284-131957,"Svänasjön",3-4773_Svänasjö_637284-131957.tif,svar/zips/Sv_nasj_n/637284-131957-kartor/web/tiles-3-4773_Svanasjo_637284-131957.dzi
637553-138670,"Svinsjön",3-5330_Svinsjön_637553-138670b.tif,svar/zips/Svinsj_n/637553-138670-kartor/web/tiles-3-5330_Svinsjon_637553-138670b.dzi
637254-128834,"Svinsjön",3-2833_Svinsjön_637254-128834.tif,svar/zips/Svinsj_n/637254-128834-kartor/web/tiles-3-2833_Svinsjon_637254-128834.dzi
651305-152118,"Svängbågen",1-0127_Svängbågen_651305-152118.tif,svar/zips/Sv_ngb_gen/651305-152118-kartor/web/tiles-1-0127_Svangbagen_651305-152118.dzi
632749-150754,"Svänesjö",5-0441_Svänesjö_632749-150754.tif,svar/zips/Sv_nesj_/632749-150754-kartor/web/tiles-5-0441_Svanesjo_632749-150754.dzi
639070-128901,"Svintjärn",3-1852_Svintjärn_639070-128901.tif,svar/zips/Svintj_rn/639070-128901-kartor/web/tiles-3-1852_Svintjarn_639070-128901.dzi
621690-135652,"Syrkhultasjön",3-2588_Syrkhultasjön_621690-135652.tif,svar/zips/Syrkhultasj_n/621690-135652-kartor/web/tiles-3-2588_Syrkhultasjon_621690-135652.dzi
654966-129733,"Svärdlång",1-0165_Svärdlång_654966-129733.tif,svar/zips/Sv_rdl_ng/654966-129733-kartor/web/tiles-1-0165_Svardlang_654966-129733.dzi
643125-144824,"Säbysjön",3-1781_Säbysjön_643125-144824.tif,svar/zips/S_bysj_n/643125-144824-kartor/web/tiles-3-1781_Sabysjon_643125-144824.dzi
641682-152815,"Södersjön",3-3376_Södersjön_641682-152815.tif,svar/zips/S_dersj_n/641682-152815-kartor/web/tiles-3-3376_Sodersjon_641682-152815.dzi
634668-144774,"Södrasjön",3-3577_Södrasjön_634668-144774.tif,svar/zips/S_drasj_n/634668-144774-kartor/web/tiles-3-3577_Sodrasjon_634668-144774.dzi
634816-144679,"Säbysjön",3-3576_Säbysjön_634816-144679.tif,svar/zips/S_bysj_n/634816-144679-kartor/web/tiles-3-3576_Sabysjon_634816-144679.dzi
653497-125002,"Södra Blötevattnet",3-3999_Södra Blötevattnet_653497-125002.tif,svar/zips/S_dra_Bl_tevattnet/653497-125002-kartor/web/tiles-3-3999_Sodra_Blotevattnet_653497-125002.dzi
629520-138933,"Södrasjön",3-0827_Södrasjön_629520-138933.tif,svar/zips/S_drasj_n/629520-138933-kartor/web/tiles-3-0827_Sodrasjon_629520-138933.dzi
638908-127974,"Södra Barnsjön",3-1848_Södra Barnsjön_638908-127974.tif,svar/zips/S_dra_Barnsj_n/638908-127974-kartor/web/tiles-3-1848_Sodra_Barnsjon_638908-127974.dzi
652705-125521,"Södra Bullaresjön",2-0216_Södra Bullaresjön_652705-125521.tif,svar/zips/S_dra_Bullaresj_n/652705-125521-kartor/web/tiles-2-0216_Sodra_Bullaresjon_652705-125521.dzi
632860-138338,"Södra Fyllen",2-1110_Södra Fyllen_632860-138338.jpg,svar/zips/S_dra_Fyllen/632860-138338-kartor/web/tiles-2-1110_Sodra_Fyllen_632860-138338.dzi
631309-134951,"Södra Färgen",0-0153_Södra Färgen_631309-134951.tif,svar/zips/S_dra_F_rgen/631309-134951-kartor/web/tiles-0-0153_Sodra_Fargen_631309-134951.dzi
656118-142818,"Södra Holmsjön",3-4568_Södra Holmsjön_656118-142818.tif,svar/zips/S_dra_Holmsj_n/656118-142818-kartor/web/tiles-3-4568_Sodra_Holmsjon_656118-142818.dzi
636365-136675,"Södra Gussjö",3-0864_Södra Gussjö_636365-136675.tif,svar/zips/S_dra_Gussj_/636365-136675-kartor/web/tiles-3-0864_Sodra_Gussjo_636365-136675.dzi
652556-126311,"Södra Kornsjön",2-0217_Nedre Kornsjön_652556-126311.tif,svar/zips/S_dra_Kornsj_n/652556-126311-kartor/web/tiles-2-0217_Nedre_Kornsjon_652556-126311.dzi
625904-147672,"Södra Gölen",3-5564_Södra Gölen_625904-147672.tif,svar/zips/S_dra_G_len/625904-147672-kartor/web/tiles-3-5564_Sodra_Golen_625904-147672.dzi
632860-138338,"Södra Fyllen",2-1110_Södra Fyllen_632860-138338.tif,svar/zips/S_dra_Fyllen/632860-138338-kartor/web/tiles-2-1110_Sodra_Fyllen_632860-138338.dzi
631309-134951,"Södra Färgen",3-0862_Södra Färgen_631309-134951.tif,svar/zips/S_dra_F_rgen/631309-134951-kartor/web/tiles-3-0862_Sodra_Fargen_631309-134951.dzi
636365-136675,"Södra Gussjö",3-0865_Södra Gussjö_636365-136675.tif,svar/zips/S_dra_Gussj_/636365-136675-kartor/web/tiles-3-0865_Sodra_Gussjo_636365-136675.dzi
656118-142818,"Södra Holmsjön",5-0117_Södra Holmsjön_656118-142818.tif,svar/zips/S_dra_Holmsj_n/656118-142818-kartor/web/tiles-5-0117_Sodra_Holmsjon_656118-142818.dzi
624565-141240,"Södra Kroksjön",2-0994_Södra Kroksjön_624565-141240.jpg,svar/zips/S_dra_Kroksj_n/624565-141240-kartor/web/tiles-2-0994_Sodra_Kroksjon_624565-141240.dzi
652705-125521,"Södra Bullaresjön",3-1568a_Södra Bullaresjön_652705-125521.tif,svar/zips/S_dra_Bullaresj_n/652705-125521-kartor/web/tiles-3-1568a_Sodra_Bullaresjon_652705-125521.dzi
633927-134242,"Södra Bolsjön",3-2135_Södra Bolsjön_633927-134242.tif,svar/zips/S_dra_Bolsj_n/633927-134242-kartor/web/tiles-3-2135_Sodra_Bolsjon_633927-134242.dzi
633770-141503,"Södra Kulingen",3-5602_Södra Kulingen_633770-141503.tif,svar/zips/S_dra_Kulingen/633770-141503-kartor/web/tiles-3-5602_Sodra_Kulingen_633770-141503.dzi
631309-134951,"Södra Färgen",3-6532_Södra Färgen_631309-134951.jpg,svar/zips/S_dra_F_rgen/631309-134951-kartor/web/tiles-3-6532_Sodra_Fargen_631309-134951.dzi
631285-132554,"Södra Långasjön",3-5112_Södra Långasjön_631285-132554.tif,svar/zips/S_dra_L_ngasj_n/631285-132554-kartor/web/tiles-3-5112_Sodra_Langasjon_631285-132554.dzi
639780-127609,"Södra Långevattnet",3-4223_Södra Långevattnet_639780-127609.tif,svar/zips/S_dra_L_ngevattnet/639780-127609-kartor/web/tiles-3-4223_Sodra_Langevattnet_639780-127609.dzi
636365-136675,"Södra Gussjö",5-0047_Södra Gussjö_636365-136675.pdf,svar/zips/S_dra_Gussj_/636365-136675-kartor/web/tiles-5-0047_Sodra_Gussjo_636365-136675.dzi
652705-125521,"Södra Bullaresjön",3-1568b_Södra Bullaresjön_652705-125521.tif,svar/zips/S_dra_Bullaresj_n/652705-125521-kartor/web/tiles-3-1568b_Sodra_Bullaresjon_652705-125521.dzi
624565-141240,"Södra Kroksjön",2-0994_Södra Kroksjön_624565-141240.tif,svar/zips/S_dra_Kroksj_n/624565-141240-kartor/web/tiles-2-0994_Sodra_Kroksjon_624565-141240.dzi
631309-134951,"Södra Färgen",3-6532_Södra Färgen_631309-134951.tif,svar/zips/S_dra_F_rgen/631309-134951-kartor/web/tiles-3-6532_Sodra_Fargen_631309-134951.dzi
633942-130223,"Södra Stensjön",3-2838_Södra Stensjön_633942-130223.tif,svar/zips/S_dra_Stensj_n/633942-130223-kartor/web/tiles-3-2838_Sodra_Stensjon_633942-130223.dzi
637939-137301,"Södra Mossebosjön",3-0870_Södra Mossebosjön_637939-137301.tif,svar/zips/S_dra_Mossebosj_n/637939-137301-kartor/web/tiles-3-0870_Sodra_Mossebosjon_637939-137301.dzi
637156-137940,"Södra Trollsjön",3-2136_Södra Trollsjön_637156-137940.tif,svar/zips/S_dra_Trollsj_n/637156-137940-kartor/web/tiles-3-2136_Sodra_Trollsjon_637156-137940.dzi
627373-140736,"Södra Virestadsjön",2-0299_Södra Virestadsjön_627373-140736.tif,svar/zips/S_dra_Virestadsj_n/627373-140736-kartor/web/tiles-2-0299_Sodra_Virestadsjon_627373-140736.dzi
637234-137340,"Södra Vallsjön",5-0049_Södra Vallsjön_637234-137340.pdf,svar/zips/S_dra_Vallsj_n/637234-137340-kartor/web/tiles-5-0049_Sodra_Vallsjon_637234-137340.dzi
652705-125521,"Södra Bullaresjön",3-1568c_Södra Bullaresjön_652705-125521.tif,svar/zips/S_dra_Bullaresj_n/652705-125521-kartor/web/tiles-3-1568c_Sodra_Bullaresjon_652705-125521.dzi
623408-144782,"Södra �llesjön",3-5997_Södra Öllesjön_623408-144782.tif,svar/zips/S_dra_llesj_n/623408-144782-kartor/web/tiles-3-5997_Sodra_Ollesjon_623408-144782.dzi
637156-137940,"Södra Trollsjön",5-0048_Södra Trollsjön_637156-137940.pdf,svar/zips/S_dra_Trollsj_n/637156-137940-kartor/web/tiles-5-0048_Sodra_Trollsjon_637156-137940.dzi
633263-131430,"Södra Välasjö",3-5226_Södra Välasjö_633263-131430b.tif,svar/zips/S_dra_V_lasj_/633263-131430-kartor/web/tiles-3-5226_Sodra_Valasjo_633263-131430b.dzi
639017-144472,"Södra Vixen",2-0297_Södra Vixen_639017-144472.tif,svar/zips/S_dra_Vixen/639017-144472-kartor/web/tiles-2-0297_Sodra_Vixen_639017-144472.dzi
632983-141674,"Södra �lten",2-0950_Södra Älten_632983-141674.jpg,svar/zips/S_dra_lten/632983-141674-kartor/web/tiles-2-0950_Sodra_Alten_632983-141674.dzi
623827-147352,"Södregöl",3-0783_Södregöl_623827-147352.tif,svar/zips/S_dreg_l/623827-147352-kartor/web/tiles-3-0783_Sodregol_623827-147352.dzi
625865-147376,"Södra �&sjön",3-3187_Södra Åsjön_625865-147376.tif,svar/zips/S_dra_sj_n/625865-147376-kartor/web/tiles-3-3187_Sodra_Asjon_625865-147376.dzi
637696-141169,"Södre-Sjö",3-5241_Södresjö_637696-141169.tif,svar/zips/S_dre-Sj_/637696-141169-kartor/web/tiles-3-5241_Sodresjo_637696-141169.dzi
630406-143665,"Södresjö",2-0157_Södresjö_630406-143665.tif,svar/zips/S_dresj_/630406-143665-kartor/web/tiles-2-0157_Sodresjo_630406-143665.dzi
637939-137301,"Södra Mossebosjön",3-6296_Södra Mossebosjön_637939-137301.tif,svar/zips/S_dra_Mossebosj_n/637939-137301-kartor/web/tiles-3-6296_Sodra_Mossebosjon_637939-137301.dzi
639017-144472,"Södra Vixen",3-0754_Södra Vixen_639017-144472.tif,svar/zips/S_dra_Vixen/639017-144472-kartor/web/tiles-3-0754_Sodra_Vixen_639017-144472.dzi
633263-131430,"Södra Välasjö",3-5226_Södra Välasjö_633263-131430c.tif,svar/zips/S_dra_V_lasj_/633263-131430-kartor/web/tiles-3-5226_Sodra_Valasjo_633263-131430c.dzi
639610-138406,"Sågeviksdammen",3-5733_Sågeviksdammen_639610-138406.tif,svar/zips/S_geviksdammen/639610-138406-kartor/web/tiles-3-5733_Sageviksdammen_639610-138406.dzi
634599-135343,"Söingen",3-4586_Söingen_634599-135343.tif,svar/zips/S_ingen/634599-135343-kartor/web/tiles-3-4586_Soingen_634599-135343.dzi
639362-134159,"Såken",2-0393_Såken_639362-134159a.tif,svar/zips/S_ken/639362-134159-kartor/web/tiles-2-0393_Saken_639362-134159a.dzi
651293-153607,"Sågkärret",3-1763_Sågkärret_651293-153607.tif,svar/zips/S_gk_rret/651293-153607-kartor/web/tiles-3-1763_Sagkarret_651293-153607.dzi
630406-143665,"Södresjö",3-6622_Södra Bergundasjön_630406-143665.jpg,svar/zips/S_dresj_/630406-143665-kartor/web/tiles-3-6622_Sodra_Bergundasjon_630406-143665.dzi
639017-144472,"Södra Vixen",3-6345_Södra Vixen_639017-144472.jpg,svar/zips/S_dra_Vixen/639017-144472-kartor/web/tiles-3-6345_Sodra_Vixen_639017-144472.dzi
653249-124836,"Söletjärn",3-4267_Söletjärn_653249-124836.tif,svar/zips/S_letj_rn/653249-124836-kartor/web/tiles-3-4267_Soletjarn_653249-124836.dzi
652280-126317,"Sälesjön",3-1746_Sälesjön_652280-126317.tif,svar/zips/S_lesj_n/652280-126317-kartor/web/tiles-3-1746_Salesjon_652280-126317.dzi
639362-134159,"Såken",2-0393_Såken_639362-134159b.tif,svar/zips/S_ken/639362-134159-kartor/web/tiles-2-0393_Saken_639362-134159b.dzi
634570-147131,"Säljen",0-0104_Säljen_634570-147131.tif,svar/zips/S_ljen/634570-147131-kartor/web/tiles-0-0104_Saljen_634570-147131.dzi
632983-141674,"Södra �lten",2-0950_Södra Älten_632983-141674.tif,svar/zips/S_dra_lten/632983-141674-kartor/web/tiles-2-0950_Sodra_Alten_632983-141674.dzi
630406-143665,"Södresjö",3-6622_Södra Bergundasjön_630406-143665.tif,svar/zips/S_dresj_/630406-143665-kartor/web/tiles-3-6622_Sodra_Bergundasjon_630406-143665.dzi
639017-144472,"Södra Vixen",3-6345_Södra Vixen_639017-144472.tif,svar/zips/S_dra_Vixen/639017-144472-kartor/web/tiles-3-6345_Sodra_Vixen_639017-144472.dzi
637424-136968,"Sänkesjön",3-2513_Sänkesjön_637424-136968.tif,svar/zips/S_nkesj_n/637424-136968-kartor/web/tiles-3-2513_Sankesjon_637424-136968.dzi
656755-141273,"Sälsjön",2-0365_Sälsjön_656755-141273a.tif,svar/zips/S_lsj_n/656755-141273-kartor/web/tiles-2-0365_Salsjon_656755-141273a.dzi
623904-146710,"Sänksjön",3-5515_Sänksjön_623904-146710.tif,svar/zips/S_nksj_n/623904-146710-kartor/web/tiles-3-5515_Sanksjon_623904-146710.dzi
641649-131981,"Sälsjön",2-0602_Sälsjön_641649-131981.tif,svar/zips/S_lsj_n/641649-131981-kartor/web/tiles-2-0602_Salsjon_641649-131981.dzi
655823-131038,"Sågetjärnet",3-6767_Sågetjärnet_655823-131038.jpg,svar/zips/S_getj_rnet/655823-131038-kartor/web/tiles-3-6767_Sagetjarnet_655823-131038.dzi
632490-144339,"Sörabysjön",3-0805_Sörabysjön_632490-144339.tif,svar/zips/S_rabysj_n/632490-144339-kartor/web/tiles-3-0805_Sorabysjon_632490-144339.dzi
656755-141273,"Sälsjön",2-0365_Sälsjön_656755-141273b.tif,svar/zips/S_lsj_n/656755-141273-kartor/web/tiles-2-0365_Salsjon_656755-141273b.dzi
651667-141412,"Sänningen",3-0741_Sänningen_651667-141412.tif,svar/zips/S_nningen/651667-141412-kartor/web/tiles-3-0741_Sanningen_651667-141412.dzi
651345-143162,"Sör-�mten",5-0135_Sör-Ämten_651345-143162.tif,svar/zips/S_r-_mten/651345-143162-kartor/web/tiles-5-0135_Sor-Amten_651345-143162.dzi
634851-146054,"Sörasjön",3-3964_Sörasjön_634851-146054.tif,svar/zips/S_rasj_n/634851-146054-kartor/web/tiles-3-3964_Sorasjon_634851-146054.dzi
634272-129453,"Sämbosjön",3-2840_Sämbosjön_634272-129453.tif,svar/zips/S_mbosj_n/634272-129453-kartor/web/tiles-3-2840_Sambosjon_634272-129453.dzi
624421-147234,"Sännen",3-0782_Sännen_624421-147234.tif,svar/zips/S_nnen/624421-147234-kartor/web/tiles-3-0782_Sannen_624421-147234.dzi
635376-145777,"Sörasjön",2-0312_Sörasjön_635376-145777.tif,svar/zips/S_rasj_n/635376-145777-kartor/web/tiles-2-0312_Sorasjon_635376-145777.dzi
655823-131038,"Sågetjärnet",3-6767_Sågetjärnet_655823-131038.tif,svar/zips/S_getj_rnet/655823-131038-kartor/web/tiles-3-6767_Sagetjarnet_655823-131038.dzi
626259-148127,"Sörsjön",5-0465_Sörsjön_626259-148127.tif,svar/zips/S_rsj_n/626259-148127-kartor/web/tiles-5-0465_Sorsjon_626259-148127.dzi
626703-148079,"Sörsjön",3-3860_Sörsjön_626703-148079a.tif,svar/zips/S_rsj_n/626703-148079-kartor/web/tiles-3-3860_Sorsjon_626703-148079a.dzi
651345-143162,"Sör-�mten",5-0135_Sör_Amten_651345-143162.pdf,svar/zips/S_r-_mten/651345-143162-kartor/web/tiles-5-0135_Sor_Amten_651345-143162.dzi
637360-142278,"Sörsjön",3-5665_Sörsjön_637360-142278.tif,svar/zips/S_rsj_n/637360-142278-kartor/web/tiles-3-5665_Sorsjon_637360-142278.dzi
631128-153986,"Sörefjärd",5-0436_Sörefjärd_631128-153986.tif,svar/zips/S_refj_rd/631128-153986-kartor/web/tiles-5-0436_Sorefjard_631128-153986.dzi
639836-139755,"Sörsjön",3-6305_Sörsjön_639836-139755.tif,svar/zips/S_rsj_n/639836-139755-kartor/web/tiles-3-6305_Sorsjon_639836-139755.dzi
627320-149553,"Sörsjön",5-0450a_Sörsjön_627320-149553.tif,svar/zips/S_rsj_n/627320-149553-kartor/web/tiles-5-0450a_Sorsjon_627320-149553.dzi
626703-148079,"Sörsjön",3-3860_Sörsjön_626703-148079b.tif,svar/zips/S_rsj_n/626703-148079-kartor/web/tiles-3-3860_Sorsjon_626703-148079b.dzi
640939-136927,"Sörsjön",3-4758_Sörsjön_640939-136927.tif,svar/zips/S_rsj_n/640939-136927-kartor/web/tiles-3-4758_Sorsjon_640939-136927.dzi
651267-151652,"Sörsjön",2-0849_Sörsjön_651267-151652.tif,svar/zips/S_rsj_n/651267-151652-kartor/web/tiles-2-0849_Sorsjon_651267-151652.dzi
643313-127458,"Sörsjön",3-1097_Sörsjön_643313-127458.tif,svar/zips/S_rsj_n/643313-127458-kartor/web/tiles-3-1097_Sorsjon_643313-127458.dzi
643629-139720,"Sörvättnen",5-1045a_Sörvättnen_643629-139720.pdf,svar/zips/S_rv_ttnen/643629-139720-kartor/web/tiles-5-1045a_Sorvattnen_643629-139720.dzi
654221-160125,"Sörsjön",3-6743_Sörsjön_654221-160125.pdf,svar/zips/S_rsj_n/654221-160125-kartor/web/tiles-3-6743_Sorsjon_654221-160125.dzi
651117-125645,"Sörvattnet",3-2618_Sörvattnet_651117-125645.tif,svar/zips/S_rvattnet/651117-125645-kartor/web/tiles-3-2618_Sorvattnet_651117-125645.dzi
627320-149553,"Sörsjön",5-0450b_Sörsjön_627320-149553.tif,svar/zips/S_rsj_n/627320-149553-kartor/web/tiles-5-0450b_Sorsjon_627320-149553.dzi
624421-147234,"Sännen",3-2827_Sännen_624421-147234.tif,svar/zips/S_nnen/624421-147234-kartor/web/tiles-3-2827_Sannen_624421-147234.dzi
642740-143390,"Sötasasjön",3-2598_Sötåsasjön_642740-143390.tif,svar/zips/S_tasasj_n/642740-143390-kartor/web/tiles-3-2598_Sotasasjon_642740-143390.dzi
642208-132052,"Säsjön",3-3903_Säsjön_642208-132052a.tif,svar/zips/S_sj_n/642208-132052-kartor/web/tiles-3-3903_Sasjon_642208-132052a.dzi
616415-136415,"Sövdesjön",2-0175_Sövdesjön_616415-136415.tif,svar/zips/S_vdesj_n/616415-136415-kartor/web/tiles-2-0175_Sovdesjon_616415-136415.dzi
643629-139720,"Sörvättnen",5-1045b_Sörvättnen_643629-139720.pdf,svar/zips/S_rv_ttnen/643629-139720-kartor/web/tiles-5-1045b_Sorvattnen_643629-139720.dzi
642608-132524,"Säven",2-0203_Säven_642608-132524.tif,svar/zips/S_ven/642608-132524-kartor/web/tiles-2-0203_Saven_642608-132524.dzi
635020-147934,"Sävesjön",3-2203_Sävesjön_635020-147934.tif,svar/zips/S_vesj_n/635020-147934-kartor/web/tiles-3-2203_Savesjon_635020-147934.dzi
641461-129543,"Sävelången",1-0139_Sävelången_641461-129543.tif,svar/zips/S_vel_ngen/641461-129543-kartor/web/tiles-1-0139_Savelangen_641461-129543.dzi
616333-136689,"Sövdeborgssjön",3-4672_Sövdeborgssjön_616333-136689.tif,svar/zips/S_vdeborgssj_n/616333-136689-kartor/web/tiles-3-4672_Sovdeborgssjon_616333-136689.dzi
643313-127458,"Sörsjön",3-1523_Sörsjön_643313-127458.tif,svar/zips/S_rsj_n/643313-127458-kartor/web/tiles-3-1523_Sorsjon_643313-127458.dzi
616415-136415,"Sövdesjön",3-4674_Sövdesjön_616415-136415.tif,svar/zips/S_vdesj_n/616415-136415-kartor/web/tiles-3-4674_Sovdesjon_616415-136415.dzi
641461-129543,"Sävelången",2-0199_Sävelången_641461-129543.tif,svar/zips/S_vel_ngen/641461-129543-kartor/web/tiles-2-0199_Savelangen_641461-129543.dzi
625756-147112,"Sävsjön",3-2846_Sävsjön_625756-147112.tif,svar/zips/S_vsj_n/625756-147112-kartor/web/tiles-3-2846_Savsjon_625756-147112.dzi
632809-149950,"Sävsjön",3-2367_Sävsjön_632809-149950.tif,svar/zips/S_vsj_n/632809-149950-kartor/web/tiles-3-2367_Savsjon_632809-149950.dzi
635901-146890,"Sävsebosjön",3-3963_Sävsebosjön_635901-146890.tif,svar/zips/S_vsebosj_n/635901-146890-kartor/web/tiles-3-3963_Savsebosjon_635901-146890.dzi
642208-132052,"Säsjön",3-3903_Säsjön_642208-132052b.tif,svar/zips/S_sj_n/642208-132052-kartor/web/tiles-3-3903_Sasjon_642208-132052b.dzi
629511-134482,"Sävseredssjön",3-5084_Sävseredssjön_629511-134482.tif,svar/zips/S_vseredssj_n/629511-134482-kartor/web/tiles-3-5084_Savseredssjon_629511-134482.dzi
624523-145596,"Sävsjön",3-2972_Sävsjön_624523-145596.tif,svar/zips/S_vsj_n/624523-145596-kartor/web/tiles-3-2972_Savsjon_624523-145596.dzi
635503-149740,"Sävsjön",3-2873_Sävsjön_635503-149740.tif,svar/zips/S_vsj_n/635503-149740-kartor/web/tiles-3-2873_Savsjon_635503-149740.dzi
636395-150847,"Sävsjön",3-2874_Sävsjön_636395-150847.tif,svar/zips/S_vsj_n/636395-150847-kartor/web/tiles-3-2874_Savsjon_636395-150847.dzi
635030-135088,"Sävsjön",3-2542_Sävsjön_635030-135088.tif,svar/zips/S_vsj_n/635030-135088-kartor/web/tiles-3-2542_Savsjon_635030-135088.dzi
632809-149950,"Sävsjön",3-3839_Sävsjön_632809-149950a.tif,svar/zips/S_vsj_n/632809-149950-kartor/web/tiles-3-3839_Savsjon_632809-149950a.dzi
638144-132744,"Sävsjön",3-5582_Sävsjön_638144-132744.tif,svar/zips/S_vsj_n/638144-132744-kartor/web/tiles-3-5582_Savsjon_638144-132744.dzi
638270-142851,"Sävsjön",3-3878_Sävsjön_638270-142851a.tif,svar/zips/S_vsj_n/638270-142851-kartor/web/tiles-3-3878_Savsjon_638270-142851a.dzi
641461-129543,"Sävelången",3-1040_Sävelången_641461-129543.tif,svar/zips/S_vel_ngen/641461-129543-kartor/web/tiles-3-1040_Savelangen_641461-129543.dzi
656660-141865,"Sävsjön",3-4663_Sävsjön_656660-141865.tif,svar/zips/S_vsj_n/656660-141865-kartor/web/tiles-3-4663_Savsjon_656660-141865.dzi
639481-139889,"Tahesjön",3-5730_Tahesjön_639481-139889.tif,svar/zips/Tahesj_n/639481-139889-kartor/web/tiles-3-5730_Tahesjon_639481-139889.dzi
641461-129543,"Sävelången",3-1093_Sävelången_641461-129543.tif,svar/zips/S_vel_ngen/641461-129543-kartor/web/tiles-3-1093_Savelangen_641461-129543.dzi
638837-131981,"Sävsjön",2-0386_Sävsjön_638837-131981a.tif,svar/zips/S_vsj_n/638837-131981-kartor/web/tiles-2-0386_Savsjon_638837-131981a.dzi
638270-142851,"Sävsjön",3-3878_Sävsjön_638270-142851b.tif,svar/zips/S_vsj_n/638270-142851-kartor/web/tiles-3-3878_Savsjon_638270-142851b.dzi
639459-133462,"Sävsjön",3-3670_Sävsjön_639459-133462.tif,svar/zips/S_vsj_n/639459-133462-kartor/web/tiles-3-3670_Savsjon_639459-133462.dzi
638478-128655,"Tagsjön",3-0897_Tagsjön_638478-128655.tif,svar/zips/Tagsj_n/638478-128655-kartor/web/tiles-3-0897_Tagsjon_638478-128655.dzi
632809-149950,"Sävsjön",3-3839_Sävsjön_632809-149950b.tif,svar/zips/S_vsj_n/632809-149950-kartor/web/tiles-3-3839_Savsjon_632809-149950b.dzi
655006-154512,"Taljasjön",3-0710_Taljasjön_655006-154512.tif,svar/zips/Taljasj_n/655006-154512-kartor/web/tiles-3-0710_Taljasjon_655006-154512.dzi
639061-144920,"Talluddasjön",3-2431_Talluddasjön_639061-144920.tif,svar/zips/Talluddasj_n/639061-144920-kartor/web/tiles-3-2431_Talluddasjon_639061-144920.dzi
654326-130479,"Tansjön",3-1177a_Tansjön_654326-130479.tif,svar/zips/Tansj_n/654326-130479-kartor/web/tiles-3-1177a_Tansjon_654326-130479.dzi
641461-129543,"Sävelången",3-1099_Sävelången_641461-129543.tif,svar/zips/S_vel_ngen/641461-129543-kartor/web/tiles-3-1099_Savelangen_641461-129543.dzi
638837-131981,"Sävsjön",2-0386_Sävsjön_638837-131981b.tif,svar/zips/S_vsj_n/638837-131981-kartor/web/tiles-2-0386_Savsjon_638837-131981b.dzi
638920-135478,"Tapplesjön",3-4867_Tapplesjön_638920-135478.tif,svar/zips/Tapplesj_n/638920-135478-kartor/web/tiles-3-4867_Tapplesjon_638920-135478.dzi
639911-141350,"Tenhultasjön",3-0742_Tenhultasjön_639911-141350.tif,svar/zips/Tenhultasj_n/639911-141350-kartor/web/tiles-3-0742_Tenhultasjon_639911-141350.dzi
632797-136512,"Tannsjön",3-6530_Tannsjön_632797-136512.jpg,svar/zips/Tannsj_n/632797-136512-kartor/web/tiles-3-6530_Tannsjon_632797-136512.dzi
653875-126021,"Taraldstjärnet",3-2489_Taraldstjärnet_653875-126021.tif,svar/zips/Taraldstj_rnet/653875-126021-kartor/web/tiles-3-2489_Taraldstjarnet_653875-126021.dzi
654326-130479,"Tansjön",3-1177b_Tansjön_654326-130479.tif,svar/zips/Tansj_n/654326-130479-kartor/web/tiles-3-1177b_Tansjon_654326-130479.dzi
636309-151016,"Tensjö",3-2875_Tensjö_636309-151016.tif,svar/zips/Tensj_/636309-151016-kartor/web/tiles-3-2875_Tensjo_636309-151016.dzi
651758-142888,"Tarmlången",5-0137_Tarmlången_651758-142888.tif,svar/zips/Tarml_ngen/651758-142888-kartor/web/tiles-5-0137_Tarmlangen_651758-142888.dzi
634094-144538,"Teresjön",2-0289_Teresjön_634094-144538.tif,svar/zips/Teresj_n/634094-144538-kartor/web/tiles-2-0289_Teresjon_634094-144538.dzi
654818-143265,"Testen",2-0113_Testen_654818-143265.tif,svar/zips/Testen/654818-143265-kartor/web/tiles-2-0113_Testen_654818-143265.dzi
632797-136512,"Tannsjön",3-6530_Tannsjön_632797-136512.tif,svar/zips/Tannsj_n/632797-136512-kartor/web/tiles-3-6530_Tannsjon_632797-136512.dzi
639911-141350,"Tenhultasjön",3-1829_Tenhultasjön_639911-141350.tif,svar/zips/Tenhultasj_n/639911-141350-kartor/web/tiles-3-1829_Tenhultasjon_639911-141350.dzi
654190-145510,"Tibon",2-0125_Tibon  Bladsjön_654190-145510b.tif,svar/zips/Tibon/654190-145510-kartor/web/tiles-2-0125_Tibon_Bladsjon_654190-145510b.dzi
626085-144795,"Tiken",1-0309_Tiken_626085-144795.tif,svar/zips/Tiken/626085-144795-kartor/web/tiles-1-0309_Tiken_626085-144795.dzi
650728-141952,"Tingsjön",3-6489_Tingsjön_650728-141952.jpg,svar/zips/Tingsj_n/650728-141952-kartor/web/tiles-3-6489_Tingsjon_650728-141952.dzi
651741-129436,"Teåkerssjön",3-1104_Teåkerssjön_651741-129436.tif,svar/zips/Te_kerssj_n/651741-129436-kartor/web/tiles-3-1104_Teakerssjon_651741-129436.dzi
643013-129183,"Tinnsjön",3-4815_Tinnsjön_643013-129183.tif,svar/zips/Tinnsj_n/643013-129183-kartor/web/tiles-3-4815_Tinnsjon_643013-129183.dzi
654818-143265,"Testen",3-3420_Testen_654818-143265.tif,svar/zips/Testen/654818-143265-kartor/web/tiles-3-3420_Testen_654818-143265.dzi
640431-166731,"Tingstädeträsk",2-0224_Tingstäde träsk_640431-166731.tif,svar/zips/Tingst_detr_sk/640431-166731-kartor/web/tiles-2-0224_Tingstade_trask_640431-166731.dzi
654333-146623,"Tisaren",2-0126_Tisaren_654333-146623a.tif,svar/zips/Tisaren/654333-146623-kartor/web/tiles-2-0126_Tisaren_654333-146623a.dzi
643738-151968,"Tingstadgöl",3-3266_Tingstad göl_643738-151968.tif,svar/zips/Tingstadg_l/643738-151968-kartor/web/tiles-3-3266_Tingstad_gol_643738-151968.dzi
654190-145510,"Tibon",2-0125_Tibon_654190-145510c.tif,svar/zips/Tibon/654190-145510-kartor/web/tiles-2-0125_Tibon_654190-145510c.dzi
650728-141952,"Tingsjön",3-6489_Tingsjön_650728-141952.tif,svar/zips/Tingsj_n/650728-141952-kartor/web/tiles-3-6489_Tingsjon_650728-141952.dzi
651526-127514,"Tisätersjön",3-4834_Tisätersjön_651526-127514.tif,svar/zips/Tis_tersj_n/651526-127514-kartor/web/tiles-3-4834_Tisatersjon_651526-127514.dzi
653791-125928,"Tjurevattnen (Norra)",3-1999_Tjurevattnen (Norra)_653791-125928a.tif,svar/zips/Tjurevattnen_Norra_/653791-125928-kartor/web/tiles-3-1999_Tjurevattnen_Norra_653791-125928a.dzi
643738-151968,"Tingstadgöl",3-3383_Tingstad Göl_643738-151968.tif,svar/zips/Tingstadg_l/643738-151968-kartor/web/tiles-3-3383_Tingstad_Gol_643738-151968.dzi
654333-146623,"Tisaren",2-0126_Tisaren_654333-146623b.pdf,svar/zips/Tisaren/654333-146623-kartor/web/tiles-2-0126_Tisaren_654333-146623b.dzi
653754-125934,"Tjurevattnen Södra",3-1999_Tjurevattnen Södra_653754-125934a.tif,svar/zips/Tjurevattnen_S_dra/653754-125934-kartor/web/tiles-3-1999_Tjurevattnen_Sodra_653754-125934a.dzi
643013-129183,"Tinnsjön",3-6542_Tinnsjön_643013-129183.jpg,svar/zips/Tinnsj_n/643013-129183-kartor/web/tiles-3-6542_Tinnsjon_643013-129183.dzi
636957-144811,"Tjurken",3-2503_Tjurken_636957-144811a.tif,svar/zips/Tjurken/636957-144811-kartor/web/tiles-3-2503_Tjurken_636957-144811a.dzi
630195-140578,"Tjurken",1-0307_Tjurken_630195-140578.tif,svar/zips/Tjurken/630195-140578-kartor/web/tiles-1-0307_Tjurken_630195-140578.dzi
625613-145643,"Tjurken",1-0204_Tjurken_625613-145643.tif,svar/zips/Tjurken/625613-145643-kartor/web/tiles-1-0204_Tjurken_625613-145643.dzi
639814-153618,"Tjursbosjön",3-0745_Tjursbosjön_639814-153618.tif,svar/zips/Tjursbosj_n/639814-153618-kartor/web/tiles-3-0745_Tjursbosjon_639814-153618.dzi
655960-164440,"Tjursjön",3-2397_Tjursjön_655960-164440.tif,svar/zips/Tjursj_n/655960-164440-kartor/web/tiles-3-2397_Tjursjon_655960-164440.dzi
654333-146623,"Tisaren",2-0126_Tisaren_654333-146623b.tif,svar/zips/Tisaren/654333-146623-kartor/web/tiles-2-0126_Tisaren_654333-146623b.dzi
653754-125934,"Tjurevattnen Södra",3-1999_Tjurevattnen Södra_653754-125934b.tif,svar/zips/Tjurevattnen_S_dra/653754-125934-kartor/web/tiles-3-1999_Tjurevattnen_Sodra_653754-125934b.dzi
637647-154678,"Tjustgölen",2-0346_Tjustgölen_637647-154678.tif,svar/zips/Tjustg_len/637647-154678-kartor/web/tiles-2-0346_Tjustgolen_637647-154678.dzi
643013-129183,"Tinnsjön",3-6542_Tinnsjön_643013-129183.tif,svar/zips/Tinnsj_n/643013-129183-kartor/web/tiles-3-6542_Tinnsjon_643013-129183.dzi
625613-145643,"Tjurken",2-0152_Tjurken_625613-145643.tif,svar/zips/Tjurken/625613-145643-kartor/web/tiles-2-0152_Tjurken_625613-145643.dzi
634220-153277,"Tjuståsasjön",5-0432_Tjuståsasjön_634220-153277.tif,svar/zips/Tjust_sasj_n/634220-153277-kartor/web/tiles-5-0432_Tjustasasjon_634220-153277.dzi
636957-144811,"Tjurken",3-2503_Tjurken_636957-144811b.tif,svar/zips/Tjurken/636957-144811-kartor/web/tiles-3-2503_Tjurken_636957-144811b.dzi
639814-153618,"Tjursbosjön",3-1936_Tjursbosjön_639814-153618.tif,svar/zips/Tjursbosj_n/639814-153618-kartor/web/tiles-3-1936_Tjursbosjon_639814-153618.dzi
620985-136408,"Tjörnarpasjön",3-0828_Tjörnarpasjön_620985-136408.tif,svar/zips/Tj_rnarpasj_n/620985-136408-kartor/web/tiles-3-0828_Tjornarpasjon_620985-136408.dzi
634207-132161,"Tjärnesjön",2-0563_Tjärnesjön_634207-132161a.tif,svar/zips/Tj_rnesj_n/634207-132161-kartor/web/tiles-2-0563_Tjarnesjon_634207-132161a.dzi
625613-145643,"Tjurken",3-2947_Tjurken_625613-145643.tif,svar/zips/Tjurken/625613-145643-kartor/web/tiles-3-2947_Tjurken_625613-145643.dzi
643942-125495,"Tjärne Vatten",3-4198_Tjärne vatten_643942-125495.tif,svar/zips/Tj_rne_Vatten/643942-125495-kartor/web/tiles-3-4198_Tjarne_vatten_643942-125495.dzi
639913-154442,"Tjutingen",3-3374_Tjutingen_639913-154442.tif,svar/zips/Tjutingen/639913-154442-kartor/web/tiles-3-3374_Tjutingen_639913-154442.dzi
628953-132825,"Toftasjön",3-5106_Toftasjön_628953-132825.tif,svar/zips/Toftasj_n/628953-132825-kartor/web/tiles-3-5106_Toftasjon_628953-132825.dzi
631050-144241,"Toftasjön",3-0806_Toftasjön_631050-144241.tif,svar/zips/Toftasj_n/631050-144241-kartor/web/tiles-3-0806_Toftasjon_631050-144241.dzi
634207-132161,"Tjärnesjön",2-0563_Tjärnesjön_634207-132161b.tif,svar/zips/Tj_rnesj_n/634207-132161-kartor/web/tiles-2-0563_Tjarnesjon_634207-132161b.dzi
637800-141585,"Tohultasjön",3-4031_Tohultasjön_637800-141585.tif,svar/zips/Tohultasj_n/637800-141585-kartor/web/tiles-3-4031_Tohultasjon_637800-141585.dzi
632319-143784,"Tolgasjön",2-0156_Tolgasjön_632319-143784.tif,svar/zips/Tolgasj_n/632319-143784-kartor/web/tiles-2-0156_Tolgasjon_632319-143784.dzi
641282-138013,"Tokebosjön",3-5719_Tokebosjön_641282-138013.tif,svar/zips/Tokebosj_n/641282-138013-kartor/web/tiles-3-5719_Tokebosjon_641282-138013.dzi
639814-153618,"Tjursbosjön",3-6527_Tjursbosjön_639814-153618.jpg,svar/zips/Tjursbosj_n/639814-153618-kartor/web/tiles-3-6527_Tjursbosjon_639814-153618.dzi
655199-143371,"Toften",0-0101_Toften_655199-143371b.tif,svar/zips/Toften/655199-143371-kartor/web/tiles-0-0101_Toften_655199-143371b.dzi
636869-130895,"Tolken",3-0885_Tolken_636869-130895.tif,svar/zips/Tolken/636869-130895-kartor/web/tiles-3-0885_Tolken_636869-130895.dzi
634207-132161,"Tjärnesjön",3-6602_Tjärnesjön_634207-132161.jpg,svar/zips/Tj_rnesj_n/634207-132161-kartor/web/tiles-3-6602_Tjarnesjon_634207-132161.dzi
643571-125199,"Tolleby Tjärn",3-4245_Tolleby Tjärn_643571-125199.tif,svar/zips/Tolleby_Tj_rn/643571-125199-kartor/web/tiles-3-4245_Tolleby_Tjarn_643571-125199.dzi
629026-147562,"Tomeshultagölen",5-0452_Tomeshultagölen_629026-147562.tif,svar/zips/Tomeshultag_len/629026-147562-kartor/web/tiles-5-0452_Tomeshultagolen_629026-147562.dzi
631050-144241,"Toftasjön",3-0807b_Toftasjön_631050-144241.tif,svar/zips/Toftasj_n/631050-144241-kartor/web/tiles-3-0807b_Toftasjon_631050-144241.dzi
639814-153618,"Tjursbosjön",3-6527_Tjursbosjön_639814-153618.tif,svar/zips/Tjursbosj_n/639814-153618-kartor/web/tiles-3-6527_Tjursbosjon_639814-153618.dzi
634207-132161,"Tjärnesjön",3-6602_Tjärnesjön_634207-132161.tif,svar/zips/Tj_rnesj_n/634207-132161-kartor/web/tiles-3-6602_Tjarnesjon_634207-132161.dzi
631050-144241,"Toftasjön",3-0807_Toftasjön_631050-144241.tif,svar/zips/Toftasj_n/631050-144241-kartor/web/tiles-3-0807_Toftasjon_631050-144241.dzi
652806-124941,"Torgerslundstjärnen",3-2007_Torgerslundstjärnet_652806-124941.tif,svar/zips/Torgerslundstj_rnen/652806-124941-kartor/web/tiles-3-2007_Torgerslundstjarnet_652806-124941.dzi
655199-143371,"Toften",2-0113_Toften_655199-143371.tif,svar/zips/Toften/655199-143371-kartor/web/tiles-2-0113_Toften_655199-143371.dzi
641259-135060,"Tolken",0-0125_Tolken_641259-135060.tif,svar/zips/Tolken/641259-135060-kartor/web/tiles-0-0125_Tolken_641259-135060.dzi
646125-125026,"Torebosjön",3-4254_Torebosjön_646125-125026.tif,svar/zips/Torebosj_n/646125-125026-kartor/web/tiles-3-4254_Torebosjon_646125-125026.dzi
634207-132161,"Tjärnesjön",5-1029_Tjärnesjön_634207-132161.pdf,svar/zips/Tj_rnesj_n/634207-132161-kartor/web/tiles-5-1029_Tjarnesjon_634207-132161.dzi
635123-146645,"Torpasjön",3-3358_Torpasjön_635123-146645.tif,svar/zips/Torpasj_n/635123-146645-kartor/web/tiles-3-3358_Torpasjon_635123-146645.dzi
651366-143637,"Torksjön",2-0970_Torksjön_651366-143637.tif,svar/zips/Torksj_n/651366-143637-kartor/web/tiles-2-0970_Torksjon_651366-143637.dzi
652845-147300,"Torpsjön",5-0128_Torpsjön (Blåvåmmen)_652845-147300.tif,svar/zips/Torpsj_n/652845-147300-kartor/web/tiles-5-0128_Torpsjon_Blavammen_652845-147300.dzi
629897-133883,"Torlabosjön",3-5090_Torlabosjön_629897-133883.tif,svar/zips/Torlabosj_n/629897-133883-kartor/web/tiles-3-5090_Torlabosjon_629897-133883.dzi
635123-132144,"Torpasjön",2-0614_Torpasjön_635123-132144a.tif,svar/zips/Torpasj_n/635123-132144-kartor/web/tiles-2-0614_Torpasjon_635123-132144a.dzi
641259-135060,"Tolken",3-0884_Tolken_641259-135060a.tif,svar/zips/Tolken/641259-135060-kartor/web/tiles-3-0884_Tolken_641259-135060a.dzi
630037-135928,"Torserydssjön",2-0221_Torserydssjön_630037-135928.tif,svar/zips/Torserydssj_n/630037-135928-kartor/web/tiles-2-0221_Torserydssjon_630037-135928.dzi
627364-149604,"Torsjön",5-0450a_Torsjön_627364-149604.tif,svar/zips/Torsj_n/627364-149604-kartor/web/tiles-5-0450a_Torsjon_627364-149604.dzi
644180-127892,"Torrgårdsvatten",2-1122_Torrgårdsvatten_644180-127892.jpg,svar/zips/Torrg_rdsvatten/644180-127892-kartor/web/tiles-2-1122_Torrgardsvatten_644180-127892.dzi
641517-129927,"Torskabotten",1-0140_Torskabotten_641517-129927.tif,svar/zips/Torskabotten/641517-129927-kartor/web/tiles-1-0140_Torskabotten_641517-129927.dzi
629110-144602,"Torsjön",2-0163_Torsjön_629110-144602.tif,svar/zips/Torsj_n/629110-144602-kartor/web/tiles-2-0163_Torsjon_629110-144602.dzi
628971-132894,"Torvsjön",3-5099_Torvsjön_628971-132894.tif,svar/zips/Torvsj_n/628971-132894-kartor/web/tiles-3-5099_Torvsjon_628971-132894.dzi
654493-128700,"Torrsjön",3-4792_Torrsjön_654493-128700.tif,svar/zips/Torrsj_n/654493-128700-kartor/web/tiles-3-4792_Torrsjon_654493-128700.dzi
641259-135060,"Tolken",3-0884_Tolken_641259-135060b.tif,svar/zips/Tolken/641259-135060-kartor/web/tiles-3-0884_Tolken_641259-135060b.dzi
644180-127892,"Torrgårdsvatten",2-1122_Torrgårdsvatten_644180-127892.tif,svar/zips/Torrg_rdsvatten/644180-127892-kartor/web/tiles-2-1122_Torrgardsvatten_644180-127892.dzi
628222-133207,"Tostarpasjön",3-4694_Tostarpasjön_628222-133207.tif,svar/zips/Tostarpasj_n/628222-133207-kartor/web/tiles-3-4694_Tostarpasjon_628222-133207.dzi
627364-149604,"Torsjön",5-0450b_Torsjön_627364-149604.tif,svar/zips/Torsj_n/627364-149604-kartor/web/tiles-5-0450b_Torsjon_627364-149604.dzi
641517-129927,"Torskabotten",2-0230_Torskabotten_641517-129927.tif,svar/zips/Torskabotten/641517-129927-kartor/web/tiles-2-0230_Torskabotten_641517-129927.dzi
625857-147846,"Totasjön",3-5570_Totasjön_625857-147846.tif,svar/zips/Totasj_n/625857-147846-kartor/web/tiles-3-5570_Totasjon_625857-147846.dzi
628222-133207,"Tostarpasjön",3-6549_Tostarpasjön_628222-133207.jpg,svar/zips/Tostarpasj_n/628222-133207-kartor/web/tiles-3-6549_Tostarpasjon_628222-133207.dzi
650611-125916,"Tovetjärnsvattnet",3-3096_Tovetjärnsvattnet_650611-125916.tif,svar/zips/Tovetj_rnsvattnet/650611-125916-kartor/web/tiles-3-3096_Tovetjarnsvattnet_650611-125916.dzi
625912-149481,"Transjön",2-1099_Transjön_625912-149481.jpg,svar/zips/Transj_n/625912-149481-kartor/web/tiles-2-1099_Transjon_625912-149481.dzi
629503-147737,"Transjön",5-0473_Transjön_629503-147737.tif,svar/zips/Transj_n/629503-147737-kartor/web/tiles-5-0473_Transjon_629503-147737.dzi
644180-127892,"Torrgårdsvatten",3-4732_Torrgårdsvatten_644180-127892.tif,svar/zips/Torrg_rdsvatten/644180-127892-kartor/web/tiles-3-4732_Torrgardsvatten_644180-127892.dzi
641517-129927,"Torskabotten",3-1067_Torskabotten_641517-129927.tif,svar/zips/Torskabotten/641517-129927-kartor/web/tiles-3-1067_Torskabotten_641517-129927.dzi
652523-126120,"Trantjärn",3-1907_Trantjärn_652523-126120.tif,svar/zips/Trantj_rn/652523-126120-kartor/web/tiles-3-1907_Trantjarn_652523-126120.dzi
628222-133207,"Tostarpasjön",3-6549_Tostarpasjön_628222-133207.tif,svar/zips/Tostarpasj_n/628222-133207-kartor/web/tiles-3-6549_Tostarpasjon_628222-133207.dzi
625912-149481,"Transjön",2-1099_Transjön_625912-149481.tif,svar/zips/Transj_n/625912-149481-kartor/web/tiles-2-1099_Transjon_625912-149481.dzi
644336-152904,"Trehörn",3-3398_Trehörn_644336-152904.tif,svar/zips/Treh_rn/644336-152904-kartor/web/tiles-3-3398_Trehorn_644336-152904.dzi
655281-162326,"Transjön",3-1881_Transjön_655281-162326.tif,svar/zips/Transj_n/655281-162326-kartor/web/tiles-3-1881_Transjon_655281-162326.dzi
650465-126919,"Trehörnesjön",3-2984_Trehörnesjön_650465-126919a.tif,svar/zips/Treh_rnesj_n/650465-126919-kartor/web/tiles-3-2984_Trehornesjon_650465-126919a.dzi
644963-144277,"Trehörnasjön",3-3684_Trehörnasjön_644963-144277.tif,svar/zips/Treh_rnasj_n/644963-144277-kartor/web/tiles-3-3684_Trehornasjon_644963-144277.dzi
640235-152398,"Trehörn",3-5584_Trehörn_640235-152398.tif,svar/zips/Treh_rn/640235-152398-kartor/web/tiles-3-5584_Trehorn_640235-152398.dzi
626651-144098,"Trehörnasjön",3-0792_Trehörnasjön_626651-144098.tif,svar/zips/Treh_rnasj_n/626651-144098-kartor/web/tiles-3-0792_Trehornasjon_626651-144098.dzi
625912-149481,"Transjön",3-3859_Transjön_625912-149481a.tif,svar/zips/Transj_n/625912-149481-kartor/web/tiles-3-3859_Transjon_625912-149481a.dzi
624652-146727,"Trehörningen",3-2812_Trehörningen_624652-146727.tif,svar/zips/Treh_rningen/624652-146727-kartor/web/tiles-3-2812_Trehorningen_624652-146727.dzi
651481-126088,"Trehörnesjön",3-1906_Trehörnesjön_651481-126088.tif,svar/zips/Treh_rnesj_n/651481-126088-kartor/web/tiles-3-1906_Trehornesjon_651481-126088.dzi
626238-148299,"Trehörningen",3-2377_Trehörningen_626238-148299.tif,svar/zips/Treh_rningen/626238-148299-kartor/web/tiles-3-2377_Trehorningen_626238-148299.dzi
625912-149481,"Transjön",3-3859_Transjön_625912-149481b.tif,svar/zips/Transj_n/625912-149481-kartor/web/tiles-3-3859_Transjon_625912-149481b.dzi
650465-126919,"Trehörnesjön",3-2984_Trehörnesjön_650465-126919b.tif,svar/zips/Treh_rnesj_n/650465-126919-kartor/web/tiles-3-2984_Trehornesjon_650465-126919b.dzi
639725-137271,"Trehörningen",3-4869_Trehörningen_639725-137271.tif,svar/zips/Treh_rningen/639725-137271-kartor/web/tiles-3-4869_Trehorningen_639725-137271.dzi
638433-149629,"Trehörningen",3-3620_Trehörningen_638433-149629.tif,svar/zips/Treh_rningen/638433-149629-kartor/web/tiles-3-3620_Trehorningen_638433-149629.dzi
641147-150451,"Trehörningen",3-3621_Trehörningen_641147-150451.tif,svar/zips/Treh_rningen/641147-150451-kartor/web/tiles-3-3621_Trehorningen_641147-150451.dzi
637546-135196,"Tranemosjön",3-0874_Tranemosjön_637546-135196.tif,svar/zips/Tranemosj_n/637546-135196-kartor/web/tiles-3-0874_Tranemosjon_637546-135196.dzi
645928-129078,"Trehörningen",3-1080_Trehörningen_645928-129078.tif,svar/zips/Treh_rningen/645928-129078-kartor/web/tiles-3-1080_Trehorningen_645928-129078.dzi
643822-129577,"Trehörningen",3-4829_Trehörningen_643822-129577.tif,svar/zips/Treh_rningen/643822-129577-kartor/web/tiles-3-4829_Trehorningen_643822-129577.dzi
639393-145393,"Trehörningen",3-3015_Trehörningen_639393-145393.tif,svar/zips/Treh_rningen/639393-145393-kartor/web/tiles-3-3015_Trehorningen_639393-145393.dzi
643946-144915,"Trehörningstorpssjön",3-2595_Trehörningstorpssjön_643946-144915.tif,svar/zips/Treh_rningstorpssj_n/643946-144915-kartor/web/tiles-3-2595_Trehorningstorpssjon_643946-144915.dzi
634297-148608,"Triasjö",3-3790_Triasjö_634297-148608a.tif,svar/zips/Triasj_/634297-148608-kartor/web/tiles-3-3790_Triasjo_634297-148608a.dzi
653719-126009,"Tresticketjärn",3-1753_Tresticketjärn_653719-126009.tif,svar/zips/Tresticketj_rn/653719-126009-kartor/web/tiles-3-1753_Tresticketjarn_653719-126009.dzi
641933-127992,"Trollsjön",3-1053_Trollsjön_641933-127992.tif,svar/zips/Trollsj_n/641933-127992-kartor/web/tiles-3-1053_Trollsjon_641933-127992.dzi
656093-162737,"Trehörningen",3-1866_Trehörningen_656093-162737.tif,svar/zips/Treh_rningen/656093-162737-kartor/web/tiles-3-1866_Trehorningen_656093-162737.dzi
651543-151859,"Trehörningen",3-2997_Trehörningen_651543-151859.tif,svar/zips/Treh_rningen/651543-151859-kartor/web/tiles-3-2997_Trehorningen_651543-151859.dzi
634482-130770,"Trollasjön",3-6404_Trollasjön_634482-130770.jpg,svar/zips/Trollasj_n/634482-130770-kartor/web/tiles-3-6404_Trollasjon_634482-130770.dzi
644049-127417,"Trollsåsvattnet",3-4192_Trollåsvattnet_644049-127417.tif,svar/zips/Trolls_svattnet/644049-127417-kartor/web/tiles-3-4192_Trollasvattnet_644049-127417.dzi
643448-130632,"Trollsjön",3-1012_Trollsjön_643448-130632.tif,svar/zips/Trollsj_n/643448-130632-kartor/web/tiles-3-1012_Trollsjon_643448-130632.dzi
655224-159182,"Trönsjön",1-0153_Trönsjön_655224-159182.tif,svar/zips/Tr_nsj_n/655224-159182-kartor/web/tiles-1-0153_Tronsjon_655224-159182.dzi
655109-162627,"Träsksjön",3-6646_Träsksjön_655109-162627.tif,svar/zips/Tr_sksj_n/655109-162627-kartor/web/tiles-3-6646_Trasksjon_655109-162627.dzi
630447-143993,"Trummen",3-0808_Trummen_630447-143993.tif,svar/zips/Trummen/630447-143993-kartor/web/tiles-3-0808_Trummen_630447-143993.dzi
639270-127788,"Tulebosjön",3-0924_Tulebosjön_639270-127788.tif,svar/zips/Tulebosj_n/639270-127788-kartor/web/tiles-3-0924_Tulebosjon_639270-127788.dzi
634482-130770,"Trollasjön",3-6404_Trollasjön_634482-130770.tif,svar/zips/Trollasj_n/634482-130770-kartor/web/tiles-3-6404_Trollasjon_634482-130770.dzi
636169-153984,"Trästen",1-0241_Trästen_636169-153984.tif,svar/zips/Tr_sten/636169-153984-kartor/web/tiles-1-0241_Trasten_636169-153984.dzi
639860-129501,"Tulltjärn",3-1631_Tulltjärn_639860-129501.tif,svar/zips/Tulltj_rn/639860-129501-kartor/web/tiles-3-1631_Tulltjarn_639860-129501.dzi
656772-160798,"Tullan",2-0240_Tullan_656772-160798.tif,svar/zips/Tullan/656772-160798-kartor/web/tiles-2-0240_Tullan_656772-160798.dzi
643175-151997,"Trollsjön",3-3236_Trollsjön_643175-151997.tif,svar/zips/Trollsj_n/643175-151997-kartor/web/tiles-3-3236_Trollsjon_643175-151997.dzi
630447-143993,"Trummen",3-6620_Trummen_630447-143993.jpg,svar/zips/Trummen/630447-143993-kartor/web/tiles-3-6620_Trummen_630447-143993.dzi
638091-152095,"Tunasjön",3-3711_Tunasjön_638091-152095.tif,svar/zips/Tunasj_n/638091-152095-kartor/web/tiles-3-3711_Tunasjon_638091-152095.dzi
635135-135923,"Tuskebosjön",3-2078_Tuskebosjön_635135-135923.tif,svar/zips/Tuskebosj_n/635135-135923-kartor/web/tiles-3-2078_Tuskebosjon_635135-135923.dzi
633258-134316,"Tunnerbohultasjön",2-0578_Tunnerbohultasjön_633258-134316a.tif,svar/zips/Tunnerbohultasj_n/633258-134316-kartor/web/tiles-2-0578_Tunnerbohultasjon_633258-134316a.dzi
656772-160798,"Tullan",5-0976_Tullan_656772-160798.pdf,svar/zips/Tullan/656772-160798-kartor/web/tiles-5-0976_Tullan_656772-160798.dzi
630447-143993,"Trummen",3-6620_Trummen_630447-143993.tif,svar/zips/Trummen/630447-143993-kartor/web/tiles-3-6620_Trummen_630447-143993.dzi
627944-137864,"Tuvesjön",3-2938_Tuvesjön_627944-137864.tif,svar/zips/Tuvesj_n/627944-137864-kartor/web/tiles-3-2938_Tuvesjon_627944-137864.dzi
634297-148608,"Triasjö",3-3790_Triasjö_634297-148608b.tif,svar/zips/Triasj_/634297-148608-kartor/web/tiles-3-3790_Triasjo_634297-148608b.dzi
633258-134316,"Tunnerbohultasjön",2-0578_Tunnerbohultasjön_633258-134316b.tif,svar/zips/Tunnerbohultasj_n/633258-134316-kartor/web/tiles-2-0578_Tunnerbohultasjon_633258-134316b.dzi
636784-152980,"Tvingen",1-0247_Tvingen_636784-152980.tif,svar/zips/Tvingen/636784-152980-kartor/web/tiles-1-0247_Tvingen_636784-152980.dzi
632312-131265,"Tussjö",3-5223_Tussjö_632312-131265a.tif,svar/zips/Tussj_/632312-131265-kartor/web/tiles-3-5223_Tussjo_632312-131265a.dzi
640773-129726,"Tvärsjön",3-1070_Tvärsjön_640773-129726.tif,svar/zips/Tv_rsj_n/640773-129726-kartor/web/tiles-3-1070_Tvarsjon_640773-129726.dzi
636784-152980,"Tvingen",3-1944_Tvingen_636784-152980.tif,svar/zips/Tvingen/636784-152980-kartor/web/tiles-3-1944_Tvingen_636784-152980.dzi
648338-127037,"Tvitjuvan",3-3080_Tvittjuvan_648338-127037.tif,svar/zips/Tvitjuvan/648338-127037-kartor/web/tiles-3-3080_Tvittjuvan_648338-127037.dzi
634482-130770,"Trollasjön",5-1030_Trollasjön_634482-130770.pdf,svar/zips/Trollasj_n/634482-130770-kartor/web/tiles-5-1030_Trollasjon_634482-130770.dzi
624561-143870,"Tvättegylet",3-5940_Tvättegylet_624561-143870.tif,svar/zips/Tv_ttegylet/624561-143870-kartor/web/tiles-3-5940_Tvattegylet_624561-143870.dzi
655483-123925,"Tvetvattnet",3-4003_Tvetvattnet_655483-123925.tif,svar/zips/Tvetvattnet/655483-123925-kartor/web/tiles-3-4003_Tvetvattnet_655483-123925.dzi
632312-131265,"Tussjö",3-5223_Tussjö_632312-131265b.tif,svar/zips/Tussj_/632312-131265-kartor/web/tiles-3-5223_Tussjo_632312-131265b.dzi
639280-152636,"Tyreln",3-3397_Tyreln_639280-152636.tif,svar/zips/Tyreln/639280-152636-kartor/web/tiles-3-3397_Tyreln_639280-152636.dzi
642521-127432,"Tvibotten",3-4183_Tvibotten_642521-127432.tif,svar/zips/Tvibotten/642521-127432-kartor/web/tiles-3-4183_Tvibotten_642521-127432.dzi
641029-130739,"Tvättesjön",2-0380_Tvättesjön_641029-130739a.tif,svar/zips/Tv_ttesj_n/641029-130739-kartor/web/tiles-2-0380_Tvattesjon_641029-130739a.dzi
629365-133851,"Töddesjön",3-5089_Töddesjön_629365-133851.tif,svar/zips/T_ddesj_n/629365-133851-kartor/web/tiles-3-5089_Toddesjon_629365-133851.dzi
647411-144338,"Tåkern",2-0139_Tåkern_647411-144338.tif,svar/zips/T_kern/647411-144338-kartor/web/tiles-2-0139_Takern_647411-144338.dzi
653475-153875,"Täljaren",3-5658_Täljaren_653475-153875.tif,svar/zips/T_ljaren/653475-153875-kartor/web/tiles-3-5658_Taljaren_653475-153875.dzi
632312-131265,"Tussjö",3-5223_Tussjö_632312-131265c.tif,svar/zips/Tussj_/632312-131265-kartor/web/tiles-3-5223_Tussjo_632312-131265c.dzi
634396-146561,"Tällagölen",3-3578_Tällagölen_634396-146561.tif,svar/zips/T_llag_len/634396-146561-kartor/web/tiles-3-3578_Tallagolen_634396-146561.dzi
638101-153532,"Tällsjön",2-0318_Tällsjön_638101-153532.jpg,svar/zips/T_llsj_n/638101-153532-kartor/web/tiles-2-0318_Tallsjon_638101-153532.dzi
623681-138848,"Tydingen",2-0834_Tydingen_623681-138848a.tif,svar/zips/Tydingen/623681-138848-kartor/web/tiles-2-0834_Tydingen_623681-138848a.dzi
640854-130982,"Töllsjön",2-0226_Töllsjön_640854-130982a.tif,svar/zips/T_llsj_n/640854-130982-kartor/web/tiles-2-0226_Tollsjon_640854-130982a.dzi
641029-130739,"Tvättesjön",2-0380_Tvättesjön_641029-130739b.tif,svar/zips/Tv_ttesj_n/641029-130739-kartor/web/tiles-2-0380_Tvattesjon_641029-130739b.dzi
647411-144338,"Tåkern",3-0731_Tåkern_647411-144338.tif,svar/zips/T_kern/647411-144338-kartor/web/tiles-3-0731_Takern_647411-144338.dzi
636181-137711,"Töllstorpasjön",3-4021_Töllstorpasjön_636181-137711.tif,svar/zips/T_llstorpasj_n/636181-137711-kartor/web/tiles-3-4021_Tollstorpasjon_636181-137711.dzi
638101-153532,"Tällsjön",2-0318_Tällsjön_638101-153532.tif,svar/zips/T_llsj_n/638101-153532-kartor/web/tiles-2-0318_Tallsjon_638101-153532.dzi
632521-149690,"Tämmen",3-2345_Tämmen_632521-149690.tif,svar/zips/T_mmen/632521-149690-kartor/web/tiles-3-2345_Tammen_632521-149690.dzi
632312-131265,"Tussjö",3-5223_Tussjö_632312-131265d.tif,svar/zips/Tussj_/632312-131265-kartor/web/tiles-3-5223_Tussjo_632312-131265d.dzi
623681-138848,"Tydingen",2-0834_Tydingen_623681-138848b.tif,svar/zips/Tydingen/623681-138848-kartor/web/tiles-2-0834_Tydingen_623681-138848b.dzi
632521-149690,"Tämmen",3-3838_Tämmen_632521-149690a.tif,svar/zips/T_mmen/632521-149690-kartor/web/tiles-3-3838_Tammen_632521-149690a.dzi
640854-130982,"Töllsjön",2-0226_Töllsjön_640854-130982b.tif,svar/zips/T_llsj_n/640854-130982-kartor/web/tiles-2-0226_Tollsjon_640854-130982b.dzi
637120-145525,"Tångerdasjön",3-3751_Tångaredasjön_637120-145525.tif,svar/zips/T_ngerdasj_n/637120-145525-kartor/web/tiles-3-3751_Tangaredasjon_637120-145525.dzi
641897-146290,"Tången",3-2830_Tången_641897-146290.tif,svar/zips/T_ngen/641897-146290-kartor/web/tiles-3-2830_Tangen_641897-146290.dzi
647411-144338,"Tåkern",3-0732_Tåkern_647411-144338.tif,svar/zips/T_kern/647411-144338-kartor/web/tiles-3-0732_Takern_647411-144338.dzi
632312-131265,"Tussjö",3-6453_Tussjö_632312-131265.jpg,svar/zips/Tussj_/632312-131265-kartor/web/tiles-3-6453_Tussjo_632312-131265.dzi
636181-137711,"Töllstorpasjön",5-0051_Töllstorpasjön_636181-137711.pdf,svar/zips/T_llstorpasj_n/636181-137711-kartor/web/tiles-5-0051_Tollstorpasjon_636181-137711.dzi
637121-151366,"Tängersjö",3-3431_Tängersjö_637121-151366.tif,svar/zips/T_ngersj_/637121-151366-kartor/web/tiles-3-3431_Tangersjo_637121-151366.dzi
637973-140507,"Tängsjön",3-1805_Tängsjön_637973-140507.tif,svar/zips/T_ngsj_n/637973-140507-kartor/web/tiles-3-1805_Tangsjon_637973-140507.dzi
632521-149690,"Tämmen",3-3838_Tämmen_632521-149690b.tif,svar/zips/T_mmen/632521-149690-kartor/web/tiles-3-3838_Tammen_632521-149690b.dzi
627100-148506,"Törn",1-0152_Törn_627100-148506.tif,svar/zips/T_rn/627100-148506-kartor/web/tiles-1-0152_Torn_627100-148506.dzi
634876-131277,"Töresjö",2-0609_Töresjö_634876-131277a.tif,svar/zips/T_resj_/634876-131277-kartor/web/tiles-2-0609_Toresjo_634876-131277a.dzi
627326-148250,"Törngöl",5-0472_Törngöl_627326-148250.tif,svar/zips/T_rng_l/627326-148250-kartor/web/tiles-5-0472_Torngol_627326-148250.dzi
639290-142730,"Törsbosjön",3-3880_Törsbosjön_639290-142730a.tif,svar/zips/T_rsbosj_n/639290-142730-kartor/web/tiles-3-3880_Torsbosjon_639290-142730a.dzi
632312-131265,"Tussjö",3-6453_Tussjö_632312-131265.tif,svar/zips/Tussj_/632312-131265-kartor/web/tiles-3-6453_Tussjo_632312-131265.dzi
641482-128933,"Tösjön",3-1045_Tösjön_641482-128933.tif,svar/zips/T_sj_n/641482-128933-kartor/web/tiles-3-1045_Tosjon_641482-128933.dzi
627016-142433,"Tärningetorpssjön",2-0956_Tärningetorpssjön_627016-142433.jpg,svar/zips/T_rningetorpssj_n/627016-142433-kartor/web/tiles-2-0956_Tarningetorpssjon_627016-142433.dzi
642187-132096,"Tåsjön",3-3902_Tåsjön_642187-132096a.tif,svar/zips/T_sj_n/642187-132096-kartor/web/tiles-3-3902_Tasjon_642187-132096a.dzi
632312-131265,"Tussjö",5-1031_Tussjö_632312-131265.pdf,svar/zips/Tussj_/632312-131265-kartor/web/tiles-5-1031_Tussjo_632312-131265.dzi
641575-134211,"Tåsjön",3-4883_Tåsjön_641575-134211.tif,svar/zips/T_sj_n/641575-134211-kartor/web/tiles-3-4883_Tasjon_641575-134211.dzi
627016-142433,"Tärningetorpssjön",2-0956_Tärningetorpssjön_627016-142433.tif,svar/zips/T_rningetorpssj_n/627016-142433-kartor/web/tiles-2-0956_Tarningetorpssjon_627016-142433.dzi
637121-151366,"Tängersjö",5-1069_Tängersjö_637121-151366.jpg,svar/zips/T_ngersj_/637121-151366-kartor/web/tiles-5-1069_Tangersjo_637121-151366.dzi
642187-132096,"Tåsjön",3-3902_Tåsjön_642187-132096b.tif,svar/zips/T_sj_n/642187-132096-kartor/web/tiles-3-3902_Tasjon_642187-132096b.dzi
625087-141142,"Ubbasjön",2-0996_Ubbasjön_625087-141142.jpg,svar/zips/Ubbasj_n/625087-141142-kartor/web/tiles-2-0996_Ubbasjon_625087-141142.dzi
649479-124590,"Tåsteröds Stora Vatten",2-0402_Tåsteröds Stora Vatten_649479-124590a.tif,svar/zips/T_ster_ds_Stora_Vatten/649479-124590-kartor/web/tiles-2-0402_Tasterods_Stora_Vatten_649479-124590a.dzi
644046-131374,"Tåsjön",3-4842_Tåsjön_644046-131374.tif,svar/zips/T_sj_n/644046-131374-kartor/web/tiles-3-4842_Tasjon_644046-131374.dzi
637702-139404,"Uddebogöl",3-5402_Uddebogöl_637702-139404.tif,svar/zips/Uddebog_l/637702-139404-kartor/web/tiles-3-5402_Uddebogol_637702-139404.dzi
625087-141142,"Ubbasjön",2-0996_Ubbasjön_625087-141142.tif,svar/zips/Ubbasj_n/625087-141142-kartor/web/tiles-2-0996_Ubbasjon_625087-141142.dzi
625956-141898,"Udryen",2-0997_Udryen_625956-141898.jpg,svar/zips/Udryen/625956-141898-kartor/web/tiles-2-0997_Udryen_625956-141898.dzi
639386-130643,"Ulasjön",3-5586_Ulasjön_639386-130643.tif,svar/zips/Ulasj_n/639386-130643-kartor/web/tiles-3-5586_Ulasjon_639386-130643.dzi
624509-150128,"Ulvasjön",3-3854_Ulvasjön_624509-150128a.tif,svar/zips/Ulvasj_n/624509-150128-kartor/web/tiles-3-3854_Ulvasjon_624509-150128a.dzi
625013-140573,"Ulkenesjön",2-1041_Ulkenesjön_625013-140573.jpg,svar/zips/Ulkenesj_n/625013-140573-kartor/web/tiles-2-1041_Ulkenesjon_625013-140573.dzi
625956-141898,"Udryen",2-0997_Udryen_625956-141898.tif,svar/zips/Udryen/625956-141898-kartor/web/tiles-2-0997_Udryen_625956-141898.dzi
634876-131277,"Töresjö",2-0609_Töresjö_634876-131277b.tif,svar/zips/T_resj_/634876-131277-kartor/web/tiles-2-0609_Toresjo_634876-131277b.dzi
639290-142730,"Törsbosjön",3-3880_Törsbosjön_639290-142730b.tif,svar/zips/T_rsbosj_n/639290-142730-kartor/web/tiles-3-3880_Torsbosjon_639290-142730b.dzi
625566-145371,"Ulvasjön",3-5502_Ulvasjön_625566-145371.tif,svar/zips/Ulvasj_n/625566-145371-kartor/web/tiles-3-5502_Ulvasjon_625566-145371.dzi
625013-140573,"Ulkenesjön",2-1041_Ulkenesjön_625013-140573.tif,svar/zips/Ulkenesj_n/625013-140573-kartor/web/tiles-2-1041_Ulkenesjon_625013-140573.dzi
635428-145121,"Ulvebogölen",3-3360_Ulvebogölen_635428-145121.tif,svar/zips/Ulvebog_len/635428-145121-kartor/web/tiles-3-3360_Ulvebogolen_635428-145121.dzi
626299-147457,"Ulvasjön",3-3865_Ulvasjön_626299-147457a.tif,svar/zips/Ulvasj_n/626299-147457-kartor/web/tiles-3-3865_Ulvasjon_626299-147457a.dzi
630956-136285,"Unnen",3-0850_Unnen_630956-136285.tif,svar/zips/Unnen/630956-136285-kartor/web/tiles-3-0850_Unnen_630956-136285.dzi
628148-148419,"Ubbemålasjön",5-0471_Ubbemålasjön_628148-148419.tif,svar/zips/Ubbem_lasj_n/628148-148419-kartor/web/tiles-5-0471_Ubbemalasjon_628148-148419.dzi
649479-124590,"Tåsteröds Stora Vatten",2-0402_Tåsteröds Stora Vatten_649479-124590b.tif,svar/zips/T_ster_ds_Stora_Vatten/649479-124590-kartor/web/tiles-2-0402_Tasterods_Stora_Vatten_649479-124590b.dzi
626299-147457,"Ulvasjön",3-3865_Ulvasjön_626299-147457b.tif,svar/zips/Ulvasj_n/626299-147457-kartor/web/tiles-3-3865_Ulvasjon_626299-147457b.dzi
639772-131913,"Uppsalen",2-0384_Uppsalen_639772-131913a.tif,svar/zips/Uppsalen/639772-131913-kartor/web/tiles-2-0384_Uppsalen_639772-131913a.dzi
624509-150128,"Ulvasjön",3-3854_Ulvasjön_624509-150128b.tif,svar/zips/Ulvasj_n/624509-150128-kartor/web/tiles-3-3854_Ulvasjon_624509-150128b.dzi
651567-141795,"Unden",2-0140_Unden_651567-141795.tif,svar/zips/Unden/651567-141795-kartor/web/tiles-2-0140_Unden_651567-141795.dzi
634876-131277,"Töresjö",2-0609_Töresjö_634876-131277c.tif,svar/zips/T_resj_/634876-131277-kartor/web/tiles-2-0609_Toresjo_634876-131277c.dzi
626299-147457,"Ulvasjön",3-5556_Ulvasjön_626299-147457.tif,svar/zips/Ulvasj_n/626299-147457-kartor/web/tiles-3-5556_Ulvasjon_626299-147457.dzi
637266-143824,"Uppsjön",3-4032_Uppsjön_637266-143824.tif,svar/zips/Uppsj_n/637266-143824-kartor/web/tiles-3-4032_Uppsjon_637266-143824.dzi
639772-131913,"Uppsalen",2-0384_Uppsalen_639772-131913b.tif,svar/zips/Uppsalen/639772-131913-kartor/web/tiles-2-0384_Uppsalen_639772-131913b.dzi
644165-152660,"Uppsalen",3-3371_Uppsalen_644165-152660.tif,svar/zips/Uppsalen/644165-152660-kartor/web/tiles-3-3371_Uppsalen_644165-152660.dzi
639046-138687,"Uppsjön",3-5734_Uppsjön_639046-138687.tif,svar/zips/Uppsj_n/639046-138687-kartor/web/tiles-3-5734_Uppsjon_639046-138687.dzi
624509-150128,"Ulvasjön",3-6359_Ulvasjön_624509-150128.jpg,svar/zips/Ulvasj_n/624509-150128-kartor/web/tiles-3-6359_Ulvasjon_624509-150128.dzi
641068-129720,"Uspen",3-1069_Uspen_641068-129720.tif,svar/zips/Uspen/641068-129720-kartor/web/tiles-3-1069_Uspen_641068-129720.dzi
633395-148736,"Urasjö",3-6232_Urasjö_633395-148736a.tif,svar/zips/Urasj_/633395-148736-kartor/web/tiles-3-6232_Urasjo_633395-148736a.dzi
656562-161394,"Uttran",3-6607_Uttran_656562-161394.jpg,svar/zips/Uttran/656562-161394-kartor/web/tiles-3-6607_Uttran_656562-161394.dzi
651567-141795,"Unden",3-0733_Unden_651567-141795a.tif,svar/zips/Unden/651567-141795-kartor/web/tiles-3-0733_Unden_651567-141795a.dzi
635592-145071,"Uvbergsgölen",3-3579_Uvbergsgölen_635592-145071.tif,svar/zips/Uvbergsg_len/635592-145071-kartor/web/tiles-3-3579_Uvbergsgolen_635592-145071.dzi
634876-131277,"Töresjö",2-0609_Töresjö_634876-131277d.tif,svar/zips/T_resj_/634876-131277-kartor/web/tiles-2-0609_Toresjo_634876-131277d.dzi
646136-128426,"Utby Lång",3-4827_Utby Lång_646136-128426.tif,svar/zips/Utby_L_ng/646136-128426-kartor/web/tiles-3-4827_Utby_Lang_646136-128426.dzi
624509-150128,"Ulvasjön",3-6359_Ulvasjön_624509-150128.tif,svar/zips/Ulvasj_n/624509-150128-kartor/web/tiles-3-6359_Ulvasjon_624509-150128.dzi
633395-148736,"Urasjö",3-6232_Urasjö_633395-148736b.tif,svar/zips/Urasj_/633395-148736-kartor/web/tiles-3-6232_Urasjo_633395-148736b.dzi
651567-141795,"Unden",3-0733_Unden_651567-141795b.tif,svar/zips/Unden/651567-141795-kartor/web/tiles-3-0733_Unden_651567-141795b.dzi
653719-154547,"Vadsbrosjön",3-4681_Vadsbrosjön_653719-154547a.tif,svar/zips/Vadsbrosj_n/653719-154547-kartor/web/tiles-3-4681_Vadsbrosjon_653719-154547a.dzi
656562-161394,"Uttran",3-6607_Uttran_656562-161394.pdf,svar/zips/Uttran/656562-161394-kartor/web/tiles-3-6607_Uttran_656562-161394.dzi
655235-123914,"Vaglarna",3-4002_Vaglarna_655235-123914.tif,svar/zips/Vaglarna/655235-123914-kartor/web/tiles-3-4002_Vaglarna_655235-123914.dzi
651567-141795,"Unden",3-0734_Unden_651567-141795.tif,svar/zips/Unden/651567-141795-kartor/web/tiles-3-0734_Unden_651567-141795.dzi
655463-123271,"Vagnsjö",3-4004_Vagnsjö_655463-123271.tif,svar/zips/Vagnsj_/655463-123271-kartor/web/tiles-3-4004_Vagnsjo_655463-123271.dzi
639356-147338,"Vagnsjön",3-6594_Vagnsjön_639356-147338.tif,svar/zips/Vagnsj_n/639356-147338-kartor/web/tiles-3-6594_Vagnsjon_639356-147338.dzi
633395-148736,"Urasjö",3-6232_Urasjö_633395-148736c.tif,svar/zips/Urasj_/633395-148736-kartor/web/tiles-3-6232_Urasjo_633395-148736c.dzi
656562-161394,"Uttran",3-6607_Uttran_656562-161394.tif,svar/zips/Uttran/656562-161394-kartor/web/tiles-3-6607_Uttran_656562-161394.dzi
644414-144025,"Vagnsjön",3-3687_Vagnsjön_644414-144025.tif,svar/zips/Vagnsj_n/644414-144025-kartor/web/tiles-3-3687_Vagnsjon_644414-144025.dzi
637018-142188,"Vakåsasjön",3-5595_Vakåsasjön_637018-142188.tif,svar/zips/Vak_sasj_n/637018-142188-kartor/web/tiles-3-5595_Vakasasjon_637018-142188.dzi
656562-161394,"Uttran",3-6608_Uttran och Utterkalven_656562-161394.jpg,svar/zips/Uttran/656562-161394-kartor/web/tiles-3-6608_Uttran_och_Utterkalven_656562-161394.dzi
633503-130204,"Valasjön",3-2412_Valasjön_633503-130204.tif,svar/zips/Valasj_n/633503-130204-kartor/web/tiles-3-2412_Valasjon_633503-130204.dzi
643108-143427,"Valen",3-2924_Valen_643108-143427.tif,svar/zips/Valen/643108-143427-kartor/web/tiles-3-2924_Valen_643108-143427.dzi
633395-148736,"Urasjö",3-6232_Urasjö_633395-148736d.tif,svar/zips/Urasj_/633395-148736-kartor/web/tiles-3-6232_Urasjo_633395-148736d.dzi
653719-154547,"Vadsbrosjön",3-4681_Vadsbrosjön_653719-154547b.tif,svar/zips/Vadsbrosj_n/653719-154547-kartor/web/tiles-3-4681_Vadsbrosjon_653719-154547b.dzi
647762-137280,"Vagnsjön",3-1508_Vagnsjön_647762-137280.tif,svar/zips/Vagnsj_n/647762-137280-kartor/web/tiles-3-1508_Vagnsjon_647762-137280.dzi
655241-156276,"Valingen",1-0150_Valingen_655241-156276.tif,svar/zips/Valingen/655241-156276-kartor/web/tiles-1-0150_Valingen_655241-156276.dzi
634876-131277,"Töresjö",2-0609_Töresjö_634876-131277e.tif,svar/zips/T_resj_/634876-131277-kartor/web/tiles-2-0609_Toresjo_634876-131277e.dzi
633395-148736,"Urasjö",3-6232_Urasjö_633395-148736e.tif,svar/zips/Urasj_/633395-148736-kartor/web/tiles-3-6232_Urasjo_633395-148736e.dzi
635436-130093,"Valasjön",3-2253_Valasjön_635436-130093.tif,svar/zips/Valasj_n/635436-130093-kartor/web/tiles-3-2253_Valasjon_635436-130093.dzi
643986-127365,"Valevattnet",3-3991_Valevattnet_643986-127365.tif,svar/zips/Valevattnet/643986-127365-kartor/web/tiles-3-3991_Valevattnet_643986-127365.dzi
655561-127926,"Valsebotjärnet",3-4791_Valsebotjärnet_655561-127926.tif,svar/zips/Valsebotj_rnet/655561-127926-kartor/web/tiles-3-4791_Valsebotjarnet_655561-127926.dzi
636887-143795,"Vallsjön",1-0188_Vallsjön_636887-143795.tif,svar/zips/Vallsj_n/636887-143795-kartor/web/tiles-1-0188_Vallsjon_636887-143795.dzi
645438-130031,"Vanderydsvattnet",0-0085_Vanderydsvattnet_645438-130031.tif,svar/zips/Vanderydsvattnet/645438-130031-kartor/web/tiles-0-0085_Vanderydsvattnet_645438-130031.dzi
641547-137649,"Vallsjön",3-4783_Vallsjön_641547-137649.tif,svar/zips/Vallsj_n/641547-137649-kartor/web/tiles-3-4783_Vallsjon_641547-137649.dzi
643484-129754,"Valsjön",3-1101_Valsjön_643484-129754.tif,svar/zips/Valsj_n/643484-129754-kartor/web/tiles-3-1101_Valsjon_643484-129754.dzi
633395-148736,"Urasjö",3-6232_Urasjö_633395-148736f.tif,svar/zips/Urasj_/633395-148736-kartor/web/tiles-3-6232_Urasjo_633395-148736f.dzi
634876-131277,"Töresjö",2-0609_Töresjö_634876-131277f.tif,svar/zips/T_resj_/634876-131277-kartor/web/tiles-2-0609_Toresjo_634876-131277f.dzi
633503-130204,"Valasjön",3-3553_Valasjön_633503-130204a.tif,svar/zips/Valasj_n/633503-130204-kartor/web/tiles-3-3553_Valasjon_633503-130204a.dzi
639836-131385,"Vannasjön",3-5861_Vannasjön_639836-131385.tif,svar/zips/Vannasj_n/639836-131385-kartor/web/tiles-3-5861_Vannasjon_639836-131385.dzi
636887-143795,"Vallsjön",5-1041_Vallsjön_636887-143795.pdf,svar/zips/Vallsj_n/636887-143795-kartor/web/tiles-5-1041_Vallsjon_636887-143795.dzi
638045-141168,"Varggölen",3-5398_Varggölen_638045-141168.tif,svar/zips/Vargg_len/638045-141168-kartor/web/tiles-3-5398_Varggolen_638045-141168.dzi
626165-135064,"Vannåsasjön",3-3037_Vannåsasjön_626165-135064.tif,svar/zips/Vann_sasj_n/626165-135064-kartor/web/tiles-3-3037_Vannasasjon_626165-135064.dzi
633395-148736,"Urasjö",3-6232_Urasjö_633395-148736g.tif,svar/zips/Urasj_/633395-148736-kartor/web/tiles-3-6232_Urasjo_633395-148736g.dzi
645438-130031,"Vanderydsvattnet",3-1084_Vanderydsvattnet_645438-130031.tif,svar/zips/Vanderydsvattnet/645438-130031-kartor/web/tiles-3-1084_Vanderydsvattnet_645438-130031.dzi
633503-130204,"Valasjön",3-3553_Valasjön_633503-130204b.tif,svar/zips/Valasj_n/633503-130204-kartor/web/tiles-3-3553_Valasjon_633503-130204b.dzi
655814-160159,"Vaskasjöarna Nv",3-2337_Norra Vaskasjön_655814-160159.tif,svar/zips/Vaskasj_arna_Nv/655814-160159-kartor/web/tiles-3-2337_Norra_Vaskasjon_655814-160159.dzi
643470-130695,"Varsjön",3-1032_Varsjön_643470-130695.tif,svar/zips/Varsj_n/643470-130695-kartor/web/tiles-3-1032_Varsjon_643470-130695.dzi
626165-135064,"Vannåsasjön",3-6380_Vannåsasjön_626165-135064.jpg.jpg,svar/zips/Vann_sasj_n/626165-135064-kartor/web/tiles-3-6380_Vannasasjon_626165-135064.jpg.dzi
622912-133472,"Vasasjön",3-2589_Vasasjön_622912-133472.tif,svar/zips/Vasasj_n/622912-133472-kartor/web/tiles-3-2589_Vasasjon_622912-133472.dzi
634876-131277,"Töresjö",2-0978_Töresjö_634876-131277.jpg,svar/zips/T_resj_/634876-131277-kartor/web/tiles-2-0978_Toresjo_634876-131277.dzi
623977-146739,"Vassasjön",3-5516_Vassasjön_623977-146739.tif,svar/zips/Vassasj_n/623977-146739-kartor/web/tiles-3-5516_Vassasjon_623977-146739.dzi
638988-134470,"Vassgården",3-4760_Vassgården_638988-134470.tif,svar/zips/Vassg_rden/638988-134470-kartor/web/tiles-3-4760_Vassgarden_638988-134470.dzi
626165-135064,"Vannåsasjön",3-6380_Vannåsasjön_626165-135064.jpg.tif,svar/zips/Vann_sasj_n/626165-135064-kartor/web/tiles-3-6380_Vannasasjon_626165-135064.jpg.dzi
649250-126206,"Vassbotten",3-2570_Vassbotten_649250-126206.tif,svar/zips/Vassbotten/649250-126206-kartor/web/tiles-3-2570_Vassbotten_649250-126206.dzi
640555-131844,"Vatthulta Sjö",2-0603_Vatthulta sjö_640555-131844.tif,svar/zips/Vatthulta_Sj_/640555-131844-kartor/web/tiles-2-0603_Vatthulta_sjo_640555-131844.dzi
649092-127664,"Vassalen",3-4808_Vassalen_649092-127664.tif,svar/zips/Vassalen/649092-127664-kartor/web/tiles-3-4808_Vassalen_649092-127664.dzi
620667-135754,"Vaxsjön",3-0836_Vaxsjön_620667-135754.tif,svar/zips/Vaxsj_n/620667-135754-kartor/web/tiles-3-0836_Vaxsjon_620667-135754.dzi
634876-131277,"Töresjö",2-0978_Töresjö_634876-131277.tif,svar/zips/T_resj_/634876-131277-kartor/web/tiles-2-0978_Toresjo_634876-131277.dzi
649682-126439,"Vattnerödsjön",3-2474_Vattnerödsjön_649682-126439.tif,svar/zips/Vattner_dsj_n/649682-126439-kartor/web/tiles-3-2474_Vattnerodsjon_649682-126439.dzi
635373-152440,"Veningen",1-0240_Veningen_635373-152440.tif,svar/zips/Veningen/635373-152440-kartor/web/tiles-1-0240_Veningen_635373-152440.dzi
634876-131277,"Töresjö",5-1032_Töresjö_634876-131277.pdf,svar/zips/T_resj_/634876-131277-kartor/web/tiles-5-1032_Toresjo_634876-131277.dzi
639243-139625,"Vederydssjön",3-6431_Vederydssjön_639243-139625.jpg,svar/zips/Vederydssj_n/639243-139625-kartor/web/tiles-3-6431_Vederydssjon_639243-139625.dzi
655767-144465,"Velandasjön",2-0498_Velandasjön_655767-144465a.tif,svar/zips/Velandasj_n/655767-144465-kartor/web/tiles-2-0498_Velandasjon_655767-144465a.dzi
624747-134672,"Vemmentorpasjön",3-5820_Vemmentorpasjön_624747-134672a.tif,svar/zips/Vemmentorpasj_n/624747-134672-kartor/web/tiles-3-5820_Vemmentorpasjon_624747-134672a.dzi
651117-141366,"Velen",3-0735_Velen_651117-141366.tif,svar/zips/Velen/651117-141366-kartor/web/tiles-3-0735_Velen_651117-141366.dzi
636742-148800,"Vensjön",3-2876_Vensjön_636742-148800.tif,svar/zips/Vensj_n/636742-148800-kartor/web/tiles-3-2876_Vensjon_636742-148800.dzi
639243-139625,"Vederydssjön",3-6431_Vederydssjön_639243-139625.tif,svar/zips/Vederydssj_n/639243-139625-kartor/web/tiles-3-6431_Vederydssjon_639243-139625.dzi
637263-151504,"Ver",3-3764_Ver_637263-151504a.tif,svar/zips/Ver/637263-151504-kartor/web/tiles-3-3764_Ver_637263-151504a.dzi
624747-134672,"Vemmentorpasjön",3-5820_Vemmentorpasjön_624747-134672b.tif,svar/zips/Vemmentorpasj_n/624747-134672-kartor/web/tiles-3-5820_Vemmentorpasjon_624747-134672b.dzi
633503-130204,"Valasjön",3-6627_Valasjön_633503-130204.jpg,svar/zips/Valasj_n/633503-130204-kartor/web/tiles-3-6627_Valasjon_633503-130204.dzi
655767-144465,"Velandasjön",2-0498_Velandasjön_655767-144465b.tif,svar/zips/Velandasj_n/655767-144465-kartor/web/tiles-2-0498_Velandasjon_655767-144465b.dzi
617808-138546,"Verkasjön",2-1036_Verkasjön_617808-138546.jpg,svar/zips/Verkasj_n/617808-138546-kartor/web/tiles-2-1036_Verkasjon_617808-138546.dzi
640955-130634,"Veresjön",3-1064_Veresjön_640955-130634a.tif,svar/zips/Veresj_n/640955-130634-kartor/web/tiles-3-1064_Veresjon_640955-130634a.dzi
625683-137417,"Vesljungasjön",3-5842_Vesljungasjön_625683-137417a.tif,svar/zips/Vesljungasj_n/625683-137417-kartor/web/tiles-3-5842_Vesljungasjon_625683-137417a.dzi
633503-130204,"Valasjön",3-6627_Valasjön_633503-130204.tif,svar/zips/Valasj_n/633503-130204-kartor/web/tiles-3-6627_Valasjon_633503-130204.dzi
637263-151504,"Ver",3-3764_Ver_637263-151504b.tif,svar/zips/Ver/637263-151504-kartor/web/tiles-3-3764_Ver_637263-151504b.dzi
617808-138546,"Verkasjön",2-1036_Verkasjön_617808-138546.tif,svar/zips/Verkasj_n/617808-138546-kartor/web/tiles-2-1036_Verkasjon_617808-138546.dzi
640955-130634,"Veresjön",3-1064_Veresjön_640955-130634b.tif,svar/zips/Veresj_n/640955-130634-kartor/web/tiles-3-1064_Veresjon_640955-130634b.dzi
640980-130033,"Vibosjön",3-1063_Vibosjön_640980-130033.tif,svar/zips/Vibosj_n/640980-130033-kartor/web/tiles-3-1063_Vibosjon_640980-130033.dzi
631841-138929,"Vidöstern",0-0179_Vidöstern_631841-138929.tif,svar/zips/Vid_stern/631841-138929-kartor/web/tiles-0-0179_Vidostern_631841-138929.dzi
654719-144724,"Vibysjön",2-0537_Vibysjön_654719-144724.tif,svar/zips/Vibysj_n/654719-144724-kartor/web/tiles-2-0537_Vibysjon_654719-144724.dzi
651152-143540,"Vibollsjön",3-6490_Vibollsjön_651152-143540.jpg,svar/zips/Vibollsj_n/651152-143540-kartor/web/tiles-3-6490_Vibollsjon_651152-143540.dzi
625683-137417,"Vesljungasjön",3-5842_Vesljungasjön_625683-137417b.tif,svar/zips/Vesljungasj_n/625683-137417-kartor/web/tiles-3-5842_Vesljungasjon_625683-137417b.dzi
640955-130634,"Veresjön",3-1064_Veresjön_640955-130634c.tif,svar/zips/Veresj_n/640955-130634-kartor/web/tiles-3-1064_Veresjon_640955-130634c.dzi
622865-145955,"Viesjön",3-5457_Viesjön_622865-145955.tif,svar/zips/Viesj_n/622865-145955-kartor/web/tiles-3-5457_Viesjon_622865-145955.dzi
640086-131710,"Viaredssjön",0-0068_Viaredssjön_640086-131710.jpg,svar/zips/Viaredssj_n/640086-131710-kartor/web/tiles-0-0068_Viaredssjon_640086-131710.dzi
624315-146228,"Viesjön",3-3182_Viesjön_624315-146228.tif,svar/zips/Viesj_n/624315-146228-kartor/web/tiles-3-3182_Viesjon_624315-146228.dzi
631841-138929,"Vidöstern",2-0183_Vidöstern_631841-138929.tif,svar/zips/Vid_stern/631841-138929-kartor/web/tiles-2-0183_Vidostern_631841-138929.dzi
642343-135886,"Viesjön",3-4761_Viesjön_642343-135886.tif,svar/zips/Viesj_n/642343-135886-kartor/web/tiles-3-4761_Viesjon_642343-135886.dzi
651152-143540,"Vibollsjön",3-6490_Vibollsjön_651152-143540.tif,svar/zips/Vibollsj_n/651152-143540-kartor/web/tiles-3-6490_Vibollsjon_651152-143540.dzi
652780-153279,"Viggaren",3-5620_Viggaren_652780-153279.tif,svar/zips/Viggaren/652780-153279-kartor/web/tiles-3-5620_Viggaren_652780-153279.dzi
634666-147194,"Vigotten",2-0287_Vigotten_634666-147194.tif,svar/zips/Vigotten/634666-147194-kartor/web/tiles-2-0287_Vigotten_634666-147194.dzi
631841-138929,"Vidöstern",3-0851_Vidöstern_631841-138929.tif,svar/zips/Vid_stern/631841-138929-kartor/web/tiles-3-0851_Vidostern_631841-138929.dzi
640086-131710,"Viaredssjön",3-0898_Viaredssjön_640086-131710.tif,svar/zips/Viaredssj_n/640086-131710-kartor/web/tiles-3-0898_Viaredssjon_640086-131710.dzi
636632-136782,"Vikaresjön",5-0052_Vikaresjön_636632-136782.pdf,svar/zips/Vikaresj_n/636632-136782-kartor/web/tiles-5-0052_Vikaresjon_636632-136782.dzi
625683-137417,"Vesljungasjön",3-5842_Vesljungasjön_625683-137417c.tif,svar/zips/Vesljungasj_n/625683-137417-kartor/web/tiles-3-5842_Vesljungasjon_625683-137417c.dzi
649160-126453,"Viksjön",3-1558_Viksjön_649160-126453.tif,svar/zips/Viksj_n/649160-126453-kartor/web/tiles-3-1558_Viksjon_649160-126453.dzi
653000-148976,"Viflotten",3-2901_Viflotten_653000-148976.tif,svar/zips/Viflotten/653000-148976-kartor/web/tiles-3-2901_Viflotten_653000-148976.dzi
640086-131710,"Viaredssjön",3-0899_Viaredssjön_640086-131710.tif,svar/zips/Viaredssj_n/640086-131710-kartor/web/tiles-3-0899_Viaredssjon_640086-131710.dzi
631051-144611,"Vikasjön",3-0809_Vikasjön_631051-144611.tif,svar/zips/Vikasj_n/631051-144611-kartor/web/tiles-3-0809_Vikasjon_631051-144611.dzi
653745-153864,"Viksjön",3-5634_Viksjön_653745-153864.tif,svar/zips/Viksj_n/653745-153864-kartor/web/tiles-3-5634_Viksjon_653745-153864.dzi
625683-137417,"Vesljungasjön",3-5842_Vesljungasjön_625683-137417d.tif,svar/zips/Vesljungasj_n/625683-137417-kartor/web/tiles-3-5842_Vesljungasjon_625683-137417d.dzi
652162-126136,"Viletjärn",3-1957_Viletjärn_652162-126136.tif,svar/zips/Viletj_rn/652162-126136-kartor/web/tiles-3-1957_Viletjarn_652162-126136.dzi
642465-127962,"Vimmersjön",3-1054_Vimmersjön_642465-127962.tif,svar/zips/Vimmersj_n/642465-127962-kartor/web/tiles-3-1054_Vimmersjon_642465-127962.dzi
631051-144611,"Vikasjön",3-2958_Vikasjön_631051-144611.tif,svar/zips/Vikasj_n/631051-144611-kartor/web/tiles-3-2958_Vikasjon_631051-144611.dzi
627275-142183,"Vinen",3-3028_Vinen_627275-142183.tif,svar/zips/Vinen/627275-142183-kartor/web/tiles-3-3028_Vinen_627275-142183.dzi
649160-126453,"Viksjön",3-2568_Viksjön_649160-126453.tif,svar/zips/Viksj_n/649160-126453-kartor/web/tiles-3-2568_Viksjon_649160-126453.dzi
625683-137417,"Vesljungasjön",3-5842_Vesljungasjön_625683-137417e.tif,svar/zips/Vesljungasj_n/625683-137417-kartor/web/tiles-3-5842_Vesljungasjon_625683-137417e.dzi
637927-154155,"Viksjön",1-0239_Viksjön_637927-154155.tif,svar/zips/Viksj_n/637927-154155-kartor/web/tiles-1-0239_Viksjon_637927-154155.dzi
653271-144253,"Vinnasjön",2-0975_Vinnasjön_653271-144253.tif,svar/zips/Vinnasj_n/653271-144253-kartor/web/tiles-2-0975_Vinnasjon_653271-144253.dzi
647484-137007,"Vingasjön",3-1514_Vingasjön_647484-137007.tif,svar/zips/Vingasj_n/647484-137007-kartor/web/tiles-3-1514_Vingasjon_647484-137007.dzi
627780-146268,"Viren",1-0198_Viren_627780-146268.tif,svar/zips/Viren/627780-146268-kartor/web/tiles-1-0198_Viren_627780-146268.dzi
654073-151899,"Viren",0-0164_Viren_654073-151899.tif,svar/zips/Viren/654073-151899-kartor/web/tiles-0-0164_Viren_654073-151899.dzi
635472-148648,"Virserumssjön",2-1096_Virserumssjön_635472-148648.jpg,svar/zips/Virserumssj_n/635472-148648-kartor/web/tiles-2-1096_Virserumssjon_635472-148648.dzi
642164-136633,"Vinsarpasjö",3-0875_Vinsarpasjön_642164-136633.tif,svar/zips/Vinsarpasj_/642164-136633-kartor/web/tiles-3-0875_Vinsarpasjon_642164-136633.dzi
638959-152778,"Virveln",3-3367_Virveln_638959-152778.tif,svar/zips/Virveln/638959-152778-kartor/web/tiles-3-3367_Virveln_638959-152778.dzi
630507-147694,"Visjön",3-0762_Visjön_630507-147694.tif,svar/zips/Visj_n/630507-147694-kartor/web/tiles-3-0762_Visjon_630507-147694.dzi
625683-137417,"Vesljungasjön",3-5842_Vesljungasjön_625683-137417f.tif,svar/zips/Vesljungasj_n/625683-137417-kartor/web/tiles-3-5842_Vesljungasjon_625683-137417f.dzi
635472-148648,"Virserumssjön",2-1096_Virserumssjön_635472-148648.tif,svar/zips/Virserumssj_n/635472-148648-kartor/web/tiles-2-1096_Virserumssjon_635472-148648.dzi
641203-151408,"Visjön",3-3599_Visjön_641203-151408.tif,svar/zips/Visj_n/641203-151408-kartor/web/tiles-3-3599_Visjon_641203-151408.dzi
636944-134814,"Visen",2-0241_Visen_636944-134814.tif,svar/zips/Visen/636944-134814-kartor/web/tiles-2-0241_Visen_636944-134814.dzi
645193-143189,"Visjön",2-0396_Visjön_645193-143189a.tif,svar/zips/Visj_n/645193-143189-kartor/web/tiles-2-0396_Visjon_645193-143189a.dzi
633080-132874,"Vismen",1-0311_Vismen_633080-132874a.tif,svar/zips/Vismen/633080-132874-kartor/web/tiles-1-0311_Vismen_633080-132874a.dzi
634339-137159,"Vissösjön",3-6352_Vissösjön_634339-137159.jpg,svar/zips/Viss_sj_n/634339-137159-kartor/web/tiles-3-6352_Vissosjon_634339-137159.dzi
635711-133058,"Vitasjön",3-4870_Vitasjön_635711-133058.tif,svar/zips/Vitasj_n/635711-133058-kartor/web/tiles-3-4870_Vitasjon_635711-133058.dzi
623695-142465,"Vitavatten",3-2630_Vitavatten_623695-142465.tif,svar/zips/Vitavatten/623695-142465-kartor/web/tiles-3-2630_Vitavatten_623695-142465.dzi
635472-148648,"Virserumssjön",3-2307_Virserumssjön_635472-148648.tif,svar/zips/Virserumssj_n/635472-148648-kartor/web/tiles-3-2307_Virserumssjon_635472-148648.dzi
634339-137159,"Vissösjön",3-6352_Vissösjön_634339-137159.tif,svar/zips/Viss_sj_n/634339-137159-kartor/web/tiles-3-6352_Vissosjon_634339-137159.dzi
628567-149106,"Virkesjön",3-3843_Virkesjön_628567-149106a.tif,svar/zips/Virkesj_n/628567-149106-kartor/web/tiles-3-3843_Virkesjon_628567-149106a.dzi
633080-132874,"Vismen",1-0311_Vismen_633080-132874b.tif,svar/zips/Vismen/633080-132874-kartor/web/tiles-1-0311_Vismen_633080-132874b.dzi
645193-143189,"Visjön",2-0396_Visjön_645193-143189b.tif,svar/zips/Visj_n/645193-143189-kartor/web/tiles-2-0396_Visjon_645193-143189b.dzi
623695-142465,"Vitavatten",3-2825_Vitavatten_623695-142465.tif,svar/zips/Vitavatten/623695-142465-kartor/web/tiles-3-2825_Vitavatten_623695-142465.dzi
636553-138670,"Vippsjön",2-1046_Vippsjön_636553-138670.jpg,svar/zips/Vippsj_n/636553-138670-kartor/web/tiles-2-1046_Vippsjon_636553-138670.dzi
624536-145676,"Vitavatten",3-2973_Vitavatten_624536-145676.tif,svar/zips/Vitavatten/624536-145676-kartor/web/tiles-3-2973_Vitavatten_624536-145676.dzi
624658-146086,"Vitavatten",3-3172_Vitavatten_624658-146086.tif,svar/zips/Vitavatten/624658-146086-kartor/web/tiles-3-3172_Vitavatten_624658-146086.dzi
645193-143189,"Visjön",2-0396_Visjön_645193-143189c.tif,svar/zips/Visj_n/645193-143189-kartor/web/tiles-2-0396_Visjon_645193-143189c.dzi
633080-132874,"Vismen",3-6454_Vismen_633080-132874.jpg,svar/zips/Vismen/633080-132874-kartor/web/tiles-3-6454_Vismen_633080-132874.dzi
625036-135163,"Vita Sjö",3-2200_Vita sjö_625036-135163.tif,svar/zips/Vita_Sj_/625036-135163-kartor/web/tiles-3-2200_Vita_sjo_625036-135163.dzi
654873-164957,"Vitträsk",3-2332_Vitträsk_654873-164957.tif,svar/zips/Vittr_sk/654873-164957-kartor/web/tiles-3-2332_Vittrask_654873-164957.dzi
628567-149106,"Virkesjön",3-3843_Virkesjön_628567-149106b.tif,svar/zips/Virkesj_n/628567-149106-kartor/web/tiles-3-3843_Virkesjon_628567-149106b.dzi
636553-138670,"Vippsjön",2-1046_Vippsjön_636553-138670.tif,svar/zips/Vippsj_n/636553-138670-kartor/web/tiles-2-1046_Vippsjon_636553-138670.dzi
624928-136990,"Vittsjön",1-0254_Vittsjön_624928-136990.tif,svar/zips/Vittsj_n/624928-136990-kartor/web/tiles-1-0254_Vittsjon_624928-136990.dzi
645193-143189,"Visjön",2-0396_Visjön_645193-143189d.tif,svar/zips/Visj_n/645193-143189-kartor/web/tiles-2-0396_Visjon_645193-143189d.dzi
624899-144831,"Vittgyl",3-5998_Vittgyl_624899-144831.tif,svar/zips/Vittgyl/624899-144831-kartor/web/tiles-3-5998_Vittgyl_624899-144831.dzi
617666-135851,"Vombsjön",0-0064_Vombsjön_617666-135851.tif,svar/zips/Vombsj_n/617666-135851-kartor/web/tiles-0-0064_Vombsjon_617666-135851.dzi
633080-132874,"Vismen",3-6454_Vismen_633080-132874.tif,svar/zips/Vismen/633080-132874-kartor/web/tiles-3-6454_Vismen_633080-132874.dzi
649519-137757,"Vristulven",3-1471_Vristulven_649519-137757.tif,svar/zips/Vristulven/649519-137757-kartor/web/tiles-3-1471_Vristulven_649519-137757.dzi
653700-149142,"Vreden",3-2912_Vreden_653700-149142.tif,svar/zips/Vreden/653700-149142-kartor/web/tiles-3-2912_Vreden_653700-149142.dzi
637207-138329,"Voxtorpasjön",3-4295_Voxtorpasjön_637207-138329.tif,svar/zips/Voxtorpasj_n/637207-138329-kartor/web/tiles-3-4295_Voxtorpasjon_637207-138329.dzi
624928-136990,"Vittsjön",3-5840_Vittsjön_624928-136990a.tif,svar/zips/Vittsj_n/624928-136990-kartor/web/tiles-3-5840_Vittsjon_624928-136990a.dzi
633951-153070,"Vrånga Göl",3-2752_Vrånga Göl_633951-153070.tif,svar/zips/Vr_nga_G_l/633951-153070-kartor/web/tiles-3-2752_Vranga_Gol_633951-153070.dzi
637475-146936,"Vrången",3-3361_Vrången_637475-146936.tif,svar/zips/Vr_ngen/637475-146936-kartor/web/tiles-3-3361_Vrangen_637475-146936.dzi
633080-132874,"Vismen",5-1033_Vismen_633080-132874.pdf,svar/zips/Vismen/633080-132874-kartor/web/tiles-5-1033_Vismen_633080-132874.dzi
617666-135851,"Vombsjön",2-0176_Vombsjön_617666-135851.tif,svar/zips/Vombsj_n/617666-135851-kartor/web/tiles-2-0176_Vombsjon_617666-135851.dzi
649519-137757,"Vristulven",3-1472_Vristulven_649519-137757.tif,svar/zips/Vristulven/649519-137757-kartor/web/tiles-3-1472_Vristulven_649519-137757.dzi
650247-125670,"Vrångevattnet",3-3094_Vrångevattnet_650247-125670.tif,svar/zips/Vr_ngevattnet/650247-125670-kartor/web/tiles-3-3094_Vrangevattnet_650247-125670.dzi
650629-154627,"Vrångsjön",2-0846_Vrångsjön_650629-154627.tif,svar/zips/Vr_ngsj_n/650629-154627-kartor/web/tiles-2-0846_Vrangsjon_650629-154627.dzi
637207-138329,"Voxtorpasjön",5-0053_Voxtorpasjön_637207-138329.pdf,svar/zips/Voxtorpasj_n/637207-138329-kartor/web/tiles-5-0053_Voxtorpasjon_637207-138329.dzi
648398-126926,"Vrångevattnet",3-3463_Vrångevattnet_648398-126926.tif,svar/zips/Vr_ngevattnet/648398-126926-kartor/web/tiles-3-3463_Vrangevattnet_648398-126926.dzi
624928-136990,"Vittsjön",3-5840_Vittsjön_624928-136990b.tif,svar/zips/Vittsj_n/624928-136990-kartor/web/tiles-3-5840_Vittsjon_624928-136990b.dzi
650222-127192,"Vrångsjön",3-4833_Vrångsjön_650222-127192.tif,svar/zips/Vr_ngsj_n/650222-127192-kartor/web/tiles-3-4833_Vrangsjon_650222-127192.dzi
632855-136381,"Väglången",3-6571_Väglången_632855-136381.jpg,svar/zips/V_gl_ngen/632855-136381-kartor/web/tiles-3-6571_Vaglangen_632855-136381.dzi
636734-149771,"Välen",2-1097_Välen_636734-149771.jpg,svar/zips/V_len/636734-149771-kartor/web/tiles-2-1097_Valen_636734-149771.dzi
642223-137294,"Vållern",3-1467_Vållern_642223-137294.tif,svar/zips/V_llern/642223-137294-kartor/web/tiles-3-1467_Vallern_642223-137294.dzi
639768-127843,"Vällsjön",3-4185_Vällsjön_639768-127843.tif,svar/zips/V_llsj_n/639768-127843-kartor/web/tiles-3-4185_Vallsjon_639768-127843.dzi
633606-149074,"Välen",2-0361_Välen_633606-149074a.tif,svar/zips/V_len/633606-149074-kartor/web/tiles-2-0361_Valen_633606-149074a.dzi
624928-136990,"Vittsjön",3-5840_Vittsjön_624928-136990c.tif,svar/zips/Vittsj_n/624928-136990-kartor/web/tiles-3-5840_Vittsjon_624928-136990c.dzi
636734-149771,"Välen",2-1097_Välen_636734-149771.tif,svar/zips/V_len/636734-149771-kartor/web/tiles-2-1097_Valen_636734-149771.dzi
632855-136381,"Väglången",3-6571_Väglången_632855-136381.tif,svar/zips/V_gl_ngen/632855-136381-kartor/web/tiles-3-6571_Vaglangen_632855-136381.dzi
649289-124593,"Välseröd Vatten",3-4202_Välseröd vatten_649289-124593.tif,svar/zips/V_lser_d_Vatten/649289-124593-kartor/web/tiles-3-4202_Valserod_vatten_649289-124593.dzi
635629-150550,"Våmmesjö",3-3821_Våmmesjö_635629-150550a.tif,svar/zips/V_mmesj_/635629-150550-kartor/web/tiles-3-3821_Vammesjo_635629-150550a.dzi
655738-159870,"Vällingen",2-0257_Vällingen_655738-159870.tif,svar/zips/V_llingen/655738-159870-kartor/web/tiles-2-0257_Vallingen_655738-159870.dzi
633606-149074,"Välen",2-0361_Välen_633606-149074b.tif,svar/zips/V_len/633606-149074-kartor/web/tiles-2-0361_Valen_633606-149074b.dzi
636734-149771,"Välen",3-2300_Välen_636734-149771.tif,svar/zips/V_len/636734-149771-kartor/web/tiles-3-2300_Valen_636734-149771.dzi
640227-153918,"Vångaren",3-0745_Vångaren_640227-153918.tif,svar/zips/V_ngaren/640227-153918-kartor/web/tiles-3-0745_Vangaren_640227-153918.dzi
624928-136990,"Vittsjön",3-5840_Vittsjön_624928-136990d.tif,svar/zips/Vittsj_n/624928-136990-kartor/web/tiles-3-5840_Vittsjon_624928-136990d.dzi
637849-132459,"Vännebosjön",3-4884_Vännebosjön_637849-132459.tif,svar/zips/V_nnebosj_n/637849-132459-kartor/web/tiles-3-4884_Vannebosjon_637849-132459.dzi
647666-129906,"Vänern - Dalbosj - �&m",0-0156_Vänern_647666-129906.jpg,svar/zips/V_nern_-_Dalbosj_-_m/647666-129906-kartor/web/tiles-0-0156_Vanern_647666-129906.dzi
627390-150522,"Vänsjösjön",5-0451a_Vänsjösjön_627390-150522.tif,svar/zips/V_nsj_sj_n/627390-150522-kartor/web/tiles-5-0451a_Vansjosjon_627390-150522.dzi
635629-150550,"Våmmesjö",3-3821_Våmmesjö_635629-150550b.tif,svar/zips/V_mmesj_/635629-150550-kartor/web/tiles-3-3821_Vammesjo_635629-150550b.dzi
640816-129342,"Vällsjön",3-1034_Vällsjön_640816-129342.tif,svar/zips/V_llsj_n/640816-129342-kartor/web/tiles-3-1034_Vallsjon_640816-129342.dzi
624928-136990,"Vittsjön",3-5840_Vittsjön_624928-136990e.tif,svar/zips/Vittsj_n/624928-136990-kartor/web/tiles-3-5840_Vittsjon_624928-136990e.dzi
647666-129906,"Vänern - Dalbosj - �&m",2-0204_Vänern (SV Skoghall)_647666-129906.tif,svar/zips/V_nern_-_Dalbosj_-_m/647666-129906-kartor/web/tiles-2-0204_Vanern_SV_Skoghall_647666-129906.dzi
635546-146865,"Värnen",0-0086_Värnen_635546-146865.tif,svar/zips/V_rnen/635546-146865-kartor/web/tiles-0-0086_Varnen_635546-146865.dzi
624606-135677,"Värsjön",2-1045_Värsjön_624606-135677.jpg,svar/zips/V_rsj_n/624606-135677-kartor/web/tiles-2-1045_Varsjon_624606-135677.dzi
654046-128448,"Vångsjön",2-0228_Vångsjön_654046-128448.tif,svar/zips/V_ngsj_n/654046-128448-kartor/web/tiles-2-0228_Vangsjon_654046-128448.dzi
627390-150522,"Vänsjösjön",5-0451b_Vänsjösjön_627390-150522.tif,svar/zips/V_nsj_sj_n/627390-150522-kartor/web/tiles-5-0451b_Vansjosjon_627390-150522.dzi
634314-134615,"Värsjön",3-2547_Värsjön_634314-134615.tif,svar/zips/V_rsj_n/634314-134615-kartor/web/tiles-3-2547_Varsjon_634314-134615.dzi
640227-153918,"Vångaren",3-1935_Vångaren_640227-153918.tif,svar/zips/V_ngaren/640227-153918-kartor/web/tiles-3-1935_Vangaren_640227-153918.dzi
635546-146865,"Värnen",3-0755_Värnen_635546-146865.tif,svar/zips/V_rnen/635546-146865-kartor/web/tiles-3-0755_Varnen_635546-146865.dzi
624606-135677,"Värsjön",2-1045_Värsjön_624606-135677.tif,svar/zips/V_rsj_n/624606-135677-kartor/web/tiles-2-1045_Varsjon_624606-135677.dzi
624928-136990,"Vittsjön",3-5840_Vittsjön_624928-136990f.tif,svar/zips/Vittsj_n/624928-136990-kartor/web/tiles-3-5840_Vittsjon_624928-136990f.dzi
644451-143850,"Vässjön",3-3676_Vässjön_644451-143850.tif,svar/zips/V_ssj_n/644451-143850-kartor/web/tiles-3-3676_Vassjon_644451-143850.dzi
650269-125212,"Vässjevattnet",3-2559_Vässjevattnet_650269-125212.tif,svar/zips/V_ssjevattnet/650269-125212-kartor/web/tiles-3-2559_Vassjevattnet_650269-125212.dzi
634846-137573,"Väsegöl",5-0054_Väsegöl_634846-137573.pdf,svar/zips/V_seg_l/634846-137573-kartor/web/tiles-5-0054_Vasegol_634846-137573.dzi
635546-146865,"Värnen",3-1783_Värnern_635546-146865.tif,svar/zips/V_rnen/635546-146865-kartor/web/tiles-3-1783_Varnern_635546-146865.dzi
624606-135677,"Värsjön",3-5821_Värsjön_624606-135677a.tif,svar/zips/V_rsj_n/624606-135677-kartor/web/tiles-3-5821_Varsjon_624606-135677a.dzi
624928-136990,"Vittsjön",3-5840_Vittsjön_624928-136990g.tif,svar/zips/Vittsj_n/624928-136990-kartor/web/tiles-3-5840_Vittsjon_624928-136990g.dzi
656690-131202,"Väster-Svan",2-0989_Västersvan_656690-131202.jpg,svar/zips/V_ster-Svan/656690-131202-kartor/web/tiles-2-0989_Vastersvan_656690-131202.dzi
651363-143131,"Väster-�mten",5-0138_Väster-Ämten_651363-143131.tif,svar/zips/V_ster-_mten/651363-143131-kartor/web/tiles-5-0138_Vaster-Amten_651363-143131.dzi
624669-133052,"Västersjön",2-1061_Västersjön_624669-133052.jpg,svar/zips/V_stersj_n/624669-133052-kartor/web/tiles-2-1061_Vastersjon_624669-133052.dzi
626136-148695,"Västersjön",3-2381_Västersjön_626136-148695.tif,svar/zips/V_stersj_n/626136-148695-kartor/web/tiles-3-2381_Vastersjon_626136-148695.dzi
647666-129906,"Vänern - Dalbosj - �&m",2-0205_Vänern (Åsfjorden)_647666-129906.tif,svar/zips/V_nern_-_Dalbosj_-_m/647666-129906-kartor/web/tiles-2-0205_Vanern_Asfjorden_647666-129906.dzi
656690-131202,"Väster-Svan",2-0989_Västersvan_656690-131202.tif,svar/zips/V_ster-Svan/656690-131202-kartor/web/tiles-2-0989_Vastersvan_656690-131202.dzi
624606-135677,"Värsjön",3-5821_Värsjön_624606-135677b.tif,svar/zips/V_rsj_n/624606-135677-kartor/web/tiles-3-5821_Varsjon_624606-135677b.dzi
640227-153918,"Vångaren",3-3425_Vångaren_640227-153918.tif,svar/zips/V_ngaren/640227-153918-kartor/web/tiles-3-3425_Vangaren_640227-153918.dzi
639950-132256,"Västersjön",2-0392_Västersjön_639950-132256a.tif,svar/zips/V_stersj_n/639950-132256-kartor/web/tiles-2-0392_Vastersjon_639950-132256a.dzi
624667-140364,"Vässlarpssjön",3-2178_Vässlarpsjön_624667-140364.tif,svar/zips/V_sslarpssj_n/624667-140364-kartor/web/tiles-3-2178_Vasslarpsjon_624667-140364.dzi
624669-133052,"Västersjön",2-1061_Västersjön_624669-133052.tif,svar/zips/V_stersj_n/624669-133052-kartor/web/tiles-2-1061_Vastersjon_624669-133052.dzi
647666-129906,"Vänern - Dalbosj - �&m",3-1098_Vänern_647666-129906.tif,svar/zips/V_nern_-_Dalbosj_-_m/647666-129906-kartor/web/tiles-3-1098_Vanern_647666-129906.dzi
634700-143142,"Västra Göl",3-5597_Västra göl_634700-143142.tif,svar/zips/V_stra_G_l/634700-143142-kartor/web/tiles-3-5597_Vastra_gol_634700-143142.dzi
639950-132256,"Västersjön",2-0392_Västersjön_639950-132256b.tif,svar/zips/V_stersj_n/639950-132256-kartor/web/tiles-2-0392_Vastersjon_639950-132256b.dzi
635699-153701,"Västervirketorpesjön",2-0325_Västervirketorpesjön_635699-153701.tif,svar/zips/V_stervirketorpesj_n/635699-153701-kartor/web/tiles-2-0325_Vastervirketorpesjon_635699-153701.dzi
656690-131202,"Väster-Svan",3-1240_Väster-Svan_656690-131202.tif,svar/zips/V_ster-Svan/656690-131202-kartor/web/tiles-3-1240_Vaster-Svan_656690-131202.dzi
644651-127874,"Västersjön",2-1018_Västersjön_644651-127874.jpg,svar/zips/V_stersj_n/644651-127874-kartor/web/tiles-2-1018_Vastersjon_644651-127874.dzi
624667-140364,"Vässlarpssjön",3-2179_Vesslarpssjön_624667-140364.tif,svar/zips/V_sslarpssj_n/624667-140364-kartor/web/tiles-3-2179_Vesslarpssjon_624667-140364.dzi
653804-127101,"Västra Haksjön",3-4841_Västra Haksjön_653804-127101.tif,svar/zips/V_stra_Haksj_n/653804-127101-kartor/web/tiles-3-4841_Vastra_Haksjon_653804-127101.dzi
624537-144802,"Västra Hjärtsjön",3-5999_Västra Hjärtsjön_624537-144802.tif,svar/zips/V_stra_Hj_rtsj_n/624537-144802-kartor/web/tiles-3-5999_Vastra_Hjartsjon_624537-144802.dzi
624669-133052,"Västersjön",3-0835_Västersjön_624669-133052.tif,svar/zips/V_stersj_n/624669-133052-kartor/web/tiles-3-0835_Vastersjon_624669-133052.dzi
639243-128795,"Västra Ingsjön",3-1857_Västra Ingsjön_639243-128795.tif,svar/zips/V_stra_Ingsj_n/639243-128795-kartor/web/tiles-3-1857_Vastra_Ingsjon_639243-128795.dzi
644651-127874,"Västersjön",2-1018_Västersjön_644651-127874.tif,svar/zips/V_stersj_n/644651-127874-kartor/web/tiles-2-1018_Vastersjon_644651-127874.dzi
651230-126260,"Västra Knävatten",3-3084_Västra Knävatten_651230-126260.tif,svar/zips/V_stra_Kn_vatten/651230-126260-kartor/web/tiles-3-3084_Vastra_Knavatten_651230-126260.dzi
648477-126973,"Västra Krokevattnet",3-3463_Västra Krokevattnet_648477-126973.tif,svar/zips/V_stra_Krokevattnet/648477-126973-kartor/web/tiles-3-3463_Vastra_Krokevattnet_648477-126973.dzi
641679-131962,"Västra Kulsjön",2-0541_Västra Kulsjön_641679-131962.tif,svar/zips/V_stra_Kulsj_n/641679-131962-kartor/web/tiles-2-0541_Vastra_Kulsjon_641679-131962.dzi
653517-143239,"Västra Laxsjön",5-0123_Västra Laxsjön_653517-143239.tif,svar/zips/V_stra_Laxsj_n/653517-143239-kartor/web/tiles-5-0123_Vastra_Laxsjon_653517-143239.dzi
624667-140364,"Vässlarpssjön",3-6578_Vesslarpssjön_624667-140364.jpg,svar/zips/V_sslarpssj_n/624667-140364-kartor/web/tiles-3-6578_Vesslarpssjon_624667-140364.dzi
639609-129718,"Västra Kåsjön",3-0917_Västra Kåsjön_639609-129718.tif,svar/zips/V_stra_K_sj_n/639609-129718-kartor/web/tiles-3-0917_Vastra_Kasjon_639609-129718.dzi
620062-135224,"Västra Ringsjön",2-0177a_Västra Ringsjön_620062-135224.tif,svar/zips/V_stra_Ringsj_n/620062-135224-kartor/web/tiles-2-0177a_Vastra_Ringsjon_620062-135224.dzi
640292-129933,"Västra Nedsjön",2-0200_Västra Nedsjön_640292-129933.tif,svar/zips/V_stra_Nedsj_n/640292-129933-kartor/web/tiles-2-0200_Vastra_Nedsjon_640292-129933.dzi
655863-129783,"Västra Solsjön",3-4793_Västra Solsjön_655863-129783.tif,svar/zips/V_stra_Solsj_n/655863-129783-kartor/web/tiles-3-4793_Vastra_Solsjon_655863-129783.dzi
624667-140364,"Vässlarpssjön",3-6578_Vesslarpssjön_624667-140364.tif,svar/zips/V_sslarpssj_n/624667-140364-kartor/web/tiles-3-6578_Vesslarpssjon_624667-140364.dzi
622218-134199,"Västra Sorrödssjön",3-2583_Västra Sorrödsjön_622218-134199.tif,svar/zips/V_stra_Sorr_dssj_n/622218-134199-kartor/web/tiles-3-2583_Vastra_Sorrodsjon_622218-134199.dzi
640292-129933,"Västra Nedsjön",3-1091_Västra Nedsjön_640292-129933.tif,svar/zips/V_stra_Nedsj_n/640292-129933-kartor/web/tiles-3-1091_Vastra_Nedsjon_640292-129933.dzi
620062-135224,"Västra Ringsjön",2-0177b_Västra Ringsjön_620062-135224.tif,svar/zips/V_stra_Ringsj_n/620062-135224-kartor/web/tiles-2-0177b_Vastra_Ringsjon_620062-135224.dzi
624241-137304,"Västra Sjö",3-5822_Västra sjö_624241-137304a.tif,svar/zips/V_stra_Sj_/624241-137304-kartor/web/tiles-3-5822_Vastra_sjo_624241-137304a.dzi
648477-126973,"Västra Krokevattnet",3-6632_Västra Krokevattnet_648477-126973.jpg,svar/zips/V_stra_Krokevattnet/648477-126973-kartor/web/tiles-3-6632_Vastra_Krokevattnet_648477-126973.dzi
624873-143798,"Västra Svansjön",3-6000_Västra Svansjön_624873-143798.tif,svar/zips/V_stra_Svansj_n/624873-143798-kartor/web/tiles-3-6000_Vastra_Svansjon_624873-143798.dzi
655863-129783,"Västra Solsjön",5-0992_Västra Solsjön_655863-129783.jpg,svar/zips/V_stra_Solsj_n/655863-129783-kartor/web/tiles-5-0992_Vastra_Solsjon_655863-129783.dzi
654145-161816,"Västra Styran",3-6698_Västra Styran_654145-161816.pdf,svar/zips/V_stra_Styran/654145-161816-kartor/web/tiles-3-6698_Vastra_Styran_654145-161816.dzi
637072-130923,"Västra �resjön",3-0885_Västra Öresjön_637072-130923.tif,svar/zips/V_stra_resj_n/637072-130923-kartor/web/tiles-3-0885_Vastra_Oresjon_637072-130923.dzi
620062-135224,"Västra Ringsjön",3-0833_Västra Ringsjön_620062-135224.tif,svar/zips/V_stra_Ringsj_n/620062-135224-kartor/web/tiles-3-0833_Vastra_Ringsjon_620062-135224.dzi
624241-137304,"Västra Sjö",3-5822_Västra sjö_624241-137304b.tif,svar/zips/V_stra_Sj_/624241-137304-kartor/web/tiles-3-5822_Vastra_sjo_624241-137304b.dzi
648477-126973,"Västra Krokevattnet",3-6632_Västra Krokevattnet_648477-126973.tif,svar/zips/V_stra_Krokevattnet/648477-126973-kartor/web/tiles-3-6632_Vastra_Krokevattnet_648477-126973.dzi
637072-130923,"Västra �resjön",3-1588_Västra Öresjön_637072-130923.tif,svar/zips/V_stra_resj_n/637072-130923-kartor/web/tiles-3-1588_Vastra_Oresjon_637072-130923.dzi
639489-146510,"Västre Sjö",3-2445_Västre sjö_639489-146510.tif,svar/zips/V_stre_Sj_/639489-146510-kartor/web/tiles-3-2445_Vastre_sjo_639489-146510.dzi
649029-145550,"Vättern - Duvfjärden",3-0736_Vättern_649029-145550.tif,svar/zips/V_ttern_-_Duvfj_rden/649029-145550-kartor/web/tiles-3-0736_Vattern_649029-145550.dzi
654145-161816,"Västra Styran",3-6698_Västra Styran_654145-161816.tif,svar/zips/V_stra_Styran/654145-161816-kartor/web/tiles-3-6698_Vastra_Styran_654145-161816.dzi
624241-137304,"Västra Sjö",3-6470_Västra sjö_624241-137304.jpg,svar/zips/V_stra_Sj_/624241-137304-kartor/web/tiles-3-6470_Vastra_sjo_624241-137304.dzi
630429-143935,"Växjösjön",1-0132_Växjösjön_630429-143935.tif,svar/zips/V_xj_sj_n/630429-143935-kartor/web/tiles-1-0132_Vaxjosjon_630429-143935.dzi
655698-158548,"Västra Stensjön",3-3276_Västra Stensjön_655698-158548.tif,svar/zips/V_stra_Stensj_n/655698-158548-kartor/web/tiles-3-3276_Vastra_Stensjon_655698-158548.dzi
649029-145550,"Vättern - Duvfjärden",3-3649_Vättern_649029-145550.tif,svar/zips/V_ttern_-_Duvfj_rden/649029-145550-kartor/web/tiles-3-3649_Vattern_649029-145550.dzi
624503-148011,"Yasjön",2-0662_Södra Yasjön_624503-148011.tif,svar/zips/Yasj_n/624503-148011-kartor/web/tiles-2-0662_Sodra_Yasjon_624503-148011.dzi
630429-143935,"Växjösjön",3-6621_Växjösjön_630429-143935.jpg,svar/zips/V_xj_sj_n/630429-143935-kartor/web/tiles-3-6621_Vaxjosjon_630429-143935.dzi
625157-142551,"Yasjön",3-2639_Yasjön_625157-142551.tif,svar/zips/Yasj_n/625157-142551-kartor/web/tiles-3-2639_Yasjon_625157-142551.dzi
625329-147008,"Yasjön",3-2818_Yasjön_625329-147008.tif,svar/zips/Yasj_n/625329-147008-kartor/web/tiles-3-2818_Yasjon_625329-147008.dzi
624241-137304,"Västra Sjö",3-6470_Västra sjö_624241-137304.tif,svar/zips/V_stra_Sj_/624241-137304-kartor/web/tiles-3-6470_Vastra_sjo_624241-137304.dzi
625359-145017,"Västregölen",3-2962_Västregyl_625359-145017.tif,svar/zips/V_streg_len/625359-145017-kartor/web/tiles-3-2962_Vastregyl_625359-145017.dzi
630165-133827,"Yasjön",3-5092_Yasjön_630165-133827.tif,svar/zips/Yasj_n/630165-133827-kartor/web/tiles-3-5092_Yasjon_630165-133827.dzi
633823-130310,"Yasjön",2-0962_Yasjön_633823-130310.jpg,svar/zips/Yasj_n/633823-130310-kartor/web/tiles-2-0962_Yasjon_633823-130310.dzi
630732-135868,"Yasjön",1-0288_Yasjön_630732-135868.tif,svar/zips/Yasj_n/630732-135868-kartor/web/tiles-1-0288_Yasjon_630732-135868.dzi
649029-145550,"Vättern - Duvfjärden",3-6516_Vättern_649029-145550.jpg,svar/zips/V_ttern_-_Duvfj_rden/649029-145550-kartor/web/tiles-3-6516_Vattern_649029-145550.dzi
626345-148516,"Yen",5-0470_Yen_626345-148516.tif,svar/zips/Yen/626345-148516-kartor/web/tiles-5-0470_Yen_626345-148516.dzi
630429-143935,"Växjösjön",3-6621_Växjösjön_630429-143935.tif,svar/zips/V_xj_sj_n/630429-143935-kartor/web/tiles-3-6621_Vaxjosjon_630429-143935.dzi
630026-133636,"Yakalven",3-5091_Yakalven_630026-133636.tif,svar/zips/Yakalven/630026-133636-kartor/web/tiles-3-5091_Yakalven_630026-133636.dzi
632826-141689,"Yasjön",3-6249_Yasjön_632826-141689a.tif,svar/zips/Yasj_n/632826-141689-kartor/web/tiles-3-6249_Yasjon_632826-141689a.dzi
616141-133891,"Yddingesjön",3-1982_Yddingesjön_616141-133891.tif,svar/zips/Yddingesj_n/616141-133891-kartor/web/tiles-3-1982_Yddingesjon_616141-133891.dzi
629255-148080,"Yggerydssjön",5-0486_Yggerydssjön_629255-148080a.tif,svar/zips/Yggerydssj_n/629255-148080-kartor/web/tiles-5-0486_Yggerydssjon_629255-148080a.dzi
633823-130310,"Yasjön",2-0962_Yasjön_633823-130310.tif,svar/zips/Yasj_n/633823-130310-kartor/web/tiles-2-0962_Yasjon_633823-130310.dzi
641520-142252,"Ylen",3-0737_Ylen_641520-142252.tif,svar/zips/Ylen/641520-142252-kartor/web/tiles-3-0737_Ylen_641520-142252.dzi
650398-139136,"Ymsen",3-1468_Ymsen_650398-139136.tif,svar/zips/Ymsen/650398-139136-kartor/web/tiles-3-1468_Ymsen_650398-139136.dzi
649029-145550,"Vättern - Duvfjärden",3-6516_Vättern_649029-145550.tif,svar/zips/V_ttern_-_Duvfj_rden/649029-145550-kartor/web/tiles-3-6516_Vattern_649029-145550.dzi
632826-141689,"Yasjön",3-6249_Yasjön_632826-141689b.tif,svar/zips/Yasj_n/632826-141689-kartor/web/tiles-3-6249_Yasjon_632826-141689b.dzi
633823-130310,"Yasjön",3-2239_Yasjön_633823-130310.tif,svar/zips/Yasj_n/633823-130310-kartor/web/tiles-3-2239_Yasjon_633823-130310.dzi
624288-143600,"Ysnagylet",3-5943_Ysnagylet_624288-143600.tif,svar/zips/Ysnagylet/624288-143600-kartor/web/tiles-3-5943_Ysnagylet_624288-143600.dzi
653034-154584,"Yngaren",0-0059_Yngaren_653034-154584.jpg,svar/zips/Yngaren/653034-154584-kartor/web/tiles-0-0059_Yngaren_653034-154584.dzi
656206-159170,"Yngern",1-0346_Yngern_656206-159170a.jpg,svar/zips/Yngern/656206-159170-kartor/web/tiles-1-0346_Yngern_656206-159170a.dzi
629255-148080,"Yggerydssjön",5-0486_Yggerydssjön_629255-148080b.tif,svar/zips/Yggerydssj_n/629255-148080-kartor/web/tiles-5-0486_Yggerydssjon_629255-148080b.dzi
656257-128591,"Yngnesjö",3-1711_Yngnesjö_656257-128591.tif,svar/zips/Yngnesj_/656257-128591-kartor/web/tiles-3-1711_Yngnesjo_656257-128591.dzi
653034-154584,"Yngaren",0-0059_Yngaren_653034-154584.tif,svar/zips/Yngaren/653034-154584-kartor/web/tiles-0-0059_Yngaren_653034-154584.dzi
655831-159469,"Yngerns �ga",3-3514_Yngerns Öga_655831-159469.tif,svar/zips/Yngerns_ga/655831-159469-kartor/web/tiles-3-3514_Yngerns_Oga_655831-159469.dzi
632826-141689,"Yasjön",3-6249_Yasjön_632826-141689c.tif,svar/zips/Yasj_n/632826-141689-kartor/web/tiles-3-6249_Yasjon_632826-141689c.dzi
656206-159170,"Yngern",1-0346_Yngern_656206-159170a.tif,svar/zips/Yngern/656206-159170-kartor/web/tiles-1-0346_Yngern_656206-159170a.dzi
632426-138393,"Ystebosjön",2-1111_Ystebosjön_632426-138393.jpg,svar/zips/Ystebosj_n/632426-138393-kartor/web/tiles-2-1111_Ystebosjon_632426-138393.dzi
632798-150247,"Yttran",3-6251_Yttran_632798-150247a.tif,svar/zips/Yttran/632798-150247-kartor/web/tiles-3-6251_Yttran_632798-150247a.dzi
631496-131695,"Yttresjön",3-5207_Yttresjön_631496-131695a.tif,svar/zips/Yttresj_n/631496-131695-kartor/web/tiles-3-5207_Yttresjon_631496-131695a.dzi
656206-159170,"Yngern",1-0346_Yngern_656206-159170b.jpg,svar/zips/Yngern/656206-159170-kartor/web/tiles-1-0346_Yngern_656206-159170b.dzi
626252-144150,"Yttre Arasjön",3-0793_Yttre Arasjön_626252-144150.tif,svar/zips/Yttre_Arasj_n/626252-144150-kartor/web/tiles-3-0793_Yttre_Arasjon_626252-144150.dzi
632826-141689,"Yasjön",3-6249_Yasjön_632826-141689d.tif,svar/zips/Yasj_n/632826-141689-kartor/web/tiles-3-6249_Yasjon_632826-141689d.dzi
632426-138393,"Ystebosjön",2-1111_Ystebosjön_632426-138393.tif,svar/zips/Ystebosj_n/632426-138393-kartor/web/tiles-2-1111_Ystebosjon_632426-138393.dzi
633114-135811,"Yttern",3-4902_Yttern_633114-135811.tif,svar/zips/Yttern/633114-135811-kartor/web/tiles-3-4902_Yttern_633114-135811.dzi
632798-150247,"Yttran",3-6251_Yttran_632798-150247b.tif,svar/zips/Yttran/632798-150247-kartor/web/tiles-3-6251_Yttran_632798-150247b.dzi
632826-141689,"Yasjön",3-6249_Yasjön_632826-141689e.tif,svar/zips/Yasj_n/632826-141689-kartor/web/tiles-3-6249_Yasjon_632826-141689e.dzi
635901-149203,"Yttre Vrången",3-3801_Yttre Vrången_635901-149203a.tif,svar/zips/Yttre_Vr_ngen/635901-149203-kartor/web/tiles-3-3801_Yttre_Vrangen_635901-149203a.dzi
656206-159170,"Yngern",1-0346_Yngern_656206-159170b.tif,svar/zips/Yngern/656206-159170-kartor/web/tiles-1-0346_Yngern_656206-159170b.dzi
633114-135811,"Yttern",3-6537_Yttern_633114-135811.jpg,svar/zips/Yttern/633114-135811-kartor/web/tiles-3-6537_Yttern_633114-135811.dzi
631496-131695,"Yttresjön",3-5207_Yttresjön_631496-131695b.tif,svar/zips/Yttresj_n/631496-131695-kartor/web/tiles-3-5207_Yttresjon_631496-131695b.dzi
642552-137058,"Yttern",3-4871_Yttern_642552-137058.tif,svar/zips/Yttern/642552-137058-kartor/web/tiles-3-4871_Yttern_642552-137058.dzi
635901-149203,"Yttre Vrången",3-3801_Yttre Vrången_635901-149203b.tif,svar/zips/Yttre_Vr_ngen/635901-149203-kartor/web/tiles-3-3801_Yttre_Vrangen_635901-149203b.dzi
656206-159170,"Yngern",5-0185_Yngern_656206-159170.tif,svar/zips/Yngern/656206-159170-kartor/web/tiles-5-0185_Yngern_656206-159170.dzi
631496-131695,"Yttresjön",3-5207_Yttresjön_631496-131695c.tif,svar/zips/Yttresj_n/631496-131695-kartor/web/tiles-3-5207_Yttresjon_631496-131695c.dzi
633114-135811,"Yttern",3-6537_Yttern_633114-135811.tif,svar/zips/Yttern/633114-135811-kartor/web/tiles-3-6537_Yttern_633114-135811.dzi
634998-131451,"Yttre Sjön",3-5212_Yttrre sjön_634998-131451.tif,svar/zips/Yttre_Sj_n/634998-131451-kartor/web/tiles-3-5212_Yttrre_sjon_634998-131451.dzi
639176-152040,"Yxern",3-1945_Yxern_639176-152040.tif,svar/zips/Yxern/639176-152040-kartor/web/tiles-3-1945_Yxern_639176-152040.dzi
632798-150247,"Yttran",3-6251_Yttran_632798-150247c.tif,svar/zips/Yttran/632798-150247-kartor/web/tiles-3-6251_Yttran_632798-150247c.dzi
632826-141689,"Yasjön",3-6249_Yasjön_632826-141689f.tif,svar/zips/Yasj_n/632826-141689-kartor/web/tiles-3-6249_Yasjon_632826-141689f.dzi
634972-145968,"Yxanshultasjön",3-3362_Yxanshultasjön_634972-145968.tif,svar/zips/Yxanshultasj_n/634972-145968-kartor/web/tiles-3-3362_Yxanshultasjon_634972-145968.dzi
634778-135097,"Yxasjön",3-5668_Yxasjön_634778-135097.tif,svar/zips/Yxasj_n/634778-135097-kartor/web/tiles-3-5668_Yxasjon_634778-135097.dzi
635420-149524,"Yxnasjön",3-3800_Yxnasjön_635420-149524a.tif,svar/zips/Yxnasj_n/635420-149524-kartor/web/tiles-3-3800_Yxnasjon_635420-149524a.dzi
632826-141689,"Yasjön",3-6249_Yasjön_632826-141689g.tif,svar/zips/Yasj_n/632826-141689-kartor/web/tiles-3-6249_Yasjon_632826-141689g.dzi
635538-149378,"Yxnasjön",3-3799_Yxnasjön_635538-149378a.tif,svar/zips/Yxnasj_n/635538-149378-kartor/web/tiles-3-3799_Yxnasjon_635538-149378a.dzi
632798-150247,"Yttran",3-6251_Yttran_632798-150247d.tif,svar/zips/Yttran/632798-150247-kartor/web/tiles-3-6251_Yttran_632798-150247d.dzi
632346-131409,"Yxsjö",3-5209_Yxsjö_632346-131409a.tif,svar/zips/Yxsj_/632346-131409-kartor/web/tiles-3-5209_Yxsjo_632346-131409a.dzi
631496-131695,"Yttresjön",3-5207_Yttresjön_631496-131695d.tif,svar/zips/Yttresj_n/631496-131695-kartor/web/tiles-3-5207_Yttresjon_631496-131695d.dzi
632826-141689,"Yasjön",3-6763_Yasjön_632826-141689.jpg,svar/zips/Yasj_n/632826-141689-kartor/web/tiles-3-6763_Yasjon_632826-141689.dzi
635538-149378,"Yxnasjön",3-3799_Yxnasjön_635538-149378b.tif,svar/zips/Yxnasj_n/635538-149378-kartor/web/tiles-3-3799_Yxnasjon_635538-149378b.dzi
634778-135097,"Yxasjön",5-1051_Yxasjön_634778-135097.pdf,svar/zips/Yxasj_n/634778-135097-kartor/web/tiles-5-1051_Yxasjon_634778-135097.dzi
635420-149524,"Yxnasjön",3-3800_Yxnasjön_635420-149524b.tif,svar/zips/Yxnasj_n/635420-149524-kartor/web/tiles-3-3800_Yxnasjon_635420-149524b.dzi
646193-153842,"Yxningen",0-0161_Yxningen_646193-153842.tif,svar/zips/Yxningen/646193-153842-kartor/web/tiles-0-0161_Yxningen_646193-153842.dzi
632346-131409,"Yxsjö",3-5209_Yxsjö_632346-131409b.tif,svar/zips/Yxsj_/632346-131409-kartor/web/tiles-3-5209_Yxsjo_632346-131409b.dzi
631496-131695,"Yttresjön",3-5207_Yttresjön_631496-131695e.tif,svar/zips/Yttresj_n/631496-131695-kartor/web/tiles-3-5207_Yttresjon_631496-131695e.dzi
652065-153624,"Yxstasjön",3-5633_Yxtasjön_652065-153624.tif,svar/zips/Yxstasj_n/652065-153624-kartor/web/tiles-3-5633_Yxtasjon_652065-153624.dzi
639716-128396,"Yxsjön",3-1733_Yxsjön_639716-128396.tif,svar/zips/Yxsj_n/639716-128396-kartor/web/tiles-3-1733_Yxsjon_639716-128396.dzi
632798-150247,"Yttran",3-6251_Yttran_632798-150247e.tif,svar/zips/Yttran/632798-150247-kartor/web/tiles-3-6251_Yttran_632798-150247e.dzi
632346-131409,"Yxsjö",3-5209_Yxsjö_632346-131409c.tif,svar/zips/Yxsj_/632346-131409-kartor/web/tiles-3-5209_Yxsjo_632346-131409c.dzi
632958-150101,"�asjön",3-2364_Öasjön_632958-150101.tif,svar/zips/_asj_n/632958-150101-kartor/web/tiles-3-2364_Oasjon_632958-150101.dzi
632826-141689,"Yasjön",3-6763_Yasjön_632826-141689.tif,svar/zips/Yasj_n/632826-141689-kartor/web/tiles-3-6763_Yasjon_632826-141689.dzi
646193-153842,"Yxningen",3-6597_Yxningen_646193-153842.jpg,svar/zips/Yxningen/646193-153842-kartor/web/tiles-3-6597_Yxningen_646193-153842.dzi
630819-135690,"�&brunnen",3-4687_Åbrunnen_630819-135690.tif,svar/zips/_brunnen/630819-135690-kartor/web/tiles-3-4687_Abrunnen_630819-135690.dzi
642616-143167,"�asjön",3-6396_Öasjön_642616-143167.jpg,svar/zips/_asj_n/642616-143167-kartor/web/tiles-3-6396_Oasjon_642616-143167.dzi
632798-150247,"Yttran",3-6251_Yttran_632798-150247f.tif,svar/zips/Yttran/632798-150247-kartor/web/tiles-3-6251_Yttran_632798-150247f.dzi
632901-141943,"�&bodasjön",3-2939_Åbodasjön_632901-141943.tif,svar/zips/_bodasj_n/632901-141943-kartor/web/tiles-3-2939_Abodasjon_632901-141943.dzi
638541-153596,"�bälen",2-0314_Öbälen_638541-153596.jpg,svar/zips/_b_len/638541-153596-kartor/web/tiles-2-0314_Obalen_638541-153596.dzi
632958-150101,"�asjön",3-3826_Öasjön_632958-150101a.tif,svar/zips/_asj_n/632958-150101-kartor/web/tiles-3-3826_Oasjon_632958-150101a.dzi
632346-131409,"Yxsjö",3-5209_Yxsjö_632346-131409d.tif,svar/zips/Yxsj_/632346-131409-kartor/web/tiles-3-5209_Yxsjo_632346-131409d.dzi
646193-153842,"Yxningen",3-6597_Yxningen_646193-153842.tif,svar/zips/Yxningen/646193-153842-kartor/web/tiles-3-6597_Yxningen_646193-153842.dzi
632798-150247,"Yttran",3-6251_Yttran_632798-150247g.tif,svar/zips/Yttran/632798-150247-kartor/web/tiles-3-6251_Yttran_632798-150247g.dzi
632901-141943,"�&bodasjön",3-6478_Åbodasjön_632901-141943.jpg,svar/zips/_bodasj_n/632901-141943-kartor/web/tiles-3-6478_Abodasjon_632901-141943.dzi
642616-143167,"�asjön",3-6396_Öasjön_642616-143167.tif,svar/zips/_asj_n/642616-143167-kartor/web/tiles-3-6396_Oasjon_642616-143167.dzi
627611-149126,"�devaten",5-0487_Ödevaten_627611-149126a.tif,svar/zips/_devaten/627611-149126-kartor/web/tiles-5-0487_Odevaten_627611-149126a.dzi
638541-153596,"�bälen",2-0314_Öbälen_638541-153596.tif,svar/zips/_b_len/638541-153596-kartor/web/tiles-2-0314_Obalen_638541-153596.dzi
638338-150409,"�gegöl",3-3606_Ägegöl_638338-150409.tif,svar/zips/_geg_l/638338-150409-kartor/web/tiles-3-3606_Agegol_638338-150409.dzi
636034-146353,"�dshultasjön",3-3365_Ödshultasjön_636034-146353.tif,svar/zips/_dshultasj_n/636034-146353-kartor/web/tiles-3-3365_Odshultasjon_636034-146353.dzi
656258-162683,"�&dran",3-1922_Ådran_656258-162683.tif,svar/zips/_dran/656258-162683-kartor/web/tiles-3-1922_Adran_656258-162683.dzi
632901-141943,"�&bodasjön",3-6478_Åbodasjön_632901-141943.tif,svar/zips/_bodasj_n/632901-141943-kartor/web/tiles-3-6478_Abodasjon_632901-141943.dzi
632346-131409,"Yxsjö",3-6455_Yxsjö_632346-131409.jpg,svar/zips/Yxsj_/632346-131409-kartor/web/tiles-3-6455_Yxsjo_632346-131409.dzi
632958-150101,"�asjön",3-3826_Öasjön_632958-150101b.tif,svar/zips/_asj_n/632958-150101-kartor/web/tiles-3-3826_Oasjon_632958-150101b.dzi
627611-149126,"�devaten",5-0487_Ödevaten_627611-149126b.tif,svar/zips/_devaten/627611-149126-kartor/web/tiles-5-0487_Odevaten_627611-149126b.dzi
638030-148585,"�geln",3-1810_Ögeln_638030-148585.tif,svar/zips/_geln/638030-148585-kartor/web/tiles-3-1810_Ogeln_638030-148585.dzi
656258-162683,"�&dran",3-6513_Ådran_656258-162683.jpg,svar/zips/_dran/656258-162683-kartor/web/tiles-3-6513_Adran_656258-162683.dzi
632346-131409,"Yxsjö",3-6455_Yxsjö_632346-131409.tif,svar/zips/Yxsj_/632346-131409-kartor/web/tiles-3-6455_Yxsjo_632346-131409.dzi
639570-145924,"�gersgölen",3-6593_Ägersgölen_639570-145924.tif,svar/zips/_gersg_len/639570-145924-kartor/web/tiles-3-6593_Agersgolen_639570-145924.dzi
650571-151826,"�&gelsjön",2-0150_Ågelsjön_650571-151826.tif,svar/zips/_gelsj_n/650571-151826-kartor/web/tiles-2-0150_Agelsjon_650571-151826.dzi
642456-151463,"�göl",3-3366_Ägöl_642456-151463.tif,svar/zips/_g_l/642456-151463-kartor/web/tiles-3-3366_Agol_642456-151463.dzi
632727-144170,"�jaren",3-0811_Öjaren_632727-144170.tif,svar/zips/_jaren/632727-144170-kartor/web/tiles-3-0811_Ojaren_632727-144170.dzi
638139-153439,"�göl",3-3264_Ögöl_638139-153439.tif,svar/zips/_g_l/638139-153439-kartor/web/tiles-3-3264_Ogol_638139-153439.dzi
638030-148585,"�geln",3-6477_Ögeln_638030-148585.jpg,svar/zips/_geln/638030-148585-kartor/web/tiles-3-6477_Ogeln_638030-148585.dzi
630243-133141,"�jasjön",3-5100_Öjasjön_630243-133141.tif,svar/zips/_jasj_n/630243-133141-kartor/web/tiles-3-5100_Ojasjon_630243-133141.dzi
656258-162683,"�&dran",3-6513_Ådran_656258-162683.pdf,svar/zips/_dran/656258-162683-kartor/web/tiles-3-6513_Adran_656258-162683.dzi
633991-149713,"�jasjön",3-3777_Öjasjön_633991-149713a.tif,svar/zips/_jasj_n/633991-149713-kartor/web/tiles-3-3777_Ojasjon_633991-149713a.dzi
632346-131409,"Yxsjö",5-1034_Yxsjö_632346-131409.pdf,svar/zips/Yxsj_/632346-131409-kartor/web/tiles-5-1034_Yxsjo_632346-131409.dzi
642842-129345,"�jasjön",3-0965_Öjasjö_642842-129345.tif,svar/zips/_jasj_n/642842-129345-kartor/web/tiles-3-0965_Ojasjo_642842-129345.dzi
636744-131612,"�jasjön",3-4885_Öjasjön_636744-131612.tif,svar/zips/_jasj_n/636744-131612-kartor/web/tiles-3-4885_Ojasjon_636744-131612.dzi
643229-130328,"�jasjön",3-1033_Öjasjön_643229-130328.tif,svar/zips/_jasj_n/643229-130328-kartor/web/tiles-3-1033_Ojasjon_643229-130328.dzi
624482-143444,"�jasjön",3-6004_Öjasjön_624482-143444.tif,svar/zips/_jasj_n/624482-143444-kartor/web/tiles-3-6004_Ojasjon_624482-143444.dzi
656258-162683,"�&dran",3-6513_Ådran_656258-162683.tif,svar/zips/_dran/656258-162683-kartor/web/tiles-3-6513_Adran_656258-162683.dzi
638030-148585,"�geln",3-6477_Ögeln_638030-148585.tif,svar/zips/_geln/638030-148585-kartor/web/tiles-3-6477_Ogeln_638030-148585.dzi
629073-146486,"�jen",2-0992_Öjen_629073-146486.jpg,svar/zips/_jen/629073-146486-kartor/web/tiles-2-0992_Ojen_629073-146486.dzi
637089-149542,"�&kebosjön",2-1095_Åkebosjön_637089-149542.jpg,svar/zips/_kebosj_n/637089-149542-kartor/web/tiles-2-1095_Akebosjon_637089-149542.dzi
644987-152393,"�jsjön",5-0989_Öjsjön_644987-152393.png,svar/zips/_jsj_n/644987-152393-kartor/web/tiles-5-0989_Ojsjon_644987-152393.dzi
639729-132274,"�ktasjön",2-0387_Äktasjön_639729-132274.tif,svar/zips/_ktasj_n/639729-132274-kartor/web/tiles-2-0387_Aktasjon_639729-132274.dzi
638370-153832,"�&kergöl",3-3393_Åkergöl_638370-153832.jpg,svar/zips/_kerg_l/638370-153832-kartor/web/tiles-3-3393_Akergol_638370-153832.dzi
647620-137198,"�kullasjön",3-1515_Ökullssjön_647620-137198.tif,svar/zips/_kullasj_n/647620-137198-kartor/web/tiles-3-1515_Okullssjon_647620-137198.dzi
633991-149713,"�jasjön",3-3777_Öjasjön_633991-149713b.tif,svar/zips/_jasj_n/633991-149713-kartor/web/tiles-3-3777_Ojasjon_633991-149713b.dzi
624830-146202,"�&lasjön",3-3183_Ålasjön_624830-146202.tif,svar/zips/_lasj_n/624830-146202-kartor/web/tiles-3-3183_Alasjon_624830-146202.dzi
639106-150715,"�len",3-3628_Älen_639106-150715.tif,svar/zips/_len/639106-150715-kartor/web/tiles-3-3628_Alen_639106-150715.dzi
637089-149542,"�&kebosjön",2-1095_Åkebosjön_637089-149542.tif,svar/zips/_kebosj_n/637089-149542-kartor/web/tiles-2-1095_Akebosjon_637089-149542.dzi
629073-146486,"�jen",2-0992_Öjen_629073-146486.tif,svar/zips/_jen/629073-146486-kartor/web/tiles-2-0992_Ojen_629073-146486.dzi
638370-153832,"�&kergöl",3-3393_Åkergöl_638370-153832.tif,svar/zips/_kerg_l/638370-153832-kartor/web/tiles-3-3393_Akergol_638370-153832.dzi
643850-127294,"�&levatten",3-1544_Ålevatten_643850-127294.tif,svar/zips/_levatten/643850-127294-kartor/web/tiles-3-1544_Alevatten_643850-127294.dzi
637416-150989,"�lesjön",3-2863_Älesjön_637416-150989.tif,svar/zips/_lesj_n/637416-150989-kartor/web/tiles-3-2863_Alesjon_637416-150989.dzi
656337-142505,"�len",1-0161_Ölen_656337-142505a.tif,svar/zips/_len/656337-142505-kartor/web/tiles-1-0161_Olen_656337-142505a.dzi
638701-139555,"�lgagölen",3-5415_Älgagölen_638701-139555.tif,svar/zips/_lgag_len/638701-139555-kartor/web/tiles-3-5415_Algagolen_638701-139555.dzi
637089-149542,"�&kebosjön",3-2298_Åkebosjön_637089-149542.tif,svar/zips/_kebosj_n/637089-149542-kartor/web/tiles-3-2298_Akebosjon_637089-149542.dzi
631175-141319,"�lganässjön",3-4684_Älganässjön_631175-141319.tif,svar/zips/_lgan_ssj_n/631175-141319-kartor/web/tiles-3-4684_Alganassjon_631175-141319.dzi
632037-148753,"�lgasjön",1-0130_Älgasjön_632037-148753.tif,svar/zips/_lgasj_n/632037-148753-kartor/web/tiles-1-0130_Algasjon_632037-148753.dzi
626910-146227,"�lften",2-0151_Älften_626910-146227.tif,svar/zips/_lften/626910-146227-kartor/web/tiles-2-0151_Alften_626910-146227.dzi
633989-140731,"�lgarydssjön",3-6349_Älgarydssjön_633989-140731.jpg,svar/zips/_lgarydssj_n/633989-140731-kartor/web/tiles-3-6349_Algarydssjon_633989-140731.dzi
656337-142505,"�len",1-0161_Ölen_656337-142505b.tif,svar/zips/_len/656337-142505-kartor/web/tiles-1-0161_Olen_656337-142505b.dzi
651794-126021,"�lgetjärnet",3-1951_Älgetjärnet_651794-126021.tif,svar/zips/_lgetj_rnet/651794-126021-kartor/web/tiles-3-1951_Algetjarnet_651794-126021.dzi
631175-141319,"�lganässjön",3-6764_Älganässjön_631175-141319.jpg,svar/zips/_lgan_ssj_n/631175-141319-kartor/web/tiles-3-6764_Alganassjon_631175-141319.dzi
634399-146593,"�lgaskruvsjön",3-3363_Älgaskruvsjön_634399-146593.tif,svar/zips/_lgaskruvsj_n/634399-146593-kartor/web/tiles-3-3363_Algaskruvsjon_634399-146593.dzi
634617-151448,"�lgsjön",3-3772_Älgsjön_634617-151448a.tif,svar/zips/_lgsj_n/634617-151448-kartor/web/tiles-3-3772_Algsjon_634617-151448a.dzi
644669-130029,"�lghultssjön",3-1055_Älghultssjön_644669-130029.tif,svar/zips/_lghultssj_n/644669-130029-kartor/web/tiles-3-1055_Alghultssjon_644669-130029.dzi
634575-145020,"�lgasjön",3-3965_Älgasjön_634575-145020.tif,svar/zips/_lgasj_n/634575-145020-kartor/web/tiles-3-3965_Algasjon_634575-145020.dzi
633989-140731,"�lgarydssjön",3-6349_Älgarydssjön_633989-140731.tif,svar/zips/_lgarydssj_n/633989-140731-kartor/web/tiles-3-6349_Algarydssjon_633989-140731.dzi
654466-128037,"�lgsjön",3-4790_Älgsjön_654466-128037.tif,svar/zips/_lgsj_n/654466-128037-kartor/web/tiles-3-4790_Algsjon_654466-128037.dzi
655275-153234,"�lgsjön",3-5631_Älgsjön_655275-153234.tif,svar/zips/_lgsj_n/655275-153234-kartor/web/tiles-3-5631_Algsjon_655275-153234.dzi
636262-151106,"�lgsjön",3-3767_Älgsjön_636262-151106a.tif,svar/zips/_lgsj_n/636262-151106-kartor/web/tiles-3-3767_Algsjon_636262-151106a.dzi
634617-151448,"�lgsjön",3-3772_Älgsjön_634617-151448b.tif,svar/zips/_lgsj_n/634617-151448-kartor/web/tiles-3-3772_Algsjon_634617-151448b.dzi
655405-124610,"�lgsjön",3-4005_Älgsjön_655405-124610.tif,svar/zips/_lgsj_n/655405-124610-kartor/web/tiles-3-4005_Algsjon_655405-124610.dzi
631175-141319,"�lganässjön",3-6764_Älganässjön_631175-141319.tif,svar/zips/_lgan_ssj_n/631175-141319-kartor/web/tiles-3-6764_Alganassjon_631175-141319.dzi
632873-140186,"�llsjön",2-1060_Ällsjön_632873-140186.jpg,svar/zips/_llsj_n/632873-140186-kartor/web/tiles-2-1060_Allsjon_632873-140186.dzi
636262-151106,"�lgsjön",3-3767_Älgsjön_636262-151106b.tif,svar/zips/_lgsj_n/636262-151106-kartor/web/tiles-3-3767_Algsjon_636262-151106b.dzi
637644-142130,"�lmhultagölen",3-5412_Älmhultagölen_637644-142130.tif,svar/zips/_lmhultag_len/637644-142130-kartor/web/tiles-3-5412_Almhultagolen_637644-142130.dzi
624846-145019,"�llsjön",3-6002_Ällsjön_624846-145019.tif,svar/zips/_llsj_n/624846-145019-kartor/web/tiles-3-6002_Allsjon_624846-145019.dzi
636826-128184,"�lmevallasjön",3-0890_Ölmevallasjön_636826-128184.tif,svar/zips/_lmevallasj_n/636826-128184-kartor/web/tiles-3-0890_Olmevallasjon_636826-128184.dzi
624308-143859,"�llhölen",3-6001_Ällhölen_624308-143859.tif,svar/zips/_llh_len/624308-143859-kartor/web/tiles-3-6001_Allholen_624308-143859.dzi
632873-140186,"�llsjön",2-1060_Ällsjön_632873-140186.tif,svar/zips/_llsj_n/632873-140186-kartor/web/tiles-2-1060_Allsjon_632873-140186.dzi
638730-140118,"�lmhultagölen",5-0055_Älmhultagölen_638730-140118.pdf,svar/zips/_lmhultag_len/638730-140118-kartor/web/tiles-5-0055_Almhultagolen_638730-140118.dzi
624537-145996,"�llsjön",3-5465_Ällsjön_624537-145996.tif,svar/zips/_llsj_n/624537-145996-kartor/web/tiles-3-5465_Allsjon_624537-145996.dzi
639920-144373,"�lmeshultasjön",3-4016_Älmeshultasjön_639920-144373.tif,svar/zips/_lmeshultasj_n/639920-144373-kartor/web/tiles-3-4016_Almeshultasjon_639920-144373.dzi
623826-149824,"�lmtasjön",3-5282_Älmtasjön_623826-149824.tif,svar/zips/_lmtasj_n/623826-149824-kartor/web/tiles-3-5282_Almtasjon_623826-149824.dzi
630875-133708,"�&lsjön",3-5101_Ålsjön_630875-133708.tif,svar/zips/_lsj_n/630875-133708-kartor/web/tiles-3-5101_Alsjon_630875-133708.dzi
637867-151388,"�&lsjön",3-3765_Ålsjön_637867-151388a.tif,svar/zips/_lsj_n/637867-151388-kartor/web/tiles-3-3765_Alsjon_637867-151388a.dzi
633674-149431,"�lmten",3-3811_Älmten_633674-149431a.tif,svar/zips/_lmten/633674-149431-kartor/web/tiles-3-3811_Almten_633674-149431a.dzi
651774-141276,"�&lsjön",3-0738_Ålsjön_651774-141276.tif,svar/zips/_lsj_n/651774-141276-kartor/web/tiles-3-0738_Alsjon_651774-141276.dzi
634299-152434,"�lmten",5-0433_Älmten_634299-152434.tif,svar/zips/_lmten/634299-152434-kartor/web/tiles-5-0433_Almten_634299-152434.dzi
643660-151758,"�&lsjön",3-3388_Ålsjön_643660-151758.jpg,svar/zips/_lsj_n/643660-151758-kartor/web/tiles-3-3388_Alsjon_643660-151758.dzi
624171-144397,"�lmtasjön",3-6003_Älmtasjön_624171-144397.tif,svar/zips/_lmtasj_n/624171-144397-kartor/web/tiles-3-6003_Almtasjon_624171-144397.dzi
641241-128565,"�lsjön",3-1075_Älsjön_641241-128565.tif,svar/zips/_lsj_n/641241-128565-kartor/web/tiles-3-1075_Alsjon_641241-128565.dzi
630137-135533,"�ltasjön",1-0136_Ältasjön_630137-135533.tif,svar/zips/_ltasj_n/630137-135533-kartor/web/tiles-1-0136_Altasjon_630137-135533.dzi
637867-151388,"�&lsjön",3-3765_Ålsjön_637867-151388b.tif,svar/zips/_lsj_n/637867-151388-kartor/web/tiles-3-3765_Alsjon_637867-151388b.dzi
626073-148262,"�lten",3-2400_Älten_626073-148262.tif,svar/zips/_lten/626073-148262-kartor/web/tiles-3-2400_Alten_626073-148262.dzi
628831-133505,"�lvasjön",3-4695_Älvasjön_628831-133505.tif,svar/zips/_lvasj_n/628831-133505-kartor/web/tiles-3-4695_Alvasjon_628831-133505.dzi
633674-149431,"�lmten",3-3811_Älmten_633674-149431b.tif,svar/zips/_lmten/633674-149431-kartor/web/tiles-3-3811_Almten_633674-149431b.dzi
625311-147482,"�lten",3-0767_Älten_625311-147482.tif,svar/zips/_lten/625311-147482-kartor/web/tiles-3-0767_Alten_625311-147482.dzi
624559-146821,"�lten",3-2813_Älten_624559-146821.tif,svar/zips/_lten/624559-146821-kartor/web/tiles-3-2813_Alten_624559-146821.dzi
633163-130461,"�lvasjön",3-2243_Älvasjön_633163-130461.tif,svar/zips/_lvasj_n/633163-130461-kartor/web/tiles-3-2243_Alvasjon_633163-130461.dzi
643660-151758,"�&lsjön",3-3388_Ålsjön_643660-151758.tif,svar/zips/_lsj_n/643660-151758-kartor/web/tiles-3-3388_Alsjon_643660-151758.dzi
641320-131938,"�lvessjön",3-5574_Älvessjön_641320-131938.tif,svar/zips/_lvessj_n/641320-131938-kartor/web/tiles-3-5574_Alvessjon_641320-131938.dzi
653690-162187,"�lvviken",3-4057_Älvviken_653690-162187.tif,svar/zips/_lvviken/653690-162187-kartor/web/tiles-3-4057_Alvviken_653690-162187.dzi
654342-154060,"�lvestasjön",3-5657_Älvestasjön_654342-154060.tif,svar/zips/_lvestasj_n/654342-154060-kartor/web/tiles-3-5657_Alvestasjon_654342-154060.dzi
644751-149865,"�&ländern",1-0128a_Åländern_644751-149865.tif,svar/zips/_l_ndern/644751-149865-kartor/web/tiles-1-0128a_Alandern_644751-149865.dzi
625311-147482,"�lten",3-5294_Älten_625311-147482.tif,svar/zips/_lten/625311-147482-kartor/web/tiles-3-5294_Alten_625311-147482.dzi
628831-133505,"�lvasjön",3-6547_Älvasjön_628831-133505.jpg,svar/zips/_lvasj_n/628831-133505-kartor/web/tiles-3-6547_Alvasjon_628831-133505.dzi
656060-131299,"�mmeln",3-1181a_Ömmeln_656060-131299.tif,svar/zips/_mmeln/656060-131299-kartor/web/tiles-3-1181a_Ommeln_656060-131299.dzi
652750-145367,"�&mmelången",1-0163_Åmmelången_652750-145367.tif,svar/zips/_mmel_ngen/652750-145367-kartor/web/tiles-1-0163_Ammelangen_652750-145367.dzi
633163-130461,"�lvasjön",3-6568_Älvasjön_633163-130461.jpg,svar/zips/_lvasj_n/633163-130461-kartor/web/tiles-3-6568_Alvasjon_633163-130461.dzi
642510-135345,"�mmern",3-4781_Ömmern_642510-135345.tif,svar/zips/_mmern/642510-135345-kartor/web/tiles-3-4781_Ommern_642510-135345.dzi
641321-130145,"�mmern",0-0082_Ömmern_641321-130145.tif,svar/zips/_mmern/641321-130145-kartor/web/tiles-0-0082_Ommern_641321-130145.dzi
628831-133505,"�lvasjön",3-6547_Älvasjön_628831-133505.tif,svar/zips/_lvasj_n/628831-133505-kartor/web/tiles-3-6547_Alvasjon_628831-133505.dzi
643141-129553,"�mtarevatten",3-1065_Ämtarevatten_643141-129553.tif,svar/zips/_mtarevatten/643141-129553-kartor/web/tiles-3-1065_Amtarevatten_643141-129553.dzi
644751-149865,"�&ländern",1-0128b_Åländern_644751-149865.tif,svar/zips/_l_ndern/644751-149865-kartor/web/tiles-1-0128b_Alandern_644751-149865.dzi
635246-131447,"�mtasjön",3-4728_Ämtasjön_635246-131447.tif,svar/zips/_mtasj_n/635246-131447-kartor/web/tiles-3-4728_Amtasjon_635246-131447.dzi
633163-130461,"�lvasjön",3-6568_Älvasjön_633163-130461.tif,svar/zips/_lvasj_n/633163-130461-kartor/web/tiles-3-6568_Alvasjon_633163-130461.dzi
636723-135024,"�mtasjön",3-6554_Ämtasjön_636723-135024.jpg,svar/zips/_mtasj_n/636723-135024-kartor/web/tiles-3-6554_Amtasjon_636723-135024.dzi
656060-131299,"�mmeln",3-1181b_Ömmeln_656060-131299.tif,svar/zips/_mmeln/656060-131299-kartor/web/tiles-3-1181b_Ommeln_656060-131299.dzi
648138-137420,"�mten",3-1473_Ämten_648138-137420.tif,svar/zips/_mten/648138-137420-kartor/web/tiles-3-1473_Amten_648138-137420.dzi
641321-130145,"�mmern",1-0141_Ömmern_641321-130145.tif,svar/zips/_mmern/641321-130145-kartor/web/tiles-1-0141_Ommern_641321-130145.dzi
634117-147393,"�mten",3-3581_Ämten_634117-147393.tif,svar/zips/_mten/634117-147393-kartor/web/tiles-3-3581_Amten_634117-147393.dzi
636723-135024,"�mtasjön",3-6554_Ämtasjön_636723-135024.tif,svar/zips/_mtasj_n/636723-135024-kartor/web/tiles-3-6554_Amtasjon_636723-135024.dzi
633163-130461,"�lvasjön",5-1035_Älvasjön_633163-130461.pdf,svar/zips/_lvasj_n/633163-130461-kartor/web/tiles-5-1035_Alvasjon_633163-130461.dzi
643025-152451,"�mten",5-0424_Ämten_643025-152451.tif,svar/zips/_mten/643025-152451-kartor/web/tiles-5-0424_Amten_643025-152451.dzi
656060-131299,"�mmeln",3-1181c_Ömmeln_656060-131299.tif,svar/zips/_mmeln/656060-131299-kartor/web/tiles-3-1181c_Ommeln_656060-131299.dzi
649973-148538,"�mten",3-2900_Ämten_649973-148538.tif,svar/zips/_mten/649973-148538-kartor/web/tiles-3-2900_Amten_649973-148538.dzi
633494-145972,"�nghultasjön",1-0290_Änghultasjön_633494-145972.tif,svar/zips/_nghultasj_n/633494-145972-kartor/web/tiles-1-0290_Anghultasjon_633494-145972.dzi
651335-152587,"�mten",3-2774_Ämten_651335-152587.tif,svar/zips/_mten/651335-152587-kartor/web/tiles-3-2774_Amten_651335-152587.dzi
625204-146979,"�ngsjön",3-2809_Ängsjön_625204-146979.tif,svar/zips/_ngsj_n/625204-146979-kartor/web/tiles-3-2809_Angsjon_625204-146979.dzi
640237-153664,"�ngnässjön",3-3252_Ängnässjön_640237-153664.tif,svar/zips/_ngn_ssj_n/640237-153664-kartor/web/tiles-3-3252_Angnassjon_640237-153664.dzi
641321-130145,"�mmern",3-1074_Ömmern_641321-130145.tif,svar/zips/_mmern/641321-130145-kartor/web/tiles-3-1074_Ommern_641321-130145.dzi
636003-149085,"�&nglegöl",3-3817_Ånglegöl_636003-149085a.tif,svar/zips/_ngleg_l/636003-149085-kartor/web/tiles-3-3817_Anglegol_636003-149085a.dzi
656060-131299,"�mmeln",3-1182_Ömmeln_656060-131299.tif,svar/zips/_mmeln/656060-131299-kartor/web/tiles-3-1182_Ommeln_656060-131299.dzi
639623-132550,"�ngsjön",3-3658_Ängsjön_639623-132550.tif,svar/zips/_ngsj_n/639623-132550-kartor/web/tiles-3-3658_Angsjon_639623-132550.dzi
652611-131035,"�&nimmen",3-1178_Ånimmen_652611-131035.tif,svar/zips/_nimmen/652611-131035-kartor/web/tiles-3-1178_Animmen_652611-131035.dzi
635806-131979,"�nkasjön",3-6401_Änkasjön_635806-131979.jpg,svar/zips/_nkasj_n/635806-131979-kartor/web/tiles-3-6401_Ankasjon_635806-131979.dzi
639054-129428,"�nkatjärn",3-1834_Änkatjärn_639054-129428.tif,svar/zips/_nkatj_rn/639054-129428-kartor/web/tiles-3-1834_Ankatjarn_639054-129428.dzi
636003-149085,"�&nglegöl",3-3817_Ånglegöl_636003-149085b.tif,svar/zips/_ngleg_l/636003-149085-kartor/web/tiles-3-3817_Anglegol_636003-149085b.dzi
639919-154854,"�ngsjön",3-3245_Ängsjön_639919-154854.tif,svar/zips/_ngsj_n/639919-154854-kartor/web/tiles-3-3245_Angsjon_639919-154854.dzi
652611-131035,"�&nimmen",3-1179_Ånimmen_652611-131035.tif,svar/zips/_nimmen/652611-131035-kartor/web/tiles-3-1179_Animmen_652611-131035.dzi
635806-131979,"�nkasjön",3-6401_Änkasjön_635806-131979.tif,svar/zips/_nkasj_n/635806-131979-kartor/web/tiles-3-6401_Ankasjon_635806-131979.dzi
651108-125935,"�ntervattnet",3-1872_Äntervattnet_651108-125935.tif,svar/zips/_ntervattnet/651108-125935-kartor/web/tiles-3-1872_Antervattnet_651108-125935.dzi
633842-130490,"�ntasjön",3-2843_Äntasjön_633842-130490.tif,svar/zips/_ntasj_n/633842-130490-kartor/web/tiles-3-2843_Antasjon_633842-130490.dzi
638468-128547,"�ntasjön",3-0900_Äntasjön_638468-128547.tif,svar/zips/_ntasj_n/638468-128547-kartor/web/tiles-3-0900_Antasjon_638468-128547.dzi
656007-162978,"�ran",3-2421_Öran_656007-162978.tif,svar/zips/_ran/656007-162978-kartor/web/tiles-3-2421_Oran_656007-162978.dzi
625204-146979,"�ngsjön",3-2829_Ängsjön_625204-146979.tif,svar/zips/_ngsj_n/625204-146979-kartor/web/tiles-3-2829_Angsjon_625204-146979.dzi
633842-130490,"�ntasjön",3-6544_Äntasjön_633842-130490.jpg,svar/zips/_ntasj_n/633842-130490-kartor/web/tiles-3-6544_Antasjon_633842-130490.dzi
642557-142623,"�ren",3-0739_Ören_642557-142623.tif,svar/zips/_ren/642557-142623-kartor/web/tiles-3-0739_Oren_642557-142623.dzi
640968-149647,"�ren",2-0356_Ören_640968-149647.tif,svar/zips/_ren/640968-149647-kartor/web/tiles-2-0356_Oren_640968-149647.dzi
641330-130671,"�ren",3-6675_Ören_641330-130671.jpg,svar/zips/_ren/641330-130671-kartor/web/tiles-3-6675_Oren_641330-130671.dzi
656007-162978,"�ran",3-6635_Öran_656007-162978.jpg,svar/zips/_ran/656007-162978-kartor/web/tiles-3-6635_Oran_656007-162978.dzi
645838-151000,"�ren",2-0945_Ören_645838-151000.tif,svar/zips/_ren/645838-151000-kartor/web/tiles-2-0945_Oren_645838-151000.dzi
635806-131979,"�nkasjön",5-1036_Änkasjön_635806-131979.pdf,svar/zips/_nkasj_n/635806-131979-kartor/web/tiles-5-1036_Ankasjon_635806-131979.dzi
630789-144980,"�&redasjön",3-3027_Åredasjön_630789-144980.tif,svar/zips/_redasj_n/630789-144980-kartor/web/tiles-3-3027_Aredasjon_630789-144980.dzi
642557-142623,"�ren",3-2925_Ören_642557-142623.tif,svar/zips/_ren/642557-142623-kartor/web/tiles-3-2925_Oren_642557-142623.dzi
633842-130490,"�ntasjön",3-6544_Äntasjön_633842-130490.tif,svar/zips/_ntasj_n/633842-130490-kartor/web/tiles-3-6544_Antasjon_633842-130490.dzi
641330-130671,"�ren",3-6675_Ören_641330-130671.tif,svar/zips/_ren/641330-130671-kartor/web/tiles-3-6675_Oren_641330-130671.dzi
647072-128452,"�resjö",2-1129_Öresjö_647072-128452.jpg,svar/zips/_resj_/647072-128452-kartor/web/tiles-2-1129_Oresjo_647072-128452.dzi
640757-132960,"�resjö",1-0137_Öresjö_640757-132960.tif,svar/zips/_resj_/640757-132960-kartor/web/tiles-1-0137_Oresjo_640757-132960.dzi
639359-129448,"�resjön",3-0886_Öresjön_639359-129448.tif,svar/zips/_resj_n/639359-129448-kartor/web/tiles-3-0886_Oresjon_639359-129448.dzi
638051-128861,"�resjön",3-2732_Öresjön_638051-128861.tif,svar/zips/_resj_n/638051-128861-kartor/web/tiles-3-2732_Oresjon_638051-128861.dzi
649958-125585,"�revattnet",3-3103_Örevattnet_649958-125585.tif,svar/zips/_revattnet/649958-125585-kartor/web/tiles-3-3103_Orevattnet_649958-125585.dzi
645838-151000,"�ren",3-0740_Ören_645838-151000.tif,svar/zips/_ren/645838-151000-kartor/web/tiles-3-0740_Oren_645838-151000.dzi
640757-132960,"�resjö",3-0887_Öresjö_640757-132960.tif,svar/zips/_resj_/640757-132960-kartor/web/tiles-3-0887_Oresjo_640757-132960.dzi
647072-128452,"�resjö",2-1129_Öresjö_647072-128452.tif,svar/zips/_resj_/647072-128452-kartor/web/tiles-2-1129_Oresjo_647072-128452.dzi
633295-138284,"�&revedsjön",2-1112_Årevedssjön_633295-138284.jpg,svar/zips/_revedsj_n/633295-138284-kartor/web/tiles-2-1112_Arevedssjon_633295-138284.dzi
644741-127025,"�revatten",3-4197_Örevatten_644741-127025.tif,svar/zips/_revatten/644741-127025-kartor/web/tiles-3-4197_Orevatten_644741-127025.dzi
652951-146389,"�rgaveln",5-0129_Örgaveln_652951-146389.tif,svar/zips/_rgaveln/652951-146389-kartor/web/tiles-5-0129_Orgaveln_652951-146389.dzi
632981-145227,"�rken",0-0102_Örken_632981-145227.tif,svar/zips/_rken/632981-145227-kartor/web/tiles-0-0102_Orken_632981-145227.dzi
641898-149932,"�rlången",1-0129_Ärlången_641898-149932.tif,svar/zips/_rl_ngen/641898-149932-kartor/web/tiles-1-0129_Arlangen_641898-149932.dzi
647072-128452,"�resjö",3-1550_Öresjö_647072-128452.tif,svar/zips/_resj_/647072-128452-kartor/web/tiles-3-1550_Oresjo_647072-128452.dzi
648941-140991,"�rlen",3-1578_Örlen_648941-140991.tif,svar/zips/_rlen/648941-140991-kartor/web/tiles-3-1578_Orlen_648941-140991.dzi
633295-138284,"�&revedsjön",2-1112_Årevedssjön_633295-138284.tif,svar/zips/_revedsj_n/633295-138284-kartor/web/tiles-2-1112_Arevedssjon_633295-138284.dzi
653841-158669,"�rlången",3-3269_Ärlången_653841-158669.tif,svar/zips/_rl_ngen/653841-158669-kartor/web/tiles-3-3269_Arlangen_653841-158669.dzi
635724-142864,"�rnanäsasjön",5-0056_Ärnanäsasjön_635724-142864.pdf,svar/zips/_rnan_sasj_n/635724-142864-kartor/web/tiles-5-0056_Arnanasasjon_635724-142864.dzi
635405-144391,"�&rsetssjön",3-2952_Årsetssjön_635405-144391.tif,svar/zips/_rsetssj_n/635405-144391-kartor/web/tiles-3-2952_Arsetssjon_635405-144391.dzi
633778-134152,"�rsjön",2-0268_Örsjön_633778-134152.tif,svar/zips/_rsj_n/633778-134152-kartor/web/tiles-2-0268_Orsjon_633778-134152.dzi
629887-135466,"�rsjön",1-0136_Örsjön_629887-135466.tif,svar/zips/_rsj_n/629887-135466-kartor/web/tiles-1-0136_Orsjon_629887-135466.dzi
647072-128452,"�resjö",3-1551_Öresjö_647072-128452.tif,svar/zips/_resj_/647072-128452-kartor/web/tiles-3-1551_Oresjo_647072-128452.dzi
634152-132457,"�rsjön",2-0624_Örsjön_634152-132457a.tif,svar/zips/_rsj_n/634152-132457-kartor/web/tiles-2-0624_Orsjon_634152-132457a.dzi
624524-145891,"�&rsjön",3-2825_Årsjön_624524-145891.tif,svar/zips/_rsj_n/624524-145891-kartor/web/tiles-3-2825_Arsjon_624524-145891.dzi
637276-149504,"�rsjön",3-2299_Örsjön_637276-149504.tif,svar/zips/_rsj_n/637276-149504-kartor/web/tiles-3-2299_Orsjon_637276-149504.dzi
626148-138684,"�rsjön",3-1582_Örsjön_626148-138684.tif,svar/zips/_rsj_n/626148-138684-kartor/web/tiles-3-1582_Orsjon_626148-138684.dzi
624038-143063,"�rsjön",5-1073_Örsjön_624038-143063.jpg,svar/zips/_rsj_n/624038-143063-kartor/web/tiles-5-1073_Orsjon_624038-143063.dzi
656612-164132,"�&rsjön",3-1884_Årsjön_656612-164132.tif,svar/zips/_rsj_n/656612-164132-kartor/web/tiles-3-1884_Arsjon_656612-164132.dzi
624524-145891,"�&rsjön",3-3171_Årsjön_624524-145891.tif,svar/zips/_rsj_n/624524-145891-kartor/web/tiles-3-3171_Arsjon_624524-145891.dzi
651434-146412,"�&rsjön",1-0200_Årsjön_651434-146412.tif,svar/zips/_rsj_n/651434-146412-kartor/web/tiles-1-0200_Arsjon_651434-146412.dzi
628456-149694,"�rsjösjön",3-3842_Örsjösjön_628456-149694a.tif,svar/zips/_rsj_sj_n/628456-149694-kartor/web/tiles-3-3842_Orsjosjon_628456-149694a.dzi
650859-129838,"�rsjön",3-1105_Örsjön_650859-129838.tif,svar/zips/_rsj_n/650859-129838-kartor/web/tiles-3-1105_Orsjon_650859-129838.dzi
634152-132457,"�rsjön",2-0624_Örsjön_634152-132457b.jpg,svar/zips/_rsj_n/634152-132457-kartor/web/tiles-2-0624_Orsjon_634152-132457b.dzi
628387-149614,"�rsjö Göl",5-0445_Örsjö Göl_628387-149614.tif,svar/zips/_rsj_G_l/628387-149614-kartor/web/tiles-5-0445_Orsjo_Gol_628387-149614.dzi
655218-129201,"�rtingen",3-1163_Ärtingen_655218-129201.tif,svar/zips/_rtingen/655218-129201-kartor/web/tiles-3-1163_Artingen_655218-129201.dzi
639719-128120,"�rtjärn",3-1843_Örtjärn_639719-128120.tif,svar/zips/_rtj_rn/639719-128120-kartor/web/tiles-3-1843_Ortjarn_639719-128120.dzi
640442-131228,"�rsjön",2-0575_Örsjön_640442-131228.tif,svar/zips/_rsj_n/640442-131228-kartor/web/tiles-2-0575_Orsjon_640442-131228.dzi
628456-149694,"�rsjösjön",3-3842_Örsjösjön_628456-149694b.tif,svar/zips/_rsj_sj_n/628456-149694-kartor/web/tiles-3-3842_Orsjosjon_628456-149694b.dzi
630037-144977,"�&rydsjön",1-0199_Årydsjön_630037-144977.tif,svar/zips/_rydsj_n/630037-144977-kartor/web/tiles-1-0199_Arydsjon_630037-144977.dzi
635270-144900,"�&sagölen",3-3580_Åsagölen_635270-144900.tif,svar/zips/_sag_len/635270-144900-kartor/web/tiles-3-3580_Asagolen_635270-144900.dzi
648781-126340,"�&sanesjön",3-2009_Åsanesjön_648781-126340.tif,svar/zips/_sanesj_n/648781-126340-kartor/web/tiles-3-2009_Asanesjon_648781-126340.dzi
634152-132457,"�rsjön",2-0624_Örsjön_634152-132457b.tif,svar/zips/_rsj_n/634152-132457-kartor/web/tiles-2-0624_Orsjon_634152-132457b.dzi
650575-148418,"�&sebrosjön",3-2896_Åsebrosjön_650575-148418.tif,svar/zips/_sebrosj_n/650575-148418-kartor/web/tiles-3-2896_Asebrosjon_650575-148418.dzi
641508-133220,"�rtingen",2-0187_Ärtingen_641508-133220.tif,svar/zips/_rtingen/641508-133220-kartor/web/tiles-2-0187_Artingen_641508-133220.dzi
635115-149062,"�sen",3-3819_Äsen_635115-149062a.tif,svar/zips/_sen/635115-149062-kartor/web/tiles-3-3819_Asen_635115-149062a.dzi
629027-148734,"�&sgöl",5-0469_Åsgöl_629027-148734.tif,svar/zips/_sg_l/629027-148734-kartor/web/tiles-5-0469_Asgol_629027-148734.dzi
635144-152439,"�sjö",2-0350_Ösjö_635144-152439.tif,svar/zips/_sj_/635144-152439-kartor/web/tiles-2-0350_Osjo_635144-152439.dzi
638373-139365,"�&sgölen",3-5493_Åsgölen_638373-139365.tif,svar/zips/_sg_len/638373-139365-kartor/web/tiles-3-5493_Asgolen_638373-139365.dzi
624366-146721,"�&sjön",3-2817_Åsjön_624366-146721.tif,svar/zips/_sj_n/624366-146721-kartor/web/tiles-3-2817_Asjon_624366-146721.dzi
638158-130046,"�sjön",3-5494_Ösjön_638158-130046.tif,svar/zips/_sj_n/638158-130046-kartor/web/tiles-3-5494_Osjon_638158-130046.dzi
641508-133220,"�rtingen",2-0229_Ärtingen_641508-133220a.tif,svar/zips/_rtingen/641508-133220-kartor/web/tiles-2-0229_Artingen_641508-133220a.dzi
635115-149062,"�sen",3-3819_Äsen_635115-149062b.tif,svar/zips/_sen/635115-149062-kartor/web/tiles-3-3819_Asen_635115-149062b.dzi
640237-151820,"�sjön",3-3646_Ösjön_640237-151820.tif,svar/zips/_sj_n/640237-151820-kartor/web/tiles-3-3646_Osjon_640237-151820.dzi
634152-132457,"�rsjön",2-0624_Örsjön_634152-132457c.tif,svar/zips/_rsj_n/634152-132457-kartor/web/tiles-2-0624_Orsjon_634152-132457c.dzi
639702-131169,"�sjön",2-0861_Ösjön_639702-131169.tif,svar/zips/_sj_n/639702-131169-kartor/web/tiles-2-0861_Osjon_639702-131169.dzi
640278-148548,"�sjön",3-3647_Ösjön_640278-148548.tif,svar/zips/_sj_n/640278-148548-kartor/web/tiles-3-3647_Osjon_640278-148548.dzi
641536-149221,"�sjön",3-3713_Ösjön_641536-149221.tif,svar/zips/_sj_n/641536-149221-kartor/web/tiles-3-3713_Osjon_641536-149221.dzi
638820-148805,"�&sjön (mitten)",3-3696_Åsjön (mitten)_638820-148805.tif,svar/zips/_sj_n_mitten_/638820-148805-kartor/web/tiles-3-3696_Asjon_mitten_638820-148805.dzi
650145-149340,"�sjön",3-2801_Ösjön_650145-149340.tif,svar/zips/_sj_n/650145-149340-kartor/web/tiles-3-2801_Osjon_650145-149340.dzi
641508-133220,"�rtingen",2-0229_Ärtingen_641508-133220b.tif,svar/zips/_rtingen/641508-133220-kartor/web/tiles-2-0229_Artingen_641508-133220b.dzi
634152-132457,"�rsjön",2-0624_Örsjön_634152-132457d.tif,svar/zips/_rsj_n/634152-132457-kartor/web/tiles-2-0624_Orsjon_634152-132457d.dzi
638875-148763,"�&sjön (norra)",3-3695_Åsjön (norra)_638875-148763.tif,svar/zips/_sj_n_norra_/638875-148763-kartor/web/tiles-3-3695_Asjon_norra_638875-148763.dzi
634997-145065,"�&skogsjön",3-3012_Åskogsjön_634997-145065.tif,svar/zips/_skogsj_n/634997-145065-kartor/web/tiles-3-3012_Askogsjon_634997-145065.dzi
624414-134865,"�&sljungasjön",3-5823_Åsljungasjön_624414-134865a.tif,svar/zips/_sljungasj_n/624414-134865-kartor/web/tiles-3-5823_Asljungasjon_624414-134865a.dzi
638664-148953,"�&sjön (södra)",2-0807_Åsjön (södra)_638664-148953.tif,svar/zips/_sj_n_s_dra_/638664-148953-kartor/web/tiles-2-0807_Asjon_sodra_638664-148953.dzi
638820-148805,"�&sjön (mitten)",3-5745_Åsjön (mitten)_638820-148805.tif,svar/zips/_sj_n_mitten_/638820-148805-kartor/web/tiles-3-5745_Asjon_mitten_638820-148805.dzi
626889-143552,"�&snen-Horgefjorden",2-0164_Åsnen_626889-143552.tif,svar/zips/_snen-Horgefjorden/626889-143552-kartor/web/tiles-2-0164_Asnen_626889-143552.dzi
638399-152352,"�ssebosjön",3-3641_Össebosjön_638399-152352.tif,svar/zips/_ssebosj_n/638399-152352-kartor/web/tiles-3-3641_Ossebosjon_638399-152352.dzi
635603-144511,"�sprillasjön",3-3364_Äsprillasjön_635603-144511.tif,svar/zips/_sprillasj_n/635603-144511-kartor/web/tiles-3-3364_Asprillasjon_635603-144511.dzi
638664-148953,"�&sjön (södra)",3-3707_Åsjön (södra)_638664-148953.tif,svar/zips/_sj_n_s_dra_/638664-148953-kartor/web/tiles-3-3707_Asjon_sodra_638664-148953.dzi
634152-132457,"�rsjön",2-0624_Örsjön_634152-132457e.tif,svar/zips/_rsj_n/634152-132457-kartor/web/tiles-2-0624_Orsjon_634152-132457e.dzi
649436-138900,"�sten",3-1469_Östen_649436-138900.tif,svar/zips/_sten/649436-138900-kartor/web/tiles-3-1469_Osten_649436-138900.dzi
651416-143169,"�ster-�mten",5-0139_Öster-Ämten_651416-143169.tif,svar/zips/_ster-_mten/651416-143169-kartor/web/tiles-5-0139_Oster-Amten_651416-143169.dzi
626889-143552,"�&snen-Horgefjorden",3-0810_Åsnen_626889-143552.tif,svar/zips/_snen-Horgefjorden/626889-143552-kartor/web/tiles-3-0810_Asnen_626889-143552.dzi
628038-135486,"�ssjasjön",2-0222_Össjasjön_628038-135486.tif,svar/zips/_ssjasj_n/628038-135486-kartor/web/tiles-2-0222_Ossjasjon_628038-135486.dzi
624414-134865,"�&sljungasjön",3-5823_Åsljungasjön_624414-134865b.tif,svar/zips/_sljungasj_n/624414-134865-kartor/web/tiles-3-5823_Asljungasjon_624414-134865b.dzi
628617-146894,"�stersjön",3-0786_Östersjön_628617-146894.tif,svar/zips/_stersj_n/628617-146894-kartor/web/tiles-3-0786_Ostersjon_628617-146894.dzi
634152-132457,"�rsjön",2-0624_Örsjön_634152-132457f.tif,svar/zips/_rsj_n/634152-132457-kartor/web/tiles-2-0624_Orsjon_634152-132457f.dzi
633275-136384,"�stersjön",3-4581_Östersjön_633275-136384.tif,svar/zips/_stersj_n/633275-136384-kartor/web/tiles-3-4581_Ostersjon_633275-136384.dzi
638557-138936,"�stersjön",3-6287_Östersjön_638557-138936.tif,svar/zips/_stersj_n/638557-138936-kartor/web/tiles-3-6287_Ostersjon_638557-138936.dzi
649362-127769,"�stersjön",3-1559_Östersjön_649362-127769.tif,svar/zips/_stersj_n/649362-127769-kartor/web/tiles-3-1559_Ostersjon_649362-127769.dzi
653745-145124,"�stersjön",5-0169_Östersjön_653745-145124.tif,svar/zips/_stersj_n/653745-145124-kartor/web/tiles-5-0169_Ostersjon_653745-145124.dzi
639467-128620,"�stersjön",3-1632_Östersjön_639467-128620.tif,svar/zips/_stersj_n/639467-128620-kartor/web/tiles-3-1632_Ostersjon_639467-128620.dzi
636908-137835,"�stersjön",3-2549_Östersjön_636908-137835.tif,svar/zips/_stersj_n/636908-137835-kartor/web/tiles-3-2549_Ostersjon_636908-137835.dzi
628038-135486,"�ssjasjön",3-0852_Össjasjön_628038-135486.tif,svar/zips/_ssjasj_n/628038-135486-kartor/web/tiles-3-0852_Ossjasjon_628038-135486.dzi
653765-127159,"�stra Haksjön",3-4841_Östra Haksjön_653765-127159.tif,svar/zips/_stra_Haksj_n/653765-127159-kartor/web/tiles-3-4841_Ostra_Haksjon_653765-127159.dzi
634152-132457,"�rsjön",2-0624_Örsjön_634152-132457g.tif,svar/zips/_rsj_n/634152-132457-kartor/web/tiles-2-0624_Orsjon_634152-132457g.dzi
624560-144952,"�stra Hjärtsjön",3-6005_Östra Hjärtsjön_624560-144952.tif,svar/zips/_stra_Hj_rtsj_n/624560-144952-kartor/web/tiles-3-6005_Ostra_Hjartsjon_624560-144952.dzi
644712-127901,"�stervatten",2-1014_Östervatten_644712-127901.jpg,svar/zips/_stervatten/644712-127901-kartor/web/tiles-2-1014_Ostervatten_644712-127901.dzi
652331-150312,"�stjuten",2-0276_Östjuten_652331-150312.jpg,svar/zips/_stjuten/652331-150312-kartor/web/tiles-2-0276_Ostjuten_652331-150312.dzi
636908-137835,"�stersjön",5-0057_Östersjön_636908-137835.pdf,svar/zips/_stersj_n/636908-137835-kartor/web/tiles-5-0057_Ostersjon_636908-137835.dzi
648998-129201,"�stra Hästefjorden",1-0297_Östra Hästefjorden_648998-129201.tif,svar/zips/_stra_H_stefjorden/648998-129201-kartor/web/tiles-1-0297_Ostra_Hastefjorden_648998-129201.dzi
639248-129354,"�stra Ingsjön",3-1857_Östra Ingsjön_639248-129354.tif,svar/zips/_stra_Ingsj_n/639248-129354-kartor/web/tiles-3-1857_Ostra_Ingsjon_639248-129354.dzi
634152-132457,"�rsjön",2-0624_Örsjön_634152-132457h.tif,svar/zips/_rsj_n/634152-132457-kartor/web/tiles-2-0624_Orsjon_634152-132457h.dzi
644712-127901,"�stervatten",2-1014_Östervatten_644712-127901.tif,svar/zips/_stervatten/644712-127901-kartor/web/tiles-2-1014_Ostervatten_644712-127901.dzi
648460-127483,"�stra Krokevattnet",3-3486_Östra Krokevattnet_648460-127483.tif,svar/zips/_stra_Krokevattnet/648460-127483-kartor/web/tiles-3-3486_Ostra_Krokevattnet_648460-127483.dzi
652331-150312,"�stjuten",2-0276_Östjuten_652331-150312.tif,svar/zips/_stjuten/652331-150312-kartor/web/tiles-2-0276_Ostjuten_652331-150312.dzi
628038-135486,"�ssjasjön",3-4688_Össjasjön_628038-135486.tif,svar/zips/_ssjasj_n/628038-135486-kartor/web/tiles-3-4688_Ossjasjon_628038-135486.dzi
653049-143462,"�stra Laxsjön",1-0194_Östra Laxsjön_653049-143462.tif,svar/zips/_stra_Laxsj_n/653049-143462-kartor/web/tiles-1-0194_Ostra_Laxsjon_653049-143462.dzi
641777-132050,"�stra Kulsjön",2-0541_Östra Kulsjön_641777-132050.tif,svar/zips/_stra_Kulsj_n/641777-132050-kartor/web/tiles-2-0541_Ostra_Kulsjon_641777-132050.dzi
640458-130232,"�stra Nedsjön",1-0142_Östra Nedsjön_640458-130232.tif,svar/zips/_stra_Nedsj_n/640458-130232-kartor/web/tiles-1-0142_Ostra_Nedsjon_640458-130232.dzi
619626-135565,"�stra Ringsjön",3-0833_Östra Ringsjön_619626-135565.tif,svar/zips/_stra_Ringsj_n/619626-135565-kartor/web/tiles-3-0833_Ostra_Ringsjon_619626-135565.dzi
624251-137453,"�stra Sjö",3-6466_Östra sjö_624251-137453.jpg,svar/zips/_stra_Sj_/624251-137453-kartor/web/tiles-3-6466_Ostra_sjo_624251-137453.dzi
622176-134360,"�stra Sorrödssjön",3-2584_Östra Sorrödsjön_622176-134360.tif,svar/zips/_stra_Sorr_dssj_n/622176-134360-kartor/web/tiles-3-2584_Ostra_Sorrodsjon_622176-134360.dzi
625876-144264,"�stra Rammsjön",3-0792_Östra Rammsjön_625876-144264.tif,svar/zips/_stra_Rammsj_n/625876-144264-kartor/web/tiles-3-0792_Ostra_Rammsjon_625876-144264.dzi
637217-137960,"�stra Trollsjön",3-2070_Östra Trollsjön_637217-137960.tif,svar/zips/_stra_Trollsj_n/637217-137960-kartor/web/tiles-3-2070_Ostra_Trollsjon_637217-137960.dzi
619626-135565,"�stra Ringsjön",3-2176_Östra Ringsjön_619626-135565.tif,svar/zips/_stra_Ringsj_n/619626-135565-kartor/web/tiles-3-2176_Ostra_Ringsjon_619626-135565.dzi
655666-158606,"�stra Stensjön",3-3276_Östra Stensjön_655666-158606.tif,svar/zips/_stra_Stensj_n/655666-158606-kartor/web/tiles-3-3276_Ostra_Stensjon_655666-158606.dzi
640458-130232,"�stra Nedsjön",1-0149_Östra Nedsjön_640458-130232.tif,svar/zips/_stra_Nedsj_n/640458-130232-kartor/web/tiles-1-0149_Ostra_Nedsjon_640458-130232.dzi
624251-137453,"�stra Sjö",3-6466_Östra sjö_624251-137453.tif,svar/zips/_stra_Sj_/624251-137453-kartor/web/tiles-3-6466_Ostra_sjo_624251-137453.dzi
641433-131980,"�stra Valsjön",3-5289_Östra Valsjön_641433-131980.tif,svar/zips/_stra_Valsj_n/641433-131980-kartor/web/tiles-3-5289_Ostra_Valsjon_641433-131980.dzi
637523-131260,"�stra �resjön",3-0885_Östra Öresjön_637523-131260.tif,svar/zips/_stra_resj_n/637523-131260-kartor/web/tiles-3-0885_Ostra_Oresjon_637523-131260.dzi
637217-137960,"�stra Trollsjön",5-0037_Östra Trollsjön_637217-137960.pdf,svar/zips/_stra_Trollsj_n/637217-137960-kartor/web/tiles-5-0037_Ostra_Trollsjon_637217-137960.dzi
631058-132716,"�&striltssjön",3-5103_Åstriltssjön_631058-132716.tif,svar/zips/_striltssj_n/631058-132716-kartor/web/tiles-3-5103_Astriltssjon_631058-132716.dzi
619626-135565,"�stra Ringsjön",3-2177_Sätoftasjön (Östra Ringsjön)_619626-135565.tif,svar/zips/_stra_Ringsj_n/619626-135565-kartor/web/tiles-3-2177_Satoftasjon_Ostra_Ringsjon_619626-135565.dzi
644635-149350,"�&sunden",1-0347a_Åsunden_644635-149350.jpg,svar/zips/_sunden/644635-149350-kartor/web/tiles-1-0347a_Asunden_644635-149350.dzi
640458-130232,"�stra Nedsjön",3-1087_Östra Nedsjön_640458-130232.tif,svar/zips/_stra_Nedsj_n/640458-130232-kartor/web/tiles-3-1087_Ostra_Nedsjon_640458-130232.dzi
637523-131260,"�stra �resjön",3-1588_Östra Öresjön_637523-131260.tif,svar/zips/_stra_resj_n/637523-131260-kartor/web/tiles-3-1588_Ostra_Oresjon_637523-131260.dzi
639683-134896,"�&sunden",2-0185_Åsunden_639683-134896.tif,svar/zips/_sunden/639683-134896-kartor/web/tiles-2-0185_Asunden_639683-134896.dzi
636953-151233,"�&sättern",3-3766_Åsättern_636953-151233a.tif,svar/zips/_s_ttern/636953-151233-kartor/web/tiles-3-3766_Asattern_636953-151233a.dzi
651388-150761,"�vergivern",3-2805_Övergivern_651388-150761.tif,svar/zips/_vergivern/651388-150761-kartor/web/tiles-3-2805_Overgivern_651388-150761.dzi
627654-141929,"�vden",3-6481_Övden_627654-141929.jpg,svar/zips/_vden/627654-141929-kartor/web/tiles-3-6481_Ovden_627654-141929.dzi
644635-149350,"�&sunden",1-0347a_Åsunden_644635-149350.tif,svar/zips/_sunden/644635-149350-kartor/web/tiles-1-0347a_Asunden_644635-149350.dzi
640458-130232,"�stra Nedsjön",3-1092_Östra Nedsjön_640458-130232.tif,svar/zips/_stra_Nedsj_n/640458-130232-kartor/web/tiles-3-1092_Ostra_Nedsjon_640458-130232.dzi
639683-134896,"�&sunden",2-0186_Åsunden_639683-134896.tif,svar/zips/_sunden/639683-134896-kartor/web/tiles-2-0186_Asunden_639683-134896.dzi
634665-143220,"�vingen",3-1820_Övingen_634665-143220.tif,svar/zips/_vingen/634665-143220-kartor/web/tiles-3-1820_Ovingen_634665-143220.dzi
645129-143916,"�versjön",3-3679_Översjön_645129-143916.tif,svar/zips/_versj_n/645129-143916-kartor/web/tiles-3-3679_Oversjon_645129-143916.dzi
627654-141929,"�vden",3-6481_Övden_627654-141929.tif,svar/zips/_vden/627654-141929-kartor/web/tiles-3-6481_Ovden_627654-141929.dzi
636953-151233,"�&sättern",3-3766_Åsättern_636953-151233b.tif,svar/zips/_s_ttern/636953-151233-kartor/web/tiles-3-3766_Asattern_636953-151233b.dzi
644635-149350,"�&sunden",1-0347b_Åsunden_644635-149350.jpg,svar/zips/_sunden/644635-149350-kartor/web/tiles-1-0347b_Asunden_644635-149350.dzi
656742-129568,"�stra Silen",0-0170a_Östra Silen_656742-129568.tif,svar/zips/_stra_Silen/656742-129568-kartor/web/tiles-0-0170a_Ostra_Silen_656742-129568.dzi
631315-132359,"�vrabökesjön",3-5108_Övrabökesjön_631315-132359.tif,svar/zips/_vrab_kesj_n/631315-132359-kartor/web/tiles-3-5108_Ovrabokesjon_631315-132359.dzi
639683-134896,"�&sunden",3-4868_Åsunden_639683-134896a.tif,svar/zips/_sunden/639683-134896-kartor/web/tiles-3-4868_Asunden_639683-134896a.dzi
634665-143220,"�vingen",3-4711_Övingen_634665-143220.tif,svar/zips/_vingen/634665-143220-kartor/web/tiles-3-4711_Ovingen_634665-143220.dzi
635856-149108,"�vra Vrången",3-3798_Övra Vrången_635856-149108a.tif,svar/zips/_vra_Vr_ngen/635856-149108-kartor/web/tiles-3-3798_Ovra_Vrangen_635856-149108a.dzi
656742-129568,"�stra Silen",0-0170b_Östra Silen_656742-129568.tif,svar/zips/_stra_Silen/656742-129568-kartor/web/tiles-0-0170b_Ostra_Silen_656742-129568.dzi
634267-150256,"�vresjön",3-3816_Övresjön_634267-150256a.tif,svar/zips/_vresj_n/634267-150256-kartor/web/tiles-3-3816_Ovresjon_634267-150256a.dzi
632582-144486,"�vrasjö",3-0805_Övrasjö_632582-144486.tif,svar/zips/_vrasj_/632582-144486-kartor/web/tiles-3-0805_Ovrasjo_632582-144486.dzi
639683-134896,"�&sunden",3-4868_Åsunden_639683-134896b.tif,svar/zips/_sunden/639683-134896-kartor/web/tiles-3-4868_Asunden_639683-134896b.dzi
636055-147524,"�vrasjön",2-0313_Övrasjön_636055-147524.tif,svar/zips/_vrasj_n/636055-147524-kartor/web/tiles-2-0313_Ovrasjon_636055-147524.dzi
644635-149350,"�&sunden",1-0347b_Åsunden_644635-149350.tif,svar/zips/_sunden/644635-149350-kartor/web/tiles-1-0347b_Asunden_644635-149350.dzi
626298-144088,"�vre Arasjön",3-2944_Övre Arasjön_626298-144088.tif,svar/zips/_vre_Arasj_n/626298-144088-kartor/web/tiles-3-2944_Ovre_Arasjon_626298-144088.dzi
635856-149108,"�vra Vrången",3-3798_Övra Vrången_635856-149108b.tif,svar/zips/_vra_Vr_ngen/635856-149108-kartor/web/tiles-3-3798_Ovra_Vrangen_635856-149108b.dzi
652816-125218,"�vre Bolsjön",3-1567_Övre Bolsjön_652816-125218.tif,svar/zips/_vre_Bolsj_n/652816-125218-kartor/web/tiles-3-1567_Ovre_Bolsjon_652816-125218.dzi
656742-129568,"�stra Silen",0-0170c_Östra Silen_656742-129568.tif,svar/zips/_stra_Silen/656742-129568-kartor/web/tiles-0-0170c_Ostra_Silen_656742-129568.dzi
634267-150256,"�vresjön",3-3816_Övresjön_634267-150256b.tif,svar/zips/_vresj_n/634267-150256-kartor/web/tiles-3-3816_Ovresjon_634267-150256b.dzi
655015-124128,"�vre Faringen",3-4000_Övre Färingen_655015-124128.tif,svar/zips/_vre_Faringen/655015-124128-kartor/web/tiles-3-4000_Ovre_Faringen_655015-124128.dzi
650935-152305,"�vre Glottern",3-5786_Övre Glottern_650935-152305.tif,svar/zips/_vre_Glottern/650935-152305-kartor/web/tiles-3-5786_Ovre_Glottern_650935-152305.dzi
644635-149350,"�&sunden",1-0347c_Åsunden_644635-149350.jpg,svar/zips/_sunden/644635-149350-kartor/web/tiles-1-0347c_Asunden_644635-149350.dzi
653449-129798,"�vre Högsjön",3-6633_Övre Högsjön_653449-129798.jpg,svar/zips/_vre_H_gsj_n/653449-129798-kartor/web/tiles-3-6633_Ovre_Hogsjon_653449-129798.dzi
652963-147372,"�vre Gryten",5-0127_Övre Gryten_652963-147372.tif,svar/zips/_vre_Gryten/652963-147372-kartor/web/tiles-5-0127_Ovre_Gryten_652963-147372.dzi
655846-131559,"�vre Kalven",3-1174_Övre Kalven_655846-131559.tif,svar/zips/_vre_Kalven/655846-131559-kartor/web/tiles-3-1174_Ovre_Kalven_655846-131559.dzi
643598-152014,"�vre Kroksjön",3-3381_Övre Kroksjön_643598-152014a.tif,svar/zips/_vre_Kroksj_n/643598-152014-kartor/web/tiles-3-3381_Ovre_Kroksjon_643598-152014a.dzi
656742-129568,"�stra Silen",0-0170d_Östra Silen_656742-129568.tif,svar/zips/_stra_Silen/656742-129568-kartor/web/tiles-0-0170d_Ostra_Silen_656742-129568.dzi
634114-150665,"�vre Leksjön",3-3776_Övre Leksjön_634114-150665a.tif,svar/zips/_vre_Leksj_n/634114-150665-kartor/web/tiles-3-3776_Ovre_Leksjon_634114-150665a.dzi
642861-142136,"�vre Kvarnasjön",3-2546_Övre Kvarnasjön_642861-142136.tif,svar/zips/_vre_Kvarnasj_n/642861-142136-kartor/web/tiles-3-2546_Ovre_Kvarnasjon_642861-142136.dzi
644635-149350,"�&sunden",3-6442_Åsunden_644635-149350.jpg,svar/zips/_sunden/644635-149350-kartor/web/tiles-3-6442_Asunden_644635-149350.dzi
641825-153020,"�vre Lisnen",3-3400_Övre Lisnen_641825-153020.tif,svar/zips/_vre_Lisnen/641825-153020-kartor/web/tiles-3-3400_Ovre_Lisnen_641825-153020.dzi
643598-152014,"�vre Kroksjön",3-3381_Övre Kroksjön_643598-152014b.tif,svar/zips/_vre_Kroksj_n/643598-152014-kartor/web/tiles-3-3381_Ovre_Kroksjon_643598-152014b.dzi
634114-150665,"�vre Leksjön",3-3776_Övre Leksjön_634114-150665b.tif,svar/zips/_vre_Leksj_n/634114-150665-kartor/web/tiles-3-3776_Ovre_Leksjon_634114-150665b.dzi
641843-153048,"�vre Lisnen",3-3400_Övre Lisnen_641843-153048.tif,svar/zips/_vre_Lisnen/641843-153048-kartor/web/tiles-3-3400_Ovre_Lisnen_641843-153048.dzi
644635-149350,"�&sunden",3-6442_Åsunden_644635-149350.tif,svar/zips/_sunden/644635-149350-kartor/web/tiles-3-6442_Asunden_644635-149350.dzi
643529-127500,"�vre Långevatten",3-1521_Övre Långevatten_643529-127500.tif,svar/zips/_vre_L_ngevatten/643529-127500-kartor/web/tiles-3-1521_Ovre_Langevatten_643529-127500.dzi
653449-129798,"�vre Högsjön",3-6633_Övre Högsjön_653449-129798.tif,svar/zips/_vre_H_gsj_n/653449-129798-kartor/web/tiles-3-6633_Ovre_Hogsjon_653449-129798.dzi
636972-150924,"�vre Mösjön",3-3768_Övre Mösjön_636972-150924b.tif,svar/zips/_vre_M_sj_n/636972-150924-kartor/web/tiles-3-3768_Ovre_Mosjon_636972-150924b.dzi
624380-145705,"�vre Nätsjön",3-2974_Övre Nätsjön_624380-145705.tif,svar/zips/_vre_N_tsj_n/624380-145705-kartor/web/tiles-3-2974_Ovre_Natsjon_624380-145705.dzi
651520-150726,"�vre Ripplingen",3-2805_Övre Ripplingen_651520-150726.tif,svar/zips/_vre_Ripplingen/651520-150726-kartor/web/tiles-3-2805_Ovre_Ripplingen_651520-150726.dzi
656380-163314,"�vre Rudasjön",2-0479_Övre Rudasjön_656380-163314.tif,svar/zips/_vre_Rudasj_n/656380-163314-kartor/web/tiles-2-0479_Ovre_Rudasjon_656380-163314.dzi
635053-131461,"�vre Sjön",3-5211_Övre sjön_635053-131461a.tif,svar/zips/_vre_Sj_n/635053-131461-kartor/web/tiles-3-5211_Ovre_sjon_635053-131461a.dzi
651307-152063,"�vre Vekmangeln",2-0850_Övre Vekmangeln_651307-152063.tif,svar/zips/_vre_Vekmangeln/651307-152063-kartor/web/tiles-2-0850_Ovre_Vekmangeln_651307-152063.dzi
648696-126673,"�vre Trästickeln",3-2572_Övre Trästickeln_648696-126673.tif,svar/zips/_vre_Tr_stickeln/648696-126673-kartor/web/tiles-3-2572_Ovre_Trastickeln_648696-126673.dzi
643381-127784,"�vre �revatten",3-1079_Övre Örevatten_643381-127784.tif,svar/zips/_vre_revatten/643381-127784-kartor/web/tiles-3-1079_Ovre_Orevatten_643381-127784.dzi
636930-148442,"�vre Svartsjön",3-2883_Övre Svartsjön_636930-148442.tif,svar/zips/_vre_Svartsj_n/636930-148442-kartor/web/tiles-3-2883_Ovre_Svartsjon_636930-148442.dzi
636613-134478,"�vre �lvsjön",3-4762_Övre Älvsjön_636613-134478.tif,svar/zips/_vre_lvsj_n/636613-134478-kartor/web/tiles-3-4762_Ovre_Alvsjon_636613-134478.dzi
637478-128878,"�xaredsjön",3-0893_Öxaredssjön_637478-128878.tif,svar/zips/_xaredsj_n/637478-128878-kartor/web/tiles-3-0893_Oxaredssjon_637478-128878.dzi
635053-131461,"�vre Sjön",3-5211_Övre sjön_635053-131461b.tif,svar/zips/_vre_Sj_n/635053-131461-kartor/web/tiles-3-5211_Ovre_sjon_635053-131461b.dzi
640301-151928,"�vre �mten",3-3644_Övre Ämten_640301-151928.tif,svar/zips/_vre_mten/640301-151928-kartor/web/tiles-3-3644_Ovre_Amten_640301-151928.dzi
651307-152063,"�vre Vekmangeln",3-0713_Övre Vekmangeln_651307-152063a.jpg,svar/zips/_vre_Vekmangeln/651307-152063-kartor/web/tiles-3-0713_Ovre_Vekmangeln_651307-152063a.dzi
635053-131461,"�vre Sjön",3-5211_Övre sjön_635053-131461c.tif,svar/zips/_vre_Sj_n/635053-131461-kartor/web/tiles-3-5211_Ovre_sjon_635053-131461c.dzi
651307-152063,"�vre Vekmangeln",3-0713_Övre Vekmangeln_651307-152063a.tif,svar/zips/_vre_Vekmangeln/651307-152063-kartor/web/tiles-3-0713_Ovre_Vekmangeln_651307-152063a.dzi
636696-131979,"�xasjön",3-4774_Öxasjön_636696-131979.tif,svar/zips/_xasj_n/636696-131979-kartor/web/tiles-3-4774_Oxasjon_636696-131979.dzi
640679-129000,"�xsjön",2-0196_Öxsjön_640679-129000.tif,svar/zips/_xsj_n/640679-129000-kartor/web/tiles-2-0196_Oxsjon_640679-129000.dzi
651307-152063,"�vre Vekmangeln",3-0713_Övre Vekmangeln_651307-152063b.tif,svar/zips/_vre_Vekmangeln/651307-152063-kartor/web/tiles-3-0713_Ovre_Vekmangeln_651307-152063b.dzi
635053-131461,"�vre Sjön",3-5211_Övre sjön_635053-131461d.tif,svar/zips/_vre_Sj_n/635053-131461-kartor/web/tiles-3-5211_Ovre_sjon_635053-131461d.dzi
640679-129000,"�xsjön",3-1072_Öxsjön_640679-129000.tif,svar/zips/_xsj_n/640679-129000-kartor/web/tiles-3-1072_Oxsjon_640679-129000.dzi
635053-131461,"�vre Sjön",3-6567_Övre sjön_635053-131461.jpg,svar/zips/_vre_Sj_n/635053-131461-kartor/web/tiles-3-6567_Ovre_sjon_635053-131461.dzi
640679-129000,"�xsjön",3-1073_Öxsjön_640679-129000.tif,svar/zips/_xsj_n/640679-129000-kartor/web/tiles-3-1073_Oxsjon_640679-129000.dzi
635053-131461,"�vre Sjön",3-6567_Övre sjön_635053-131461.tif,svar/zips/_vre_Sj_n/635053-131461-kartor/web/tiles-3-6567_Ovre_sjon_635053-131461.dzi
635053-131461,"�vre Sjön",5-1037_Övre sjön_635053-131461.pdf,svar/zips/_vre_Sj_n/635053-131461-kartor/web/tiles-5-1037_Ovre_sjon_635053-131461.dzi