Found 4303 .dzi manifests
[1/4303] svar/zips/Abborrag_l/638325-138979-kartor/web/tiles-3-5482_Aborragöl_638325-138979.dzi ... upload error (manifest): Invalid key: svar/zips/Abborrag_l/638325-138979-kartor/web/tiles-3-5482_Aborragöl_638325-138979.dzi
[2/4303] svar/zips/Abborrasj_n/625069-145129-kartor/web/tiles-3-2967_Abborrasjön_625069-145129.dzi ... upload error (manifest): Invalid key: svar/zips/Abborrasj_n/625069-145129-kartor/web/tiles-3-2967_Abborrasjön_625069-145129.dzi
[3/4303] svar/zips/Abborrasj_n/625286-141089-kartor/web/tiles-3-6476_Abborrasjön_625286-141089.dzi ... upload error (manifest): Invalid key: svar/zips/Abborrasj_n/625286-141089-kartor/web/tiles-3-6476_Abborrasjön_625286-141089.dzi
[4/4303] svar/zips/Abborrasj_n/636024-140633-kartor/web/tiles-3-5386_Aborrasjön_636024-140633.dzi ... upload error (manifest): Invalid key: svar/zips/Abborrasj_n/636024-140633-kartor/web/tiles-3-5386_Aborrasjön_636024-140633.dzi
[5/4303] svar/zips/Abborrasj_n/636822-134624-kartor/web/tiles-3-6639_Abborrasjön_636822-134624.dzi ... upload error (manifest): Invalid key: svar/zips/Abborrasj_n/636822-134624-kartor/web/tiles-3-6639_Abborrasjön_636822-134624.dzi
[6/4303] svar/zips/Abborravattnet/635365-129646-kartor/web/tiles-3-2841_Abborravattnet_635365-129646.dzi ... done • ETA ~ 10m 5s
[7/4303] svar/zips/Abborresj_n/643063-129139-kartor/web/tiles-3-0930_Abborresjön_643063-129139.dzi ... upload error (manifest): Invalid key: svar/zips/Abborresj_n/643063-129139-kartor/web/tiles-3-0930_Abborresjön_643063-129139.dzi
[8/4303] svar/zips/Abborrsj_/639270-130713-kartor/web/tiles-3-5248_Abborrsjö_639270-130713.dzi ... upload error (manifest): Invalid key: svar/zips/Abborrsj_/639270-130713-kartor/web/tiles-3-5248_Abborrsjö_639270-130713.dzi
[9/4303] svar/zips/Abborrsj_n/639791-131788-kartor/web/tiles-2-0700_Abborrsjön_639791-131788.dzi ... upload error (manifest): Invalid key: svar/zips/Abborrsj_n/639791-131788-kartor/web/tiles-2-0700_Abborrsjön_639791-131788.dzi
[10/4303] svar/zips/Abborrsj_n/640260-131004-kartor/web/tiles-3-3901_Abborrsjön_640260-131004a.dzi ... upload error (manifest): Invalid key: svar/zips/Abborrsj_n/640260-131004-kartor/web/tiles-3-3901_Abborrsjön_640260-131004a.dzi
[11/4303] svar/zips/Abborrsj_n/640260-131004-kartor/web/tiles-3-3901_Abborrsjön_640260-131004b.dzi ... upload error (manifest): Invalid key: svar/zips/Abborrsj_n/640260-131004-kartor/web/tiles-3-3901_Abborrsjön_640260-131004b.dzi
[12/4303] svar/zips/Abborrtj_rn/638121-128714-kartor/web/tiles-3-2704_Abborrtjärn_638121-128714.dzi ... upload error (manifest): Invalid key: svar/zips/Abborrtj_rn/638121-128714-kartor/web/tiles-3-2704_Abborrtjärn_638121-128714.dzi
[13/4303] svar/zips/Abborrvattnet/653179-124853-kartor/web/tiles-3-4267_Abborrvattnet_653179-124853.dzi ... done • ETA ~ 8m 12s
[14/4303] svar/zips/Acksj_n/633666-136711-kartor/web/tiles-3-4574_Acksjön_633666-136711.dzi ... upload error (manifest): Invalid key: svar/zips/Acksj_n/633666-136711-kartor/web/tiles-3-4574_Acksjön_633666-136711.dzi
[15/4303] svar/zips/Acksj_n/648295-137398-kartor/web/tiles-3-1470_Acksjön_648295-137398.dzi ... upload error (manifest): Invalid key: svar/zips/Acksj_n/648295-137398-kartor/web/tiles-3-1470_Acksjön_648295-137398.dzi
[16/4303] svar/zips/Acksj_n/655420-159049-kartor/web/tiles-3-1877_Acksjon_655420-159049.dzi ... done • ETA ~ 8m 7s
[17/4303] svar/zips/Agnsj_/641655-135334-kartor/web/tiles-3-4763_Agnsjö_641655-135334.dzi ... upload error (manifest): Invalid key: svar/zips/Agnsj_/641655-135334-kartor/web/tiles-3-4763_Agnsjö_641655-135334.dzi
[18/4303] svar/zips/Agnsj_n/625914-148075-kartor/web/tiles-3-5572_Agnasjön_625914-148075.dzi ... upload error (manifest): Invalid key: svar/zips/Agnsj_n/625914-148075-kartor/web/tiles-3-5572_Agnasjön_625914-148075.dzi
[19/4303] svar/zips/Agnsj_n/633094-137061-kartor/web/tiles-3-5316_Agnsjön_633094-137061.dzi ... upload error (manifest): Invalid key: svar/zips/Agnsj_n/633094-137061-kartor/web/tiles-3-5316_Agnsjön_633094-137061.dzi
[20/4303] svar/zips/Agnsj_n/635724-140483-kartor/web/tiles-3-5396_Agnsjön_635724-140483.dzi ... upload error (manifest): Invalid key: svar/zips/Agnsj_n/635724-140483-kartor/web/tiles-3-5396_Agnsjön_635724-140483.dzi
[21/4303] svar/zips/Agnsj_n/637224-128547-kartor/web/tiles-3-0891_Agnsjön_637224-128547.dzi ... upload error (manifest): Invalid key: svar/zips/Agnsj_n/637224-128547-kartor/web/tiles-3-0891_Agnsjön_637224-128547.dzi
[22/4303] svar/zips/Agnsj_n/638673-128186-kartor/web/tiles-3-0903_Agnsjön_638673-128186.dzi ... upload error (manifest): Invalid key: svar/zips/Agnsj_n/638673-128186-kartor/web/tiles-3-0903_Agnsjön_638673-128186.dzi
[23/4303] svar/zips/Agunnarydsj_n/629050-139932-kartor/web/tiles-3-0816_Agunnarydsjön_629050-139932.dzi ... upload error (manifest): Invalid key: svar/zips/Agunnarydsj_n/629050-139932-kartor/web/tiles-3-0816_Agunnarydsjön_629050-139932.dzi
[24/4303] svar/zips/Akaren/655152-159244-kartor/web/tiles-3-1749_Akaren_655152-159244.dzi ... done • ETA ~ 7m 28s
[25/4303] svar/zips/Albosj_n/634812-137735-kartor/web/tiles-5-0001_Albosjön_634812-137735.dzi ... upload error (manifest): Invalid key: svar/zips/Albosj_n/634812-137735-kartor/web/tiles-5-0001_Albosjön_634812-137735.dzi
[26/4303] svar/zips/Algustorpasj_n/623935-135724-kartor/web/tiles-3-5843_Algustorpasjön_623935-135724a.dzi ... upload error (manifest): Invalid key: svar/zips/Algustorpasj_n/623935-135724-kartor/web/tiles-3-5843_Algustorpasjön_623935-135724a.dzi
[27/4303] svar/zips/Algustorpasj_n/623935-135724-kartor/web/tiles-3-5843_Algustorpasjön_623935-135724b.dzi ... upload error (manifest): Invalid key: svar/zips/Algustorpasj_n/623935-135724-kartor/web/tiles-3-5843_Algustorpasjön_623935-135724b.dzi
[28/4303] svar/zips/Algustorpasj_n/623935-135724-kartor/web/tiles-3-5843_Algustorpasjön_623935-135724c.dzi ... upload error (manifest): Invalid key: svar/zips/Algustorpasj_n/623935-135724-kartor/web/tiles-3-5843_Algustorpasjön_623935-135724c.dzi
[29/4303] svar/zips/Algustorpasj_n/623935-135724-kartor/web/tiles-3-5843_Algustorpasjön_623935-135724d.dzi ... upload error (manifest): Invalid key: svar/zips/Algustorpasj_n/623935-135724-kartor/web/tiles-3-5843_Algustorpasjön_623935-135724d.dzi
[30/4303] svar/zips/Algustorpasj_n/623935-135724-kartor/web/tiles-3-5843_Algustorpasjön_623935-135724e.dzi ... upload error (manifest): Invalid key: svar/zips/Algustorpasj_n/623935-135724-kartor/web/tiles-3-5843_Algustorpasjön_623935-135724e.dzi
[31/4303] svar/zips/Algustorpasj_n/623935-135724-kartor/web/tiles-3-5843_Algustorpasjön_623935-135724f.dzi ... upload error (manifest): Invalid key: svar/zips/Algustorpasj_n/623935-135724-kartor/web/tiles-3-5843_Algustorpasjön_623935-135724f.dzi
[32/4303] svar/zips/Algustorpasj_n/636801-136926-kartor/web/tiles-5-0002_Algustorpasjön_636801-136926.dzi ... upload error (manifest): Invalid key: svar/zips/Algustorpasj_n/636801-136926-kartor/web/tiles-5-0002_Algustorpasjön_636801-136926.dzi
[33/4303] svar/zips/Allgjuttern/642489-151724-kartor/web/tiles-3-3378_Allgjuttern_642489-151724.dzi ... done • ETA ~ 6m 57s
[34/4303] svar/zips/Allgjuttern/642489-151724-kartor/web/tiles-5-1053_Allgjuttern_642489-151724.dzi ... done • ETA ~ 7m 3s
[35/4303] svar/zips/Allgunnen/631706-151419-kartor/web/tiles-1-0203_Allgunnen_631706-151419.dzi ... done • ETA ~ 7m 16s
[36/4303] svar/zips/Allgunnen/631706-151419-kartor/web/tiles-3-2359a_Allgunnen_631706-151419.dzi ... done • ETA ~ 7m 21s
[37/4303] svar/zips/Allgunnen/631706-151419-kartor/web/tiles-3-2359b_Allgunnen_631706-151419.dzi ... done • ETA ~ 7m 31s
[38/4303] svar/zips/Allgunnen/631706-151419-kartor/web/tiles-3-2359c_Allgunnen_631706-151419.dzi ... done • ETA ~ 7m 35s
[39/4303] svar/zips/Allgunnen/631706-151419-kartor/web/tiles-3-2359e_Allgunnen_631706-151419.dzi ... done • ETA ~ 7m 43s
[40/4303] svar/zips/Allgunnen/634690-142635-kartor/web/tiles-3-0841_Allgunnen_634690-142635.dzi ... done • ETA ~ 7m 48s
[41/4303] svar/zips/Allgunnen/634690-142635-kartor/web/tiles-3-2604_Allgunnen_634690-142635.dzi ... done • ETA ~ 7m 56s
[42/4303] svar/zips/Allsarpasj_n/635076-142186-kartor/web/tiles-3-6429_Allsarpasjön_635076-142186.dzi ... upload error (manifest): Invalid key: svar/zips/Allsarpasj_n/635076-142186-kartor/web/tiles-3-6429_Allsarpasjön_635076-142186.dzi
[43/4303] svar/zips/Allsarpasj_n/635076-142186-kartor/web/tiles-5-0003_Allsarpasjön_635076-142186.dzi ... upload error (manifest): Invalid key: svar/zips/Allsarpasj_n/635076-142186-kartor/web/tiles-5-0003_Allsarpasjön_635076-142186.dzi
[44/4303] svar/zips/Allsj_n/624352-149531-kartor/web/tiles-3-5310_Allsjön_624352-149531.dzi ... upload error (manifest): Invalid key: svar/zips/Allsj_n/624352-149531-kartor/web/tiles-3-5310_Allsjön_624352-149531.dzi
[45/4303] svar/zips/Almes_krag_len/638154-142863-kartor/web/tiles-3-6497_Almesåkragölen_638154-142863.dzi ... upload error (manifest): Invalid key: svar/zips/Almes_krag_len/638154-142863-kartor/web/tiles-3-6497_Almesåkragölen_638154-142863.dzi
[46/4303] svar/zips/Almes_krasj_n/638020-142802-kartor/web/tiles-3-3401_Almesåkrasjön_638020-142802.dzi ... upload error (manifest): Invalid key: svar/zips/Almes_krasj_n/638020-142802-kartor/web/tiles-3-3401_Almesåkrasjön_638020-142802.dzi
[47/4303] svar/zips/Almsj_n/656412-158952-kartor/web/tiles-3-1789_Almsjön_656412-158952.dzi ... upload error (manifest): Invalid key: svar/zips/Almsj_n/656412-158952-kartor/web/tiles-3-1789_Almsjön_656412-158952.dzi
[48/4303] svar/zips/Almten/634531-148678-kartor/web/tiles-3-3429_Almten_634531-148678.dzi ... done • ETA ~ 7m 39s
[49/4303] svar/zips/Aln_ssj_n/650527-125025-kartor/web/tiles-3-2565_Alnässjön_650527-125025.dzi ... upload error (manifest): Invalid key: svar/zips/Aln_ssj_n/650527-125025-kartor/web/tiles-3-2565_Alnässjön_650527-125025.dzi
[50/4303] svar/zips/Alsbog_l/628637-148699-kartor/web/tiles-5-0466_Alsbogöl_628637-148699.dzi ... upload error (manifest): Invalid key: svar/zips/Alsbog_l/628637-148699-kartor/web/tiles-5-0466_Alsbogöl_628637-148699.dzi
[51/4303] svar/zips/Alsj_sj_n/627808-148918-kartor/web/tiles-5-0485_Alsjösjön_627808-148918.dzi ... upload error (manifest): Invalid key: svar/zips/Alsj_sj_n/627808-148918-kartor/web/tiles-5-0485_Alsjösjön_627808-148918.dzi
[52/4303] svar/zips/Alstern/631903-147605-kartor/web/tiles-2-0302_Alstern_631903-147605.dzi ... done • ETA ~ 7m 32s
[53/4303] svar/zips/Alvhagasj_n/633721-133299-kartor/web/tiles-3-6647_Alvhagasjön_633721-133299.dzi ... upload error (manifest): Invalid key: svar/zips/Alvhagasj_n/633721-133299-kartor/web/tiles-3-6647_Alvhagasjön_633721-133299.dzi
[54/4303] svar/zips/Amsj_n/629793-133135-kartor/web/tiles-3-5098_Amsjön_629793-133135.dzi ... upload error (manifest): Invalid key: svar/zips/Amsj_n/629793-133135-kartor/web/tiles-3-5098_Amsjön_629793-133135.dzi
[55/4303] svar/zips/Andsj_n/641350-138085-kartor/web/tiles-3-5718_Andsjön_641350-138085.dzi ... upload error (manifest): Invalid key: svar/zips/Andsj_n/641350-138085-kartor/web/tiles-3-5718_Andsjön_641350-138085.dzi
[56/4303] svar/zips/Anen/641021-151421-kartor/web/tiles-2-0374_Anen_641021-151421b.dzi ... done • ETA ~ 7m 29s
[57/4303] svar/zips/Angsj_n/639211-138501-kartor/web/tiles-3-5731_Angsjön_639211-138501.dzi ... upload error (manifest): Invalid key: svar/zips/Angsj_n/639211-138501-kartor/web/tiles-3-5731_Angsjön_639211-138501.dzi
[58/4303] svar/zips/Angs_ssj_n/634382-134507-kartor/web/tiles-3-2547_Angsåssjön_634382-134507.dzi ... upload error (manifest): Invalid key: svar/zips/Angs_ssj_n/634382-134507-kartor/web/tiles-3-2547_Angsåssjön_634382-134507.dzi
[59/4303] svar/zips/Annebergssj_n/634177-137086-kartor/web/tiles-2-1105_Annebergssjön_634177-137086.dzi ... upload error (manifest): Invalid key: svar/zips/Annebergssj_n/634177-137086-kartor/web/tiles-2-1105_Annebergssjön_634177-137086.dzi
[60/4303] svar/zips/Anten/643499-130158-kartor/web/tiles-2-0192_Anten_643499-130158.dzi ... done • ETA ~ 7m 26s
[61/4303] svar/zips/Apeln_ssj_n/638496-133184-kartor/web/tiles-3-4765_Apelnäsasjön_638496-133184.dzi ... upload error (manifest): Invalid key: svar/zips/Apeln_ssj_n/638496-133184-kartor/web/tiles-3-4765_Apelnäsasjön_638496-133184.dzi
[62/4303] svar/zips/Arasl_vssj_n/621463-139472-kartor/web/tiles-2-0165_Araslövssjön_621463-139472.dzi ... upload error (manifest): Invalid key: svar/zips/Arasl_vssj_n/621463-139472-kartor/web/tiles-2-0165_Araslövssjön_621463-139472.dzi
[63/4303] svar/zips/Are_Sj_/631690-145084-kartor/web/tiles-3-6335_Are sjö_631690-145084.dzi ... upload error (manifest): Invalid key: svar/zips/Are_Sj_/631690-145084-kartor/web/tiles-3-6335_Are sjö_631690-145084.dzi
[64/4303] svar/zips/Arsj_n/645272-127556-kartor/web/tiles-2-1125_Arsjön_645272-127556.dzi ... upload error (manifest): Invalid key: svar/zips/Arsj_n/645272-127556-kartor/web/tiles-2-1125_Arsjön_645272-127556.dzi
[65/4303] svar/zips/Arveg_l/638960-138667-kartor/web/tiles-3-6304_Arvegöl_638960-138667.dzi ... upload error (manifest): Invalid key: svar/zips/Arveg_l/638960-138667-kartor/web/tiles-3-6304_Arvegöl_638960-138667.dzi
[66/4303] svar/zips/Arvesj_n/633199-150916-kartor/web/tiles-3-4026_Arvesjö_633199-150916.dzi ... upload error (manifest): Invalid key: svar/zips/Arvesj_n/633199-150916-kartor/web/tiles-3-4026_Arvesjö_633199-150916.dzi
[67/4303] svar/zips/Arvidabosj_n/634671-135061-kartor/web/tiles-3-5687_Arvidabosjön_634671-135061.dzi ... upload error (manifest): Invalid key: svar/zips/Arvidabosj_n/634671-135061-kartor/web/tiles-3-5687_Arvidabosjön_634671-135061.dzi
[68/4303] svar/zips/Arvidabosj_n/634671-135061-kartor/web/tiles-5-1042_Arvidabosjön_634671-135061.dzi ... upload error (manifest): Invalid key: svar/zips/Arvidabosj_n/634671-135061-kartor/web/tiles-5-1042_Arvidabosjön_634671-135061.dzi
[69/4303] svar/zips/Arvidstorpasj_n/623903-147242-kartor/web/tiles-3-0769_Arvidstorpasjön_623903-147242.dzi ... upload error (manifest): Invalid key: svar/zips/Arvidstorpasj_n/623903-147242-kartor/web/tiles-3-0769_Arvidstorpasjön_623903-147242.dzi
[70/4303] svar/zips/Asasj_n/633151-143906-kartor/web/tiles-2-0156_Asasjön_633151-143906.dzi ... upload error (manifest): Invalid key: svar/zips/Asasj_n/633151-143906-kartor/web/tiles-2-0156_Asasjön_633151-143906.dzi
[71/4303] svar/zips/Askaken/630174-135566-kartor/web/tiles-1-0136_Askaken_630174-135566.dzi ... done • ETA ~ 7m 9s
[72/4303] svar/zips/Askesj_/655977-128851-kartor/web/tiles-1-0145_Askesjö_655977-128851.dzi ... upload error (manifest): Invalid key: svar/zips/Askesj_/655977-128851-kartor/web/tiles-1-0145_Askesjö_655977-128851.dzi
[73/4303] svar/zips/Aspe/650303-125353-kartor/web/tiles-3-1566_Aspen_650303-125353.dzi ... done • ETA ~ 7m 12s
[74/4303] svar/zips/Aspe/650303-125353-kartor/web/tiles-3-2553_Aspen_650303-125353.dzi ... done • ETA ~ 7m 15s
[75/4303] svar/zips/Aspen/640873-128461-kartor/web/tiles-2-0193_Aspen_640873-128461.dzi ... done • ETA ~ 7m 19s
[76/4303] svar/zips/Aspen/640873-128461-kartor/web/tiles-2-0569_Aspen_640873-128461.dzi ... done • ETA ~ 7m 21s
[77/4303] svar/zips/Aspen/640873-128461-kartor/web/tiles-3-0929_Aspen_640873-128461.dzi ... done • ETA ~ 7m 23s
[78/4303] svar/zips/Aspen/655805-151808-kartor/web/tiles-3-5616_Aspen_655805-151808.dzi ... done • ETA ~ 7m 26s
[79/4303] svar/zips/Assarebosj_n/639156-138473-kartor/web/tiles-3-5728_Assarebosjön_639156-138473.dzi ... upload error (manifest): Invalid key: svar/zips/Assarebosj_n/639156-138473-kartor/web/tiles-3-5728_Assarebosjön_639156-138473.dzi
[80/4303] svar/zips/Assarebosj_n/639156-138473-kartor/web/tiles-5-0004_Assarebosjön_639156-138473.dzi ... upload error (manifest): Invalid key: svar/zips/Assarebosj_n/639156-138473-kartor/web/tiles-5-0004_Assarebosjön_639156-138473.dzi
[81/4303] svar/zips/Assbrunnen/635194-135286-kartor/web/tiles-3-2543_Assbrunnen_635194-135286.dzi ... done • ETA ~ 7m 23s
[82/4303] svar/zips/Assj_n/638622-145301-kartor/web/tiles-3-5199_Assjön_638622-145301.dzi ... upload error (manifest): Invalid key: svar/zips/Assj_n/638622-145301-kartor/web/tiles-3-5199_Assjön_638622-145301.dzi
[83/4303] svar/zips/Assmunder_dvatten/646478-126123-kartor/web/tiles-3-4248_Assmunderödvatten_646478-126123.dzi ... upload error (manifest): Invalid key: svar/zips/Assmunder_dvatten/646478-126123-kartor/web/tiles-3-4248_Assmunderödvatten_646478-126123.dzi
[84/4303] svar/zips/Astr_sk/635435-165645-kartor/web/tiles-3-3006_Asträsk_635435-165645.dzi ... upload error (manifest): Invalid key: svar/zips/Astr_sk/635435-165645-kartor/web/tiles-3-3006_Asträsk_635435-165645.dzi
[85/4303] svar/zips/Attavarasj_n/628913-133942-kartor/web/tiles-3-5095_Attavarasjön_628913-133942.dzi ... upload error (manifest): Invalid key: svar/zips/Attavarasj_n/628913-133942-kartor/web/tiles-3-5095_Attavarasjön_628913-133942.dzi
[86/4303] svar/zips/Avern/653008-148798-kartor/web/tiles-5-0170_Avern_653008-148798.dzi ... done • ETA ~ 7m 19s
[87/4303] svar/zips/Avesj_/633379-150071-kartor/web/tiles-3-6162_Avesjö_633379-150071a.dzi ... upload error (manifest): Invalid key: svar/zips/Avesj_/633379-150071-kartor/web/tiles-3-6162_Avesjö_633379-150071a.dzi
[88/4303] svar/zips/Avesj_/633379-150071-kartor/web/tiles-3-6162_Avesjö_633379-150071b.dzi ... upload error (manifest): Invalid key: svar/zips/Avesj_/633379-150071-kartor/web/tiles-3-6162_Avesjö_633379-150071b.dzi
[89/4303] svar/zips/Avesj_/633379-150071-kartor/web/tiles-3-6162_Avesjö_633379-150071c.dzi ... upload error (manifest): Invalid key: svar/zips/Avesj_/633379-150071-kartor/web/tiles-3-6162_Avesjö_633379-150071c.dzi
[90/4303] svar/zips/Avesj_/633379-150071-kartor/web/tiles-3-6162_Avesjö_633379-150071d.dzi ... upload error (manifest): Invalid key: svar/zips/Avesj_/633379-150071-kartor/web/tiles-3-6162_Avesjö_633379-150071d.dzi
[91/4303] svar/zips/Avesj_/633379-150071-kartor/web/tiles-3-6162_Avesjö_633379-150071e.dzi ... upload error (manifest): Invalid key: svar/zips/Avesj_/633379-150071-kartor/web/tiles-3-6162_Avesjö_633379-150071e.dzi
[92/4303] svar/zips/Avesj_/633379-150071-kartor/web/tiles-3-6162_Avesjö_633379-150071f.dzi ... upload error (manifest): Invalid key: svar/zips/Avesj_/633379-150071-kartor/web/tiles-3-6162_Avesjö_633379-150071f.dzi
[93/4303] svar/zips/Avesj_/633379-150071-kartor/web/tiles-3-6162_Avesjö_633379-150071g.dzi ... upload error (manifest): Invalid key: svar/zips/Avesj_/633379-150071-kartor/web/tiles-3-6162_Avesjö_633379-150071g.dzi
[94/4303] svar/zips/Avesj_n/624307-146379-kartor/web/tiles-3-3177_Avesjön_624307-146379.dzi ... upload error (manifest): Invalid key: svar/zips/Avesj_n/624307-146379-kartor/web/tiles-3-3177_Avesjön_624307-146379.dzi
[95/4303] svar/zips/Avesj_n/634477-148733-kartor/web/tiles-3-3789_Avesjö_634477-148733a.dzi ... upload error (manifest): Invalid key: svar/zips/Avesj_n/634477-148733-kartor/web/tiles-3-3789_Avesjö_634477-148733a.dzi
[96/4303] svar/zips/Avesj_n/634477-148733-kartor/web/tiles-3-3789_Avesjö_634477-148733b.dzi ... upload error (manifest): Invalid key: svar/zips/Avesj_n/634477-148733-kartor/web/tiles-3-3789_Avesjö_634477-148733b.dzi
[97/4303] svar/zips/Axamosj_n/640721-139670-kartor/web/tiles-3-0715_Axamosjön_640721-139670.dzi ... upload error (manifest): Invalid key: svar/zips/Axamosj_n/640721-139670-kartor/web/tiles-3-0715_Axamosjön_640721-139670.dzi
[98/4303] svar/zips/Axamosj_n/640721-139670-kartor/web/tiles-3-5717_Axamosjön_640721-139670.dzi ... upload error (manifest): Invalid key: svar/zips/Axamosj_n/640721-139670-kartor/web/tiles-3-5717_Axamosjön_640721-139670.dzi
[99/4303] svar/zips/Axaren/655971-161637-kartor/web/tiles-3-6615_Axaren__655971-161637.dzi ... done • ETA ~ 7m 8s
[100/4303] svar/zips/Axebo_Sj_/634332-149039-kartor/web/tiles-2-0360_Axebo sjö_634332-149039a.dzi ... upload error (manifest): Invalid key: svar/zips/Axebo_Sj_/634332-149039-kartor/web/tiles-2-0360_Axebo sjö_634332-149039a.dzi
[101/4303] svar/zips/Axebo_Sj_/634332-149039-kartor/web/tiles-2-0360_Axebo sjö_634332-149039b.dzi ... upload error (manifest): Invalid key: svar/zips/Axebo_Sj_/634332-149039-kartor/web/tiles-2-0360_Axebo sjö_634332-149039b.dzi
[102/4303] svar/zips/Axsj_n/639859-153243-kartor/web/tiles-3-3368_Axsjön_639859-153243.dzi ... upload error (manifest): Invalid key: svar/zips/Axsj_n/639859-153243-kartor/web/tiles-3-3368_Axsjön_639859-153243.dzi
[103/4303] svar/zips/Axsj_n/649652-148582-kartor/web/tiles-3-2998_Axsjön_649652-148582.dzi ... upload error (manifest): Invalid key: svar/zips/Axsj_n/649652-148582-kartor/web/tiles-3-2998_Axsjön_649652-148582.dzi
[104/4303] svar/zips/Axsj_n/654382-157757-kartor/web/tiles-3-1777_Axsjön_654382-157757.dzi ... upload error (manifest): Invalid key: svar/zips/Axsj_n/654382-157757-kartor/web/tiles-3-1777_Axsjön_654382-157757.dzi
[105/4303] svar/zips/Axsj_n/655785-158616-kartor/web/tiles-3-4390_Axsjön_655785-158616.dzi ... upload error (manifest): Invalid key: svar/zips/Axsj_n/655785-158616-kartor/web/tiles-3-4390_Axsjön_655785-158616.dzi
[106/4303] svar/zips/Backetj_rn/652370-125789-kartor/web/tiles-3-1914_Backetjärn_652370-125789.dzi ... upload error (manifest): Invalid key: svar/zips/Backetj_rn/652370-125789-kartor/web/tiles-3-1914_Backetjärn_652370-125789.dzi
[107/4303] svar/zips/Baggam_lasj_n/624513-142812-kartor/web/tiles-3-2641_Baggamålasjön_624513-142812.dzi ... upload error (manifest): Invalid key: svar/zips/Baggam_lasj_n/624513-142812-kartor/web/tiles-3-2641_Baggamålasjön_624513-142812.dzi
[108/4303] svar/zips/Balasj_n/628699-133371-kartor/web/tiles-3-4689_Balasjön_628699-133371.dzi ... upload error (manifest): Invalid key: svar/zips/Balasj_n/628699-133371-kartor/web/tiles-3-4689_Balasjön_628699-133371.dzi
[109/4303] svar/zips/Ballasj_n/636121-133870-kartor/web/tiles-3-4747_Ballasjön_636121-133870.dzi ... upload error (manifest): Invalid key: svar/zips/Ballasj_n/636121-133870-kartor/web/tiles-3-4747_Ballasjön_636121-133870.dzi
[110/4303] svar/zips/Ballasj_n/639870-130407-kartor/web/tiles-2-0661_Ballasjön_639870-130407.dzi ... upload error (manifest): Invalid key: svar/zips/Ballasj_n/639870-130407-kartor/web/tiles-2-0661_Ballasjön_639870-130407.dzi
[111/4303] svar/zips/Ballsj_n/653947-130115-kartor/web/tiles-3-1723_Ballsjön_653947-130115.dzi ... upload error (manifest): Invalid key: svar/zips/Ballsj_n/653947-130115-kartor/web/tiles-3-1723_Ballsjön_653947-130115.dzi
[112/4303] svar/zips/Bandsj_n/621974-134428-kartor/web/tiles-3-2594_Bandsjön_621974-134428.dzi ... upload error (manifest): Invalid key: svar/zips/Bandsj_n/621974-134428-kartor/web/tiles-3-2594_Bandsjön_621974-134428.dzi
[113/4303] svar/zips/Bandsj_n/621974-134428-kartor/web/tiles-3-6576_Bandsjön_621974-134428.dzi ... upload error (manifest): Invalid key: svar/zips/Bandsj_n/621974-134428-kartor/web/tiles-3-6576_Bandsjön_621974-134428.dzi
[114/4303] svar/zips/Barken/634751-130909-kartor/web/tiles-3-2411_Barken_634751-130909.dzi ... done • ETA ~ 6m 54s
[115/4303] svar/zips/Barken/634751-130909-kartor/web/tiles-3-6566_Barken_634751-130909.dzi ... done • ETA ~ 6m 55s
[116/4303] svar/zips/Barken/634751-130909-kartor/web/tiles-5-0994_Barken_634751-130909.dzi ... done • ETA ~ 6m 58s
[117/4303] svar/zips/Barnarpasj_n/640005-140314-kartor/web/tiles-3-0716_Barnarpsjön_640005-140314.dzi ... upload error (manifest): Invalid key: svar/zips/Barnarpasj_n/640005-140314-kartor/web/tiles-3-0716_Barnarpsjön_640005-140314.dzi
[118/4303] svar/zips/Barnarpasj_n/640005-140314-kartor/web/tiles-3-6456_Barnarpasjön_640005-140314.dzi ... upload error (manifest): Invalid key: svar/zips/Barnarpasj_n/640005-140314-kartor/web/tiles-3-6456_Barnarpasjön_640005-140314.dzi
[119/4303] svar/zips/Barnasj_n/633364-138065-kartor/web/tiles-3-6350_Barnasjön_633364-138065.dzi ... upload error (manifest): Invalid key: svar/zips/Barnasj_n/633364-138065-kartor/web/tiles-3-6350_Barnasjön_633364-138065.dzi
[120/4303] svar/zips/Barnsj_n/630317-144217-kartor/web/tiles-3-4697_Barnsjön_630317-144217.dzi ... upload error (manifest): Invalid key: svar/zips/Barnsj_n/630317-144217-kartor/web/tiles-3-4697_Barnsjön_630317-144217.dzi
[121/4303] svar/zips/Barnsj_n/630317-144217-kartor/web/tiles-3-6619_Barnsjön_630317-144217.dzi ... upload error (manifest): Invalid key: svar/zips/Barnsj_n/630317-144217-kartor/web/tiles-3-6619_Barnsjön_630317-144217.dzi
[122/4303] svar/zips/Bastasj_n/623417-149098-kartor/web/tiles-3-5311_Bastasjön_623417-149098.dzi ... upload error (manifest): Invalid key: svar/zips/Bastasj_n/623417-149098-kartor/web/tiles-3-5311_Bastasjön_623417-149098.dzi
[123/4303] svar/zips/Bastesj_n/633148-144162-kartor/web/tiles-3-0794_Bastesjön_633148-144162.dzi ... upload error (manifest): Invalid key: svar/zips/Bastesj_n/633148-144162-kartor/web/tiles-3-0794_Bastesjön_633148-144162.dzi
[124/4303] svar/zips/Bastg_len/634350-153086-kartor/web/tiles-3-2757_Bastgölen_634350-153086.dzi ... upload error (manifest): Invalid key: svar/zips/Bastg_len/634350-153086-kartor/web/tiles-3-2757_Bastgölen_634350-153086.dzi
[125/4303] svar/zips/Bastsj_n/627391-149575-kartor/web/tiles-5-0454_Bastsjön_627391-149575a.dzi ... upload error (manifest): Invalid key: svar/zips/Bastsj_n/627391-149575-kartor/web/tiles-5-0454_Bastsjön_627391-149575a.dzi
[126/4303] svar/zips/Bastsj_n/627391-149575-kartor/web/tiles-5-0454_Bastsjön_627391-149575b.dzi ... upload error (manifest): Invalid key: svar/zips/Bastsj_n/627391-149575-kartor/web/tiles-5-0454_Bastsjön_627391-149575b.dzi
[127/4303] svar/zips/Bastumaren/654846-164757-kartor/web/tiles-5-0182_Bastumaren_654846-164757.dzi ... done • ETA ~ 6m 59s
[128/4303] svar/zips/Bast_sasj_n/642035-131965-kartor/web/tiles-3-6617_Baståsasjön_642035-131965.dzi ... upload error (manifest): Invalid key: svar/zips/Bast_sasj_n/642035-131965-kartor/web/tiles-3-6617_Baståsasjön_642035-131965.dzi
[129/4303] svar/zips/Bengtsvikevattnet/655180-127629-kartor/web/tiles-3-4806_Bengtsvikevattnet_655180-127629.dzi ... done • ETA ~ 7m 8s
[130/4303] svar/zips/Bergakyllen/633992-152030-kartor/web/tiles-3-3809_Bergakyllen_633992-152030a.dzi ... done • ETA ~ 7m 10s
[131/4303] svar/zips/Bergakyllen/633992-152030-kartor/web/tiles-3-3809_Bergakyllen_633992-152030b.dzi ... done • ETA ~ 7m 13s
[132/4303] svar/zips/Berganesj_n/655674-131007-kartor/web/tiles-3-6769_Berganesjön_655674-131007.dzi ... upload error (manifest): Invalid key: svar/zips/Berganesj_n/655674-131007-kartor/web/tiles-3-6769_Berganesjön_655674-131007.dzi
[133/4303] svar/zips/Bergasj_n/636588-135321-kartor/web/tiles-3-6552_Bergasjön_636588-135321.dzi ... upload error (manifest): Invalid key: svar/zips/Bergasj_n/636588-135321-kartor/web/tiles-3-6552_Bergasjön_636588-135321.dzi
[134/4303] svar/zips/Bergsj_n/632683-143660-kartor/web/tiles-3-0795_Bergsjön_632683-143660.dzi ... upload error (manifest): Invalid key: svar/zips/Bergsj_n/632683-143660-kartor/web/tiles-3-0795_Bergsjön_632683-143660.dzi
[135/4303] svar/zips/Bergsj_n/643366-130788-kartor/web/tiles-3-0928_Bergsjön_643366-130788.dzi ... upload error (manifest): Invalid key: svar/zips/Bergsj_n/643366-130788-kartor/web/tiles-3-0928_Bergsjön_643366-130788.dzi
[136/4303] svar/zips/Bergsj_n/643706-129329-kartor/web/tiles-3-4742_Bergsjön_643706-129329.dzi ... upload error (manifest): Invalid key: svar/zips/Bergsj_n/643706-129329-kartor/web/tiles-3-4742_Bergsjön_643706-129329.dzi
[137/4303] svar/zips/Bergsj_n/647101-130255-kartor/web/tiles-3-1715_Bergsjön_647101-130255.dzi ... upload error (manifest): Invalid key: svar/zips/Bergsj_n/647101-130255-kartor/web/tiles-3-1715_Bergsjön_647101-130255.dzi
[138/4303] svar/zips/Bergsj_n/650460-142624-kartor/web/tiles-3-6338_Bergsjön_650460-142624.dzi ... upload error (manifest): Invalid key: svar/zips/Bergsj_n/650460-142624-kartor/web/tiles-3-6338_Bergsjön_650460-142624.dzi
[139/4303] svar/zips/Bergs_Vatten/647402-125700-kartor/web/tiles-3-3526_Bergs vatten_647402-125700.dzi ... done • ETA ~ 7m 8s
[140/4303] svar/zips/Bergtj_rnet/653646-130842-kartor/web/tiles-3-4789_Bergtjärnet_653646-130842.dzi ... upload error (manifest): Invalid key: svar/zips/Bergtj_rnet/653646-130842-kartor/web/tiles-3-4789_Bergtjärnet_653646-130842.dzi
[141/4303] svar/zips/Berkeg_l/634083-153016-kartor/web/tiles-3-3107_Berkegöl_634083-153016.dzi ... upload error (manifest): Invalid key: svar/zips/Berkeg_l/634083-153016-kartor/web/tiles-3-3107_Berkegöl_634083-153016.dzi
[142/4303] svar/zips/Bestorpasj_n/633458-138475-kartor/web/tiles-3-6353_Bestorpasjön_633458-138475.dzi ... upload error (manifest): Invalid key: svar/zips/Bestorpasj_n/633458-138475-kartor/web/tiles-3-6353_Bestorpasjön_633458-138475.dzi
[143/4303] svar/zips/Betsj_n/635751-153784-kartor/web/tiles-1-0227_Betsjön_635751-153784.dzi ... upload error (manifest): Invalid key: svar/zips/Betsj_n/635751-153784-kartor/web/tiles-1-0227_Betsjön_635751-153784.dzi
[144/4303] svar/zips/Betvattnet/648749-127464-kartor/web/tiles-3-3464_Betvattnet_648749-127464.dzi ... done • ETA ~ 7m 6s
[145/4303] svar/zips/Bihagasj_n/622945-133635-kartor/web/tiles-3-2591_Bihagasjön_622945-133635.dzi ... upload error (manifest): Invalid key: svar/zips/Bihagasj_n/622945-133635-kartor/web/tiles-3-2591_Bihagasjön_622945-133635.dzi
[146/4303] svar/zips/Bjurhultasj_n/653792-148091-kartor/web/tiles-5-0171_Bjurhultasjön_653792-148091.dzi ... upload error (manifest): Invalid key: svar/zips/Bjurhultasj_n/653792-148091-kartor/web/tiles-5-0171_Bjurhultasjön_653792-148091.dzi
[147/4303] svar/zips/Bjursj_n/627334-147457-kartor/web/tiles-5-0484_Bjursjön_627334-147457.dzi ... upload error (manifest): Invalid key: svar/zips/Bjursj_n/627334-147457-kartor/web/tiles-5-0484_Bjursjön_627334-147457.dzi
[148/4303] svar/zips/Bj_desj_sj_n/635890-144862-kartor/web/tiles-2-0307_Bjädesjösjön_635890-144862.dzi ... upload error (manifest): Invalid key: svar/zips/Bj_desj_sj_n/635890-144862-kartor/web/tiles-2-0307_Bjädesjösjön_635890-144862.dzi
[149/4303] svar/zips/Bj_lken/653847-151668-kartor/web/tiles-3-5659_Bjälken_653847-151668.dzi ... upload error (manifest): Invalid key: svar/zips/Bj_lken/653847-151668-kartor/web/tiles-3-5659_Bjälken_653847-151668.dzi
[150/4303] svar/zips/Bj_llebosj_n/636835-141765-kartor/web/tiles-5-0005_Bjällebosjön_636835-141765.dzi ... upload error (manifest): Invalid key: svar/zips/Bj_llebosj_n/636835-141765-kartor/web/tiles-5-0005_Bjällebosjön_636835-141765.dzi
[151/4303] svar/zips/Bj_rkasj_/633438-130484-kartor/web/tiles-2-0626_Björkasjö_633438-130484a.dzi ... upload error (manifest): Invalid key: svar/zips/Bj_rkasj_/633438-130484-kartor/web/tiles-2-0626_Björkasjö_633438-130484a.dzi
[152/4303] svar/zips/Bj_rkasj_/633438-130484-kartor/web/tiles-2-0626_Björkasjö_633438-130484b.dzi ... upload error (manifest): Invalid key: svar/zips/Bj_rkasj_/633438-130484-kartor/web/tiles-2-0626_Björkasjö_633438-130484b.dzi
[153/4303] svar/zips/Bj_rkasj_/633438-130484-kartor/web/tiles-2-0626_Björkasjö_633438-130484c.dzi ... upload error (manifest): Invalid key: svar/zips/Bj_rkasj_/633438-130484-kartor/web/tiles-2-0626_Björkasjö_633438-130484c.dzi
[154/4303] svar/zips/Bj_rkasj_/633438-130484-kartor/web/tiles-2-0626_Björkasjö_633438-130484d.dzi ... upload error (manifest): Invalid key: svar/zips/Bj_rkasj_/633438-130484-kartor/web/tiles-2-0626_Björkasjö_633438-130484d.dzi
[155/4303] svar/zips/Bj_rkasj_/633438-130484-kartor/web/tiles-2-0626_Björkasjö_633438-130484e.dzi ... upload error (manifest): Invalid key: svar/zips/Bj_rkasj_/633438-130484-kartor/web/tiles-2-0626_Björkasjö_633438-130484e.dzi
[156/4303] svar/zips/Bj_rkasj_/633438-130484-kartor/web/tiles-2-0626_Björkasjö_633438-130484f.dzi ... upload error (manifest): Invalid key: svar/zips/Bj_rkasj_/633438-130484-kartor/web/tiles-2-0626_Björkasjö_633438-130484f.dzi
[157/4303] svar/zips/Bj_rkasj_/633438-130484-kartor/web/tiles-3-5442_Björkasjö_633438-130484.dzi ... upload error (manifest): Invalid key: svar/zips/Bj_rkasj_/633438-130484-kartor/web/tiles-3-5442_Björkasjö_633438-130484.dzi
[158/4303] svar/zips/Bj_rkasj_/633438-130484-kartor/web/tiles-3-6626_Björkasjö_633438-130484.dzi ... upload error (manifest): Invalid key: svar/zips/Bj_rkasj_/633438-130484-kartor/web/tiles-3-6626_Björkasjö_633438-130484.dzi
[159/4303] svar/zips/Bj_rkasj_/633438-130484-kartor/web/tiles-5-0995_Björkasjö_633438-130484.dzi ... upload error (manifest): Invalid key: svar/zips/Bj_rkasj_/633438-130484-kartor/web/tiles-5-0995_Björkasjö_633438-130484.dzi
[160/4303] svar/zips/Bj_rken/639906-132285-kartor/web/tiles-3-3905_Björken_639906-132285a.dzi ... upload error (manifest): Invalid key: svar/zips/Bj_rken/639906-132285-kartor/web/tiles-3-3905_Björken_639906-132285a.dzi
[161/4303] svar/zips/Bj_rken/639906-132285-kartor/web/tiles-3-3905_Björken_639906-132285b.dzi ... upload error (manifest): Invalid key: svar/zips/Bj_rken/639906-132285-kartor/web/tiles-3-3905_Björken_639906-132285b.dzi
[162/4303] svar/zips/Bj_rken/652707-159032-kartor/web/tiles-5-0938_Björken_652707-159032.dzi ... upload error (manifest): Invalid key: svar/zips/Bj_rken/652707-159032-kartor/web/tiles-5-0938_Björken_652707-159032.dzi
[163/4303] svar/zips/Bj_rkern/643246-150602-kartor/web/tiles-3-0718_Björkern_643246-150602.dzi ... upload error (manifest): Invalid key: svar/zips/Bj_rkern/643246-150602-kartor/web/tiles-3-0718_Björkern_643246-150602.dzi
[164/4303] svar/zips/Bj_rkesj_/654136-130494-kartor/web/tiles-3-1725_Björkesjö_654136-130494.dzi ... upload error (manifest): Invalid key: svar/zips/Bj_rkesj_/654136-130494-kartor/web/tiles-3-1725_Björkesjö_654136-130494.dzi
[165/4303] svar/zips/Bj_rkesj_n/623759-144032-kartor/web/tiles-3-5971_Björkesjön_623759-144032.dzi ... upload error (manifest): Invalid key: svar/zips/Bj_rkesj_n/623759-144032-kartor/web/tiles-3-5971_Björkesjön_623759-144032.dzi
[166/4303] svar/zips/Bj_rkesj_n/635567-130408-kartor/web/tiles-3-3549_Björkesjön_635567-130408.dzi ... upload error (manifest): Invalid key: svar/zips/Bj_rkesj_n/635567-130408-kartor/web/tiles-3-3549_Björkesjön_635567-130408.dzi
[167/4303] svar/zips/Bj_rkesj_n/640314-129559-kartor/web/tiles-3-0932_Björkesjön_640314-129559.dzi ... upload error (manifest): Invalid key: svar/zips/Bj_rkesj_n/640314-129559-kartor/web/tiles-3-0932_Björkesjön_640314-129559.dzi
[168/4303] svar/zips/Bj_rkes_krasj_n/615847-134788-kartor/web/tiles-3-1985_Björkesåkrasjön_615847-134788.dzi ... upload error (manifest): Invalid key: svar/zips/Bj_rkes_krasj_n/615847-134788-kartor/web/tiles-3-1985_Björkesåkrasjön_615847-134788.dzi
[169/4303] svar/zips/Bj_rkhultasj_n/635038-132125-kartor/web/tiles-2-0615_Björkhultasjön_635038-132125a.dzi ... upload error (manifest): Invalid key: svar/zips/Bj_rkhultasj_n/635038-132125-kartor/web/tiles-2-0615_Björkhultasjön_635038-132125a.dzi
[170/4303] svar/zips/Bj_rkhultasj_n/635038-132125-kartor/web/tiles-2-0615_Björkhultasjön_635038-132125b.dzi ... upload error (manifest): Invalid key: svar/zips/Bj_rkhultasj_n/635038-132125-kartor/web/tiles-2-0615_Björkhultasjön_635038-132125b.dzi
[171/4303] svar/zips/Bj_rkhultasj_n/635038-132125-kartor/web/tiles-2-0615_Björkhultasjön_635038-132125c.dzi ... upload error (manifest): Invalid key: svar/zips/Bj_rkhultasj_n/635038-132125-kartor/web/tiles-2-0615_Björkhultasjön_635038-132125c.dzi
[172/4303] svar/zips/Bj_rkhultasj_n/635038-132125-kartor/web/tiles-2-0615_Björkhultasjön_635038-132125d.dzi ... upload error (manifest): Invalid key: svar/zips/Bj_rkhultasj_n/635038-132125-kartor/web/tiles-2-0615_Björkhultasjön_635038-132125d.dzi
[173/4303] svar/zips/Bj_rkhultssj_n/632859-149300-kartor/web/tiles-3-6137_Björkhultssjön_632859-149300a.dzi ... upload error (manifest): Invalid key: svar/zips/Bj_rkhultssj_n/632859-149300-kartor/web/tiles-3-6137_Björkhultssjön_632859-149300a.dzi
[174/4303] svar/zips/Bj_rkhultssj_n/632859-149300-kartor/web/tiles-3-6137_Björkhultssjön_632859-149300b.dzi ... upload error (manifest): Invalid key: svar/zips/Bj_rkhultssj_n/632859-149300-kartor/web/tiles-3-6137_Björkhultssjön_632859-149300b.dzi
[175/4303] svar/zips/Bj_rksj_n/656640-141684-kartor/web/tiles-3-4664_Björksjön_656640-141684.dzi ... upload error (manifest): Invalid key: svar/zips/Bj_rksj_n/656640-141684-kartor/web/tiles-3-4664_Björksjön_656640-141684.dzi
[176/4303] svar/zips/Bj_rl_ngen/624161-137117-kartor/web/tiles-3-5805_Bjärlången_624161-137117.dzi ... upload error (manifest): Invalid key: svar/zips/Bj_rl_ngen/624161-137117-kartor/web/tiles-3-5805_Bjärlången_624161-137117.dzi
[177/4303] svar/zips/Bj_rnasj_n/632534-136862-kartor/web/tiles-3-5664_Bjärnasjön_632534-136862.dzi ... upload error (manifest): Invalid key: svar/zips/Bj_rnasj_n/632534-136862-kartor/web/tiles-3-5664_Bjärnasjön_632534-136862.dzi
[178/4303] svar/zips/Bj_rnasj_n/635754-146193-kartor/web/tiles-3-3555_Björnasjön_635754-146193.dzi ... upload error (manifest): Invalid key: svar/zips/Bj_rnasj_n/635754-146193-kartor/web/tiles-3-3555_Björnasjön_635754-146193.dzi
[179/4303] svar/zips/Bj_rnf_lleg_l/635509-143197-kartor/web/tiles-3-5533_Björnfällegöl_635509-143197.dzi ... upload error (manifest): Invalid key: svar/zips/Bj_rnf_lleg_l/635509-143197-kartor/web/tiles-3-5533_Björnfällegöl_635509-143197.dzi
[180/4303] svar/zips/Bj_rnhammarsj_n/652709-147507-kartor/web/tiles-5-0127_ Björnhammarsjön_652709-147507.dzi ... upload error (manifest): Invalid key: svar/zips/Bj_rnhammarsj_n/652709-147507-kartor/web/tiles-5-0127_ Björnhammarsjön_652709-147507.dzi
[181/4303] svar/zips/Bj_rnhulta_Sj_/639653-129958-kartor/web/tiles-3-4221_Björnhulta sjö_639653-129958.dzi ... upload error (manifest): Invalid key: svar/zips/Bj_rnhulta_Sj_/639653-129958-kartor/web/tiles-3-4221_Björnhulta sjö_639653-129958.dzi
[182/4303] svar/zips/Bj_rnhultsg_len/634238-142171-kartor/web/tiles-3-5613_Björnhultsgölen_634238-142171.dzi ... upload error (manifest): Invalid key: svar/zips/Bj_rnhultsg_len/634238-142171-kartor/web/tiles-3-5613_Björnhultsgölen_634238-142171.dzi
[183/4303] svar/zips/Bj_rnl_ngen/652834-145178-kartor/web/tiles-3-4593_Björnlången_652834-145178.dzi ... upload error (manifest): Invalid key: svar/zips/Bj_rnl_ngen/652834-145178-kartor/web/tiles-3-4593_Björnlången_652834-145178.dzi
[184/4303] svar/zips/Bj_rnshultasj_n/639052-145558-kartor/web/tiles-3-5739_Björnshultasjön_639052-145558.dzi ... upload error (manifest): Invalid key: svar/zips/Bj_rnshultasj_n/639052-145558-kartor/web/tiles-3-5739_Björnshultasjön_639052-145558.dzi
[185/4303] svar/zips/Bj_rnsj_n/625845-147802-kartor/web/tiles-3-5571_Björnasjön_625845-147802.dzi ... upload error (manifest): Invalid key: svar/zips/Bj_rnsj_n/625845-147802-kartor/web/tiles-3-5571_Björnasjön_625845-147802.dzi
[186/4303] svar/zips/Bj_rnsj_n/630450-147285-kartor/web/tiles-3-6337_Björnsjön_630450-147285.dzi ... upload error (manifest): Invalid key: svar/zips/Bj_rnsj_n/630450-147285-kartor/web/tiles-3-6337_Björnsjön_630450-147285.dzi
[187/4303] svar/zips/Bj_rnsj_n/639981-137409-kartor/web/tiles-3-4887_Björnsjön_639981-137409.dzi ... upload error (manifest): Invalid key: svar/zips/Bj_rnsj_n/639981-137409-kartor/web/tiles-3-4887_Björnsjön_639981-137409.dzi
[188/4303] svar/zips/Bj_rnskogssj_n/635670-143249-kartor/web/tiles-3-4019_Björnskogssjön_635670-143249.dzi ... upload error (manifest): Invalid key: svar/zips/Bj_rnskogssj_n/635670-143249-kartor/web/tiles-3-4019_Björnskogssjön_635670-143249.dzi
[189/4303] svar/zips/Bj_rr_dsj_n/621947-135079-kartor/web/tiles-3-2590_Bjärrödsjön_621947-135079.dzi ... upload error (manifest): Invalid key: svar/zips/Bj_rr_dsj_n/621947-135079-kartor/web/tiles-3-2590_Bjärrödsjön_621947-135079.dzi
[190/4303] svar/zips/Bj_rsbosj_n/634984-137666-kartor/web/tiles-3-6279_Björsbosjön_634984-137666.dzi ... upload error (manifest): Invalid key: svar/zips/Bj_rsbosj_n/634984-137666-kartor/web/tiles-3-6279_Björsbosjön_634984-137666.dzi
[191/4303] svar/zips/Bj_rsbosj_n/634984-137666-kartor/web/tiles-5-0007_Björsbosjön_634984-137666.dzi ... upload error (manifest): Invalid key: svar/zips/Bj_rsbosj_n/634984-137666-kartor/web/tiles-5-0007_Björsbosjön_634984-137666.dzi
[192/4303] svar/zips/Bj_rsj_/627855-134250-kartor/web/tiles-3-6381_Björsjö_627855-134250.dzi ... upload error (manifest): Invalid key: svar/zips/Bj_rsj_/627855-134250-kartor/web/tiles-3-6381_Björsjö_627855-134250.dzi
[193/4303] svar/zips/Bj_rsj_/634633-131257-kartor/web/tiles-2-0628_Björsjö_634633-131257b.dzi ... upload error (manifest): Invalid key: svar/zips/Bj_rsj_/634633-131257-kartor/web/tiles-2-0628_Björsjö_634633-131257b.dzi
[194/4303] svar/zips/Bj_rsj_/634633-131257-kartor/web/tiles-2-0628_Björsjö_634633-131257c.dzi ... upload error (manifest): Invalid key: svar/zips/Bj_rsj_/634633-131257-kartor/web/tiles-2-0628_Björsjö_634633-131257c.dzi
[195/4303] svar/zips/Bj_rsj_/634633-131257-kartor/web/tiles-2-0628_Björsjö_634633-131257d.dzi ... upload error (manifest): Invalid key: svar/zips/Bj_rsj_/634633-131257-kartor/web/tiles-2-0628_Björsjö_634633-131257d.dzi
[196/4303] svar/zips/Bj_rsj_/634633-131257-kartor/web/tiles-2-0628_Björsjö_634633-131257e.dzi ... upload error (manifest): Invalid key: svar/zips/Bj_rsj_/634633-131257-kartor/web/tiles-2-0628_Björsjö_634633-131257e.dzi
[197/4303] svar/zips/Bj_rsj_/634633-131257-kartor/web/tiles-2-0628_Björsjö_634633-131257f.dzi ... upload error (manifest): Invalid key: svar/zips/Bj_rsj_/634633-131257-kartor/web/tiles-2-0628_Björsjö_634633-131257f.dzi
[198/4303] svar/zips/Bj_rsj_/634633-131257-kartor/web/tiles-3-6402_Björsjö_634633-131257.dzi ... upload error (manifest): Invalid key: svar/zips/Bj_rsj_/634633-131257-kartor/web/tiles-3-6402_Björsjö_634633-131257.dzi
[199/4303] svar/zips/Bj_rsj_/634633-131257-kartor/web/tiles-5-0996_Björsjö_634633-131257.dzi ... upload error (manifest): Invalid key: svar/zips/Bj_rsj_/634633-131257-kartor/web/tiles-5-0996_Björsjö_634633-131257.dzi
[200/4303] svar/zips/Bj_rsj_n/638783-134291-kartor/web/tiles-3-4851_Björsjön_638783-134291.dzi ... upload error (manifest): Invalid key: svar/zips/Bj_rsj_n/638783-134291-kartor/web/tiles-3-4851_Björsjön_638783-134291.dzi
[201/4303] svar/zips/Bj_rsj_n/639972-131665-kartor/web/tiles-1-0138_Björsjön_639972-131665.dzi ... upload error (manifest): Invalid key: svar/zips/Bj_rsj_n/639972-131665-kartor/web/tiles-1-0138_Björsjön_639972-131665.dzi
[202/4303] svar/zips/Bj_rsj_n/639972-131665-kartor/web/tiles-3-3904_Björsjön_639972-131665a.dzi ... upload error (manifest): Invalid key: svar/zips/Bj_rsj_n/639972-131665-kartor/web/tiles-3-3904_Björsjön_639972-131665a.dzi
[203/4303] svar/zips/Bj_rsj_n/639972-131665-kartor/web/tiles-3-3904_Björsjön_639972-131665b.dzi ... upload error (manifest): Invalid key: svar/zips/Bj_rsj_n/639972-131665-kartor/web/tiles-3-3904_Björsjön_639972-131665b.dzi
[204/4303] svar/zips/Bj_rsj_n/642292-128563-kartor/web/tiles-3-0968_Björsjön_642292-128563.dzi ... upload error (manifest): Invalid key: svar/zips/Bj_rsj_n/642292-128563-kartor/web/tiles-3-0968_Björsjön_642292-128563.dzi
[205/4303] svar/zips/Bj_rssj_n/632510-151014-kartor/web/tiles-3-2344_Bjärssjön_632510-151014a.dzi ... upload error (manifest): Invalid key: svar/zips/Bj_rssj_n/632510-151014-kartor/web/tiles-3-2344_Bjärssjön_632510-151014a.dzi
[206/4303] svar/zips/Blanksj_n/651220-143357-kartor/web/tiles-3-6433_Blanksjön_651220-143357.dzi ... upload error (manifest): Invalid key: svar/zips/Blanksj_n/651220-143357-kartor/web/tiles-3-6433_Blanksjön_651220-143357.dzi
[207/4303] svar/zips/Blekl_ngen/651973-149250-kartor/web/tiles-3-6491_Bleklången_651973-149250.dzi ... upload error (manifest): Invalid key: svar/zips/Blekl_ngen/651973-149250-kartor/web/tiles-3-6491_Bleklången_651973-149250.dzi
[208/4303] svar/zips/Blomman/640638-129438-kartor/web/tiles-3-0934_Blomman_640638-129438.dzi ... done • ETA ~ 6m 34s
[209/4303] svar/zips/Blomman/640638-129438-kartor/web/tiles-3-0935_Blomman_640638-129438.dzi ... done • ETA ~ 6m 35s
[210/4303] svar/zips/Bl_gdesj_n/638790-152063-kartor/web/tiles-3-3700_Blägdesjön_638790-152063.dzi ... upload error (manifest): Invalid key: svar/zips/Bl_gdesj_n/638790-152063-kartor/web/tiles-3-3700_Blägdesjön_638790-152063.dzi
[211/4303] svar/zips/Bl_tevatten/652300-126476-kartor/web/tiles-3-1743_Blötevatten_652300-126476.dzi ... upload error (manifest): Invalid key: svar/zips/Bl_tevatten/652300-126476-kartor/web/tiles-3-1743_Blötevatten_652300-126476.dzi
[212/4303] svar/zips/Bl_tevatten/652300-126476-kartor/web/tiles-3-2571_Blötevatten_652300-126476.dzi ... upload error (manifest): Invalid key: svar/zips/Bl_tevatten/652300-126476-kartor/web/tiles-3-2571_Blötevatten_652300-126476.dzi
[213/4303] svar/zips/Boasj_n/624598-145331-kartor/web/tiles-3-2970_Boasjön_624598-145331.dzi ... upload error (manifest): Invalid key: svar/zips/Boasj_n/624598-145331-kartor/web/tiles-3-2970_Boasjön_624598-145331.dzi
[214/4303] svar/zips/Boasj_n/625592-146388-kartor/web/tiles-3-2800_Boasjön_625592-146388.dzi ... upload error (manifest): Invalid key: svar/zips/Boasj_n/625592-146388-kartor/web/tiles-3-2800_Boasjön_625592-146388.dzi
[215/4303] svar/zips/Boasj_n/629335-136451-kartor/web/tiles-3-4698_Boasjön_629335-136451.dzi ... upload error (manifest): Invalid key: svar/zips/Boasj_n/629335-136451-kartor/web/tiles-3-4698_Boasjön_629335-136451.dzi
[216/4303] svar/zips/Boasj_n/631755-132813-kartor/web/tiles-3-6405_Boasjön_631755-132813.dzi ... upload error (manifest): Invalid key: svar/zips/Boasj_n/631755-132813-kartor/web/tiles-3-6405_Boasjön_631755-132813.dzi
[217/4303] svar/zips/Boasj_n/631755-132813-kartor/web/tiles-5-0997_Boasjön_631755-132813.dzi ... upload error (manifest): Invalid key: svar/zips/Boasj_n/631755-132813-kartor/web/tiles-5-0997_Boasjön_631755-132813.dzi
[218/4303] svar/zips/Bocksj_n/634058-142040-kartor/web/tiles-3-6273_Bocksjön_634058-142040.dzi ... upload error (manifest): Invalid key: svar/zips/Bocksj_n/634058-142040-kartor/web/tiles-3-6273_Bocksjön_634058-142040.dzi
[219/4303] svar/zips/Bocksj_n/636841-144133-kartor/web/tiles-3-3720_Bocksjön_636841-144133.dzi ... upload error (manifest): Invalid key: svar/zips/Bocksj_n/636841-144133-kartor/web/tiles-3-3720_Bocksjön_636841-144133.dzi
[220/4303] svar/zips/Bocksj_n/650642-143172-kartor/web/tiles-3-6340_Bocksjön_650642-143172.dzi ... upload error (manifest): Invalid key: svar/zips/Bocksj_n/650642-143172-kartor/web/tiles-3-6340_Bocksjön_650642-143172.dzi
[221/4303] svar/zips/Bockstj_rn/653473-125835-kartor/web/tiles-3-1750_Bockstjärn_653473-125835.dzi ... upload error (manifest): Invalid key: svar/zips/Bockstj_rn/653473-125835-kartor/web/tiles-3-1750_Bockstjärn_653473-125835.dzi
[222/4303] svar/zips/Bockstj_rn/653473-125835-kartor/web/tiles-3-1997_Bockstjärn_653473-125835a.dzi ... upload error (manifest): Invalid key: svar/zips/Bockstj_rn/653473-125835-kartor/web/tiles-3-1997_Bockstjärn_653473-125835a.dzi
[223/4303] svar/zips/Bockstj_rn/653473-125835-kartor/web/tiles-3-1997_Bockstjärn_653473-125835b.dzi ... upload error (manifest): Invalid key: svar/zips/Bockstj_rn/653473-125835-kartor/web/tiles-3-1997_Bockstjärn_653473-125835b.dzi
[224/4303] svar/zips/Bodag_len/638213-148390-kartor/web/tiles-3-5741_Bodagölen_638213-148390.dzi ... upload error (manifest): Invalid key: svar/zips/Bodag_len/638213-148390-kartor/web/tiles-3-5741_Bodagölen_638213-148390.dzi
[225/4303] svar/zips/Bodanesj_n/649467-128536-kartor/web/tiles-3-4807_Bodanesjön_649467-128536.dzi ... upload error (manifest): Invalid key: svar/zips/Bodanesj_n/649467-128536-kartor/web/tiles-3-4807_Bodanesjön_649467-128536.dzi
[226/4303] svar/zips/Bodanesj_n/651242-129513-kartor/web/tiles-3-2478_Bodanesjön_651242-129513.dzi ... upload error (manifest): Invalid key: svar/zips/Bodanesj_n/651242-129513-kartor/web/tiles-3-2478_Bodanesjön_651242-129513.dzi
[227/4303] svar/zips/Bodarpa_Sj_/625324-137620-kartor/web/tiles-3-3454_Bodarpa sjö_625324-137620.dzi ... upload error (manifest): Invalid key: svar/zips/Bodarpa_Sj_/625324-137620-kartor/web/tiles-3-3454_Bodarpa sjö_625324-137620.dzi
[228/4303] svar/zips/Bodarpa_Sj_/625324-137620-kartor/web/tiles-3-6577_Bodarpa sjö_625324-137620.dzi ... upload error (manifest): Invalid key: svar/zips/Bodarpa_Sj_/625324-137620-kartor/web/tiles-3-6577_Bodarpa sjö_625324-137620.dzi
[229/4303] svar/zips/Bodasj_n/628905-149308-kartor/web/tiles-5-0467_Bodasjön_628905-149308.dzi ... upload error (manifest): Invalid key: svar/zips/Bodasj_n/628905-149308-kartor/web/tiles-5-0467_Bodasjön_628905-149308.dzi
[230/4303] svar/zips/Bodasj_n/635758-145756-kartor/web/tiles-3-3320_Bodasjön_635758-145756.dzi ... upload error (manifest): Invalid key: svar/zips/Bodasj_n/635758-145756-kartor/web/tiles-3-3320_Bodasjön_635758-145756.dzi
[231/4303] svar/zips/Bodasj_n/636990-145069-kartor/web/tiles-3-3931_Bodasjön_636990-145069.dzi ... upload error (manifest): Invalid key: svar/zips/Bodasj_n/636990-145069-kartor/web/tiles-3-3931_Bodasjön_636990-145069.dzi
[232/4303] svar/zips/Bodasj_n/644622-129057-kartor/web/tiles-2-1015_Bodasjön_644622-129057.dzi ... upload error (manifest): Invalid key: svar/zips/Bodasj_n/644622-129057-kartor/web/tiles-2-1015_Bodasjön_644622-129057.dzi
[233/4303] svar/zips/Bodasj_n/644622-129057-kartor/web/tiles-2-1015_Bodasjön_644622-129057b.dzi ... upload error (manifest): Invalid key: svar/zips/Bodasj_n/644622-129057-kartor/web/tiles-2-1015_Bodasjön_644622-129057b.dzi
[234/4303] svar/zips/Bodasj_n/644622-129057-kartor/web/tiles-3-4832_Bodasjön_644622-129057.dzi ... upload error (manifest): Invalid key: svar/zips/Bodasj_n/644622-129057-kartor/web/tiles-3-4832_Bodasjön_644622-129057.dzi
[235/4303] svar/zips/Bodaskogsj_/629411-147773-kartor/web/tiles-5-0482_Bodaskogsjö_629411-147773.dzi ... upload error (manifest): Invalid key: svar/zips/Bodaskogsj_/629411-147773-kartor/web/tiles-5-0482_Bodaskogsjö_629411-147773.dzi
[236/4303] svar/zips/Bodatorpasj_n/636976-144354-kartor/web/tiles-3-3932_Bodatorpasjön_636976-144354.dzi ... upload error (manifest): Invalid key: svar/zips/Bodatorpasj_n/636976-144354-kartor/web/tiles-3-3932_Bodatorpasjön_636976-144354.dzi
[237/4303] svar/zips/Boerydssj_n/639760-139559-kartor/web/tiles-3-6307_Boerydssjön_639760-139559.dzi ... upload error (manifest): Invalid key: svar/zips/Boerydssj_n/639760-139559-kartor/web/tiles-3-6307_Boerydssjön_639760-139559.dzi
[238/4303] svar/zips/Bog_l/640057-152632-kartor/web/tiles-3-3257_Bogöl_640057-152632.dzi ... upload error (manifest): Invalid key: svar/zips/Bog_l/640057-152632-kartor/web/tiles-3-3257_Bogöl_640057-152632.dzi
[239/4303] svar/zips/Bokl_ngen/625550-146686-kartor/web/tiles-3-2797_Boklången_625550-146686.dzi ... upload error (manifest): Invalid key: svar/zips/Bokl_ngen/625550-146686-kartor/web/tiles-3-2797_Boklången_625550-146686.dzi
[240/4303] svar/zips/Boksj_n/634052-130781-kartor/web/tiles-3-6399_Boksjön_634052-130781.dzi ... upload error (manifest): Invalid key: svar/zips/Boksj_n/634052-130781-kartor/web/tiles-3-6399_Boksjön_634052-130781.dzi
[241/4303] svar/zips/Boksj_n/634052-130781-kartor/web/tiles-5-0998_Boksjön_634052-130781.dzi ... upload error (manifest): Invalid key: svar/zips/Boksj_n/634052-130781-kartor/web/tiles-5-0998_Boksjön_634052-130781.dzi
[242/4303] svar/zips/Boksj_n/654899-126380-kartor/web/tiles-1-0283_Boksjön_654899-126380.dzi ... upload error (manifest): Invalid key: svar/zips/Boksj_n/654899-126380-kartor/web/tiles-1-0283_Boksjön_654899-126380.dzi
[243/4303] svar/zips/Bolen/651762-152048-kartor/web/tiles-3-4536_Bolen_651762-152048.dzi ... done • ETA ~ 6m 29s
[244/4303] svar/zips/Bollungssj_n/649927-128741-kartor/web/tiles-3-4810_Bollungssjön_649927-128741.dzi ... upload error (manifest): Invalid key: svar/zips/Bollungssj_n/649927-128741-kartor/web/tiles-3-4810_Bollungssjön_649927-128741.dzi
[245/4303] svar/zips/Bolmen/629511-136866-kartor/web/tiles-0-0065_Bolmen_629511-136866.dzi ... done • ETA ~ 6m 30s
[246/4303] svar/zips/Bolmen/629511-136866-kartor/web/tiles-2-0178a_Bolmen_629511-136866.dzi ... done • ETA ~ 6m 32s
[247/4303] svar/zips/Bolmen/629511-136866-kartor/web/tiles-2-0178b_Bolmen_629511-136866.dzi ... done • ETA ~ 6m 33s
[248/4303] svar/zips/Bolmen/629511-136866-kartor/web/tiles-2-0178c_Bolmen_629511-136866.dzi ... done • ETA ~ 6m 34s
[249/4303] svar/zips/Bolmen/629511-136866-kartor/web/tiles-2-0178d_Bolmen_629511-136866.dzi ... done • ETA ~ 6m 34s
[250/4303] svar/zips/Bolmen/629511-136866-kartor/web/tiles-2-0178e_Bolmen_629511-136866.dzi ... done • ETA ~ 6m 35s
[251/4303] svar/zips/Bolmen/629511-136866-kartor/web/tiles-2-0178f_Bolmen_629511-136866.dzi ... done • ETA ~ 6m 36s
[252/4303] svar/zips/Bolmen/629511-136866-kartor/web/tiles-2-0178g_Bolmen_629511-136866.dzi ... done • ETA ~ 6m 37s
[253/4303] svar/zips/Bolmen/629511-136866-kartor/web/tiles-2-0178h_Bolmen_629511-136866.dzi ... done • ETA ~ 6m 38s
[254/4303] svar/zips/Bomarkstj_rnet/655653-127354-kartor/web/tiles-3-4730_Bomarkstjärnet_655653-127354.dzi ... upload error (manifest): Invalid key: svar/zips/Bomarkstj_rnet/655653-127354-kartor/web/tiles-3-4730_Bomarkstjärnet_655653-127354.dzi
[255/4303] svar/zips/Bonderydssj_n/645239-143843-kartor/web/tiles-3-3678_Bonderydssjön_645239-143843.dzi ... upload error (manifest): Invalid key: svar/zips/Bonderydssj_n/645239-143843-kartor/web/tiles-3-3678_Bonderydssjön_645239-143843.dzi
[256/4303] svar/zips/Bond_g_larna/637864-138968-kartor/web/tiles-3-5246_Bondögölarna_637864-138968.dzi ... upload error (manifest): Invalid key: svar/zips/Bond_g_larna/637864-138968-kartor/web/tiles-3-5246_Bondögölarna_637864-138968.dzi
[257/4303] svar/zips/Bongebog_l/638156-139026-kartor/web/tiles-3-5483_Bongebogöl_638156-139026.dzi ... upload error (manifest): Invalid key: svar/zips/Bongebog_l/638156-139026-kartor/web/tiles-3-5483_Bongebogöl_638156-139026.dzi
[258/4303] svar/zips/Bongebosj_n/638142-138918-kartor/web/tiles-3-2433_Bongebosjön_638142-138918.dzi ... upload error (manifest): Invalid key: svar/zips/Bongebosj_n/638142-138918-kartor/web/tiles-3-2433_Bongebosjön_638142-138918.dzi
[259/4303] svar/zips/Bongebosj_n/638142-138918-kartor/web/tiles-3-2437_Bongebosjön_638142-138918.dzi ... upload error (manifest): Invalid key: svar/zips/Bongebosj_n/638142-138918-kartor/web/tiles-3-2437_Bongebosjön_638142-138918.dzi
[260/4303] svar/zips/Bonnarpssj_n/621964-133656-kartor/web/tiles-3-2593_Bonnarpssjön_621964-133656.dzi ... upload error (manifest): Invalid key: svar/zips/Bonnarpssj_n/621964-133656-kartor/web/tiles-3-2593_Bonnarpssjön_621964-133656.dzi
[261/4303] svar/zips/Borghultesj_n/641604-152890-kartor/web/tiles-3-3375_Borghultesjön_641604-152890.dzi ... upload error (manifest): Invalid key: svar/zips/Borghultesj_n/641604-152890-kartor/web/tiles-3-3375_Borghultesjön_641604-152890.dzi
[262/4303] svar/zips/Borgsj_n/642933-153630-kartor/web/tiles-1-0212b_Borgsjön_642933-153630.dzi ... upload error (manifest): Invalid key: svar/zips/Borgsj_n/642933-153630-kartor/web/tiles-1-0212b_Borgsjön_642933-153630.dzi
[263/4303] svar/zips/Borgsj_n/642933-153630-kartor/web/tiles-1-0212_Borgsjön_642933-153630.dzi ... upload error (manifest): Invalid key: svar/zips/Borgsj_n/642933-153630-kartor/web/tiles-1-0212_Borgsjön_642933-153630.dzi
[264/4303] svar/zips/Borl_ngen/634239-135290-kartor/web/tiles-3-2508_Borlången_634239-135290.dzi ... upload error (manifest): Invalid key: svar/zips/Borl_ngen/634239-135290-kartor/web/tiles-3-2508_Borlången_634239-135290.dzi
[265/4303] svar/zips/Borrasj_n/630191-141062-kartor/web/tiles-3-4685_Borrasjön_630191-141062.dzi ... upload error (manifest): Invalid key: svar/zips/Borrasj_n/630191-141062-kartor/web/tiles-3-4685_Borrasjön_630191-141062.dzi
[266/4303] svar/zips/Borrsj_n/636016-143852-kartor/web/tiles-3-3557_Borrsjön_636016-143852.dzi ... upload error (manifest): Invalid key: svar/zips/Borrsj_n/636016-143852-kartor/web/tiles-3-3557_Borrsjön_636016-143852.dzi
[267/4303] svar/zips/Borydsj_n/645082-128655-kartor/web/tiles-2-0958_Borydsjön_645082-128655.dzi ... upload error (manifest): Invalid key: svar/zips/Borydsj_n/645082-128655-kartor/web/tiles-2-0958_Borydsjön_645082-128655.dzi
[268/4303] svar/zips/Borydsj_n/645082-128655-kartor/web/tiles-3-4741_Borydsjön_645082-128655.dzi ... upload error (manifest): Invalid key: svar/zips/Borydsj_n/645082-128655-kartor/web/tiles-3-4741_Borydsjön_645082-128655.dzi
[269/4303] svar/zips/Bosarydssj_n/637086-141252-kartor/web/tiles-3-6393_Bosarydssjön_637086-141252.dzi ... upload error (manifest): Invalid key: svar/zips/Bosarydssj_n/637086-141252-kartor/web/tiles-3-6393_Bosarydssjön_637086-141252.dzi
[270/4303] svar/zips/Bosj_n/634224-153192-kartor/web/tiles-3-3111_Bosjön_634224-153192.dzi ... upload error (manifest): Invalid key: svar/zips/Bosj_n/634224-153192-kartor/web/tiles-3-3111_Bosjön_634224-153192.dzi
[271/4303] svar/zips/Bosj_n/639781-132272-kartor/web/tiles-2-0387_Bosjön_639781-132272a.dzi ... upload error (manifest): Invalid key: svar/zips/Bosj_n/639781-132272-kartor/web/tiles-2-0387_Bosjön_639781-132272a.dzi
[272/4303] svar/zips/Bosj_n/639781-132272-kartor/web/tiles-2-0387_Bosjön_639781-132272b.dzi ... upload error (manifest): Invalid key: svar/zips/Bosj_n/639781-132272-kartor/web/tiles-2-0387_Bosjön_639781-132272b.dzi
[273/4303] svar/zips/Bosj_n/651974-143155-kartor/web/tiles-5-0130_Bosjön_651974-143155.dzi ... upload error (manifest): Invalid key: svar/zips/Bosj_n/651974-143155-kartor/web/tiles-5-0130_Bosjön_651974-143155.dzi
[274/4303] svar/zips/Boskvarnasj_n/634482-145983-kartor/web/tiles-3-2447_Boskvarnasjön_634482-145983.dzi ... upload error (manifest): Invalid key: svar/zips/Boskvarnasj_n/634482-145983-kartor/web/tiles-3-2447_Boskvarnasjön_634482-145983.dzi
[275/4303] svar/zips/Boskvarnasj_n/634482-145983-kartor/web/tiles-3-2946_Boskvarnasjön_634482-145983.dzi ... upload error (manifest): Invalid key: svar/zips/Boskvarnasj_n/634482-145983-kartor/web/tiles-3-2946_Boskvarnasjön_634482-145983.dzi
[276/4303] svar/zips/Boskvarnasj_n/634482-145983-kartor/web/tiles-3-6386_Boskvarnasjön_634482-145983.dzi ... upload error (manifest): Invalid key: svar/zips/Boskvarnasj_n/634482-145983-kartor/web/tiles-3-6386_Boskvarnasjön_634482-145983.dzi
[277/4303] svar/zips/Bossj_n/634485-132380-kartor/web/tiles-2-0616_Bossjön_634485-132380a.dzi ... upload error (manifest): Invalid key: svar/zips/Bossj_n/634485-132380-kartor/web/tiles-2-0616_Bossjön_634485-132380a.dzi
[278/4303] svar/zips/Bossj_n/634485-132380-kartor/web/tiles-2-0616_Bossjön_634485-132380b.dzi ... upload error (manifest): Invalid key: svar/zips/Bossj_n/634485-132380-kartor/web/tiles-2-0616_Bossjön_634485-132380b.dzi
[279/4303] svar/zips/Bossj_n/634485-132380-kartor/web/tiles-2-0616_Bossjön_634485-132380c.dzi ... upload error (manifest): Invalid key: svar/zips/Bossj_n/634485-132380-kartor/web/tiles-2-0616_Bossjön_634485-132380c.dzi
[280/4303] svar/zips/Bossj_n/634485-132380-kartor/web/tiles-2-0616_Bossjön_634485-132380d.dzi ... upload error (manifest): Invalid key: svar/zips/Bossj_n/634485-132380-kartor/web/tiles-2-0616_Bossjön_634485-132380d.dzi
[281/4303] svar/zips/Bossj_n/634485-132380-kartor/web/tiles-2-0616_Bossjön_634485-132380e.dzi ... upload error (manifest): Invalid key: svar/zips/Bossj_n/634485-132380-kartor/web/tiles-2-0616_Bossjön_634485-132380e.dzi
[282/4303] svar/zips/Bossj_n/634485-132380-kartor/web/tiles-2-0616_Bossjön_634485-132380f.dzi ... upload error (manifest): Invalid key: svar/zips/Bossj_n/634485-132380-kartor/web/tiles-2-0616_Bossjön_634485-132380f.dzi
[283/4303] svar/zips/Bossj_n/634485-132380-kartor/web/tiles-2-0616_Bossjön_634485-132380g.dzi ... upload error (manifest): Invalid key: svar/zips/Bossj_n/634485-132380-kartor/web/tiles-2-0616_Bossjön_634485-132380g.dzi
[284/4303] svar/zips/Bossj_n/634485-132380-kartor/web/tiles-3-6565_Bossjön_634485-132380.dzi ... upload error (manifest): Invalid key: svar/zips/Bossj_n/634485-132380-kartor/web/tiles-3-6565_Bossjön_634485-132380.dzi
[285/4303] svar/zips/Bossj_n/634485-132380-kartor/web/tiles-5-0999_Bossjön_634485-132380.dzi ... upload error (manifest): Invalid key: svar/zips/Bossj_n/634485-132380-kartor/web/tiles-5-0999_Bossjön_634485-132380.dzi
[286/4303] svar/zips/Bossnatorpasj_n/635987-143582-kartor/web/tiles-3-3556_Bossnatorpasjön_635987-143582.dzi ... upload error (manifest): Invalid key: svar/zips/Bossnatorpasj_n/635987-143582-kartor/web/tiles-3-3556_Bossnatorpasjön_635987-143582.dzi
[287/4303] svar/zips/Botaren/654347-148654-kartor/web/tiles-2-0488_Botaren_654347-148654a.dzi ... done • ETA ~ 6m 33s
[288/4303] svar/zips/Botaren/654347-148654-kartor/web/tiles-2-0488_Botaren_654347-148654b.dzi ... done • ETA ~ 6m 34s
[289/4303] svar/zips/Botasj_/635684-131452-kartor/web/tiles-3-6543_Botasjö_635684-131452.dzi ... upload error (manifest): Invalid key: svar/zips/Botasj_/635684-131452-kartor/web/tiles-3-6543_Botasjö_635684-131452.dzi
[290/4303] svar/zips/Bottensj_n/656545-128061-kartor/web/tiles-3-1727_Bottensjön_656545-128061.dzi ... upload error (manifest): Invalid key: svar/zips/Bottensj_n/656545-128061-kartor/web/tiles-3-1727_Bottensjön_656545-128061.dzi
[291/4303] svar/zips/Brandsj_n/637837-139029-kartor/web/tiles-3-4287_Brandsjön_637837-139029.dzi ... upload error (manifest): Invalid key: svar/zips/Brandsj_n/637837-139029-kartor/web/tiles-3-4287_Brandsjön_637837-139029.dzi
[292/4303] svar/zips/Brearedssj_n/629089-133568-kartor/web/tiles-3-5088_Brearedssjön_629089-133568.dzi ... upload error (manifest): Invalid key: svar/zips/Brearedssj_n/629089-133568-kartor/web/tiles-3-5088_Brearedssjön_629089-133568.dzi
[293/4303] svar/zips/Bredagyl/623826-144109-kartor/web/tiles-3-5973_Bredagyl_623826-144109.dzi ... done • ETA ~ 6m 35s
[294/4303] svar/zips/Bredagyl/624299-143501-kartor/web/tiles-3-5972_Bredagyl_624299-143501.dzi ... done • ETA ~ 6m 37s
[295/4303] svar/zips/Bredasj_n/625254-146741-kartor/web/tiles-3-2814_Bredasjön_625254-146741.dzi ... upload error (manifest): Invalid key: svar/zips/Bredasj_n/625254-146741-kartor/web/tiles-3-2814_Bredasjön_625254-146741.dzi
[296/4303] svar/zips/Bredasj_n/625254-146741-kartor/web/tiles-3-2957_Bredasjön_625254-146741.dzi ... upload error (manifest): Invalid key: svar/zips/Bredasj_n/625254-146741-kartor/web/tiles-3-2957_Bredasjön_625254-146741.dzi
[297/4303] svar/zips/Bredasj_n/625574-148313-kartor/web/tiles-3-2379_Bredasjön_625574-148313.dzi ... upload error (manifest): Invalid key: svar/zips/Bredasj_n/625574-148313-kartor/web/tiles-3-2379_Bredasjön_625574-148313.dzi
[298/4303] svar/zips/Bredasj_n/635078-147648-kartor/web/tiles-3-2205_Bredasjön_635078-147648.dzi ... upload error (manifest): Invalid key: svar/zips/Bredasj_n/635078-147648-kartor/web/tiles-3-2205_Bredasjön_635078-147648.dzi
[299/4303] svar/zips/Bredasj_n/636373-132270-kartor/web/tiles-3-4852_Bredasjön_636373-132270.dzi ... upload error (manifest): Invalid key: svar/zips/Bredasj_n/636373-132270-kartor/web/tiles-3-4852_Bredasjön_636373-132270.dzi
[300/4303] svar/zips/Bredasj_n/636373-132270-kartor/web/tiles-3-6579_Bredasjön_636373-132270.dzi ... upload error (manifest): Invalid key: svar/zips/Bredasj_n/636373-132270-kartor/web/tiles-3-6579_Bredasjön_636373-132270.dzi
[301/4303] svar/zips/Bredasj_n/636373-132270-kartor/web/tiles-5-1000_Bredasjön_636373-132270.dzi ... upload error (manifest): Invalid key: svar/zips/Bredasj_n/636373-132270-kartor/web/tiles-5-1000_Bredasjön_636373-132270.dzi
[302/4303] svar/zips/Bredasj_sj_n/626932-149063-kartor/web/tiles-5-0483_Bredasjösjön_626932-149063.dzi ... upload error (manifest): Invalid key: svar/zips/Bredasj_sj_n/626932-149063-kartor/web/tiles-5-0483_Bredasjösjön_626932-149063.dzi
[303/4303] svar/zips/Breda_Viksj_n/636587-148179-kartor/web/tiles-3-2871_Breda Viksjön_636587-148179.dzi ... upload error (manifest): Invalid key: svar/zips/Breda_Viksj_n/636587-148179-kartor/web/tiles-3-2871_Breda Viksjön_636587-148179.dzi
[304/4303] svar/zips/Bredeg_l/635646-145462-kartor/web/tiles-3-3321_Bredegöl_635646-145462.dzi ... upload error (manifest): Invalid key: svar/zips/Bredeg_l/635646-145462-kartor/web/tiles-3-3321_Bredegöl_635646-145462.dzi
[305/4303] svar/zips/Bredg_l/641382-153100-kartor/web/tiles-3-3230_Bredgöl_641382-153100.dzi ... upload error (manifest): Invalid key: svar/zips/Bredg_l/641382-153100-kartor/web/tiles-3-3230_Bredgöl_641382-153100.dzi
[306/4303] svar/zips/Bredsj_n/633698-132386-kartor/web/tiles-3-5182_Bredsjön_633698-132386a.dzi ... upload error (manifest): Invalid key: svar/zips/Bredsj_n/633698-132386-kartor/web/tiles-3-5182_Bredsjön_633698-132386a.dzi
[307/4303] svar/zips/Bredsj_n/633698-132386-kartor/web/tiles-3-5182_Bredsjön_633698-132386b.dzi ... upload error (manifest): Invalid key: svar/zips/Bredsj_n/633698-132386-kartor/web/tiles-3-5182_Bredsjön_633698-132386b.dzi
[308/4303] svar/zips/Bredsj_n/633698-132386-kartor/web/tiles-3-5182_Bredsjön_633698-132386c.dzi ... upload error (manifest): Invalid key: svar/zips/Bredsj_n/633698-132386-kartor/web/tiles-3-5182_Bredsjön_633698-132386c.dzi
[309/4303] svar/zips/Bredsj_n/633698-132386-kartor/web/tiles-3-6706_Bredsjön_633698-132386.dzi ... upload error (manifest): Invalid key: svar/zips/Bredsj_n/633698-132386-kartor/web/tiles-3-6706_Bredsjön_633698-132386.dzi
[310/4303] svar/zips/Bredsj_n/635995-153192-kartor/web/tiles-1-0249_Bredsjön_635995-153192.dzi ... upload error (manifest): Invalid key: svar/zips/Bredsj_n/635995-153192-kartor/web/tiles-1-0249_Bredsjön_635995-153192.dzi
[311/4303] svar/zips/Bredsj_n/637718-153000-kartor/web/tiles-3-3709_Bredsjön_637718-153000.dzi ... upload error (manifest): Invalid key: svar/zips/Bredsj_n/637718-153000-kartor/web/tiles-3-3709_Bredsjön_637718-153000.dzi
[312/4303] svar/zips/Bredsj_n/641759-135417-kartor/web/tiles-3-4767_Bredsjön_641759-135417.dzi ... upload error (manifest): Invalid key: svar/zips/Bredsj_n/641759-135417-kartor/web/tiles-3-4767_Bredsjön_641759-135417.dzi
[313/4303] svar/zips/Bredvatten/644527-127638-kartor/web/tiles-3-1517_Bredvatten_644527-127638.dzi ... done • ETA ~ 6m 34s
[314/4303] svar/zips/Bredvattnet/641126-127929-kartor/web/tiles-3-1635_Bredvattnet_641126-127929.dzi ... done • ETA ~ 6m 36s
[315/4303] svar/zips/Broasj_/633703-149759-kartor/web/tiles-5-0437a_Broasjö_633703-149759.dzi ... upload error (manifest): Invalid key: svar/zips/Broasj_/633703-149759-kartor/web/tiles-5-0437a_Broasjö_633703-149759.dzi
[316/4303] svar/zips/Broasj_/633703-149759-kartor/web/tiles-5-0437b_Broasjö_633703-149759.dzi ... upload error (manifest): Invalid key: svar/zips/Broasj_/633703-149759-kartor/web/tiles-5-0437b_Broasjö_633703-149759.dzi
[317/4303] svar/zips/Brokaredsj_n/634476-132439-kartor/web/tiles-2-0611_Brokaredsjö_634476-132439a.dzi ... upload error (manifest): Invalid key: svar/zips/Brokaredsj_n/634476-132439-kartor/web/tiles-2-0611_Brokaredsjö_634476-132439a.dzi
[318/4303] svar/zips/Brokaredsj_n/634476-132439-kartor/web/tiles-2-0611_Brokaredsjö_634476-132439b.dzi ... upload error (manifest): Invalid key: svar/zips/Brokaredsj_n/634476-132439-kartor/web/tiles-2-0611_Brokaredsjö_634476-132439b.dzi
[319/4303] svar/zips/Brokaredsj_n/634476-132439-kartor/web/tiles-2-0611_Brokaredsjö_634476-132439c.dzi ... upload error (manifest): Invalid key: svar/zips/Brokaredsj_n/634476-132439-kartor/web/tiles-2-0611_Brokaredsjö_634476-132439c.dzi
[320/4303] svar/zips/Brokaredsj_n/634476-132439-kartor/web/tiles-2-0611_Brokaredsjö_634476-132439d.dzi ... upload error (manifest): Invalid key: svar/zips/Brokaredsj_n/634476-132439-kartor/web/tiles-2-0611_Brokaredsjö_634476-132439d.dzi
[321/4303] svar/zips/Brokaredsj_n/634476-132439-kartor/web/tiles-5-1001_Brokaredssjön_634476-132439.dzi ... upload error (manifest): Invalid key: svar/zips/Brokaredsj_n/634476-132439-kartor/web/tiles-5-1001_Brokaredssjön_634476-132439.dzi
[322/4303] svar/zips/Brosj_n/624767-149985-kartor/web/tiles-3-3851_Brosjön_624767-149985a.dzi ... upload error (manifest): Invalid key: svar/zips/Brosj_n/624767-149985-kartor/web/tiles-3-3851_Brosjön_624767-149985a.dzi
[323/4303] svar/zips/Brosj_n/624767-149985-kartor/web/tiles-3-3851_Brosjön_624767-149985b.dzi ... upload error (manifest): Invalid key: svar/zips/Brosj_n/624767-149985-kartor/web/tiles-3-3851_Brosjön_624767-149985b.dzi
[324/4303] svar/zips/Brosj_n/624767-149985-kartor/web/tiles-3-6357_Brosjön_624767-149985.dzi ... upload error (manifest): Invalid key: svar/zips/Brosj_n/624767-149985-kartor/web/tiles-3-6357_Brosjön_624767-149985.dzi
[325/4303] svar/zips/Brosj_n/656294-161360-kartor/web/tiles-3-4281_Brosjön_656294-161360.dzi ... upload error (manifest): Invalid key: svar/zips/Brosj_n/656294-161360-kartor/web/tiles-3-4281_Brosjön_656294-161360.dzi
[326/4303] svar/zips/Brudg_len/626290-148345-kartor/web/tiles-3-2378_Brudgölen_626290-148345.dzi ... upload error (manifest): Invalid key: svar/zips/Brudg_len/626290-148345-kartor/web/tiles-3-2378_Brudgölen_626290-148345.dzi
[327/4303] svar/zips/Bruksg_len/624384-149912-kartor/web/tiles-3-3852_Bruksgölen_624384-149912a.dzi ... upload error (manifest): Invalid key: svar/zips/Bruksg_len/624384-149912-kartor/web/tiles-3-3852_Bruksgölen_624384-149912a.dzi
[328/4303] svar/zips/Bruksg_len/624384-149912-kartor/web/tiles-3-3852_Bruksgölen_624384-149912b.dzi ... upload error (manifest): Invalid key: svar/zips/Bruksg_len/624384-149912-kartor/web/tiles-3-3852_Bruksgölen_624384-149912b.dzi
[329/4303] svar/zips/Bruksg_len/624384-149912-kartor/web/tiles-3-6356_Bruksgölen_624384-149912.dzi ... upload error (manifest): Invalid key: svar/zips/Bruksg_len/624384-149912-kartor/web/tiles-3-6356_Bruksgölen_624384-149912.dzi
[330/4303] svar/zips/Brukssj_n/634842-153157-kartor/web/tiles-3-3507_Brukssjön_634842-153157.dzi ... upload error (manifest): Invalid key: svar/zips/Brukssj_n/634842-153157-kartor/web/tiles-3-3507_Brukssjön_634842-153157.dzi
[331/4303] svar/zips/Brunnshultadammen/637280-146040-kartor/web/tiles-2-0308_Brunnshultadammen_637280-146040.dzi ... done • ETA ~ 6m 31s
[332/4303] svar/zips/Brunnsj_n/627443-149526-kartor/web/tiles-5-0446_Brunnsjön_627443-149526.dzi ... upload error (manifest): Invalid key: svar/zips/Brunnsj_n/627443-149526-kartor/web/tiles-5-0446_Brunnsjön_627443-149526.dzi
[333/4303] svar/zips/Brunnsj_n/627443-149526-kartor/web/tiles-5-0454_Brunnsjön_627443-149526a.dzi ... upload error (manifest): Invalid key: svar/zips/Brunnsj_n/627443-149526-kartor/web/tiles-5-0454_Brunnsjön_627443-149526a.dzi
[334/4303] svar/zips/Brunnsj_n/627443-149526-kartor/web/tiles-5-0454_Brunnsjön_627443-149526b.dzi ... upload error (manifest): Invalid key: svar/zips/Brunnsj_n/627443-149526-kartor/web/tiles-5-0454_Brunnsjön_627443-149526b.dzi
[335/4303] svar/zips/Brunsesj_n/637917-141885-kartor/web/tiles-3-5409_Brunsesjön_637917-141885.dzi ... upload error (manifest): Invalid key: svar/zips/Brunsesj_n/637917-141885-kartor/web/tiles-3-5409_Brunsesjön_637917-141885.dzi
[336/4303] svar/zips/Brurevatten/644864-127754-kartor/web/tiles-3-4243_Brurevatten_644864-127754.dzi ... done • ETA ~ 6m 30s
[337/4303] svar/zips/Br_arpasj_n/635155-136987-kartor/web/tiles-2-0930_Bråarpasjön_635155-136987.dzi ... upload error (manifest): Invalid key: svar/zips/Br_arpasj_n/635155-136987-kartor/web/tiles-2-0930_Bråarpasjön_635155-136987.dzi
[338/4303] svar/zips/Br_arpasj_n/635155-136987-kartor/web/tiles-3-6291_Bråarpasjön_635155-136987.dzi ... upload error (manifest): Invalid key: svar/zips/Br_arpasj_n/635155-136987-kartor/web/tiles-3-6291_Bråarpasjön_635155-136987.dzi
[339/4303] svar/zips/Br_cketj_rnet/655079-130844-kartor/web/tiles-3-4788_Bräcketjärnet_655079-130844.dzi ... upload error (manifest): Invalid key: svar/zips/Br_cketj_rnet/655079-130844-kartor/web/tiles-3-4788_Bräcketjärnet_655079-130844.dzi
[340/4303] svar/zips/Br_ckevattnet/655565-123780-kartor/web/tiles-3-2168_Bräckevattnet_655565-123780.dzi ... upload error (manifest): Invalid key: svar/zips/Br_ckevattnet/655565-123780-kartor/web/tiles-3-2168_Bräckevattnet_655565-123780.dzi
[341/4303] svar/zips/Br_g_l/636977-151306-kartor/web/tiles-3-3761_Stora Brågöl_636977-151306a.dzi ... upload error (manifest): Invalid key: svar/zips/Br_g_l/636977-151306-kartor/web/tiles-3-3761_Stora Brågöl_636977-151306a.dzi
[342/4303] svar/zips/Br_hultesj_n/635865-152228-kartor/web/tiles-2-0349_Bråhultesjön_635865-152228.dzi ... upload error (manifest): Invalid key: svar/zips/Br_hultesj_n/635865-152228-kartor/web/tiles-2-0349_Bråhultesjön_635865-152228.dzi
[343/4303] svar/zips/Br_kentorpasj_n/631799-141948-kartor/web/tiles-2-0954_Bräkentorpasjön_631799-141948.dzi ... upload error (manifest): Invalid key: svar/zips/Br_kentorpasj_n/631799-141948-kartor/web/tiles-2-0954_Bräkentorpasjön_631799-141948.dzi
[344/4303] svar/zips/Br_mstj_rnet/654716-124817-kartor/web/tiles-3-1560_Brämstjärnet_654716-124817.dzi ... upload error (manifest): Invalid key: svar/zips/Br_mstj_rnet/654716-124817-kartor/web/tiles-3-1560_Brämstjärnet_654716-124817.dzi
[345/4303] svar/zips/Br_mstj_rnet/654716-124817-kartor/web/tiles-3-1759_Brämstjärnet_654716-124817.dzi ... upload error (manifest): Invalid key: svar/zips/Br_mstj_rnet/654716-124817-kartor/web/tiles-3-1759_Brämstjärnet_654716-124817.dzi
[346/4303] svar/zips/Br_na_Sj_/625608-136899-kartor/web/tiles-2-1039_Bröna sjö_625608-136899.dzi ... upload error (manifest): Invalid key: svar/zips/Br_na_Sj_/625608-136899-kartor/web/tiles-2-1039_Bröna sjö_625608-136899.dzi
[347/4303] svar/zips/Br_ndasj_/629643-142937-kartor/web/tiles-2-0948_Brändasjö_629643-142937.dzi ... upload error (manifest): Invalid key: svar/zips/Br_ndasj_/629643-142937-kartor/web/tiles-2-0948_Brändasjö_629643-142937.dzi
[348/4303] svar/zips/Br_ngen/641863-137912-kartor/web/tiles-3-1459_Brängen_641863-137912.dzi ... upload error (manifest): Invalid key: svar/zips/Br_ngen/641863-137912-kartor/web/tiles-3-1459_Brängen_641863-137912.dzi
[349/4303] svar/zips/Br_nnsj_n/655997-142650-kartor/web/tiles-5-0108_Brännsjön_655997-142650.dzi ... upload error (manifest): Invalid key: svar/zips/Br_nnsj_n/655997-142650-kartor/web/tiles-5-0108_Brännsjön_655997-142650.dzi
[350/4303] svar/zips/Br_sj_n/631364-131599-kartor/web/tiles-3-5232_Brösjön_631364-131599a.dzi ... upload error (manifest): Invalid key: svar/zips/Br_sj_n/631364-131599-kartor/web/tiles-3-5232_Brösjön_631364-131599a.dzi
[351/4303] svar/zips/Br_sj_n/631364-131599-kartor/web/tiles-3-5232_Brösjön_631364-131599b.dzi ... upload error (manifest): Invalid key: svar/zips/Br_sj_n/631364-131599-kartor/web/tiles-3-5232_Brösjön_631364-131599b.dzi
[352/4303] svar/zips/Br_sj_n/631364-131599-kartor/web/tiles-3-5232_Brösjön_631364-131599c.dzi ... upload error (manifest): Invalid key: svar/zips/Br_sj_n/631364-131599-kartor/web/tiles-3-5232_Brösjön_631364-131599c.dzi
[353/4303] svar/zips/Br_tasj_n/633573-132366-kartor/web/tiles-3-5230_Bråtasjön_633573-132366a.dzi ... upload error (manifest): Invalid key: svar/zips/Br_tasj_n/633573-132366-kartor/web/tiles-3-5230_Bråtasjön_633573-132366a.dzi
[354/4303] svar/zips/Br_tasj_n/633573-132366-kartor/web/tiles-3-5230_Bråtasjön_633573-132366b.dzi ... upload error (manifest): Invalid key: svar/zips/Br_tasj_n/633573-132366-kartor/web/tiles-3-5230_Bråtasjön_633573-132366b.dzi
[355/4303] svar/zips/Br_tasj_n/633573-132366-kartor/web/tiles-3-5230_Bråtasjön_633573-132366c.dzi ... upload error (manifest): Invalid key: svar/zips/Br_tasj_n/633573-132366-kartor/web/tiles-3-5230_Bråtasjön_633573-132366c.dzi
[356/4303] svar/zips/Br_tasj_n/633573-132366-kartor/web/tiles-3-5230_Bråtasjön_633573-132366d.dzi ... upload error (manifest): Invalid key: svar/zips/Br_tasj_n/633573-132366-kartor/web/tiles-3-5230_Bråtasjön_633573-132366d.dzi
[357/4303] svar/zips/Br_tasj_n/633573-132366-kartor/web/tiles-3-5230_Bråtasjön_633573-132366e.dzi ... upload error (manifest): Invalid key: svar/zips/Br_tasj_n/633573-132366-kartor/web/tiles-3-5230_Bråtasjön_633573-132366e.dzi
[358/4303] svar/zips/Br_tasj_n/633573-132366-kartor/web/tiles-3-6709_Bråtasjön_633573-132366.dzi ... upload error (manifest): Invalid key: svar/zips/Br_tasj_n/633573-132366-kartor/web/tiles-3-6709_Bråtasjön_633573-132366.dzi
[359/4303] svar/zips/Buadamm/640424-130935-kartor/web/tiles-3-3900_Buadamm_640424-130935a.dzi ... done • ETA ~ 6m 25s
[360/4303] svar/zips/Buadamm/640424-130935-kartor/web/tiles-3-3900_Buadamm_640424-130935b.dzi ... done • ETA ~ 6m 26s
[361/4303] svar/zips/Buasj_n/624436-144691-kartor/web/tiles-3-5890_Buasjön_624436-144691.dzi ... upload error (manifest): Invalid key: svar/zips/Buasj_n/624436-144691-kartor/web/tiles-3-5890_Buasjön_624436-144691.dzi
[362/4303] svar/zips/Buasj_n/639554-129381-kartor/web/tiles-3-0907_Buasjön_639554-129381.dzi ... upload error (manifest): Invalid key: svar/zips/Buasj_n/639554-129381-kartor/web/tiles-3-0907_Buasjön_639554-129381.dzi
[363/4303] svar/zips/Buasj_n/639615-128760-kartor/web/tiles-3-1853_Buasjön_639615-128760.dzi ... upload error (manifest): Invalid key: svar/zips/Buasj_n/639615-128760-kartor/web/tiles-3-1853_Buasjön_639615-128760.dzi
[364/4303] svar/zips/Buasj_n/639759-129618-kartor/web/tiles-3-0906_Buasjön_639759-129618.dzi ... upload error (manifest): Invalid key: svar/zips/Buasj_n/639759-129618-kartor/web/tiles-3-0906_Buasjön_639759-129618.dzi
[365/4303] svar/zips/Bunn/642633-142169-kartor/web/tiles-1-0286a_Bunn_642633-142169.dzi ... done • ETA ~ 6m 26s
[366/4303] svar/zips/Bunn/642633-142169-kartor/web/tiles-1-0286b_Bunn_642633-142169.dzi ... done • ETA ~ 6m 27s
[367/4303] svar/zips/Bunn/642633-142169-kartor/web/tiles-1-0286c_Bunn_642633-142169.dzi ... done • ETA ~ 6m 27s
[368/4303] svar/zips/Bunn/642633-142169-kartor/web/tiles-1-0286d_Bunn_642633-142169.dzi ... done • ETA ~ 6m 28s
[369/4303] svar/zips/Bunn/642633-142169-kartor/web/tiles-1-0286e_Bunn_642633-142169.dzi ... done • ETA ~ 6m 28s
[370/4303] svar/zips/Buvattnet/646499-127828-kartor/web/tiles-3-1546_Buvattnet_646499-127828.dzi ... done • ETA ~ 6m 29s
[371/4303] svar/zips/Buvattnet/646499-127828-kartor/web/tiles-3-3536_Buvattnet_646499-127828.dzi ... done • ETA ~ 6m 29s
[372/4303] svar/zips/Buvattnet/648209-126589-kartor/web/tiles-3-2000_Buvattnet_648209-126589a.dzi ... done • ETA ~ 6m 30s
[373/4303] svar/zips/Buvattnet/648209-126589-kartor/web/tiles-3-2000_Buvattnet_648209-126589b.dzi ... done • ETA ~ 6m 30s
[374/4303] svar/zips/Buvattnet/656470-132005-kartor/web/tiles-3-1167_Buvattnet_656470-132005.dzi ... done • ETA ~ 6m 31s
[375/4303] svar/zips/Buvattnet/656470-132005-kartor/web/tiles-3-1168_Buvattnet_656470-132005.dzi ... done • ETA ~ 6m 31s
[376/4303] svar/zips/Buvattnet/656470-132005-kartor/web/tiles-3-4777_Buvattnet_656470-132005.dzi ... done • ETA ~ 6m 32s
[377/4303] svar/zips/Byag_len/638657-139638-kartor/web/tiles-3-5416_Byagölen_638657-139638.dzi ... upload error (manifest): Invalid key: svar/zips/Byag_len/638657-139638-kartor/web/tiles-3-5416_Byagölen_638657-139638.dzi
[378/4303] svar/zips/Byasj_n/623042-144161-kartor/web/tiles-3-5974_Byasjön_623042-144161.dzi ... upload error (manifest): Invalid key: svar/zips/Byasj_n/623042-144161-kartor/web/tiles-3-5974_Byasjön_623042-144161.dzi
[379/4303] svar/zips/Byasj_n/633104-130125-kartor/web/tiles-3-2414_Byasjön_633104-130125.dzi ... upload error (manifest): Invalid key: svar/zips/Byasj_n/633104-130125-kartor/web/tiles-3-2414_Byasjön_633104-130125.dzi
[380/4303] svar/zips/Byasj_n/633958-132488-kartor/web/tiles-3-5217_Byasjön_633958-132488a.dzi ... upload error (manifest): Invalid key: svar/zips/Byasj_n/633958-132488-kartor/web/tiles-3-5217_Byasjön_633958-132488a.dzi
[381/4303] svar/zips/Byasj_n/633958-132488-kartor/web/tiles-3-5217_Byasjön_633958-132488b.dzi ... upload error (manifest): Invalid key: svar/zips/Byasj_n/633958-132488-kartor/web/tiles-3-5217_Byasjön_633958-132488b.dzi
[382/4303] svar/zips/Byasj_n/633958-132488-kartor/web/tiles-3-5217_Byasjön_633958-132488c.dzi ... upload error (manifest): Invalid key: svar/zips/Byasj_n/633958-132488-kartor/web/tiles-3-5217_Byasjön_633958-132488c.dzi
[383/4303] svar/zips/Byasj_n/633958-132488-kartor/web/tiles-3-5217_Byasjön_633958-132488d.dzi ... upload error (manifest): Invalid key: svar/zips/Byasj_n/633958-132488-kartor/web/tiles-3-5217_Byasjön_633958-132488d.dzi
[384/4303] svar/zips/Byasj_n/633958-132488-kartor/web/tiles-3-5217_Byasjön_633958-132488e.dzi ... upload error (manifest): Invalid key: svar/zips/Byasj_n/633958-132488-kartor/web/tiles-3-5217_Byasjön_633958-132488e.dzi
[385/4303] svar/zips/Byasj_n/634953-131045-kartor/web/tiles-3-2834_Byasjön_634953-131045.dzi ... upload error (manifest): Invalid key: svar/zips/Byasj_n/634953-131045-kartor/web/tiles-3-2834_Byasjön_634953-131045.dzi
[386/4303] svar/zips/Byasj_n/636913-138401-kartor/web/tiles-2-1050_Byasjön_636913-138401.dzi ... upload error (manifest): Invalid key: svar/zips/Byasj_n/636913-138401-kartor/web/tiles-2-1050_Byasjön_636913-138401.dzi
[387/4303] svar/zips/Byasj_n/636913-138401-kartor/web/tiles-5-0008_Byasjön_636913-138401.dzi ... upload error (manifest): Invalid key: svar/zips/Byasj_n/636913-138401-kartor/web/tiles-5-0008_Byasjön_636913-138401.dzi
[388/4303] svar/zips/Byestadssj_n/636247-147219-kartor/web/tiles-3-3558_Byestadssjön_636247-147219.dzi ... upload error (manifest): Invalid key: svar/zips/Byestadssj_n/636247-147219-kartor/web/tiles-3-3558_Byestadssjön_636247-147219.dzi
[389/4303] svar/zips/Byggesj_n/633605-140550-kartor/web/tiles-2-1020_Byggesjön_633605-140550.dzi ... upload error (manifest): Invalid key: svar/zips/Byggesj_n/633605-140550-kartor/web/tiles-2-1020_Byggesjön_633605-140550.dzi
[390/4303] svar/zips/Bylsj_n/656434-164030-kartor/web/tiles-3-1920_Bylsjön_656434-164030.dzi ... upload error (manifest): Invalid key: svar/zips/Bylsj_n/656434-164030-kartor/web/tiles-3-1920_Bylsjön_656434-164030.dzi
[391/4303] svar/zips/Byngaren/646235-154192-kartor/web/tiles-3-6737_Byngaren_646235-154192.dzi ... done • ETA ~ 6m 28s
[392/4303] svar/zips/Byrevattnet/648681-126553-kartor/web/tiles-3-2466_Byrevattnet_648681-126553a.dzi ... done • ETA ~ 6m 29s
[393/4303] svar/zips/Byrevattnet/648681-126553-kartor/web/tiles-3-2466_Byrevattnet_648681-126553b.dzi ... done • ETA ~ 6m 29s
[394/4303] svar/zips/Bysj_n/617434-135769-kartor/web/tiles-3-0830_Bysjön_617434-135769.dzi ... upload error (manifest): Invalid key: svar/zips/Bysj_n/617434-135769-kartor/web/tiles-3-0830_Bysjön_617434-135769.dzi
[395/4303] svar/zips/Bysj_n/624197-147953-kartor/web/tiles-3-5295_Byasjön_624197-147953.dzi ... upload error (manifest): Invalid key: svar/zips/Bysj_n/624197-147953-kartor/web/tiles-3-5295_Byasjön_624197-147953.dzi
[396/4303] svar/zips/Bysj_n/635958-149617-kartor/web/tiles-3-3813_Bysjön_635958-149617a.dzi ... upload error (manifest): Invalid key: svar/zips/Bysj_n/635958-149617-kartor/web/tiles-3-3813_Bysjön_635958-149617a.dzi
[397/4303] svar/zips/Bysj_n/635958-149617-kartor/web/tiles-3-3813_Bysjön_635958-149617b.dzi ... upload error (manifest): Invalid key: svar/zips/Bysj_n/635958-149617-kartor/web/tiles-3-3813_Bysjön_635958-149617b.dzi
[398/4303] svar/zips/Bysj_n/637612-151545-kartor/web/tiles-3-2870_Bysjön_637612-151545.dzi ... upload error (manifest): Invalid key: svar/zips/Bysj_n/637612-151545-kartor/web/tiles-3-2870_Bysjön_637612-151545.dzi
[399/4303] svar/zips/Bysj_n/641964-130334-kartor/web/tiles-3-0936_Bysjön_641964-130334.dzi ... upload error (manifest): Invalid key: svar/zips/Bysj_n/641964-130334-kartor/web/tiles-3-0936_Bysjön_641964-130334.dzi
[400/4303] svar/zips/Bysj_n/647753-137164-kartor/web/tiles-3-1508_Bysjön_647753-137164.dzi ... upload error (manifest): Invalid key: svar/zips/Bysj_n/647753-137164-kartor/web/tiles-3-1508_Bysjön_647753-137164.dzi
[401/4303] svar/zips/Bysj_n/656222-162092-kartor/web/tiles-5-0186_Bysjön_656222-162092.dzi ... upload error (manifest): Invalid key: svar/zips/Bysj_n/656222-162092-kartor/web/tiles-5-0186_Bysjön_656222-162092.dzi
[402/4303] svar/zips/Bystadsj_n/639160-135729-kartor/web/tiles-3-4853_Bystadssjön_639160-135729.dzi ... upload error (manifest): Invalid key: svar/zips/Bystadsj_n/639160-135729-kartor/web/tiles-3-4853_Bystadssjön_639160-135729.dzi
[403/4303] svar/zips/Byttorpssj_n/640321-132671-kartor/web/tiles-2-0838_Byttorpssjön_640321-132671.dzi ... upload error (manifest): Invalid key: svar/zips/Byttorpssj_n/640321-132671-kartor/web/tiles-2-0838_Byttorpssjön_640321-132671.dzi
[404/4303] svar/zips/B_ckafallasj_n/638813-143064-kartor/web/tiles-3-2540_Bäckafallasjön_638813-143064.dzi ... upload error (manifest): Invalid key: svar/zips/B_ckafallasj_n/638813-143064-kartor/web/tiles-3-2540_Bäckafallasjön_638813-143064.dzi
[405/4303] svar/zips/B_ckasj_n/624396-146068-kartor/web/tiles-3-3185_Bäckasjön_624396-146068.dzi ... upload error (manifest): Invalid key: svar/zips/B_ckasj_n/624396-146068-kartor/web/tiles-3-3185_Bäckasjön_624396-146068.dzi
[406/4303] svar/zips/B_ckhultssj_n/636297-136831-kartor/web/tiles-5-0009_Bäckshultssjön_636297-136831.dzi ... upload error (manifest): Invalid key: svar/zips/B_ckhultssj_n/636297-136831-kartor/web/tiles-5-0009_Bäckshultssjön_636297-136831.dzi
[407/4303] svar/zips/B_cksj_/641013-132161-kartor/web/tiles-3-5590_Bäcksjö_641013-132161.dzi ... upload error (manifest): Invalid key: svar/zips/B_cksj_/641013-132161-kartor/web/tiles-3-5590_Bäcksjö_641013-132161.dzi
[408/4303] svar/zips/B_cksj_n/654732-145194-kartor/web/tiles-5-0107_Bäcksjön_654732-145194.dzi ... upload error (manifest): Invalid key: svar/zips/B_cksj_n/654732-145194-kartor/web/tiles-5-0107_Bäcksjön_654732-145194.dzi
[409/4303] svar/zips/B_en/623624-141149-kartor/web/tiles-3-3450_Bäen_623624-141149.dzi ... upload error (manifest): Invalid key: svar/zips/B_en/623624-141149-kartor/web/tiles-3-3450_Bäen_623624-141149.dzi
[410/4303] svar/zips/B_gsj_n/623679-147897-kartor/web/tiles-3-3174_Bågsjön_623679-147897.dzi ... upload error (manifest): Invalid key: svar/zips/B_gsj_n/623679-147897-kartor/web/tiles-3-3174_Bågsjön_623679-147897.dzi
[411/4303] svar/zips/B_kegyl/624615-143488-kartor/web/tiles-3-5889_Bökegyl_624615-143488.dzi ... upload error (manifest): Invalid key: svar/zips/B_kegyl/624615-143488-kartor/web/tiles-3-5889_Bökegyl_624615-143488.dzi
[412/4303] svar/zips/B_kel_ngen/623678-145317-kartor/web/tiles-2-0698_Bökelången_623678-145317.dzi ... upload error (manifest): Invalid key: svar/zips/B_kel_ngen/623678-145317-kartor/web/tiles-2-0698_Bökelången_623678-145317.dzi
[413/4303] svar/zips/B_lasj_n/637244-146288-kartor/web/tiles-3-3722_Bölasjön_637244-146288.dzi ... upload error (manifest): Invalid key: svar/zips/B_lasj_n/637244-146288-kartor/web/tiles-3-3722_Bölasjön_637244-146288.dzi
[414/4303] svar/zips/B_lingesj_n/623753-134869-kartor/web/tiles-3-2198_Bälingesjön_623753-134869.dzi ... upload error (manifest): Invalid key: svar/zips/B_lingesj_n/623753-134869-kartor/web/tiles-3-2198_Bälingesjön_623753-134869.dzi
[415/4303] svar/zips/B_llsj_n/643397-154085-kartor/web/tiles-3-3389_Bällsjön_643397-154085.dzi ... upload error (manifest): Invalid key: svar/zips/B_llsj_n/643397-154085-kartor/web/tiles-3-3389_Bällsjön_643397-154085.dzi
[416/4303] svar/zips/B_lsj_n/651083-154599-kartor/web/tiles-5-0175_Bålsjön_651083-154599.dzi ... upload error (manifest): Invalid key: svar/zips/B_lsj_n/651083-154599-kartor/web/tiles-5-0175_Bålsjön_651083-154599.dzi
[417/4303] svar/zips/B_narpesj_/634548-129093-kartor/web/tiles-3-2241_Bönarpesjö_634548-129093.dzi ... upload error (manifest): Invalid key: svar/zips/B_narpesj_/634548-129093-kartor/web/tiles-3-2241_Bönarpesjö_634548-129093.dzi
[418/4303] svar/zips/B_nnern/650983-149768-kartor/web/tiles-2-0133_Bönnern_650983-149768.dzi ... upload error (manifest): Invalid key: svar/zips/B_nnern/650983-149768-kartor/web/tiles-2-0133_Bönnern_650983-149768.dzi
[419/4303] svar/zips/B_rringesj_n/615464-134175-kartor/web/tiles-1-0135_Börringesjön_615464-134175.dzi ... upload error (manifest): Invalid key: svar/zips/B_rringesj_n/615464-134175-kartor/web/tiles-1-0135_Börringesjön_615464-134175.dzi
[420/4303] svar/zips/B_rringesj_n/615464-134175-kartor/web/tiles-3-1983_Börringesjön_615464-134175.dzi ... upload error (manifest): Invalid key: svar/zips/B_rringesj_n/615464-134175-kartor/web/tiles-3-1983_Börringesjön_615464-134175.dzi
[421/4303] svar/zips/B_rsj_n/650935-152414-kartor/web/tiles-3-1958_Bärsjön_650935-152414a.dzi ... upload error (manifest): Invalid key: svar/zips/B_rsj_n/650935-152414-kartor/web/tiles-3-1958_Bärsjön_650935-152414a.dzi
[422/4303] svar/zips/B_rsj_n/650935-152414-kartor/web/tiles-3-1958_Bärsjön_650935-152414b.dzi ... upload error (manifest): Invalid key: svar/zips/B_rsj_n/650935-152414-kartor/web/tiles-3-1958_Bärsjön_650935-152414b.dzi
[423/4303] svar/zips/B_rsj_n/650935-152414-kartor/web/tiles-3-1958_Bärsjön_650935-152414c.dzi ... upload error (manifest): Invalid key: svar/zips/B_rsj_n/650935-152414-kartor/web/tiles-3-1958_Bärsjön_650935-152414c.dzi
[424/4303] svar/zips/B_sj_n/642914-131398-kartor/web/tiles-3-4746_Bäsjön_642914-131398.dzi ... upload error (manifest): Invalid key: svar/zips/B_sj_n/642914-131398-kartor/web/tiles-3-4746_Bäsjön_642914-131398.dzi
[425/4303] svar/zips/B_sj_n/644218-143956-kartor/web/tiles-3-3686_Bäsjön_644218-143956.dzi ... upload error (manifest): Invalid key: svar/zips/B_sj_n/644218-143956-kartor/web/tiles-3-3686_Bäsjön_644218-143956.dzi
[426/4303] svar/zips/B_sthultasj_n/628472-134807-kartor/web/tiles-3-4721_Bästhultasjön_628472-134807.dzi ... upload error (manifest): Invalid key: svar/zips/B_sthultasj_n/628472-134807-kartor/web/tiles-3-4721_Bästhultasjön_628472-134807.dzi
[427/4303] svar/zips/B_ven/653707-156202-kartor/web/tiles-0-0056_Båven_653707-156202.dzi ... upload error (manifest): Invalid key: svar/zips/B_ven/653707-156202-kartor/web/tiles-0-0056_Båven_653707-156202.dzi
[428/4303] svar/zips/B_ven/653707-156202-kartor/web/tiles-3-1597_Båven_653707-156202.dzi ... upload error (manifest): Invalid key: svar/zips/B_ven/653707-156202-kartor/web/tiles-3-1597_Båven_653707-156202.dzi
[429/4303] svar/zips/B__Tj_rn/643573-125133-kartor/web/tiles-3-4245_Bö Tjärn_643573-125133.dzi ... upload error (manifest): Invalid key: svar/zips/B__Tj_rn/643573-125133-kartor/web/tiles-3-4245_Bö Tjärn_643573-125133.dzi
[430/4303] svar/zips/Dackebosj_n/628161-150106-kartor/web/tiles-3-3844_Dackebosjön_628161-150106a.dzi ... upload error (manifest): Invalid key: svar/zips/Dackebosj_n/628161-150106-kartor/web/tiles-3-3844_Dackebosjön_628161-150106a.dzi
[431/4303] svar/zips/Dackebosj_n/628161-150106-kartor/web/tiles-3-3844_Dackebosjön_628161-150106b.dzi ... upload error (manifest): Invalid key: svar/zips/Dackebosj_n/628161-150106-kartor/web/tiles-3-3844_Dackebosjön_628161-150106b.dzi
[432/4303] svar/zips/Dagsj_n/640407-138251-kartor/web/tiles-3-5721_Dagsjön_640407-138251.dzi ... upload error (manifest): Invalid key: svar/zips/Dagsj_n/640407-138251-kartor/web/tiles-3-5721_Dagsjön_640407-138251.dzi
[433/4303] svar/zips/Dagsj_n/640407-138251-kartor/web/tiles-3-6457_Dagsjön_640407-138251.dzi ... upload error (manifest): Invalid key: svar/zips/Dagsj_n/640407-138251-kartor/web/tiles-3-6457_Dagsjön_640407-138251.dzi
[434/4303] svar/zips/Dagstorpssj_n/620953-135500-kartor/web/tiles-3-0831_Dagstorpssjön_620953-135500a.dzi ... upload error (manifest): Invalid key: svar/zips/Dagstorpssj_n/620953-135500-kartor/web/tiles-3-0831_Dagstorpssjön_620953-135500a.dzi
[435/4303] svar/zips/Dagstorpssj_n/620953-135500-kartor/web/tiles-3-0831_Dagstorpssjön_620953-135500b.dzi ... upload error (manifest): Invalid key: svar/zips/Dagstorpssj_n/620953-135500-kartor/web/tiles-3-0831_Dagstorpssjön_620953-135500b.dzi
[436/4303] svar/zips/Dagstorpssj_n/620953-135500-kartor/web/tiles-3-0831_Dagstorpssjön_620953-135500c.dzi ... upload error (manifest): Invalid key: svar/zips/Dagstorpssj_n/620953-135500-kartor/web/tiles-3-0831_Dagstorpssjön_620953-135500c.dzi
[437/4303] svar/zips/Dagstorpssj_n/620953-135500-kartor/web/tiles-3-0831_Dagstorpssjön_620953-135500d.dzi ... upload error (manifest): Invalid key: svar/zips/Dagstorpssj_n/620953-135500-kartor/web/tiles-3-0831_Dagstorpssjön_620953-135500d.dzi
[438/4303] svar/zips/Daletj_rn/653110-125924-kartor/web/tiles-3-2008_Daletjärn_653110-125924.dzi ... upload error (manifest): Invalid key: svar/zips/Daletj_rn/653110-125924-kartor/web/tiles-3-2008_Daletjärn_653110-125924.dzi
[439/4303] svar/zips/Dalmyrasj_n/648930-155041-kartor/web/tiles-3-0743_Dalmyrasjön_648930-155041.dzi ... upload error (manifest): Invalid key: svar/zips/Dalmyrasj_n/648930-155041-kartor/web/tiles-3-0743_Dalmyrasjön_648930-155041.dzi
[440/4303] svar/zips/Dalsj_n/639045-152708-kartor/web/tiles-3-3247_Dalsjön_639045-152708.dzi ... upload error (manifest): Invalid key: svar/zips/Dalsj_n/639045-152708-kartor/web/tiles-3-3247_Dalsjön_639045-152708.dzi
[441/4303] svar/zips/Dalsj_n/653683-158580-kartor/web/tiles-3-3270_Dalsjön_653683-158580.dzi ... upload error (manifest): Invalid key: svar/zips/Dalsj_n/653683-158580-kartor/web/tiles-3-3270_Dalsjön_653683-158580.dzi
[442/4303] svar/zips/Dalsj_n/656448-130803-kartor/web/tiles-3-1169_Dalsjön_656448-130803.dzi ... upload error (manifest): Invalid key: svar/zips/Dalsj_n/656448-130803-kartor/web/tiles-3-1169_Dalsjön_656448-130803.dzi
[443/4303] svar/zips/Dalsj_n/656448-130803-kartor/web/tiles-3-1718_Dalsjön_656448-130803.dzi ... upload error (manifest): Invalid key: svar/zips/Dalsj_n/656448-130803-kartor/web/tiles-3-1718_Dalsjön_656448-130803.dzi
[444/4303] svar/zips/Dalstorpasj_n/638881-136307-kartor/web/tiles-3-4854_Dalstorpasjön_638881-136307.dzi ... upload error (manifest): Invalid key: svar/zips/Dalstorpasj_n/638881-136307-kartor/web/tiles-3-4854_Dalstorpasjön_638881-136307.dzi
[445/4303] svar/zips/Dammen/625353-146824-kartor/web/tiles-3-2811_Dammen_625353-146824.dzi ... done • ETA ~ 6m 21s
[446/4303] svar/zips/Dammsj_n/640505-135356-kartor/web/tiles-3-4855_Dammsjön_640505-135356.dzi ... upload error (manifest): Invalid key: svar/zips/Dammsj_n/640505-135356-kartor/web/tiles-3-4855_Dammsjön_640505-135356.dzi
[447/4303] svar/zips/Dammsj_n/641756-131703-kartor/web/tiles-3-3906_Dammsjön_641756-131703a.dzi ... upload error (manifest): Invalid key: svar/zips/Dammsj_n/641756-131703-kartor/web/tiles-3-3906_Dammsjön_641756-131703a.dzi
[448/4303] svar/zips/Dammsj_n/641756-131703-kartor/web/tiles-3-3906_Dammsjön_641756-131703b.dzi ... upload error (manifest): Invalid key: svar/zips/Dammsj_n/641756-131703-kartor/web/tiles-3-3906_Dammsjön_641756-131703b.dzi
[449/4303] svar/zips/Dammsj_n/643078-130616-kartor/web/tiles-3-1006_Stora Dammsjön_643078-130616.dzi ... upload error (manifest): Invalid key: svar/zips/Dammsj_n/643078-130616-kartor/web/tiles-3-1006_Stora Dammsjön_643078-130616.dzi
[450/4303] svar/zips/Dammtj_rn/653525-125996-kartor/web/tiles-3-1751_Dammtjärn_653525-125996.dzi ... upload error (manifest): Invalid key: svar/zips/Dammtj_rn/653525-125996-kartor/web/tiles-3-1751_Dammtjärn_653525-125996.dzi
[451/4303] svar/zips/Dansj_n/631325-142519-kartor/web/tiles-3-6479_Dansjön_631325-142519.dzi ... upload error (manifest): Invalid key: svar/zips/Dansj_n/631325-142519-kartor/web/tiles-3-6479_Dansjön_631325-142519.dzi
[452/4303] svar/zips/Davidstorpasj_n/638029-142710-kartor/web/tiles-3-3879_Davidstorpasjön_638029-142710a.dzi ... upload error (manifest): Invalid key: svar/zips/Davidstorpasj_n/638029-142710-kartor/web/tiles-3-3879_Davidstorpasjön_638029-142710a.dzi
[453/4303] svar/zips/Davidstorpasj_n/638029-142710-kartor/web/tiles-3-3879_Davidstorpasjön_638029-142710b.dzi ... upload error (manifest): Invalid key: svar/zips/Davidstorpasj_n/638029-142710-kartor/web/tiles-3-3879_Davidstorpasjön_638029-142710b.dzi
[454/4303] svar/zips/Derasj_/630140-148664-kartor/web/tiles-3-3847_Derasjö_630140-148664a.dzi ... upload error (manifest): Invalid key: svar/zips/Derasj_/630140-148664-kartor/web/tiles-3-3847_Derasjö_630140-148664a.dzi
[455/4303] svar/zips/Derasj_/630140-148664-kartor/web/tiles-3-3847_Derasjö_630140-148664b.dzi ... upload error (manifest): Invalid key: svar/zips/Derasj_/630140-148664-kartor/web/tiles-3-3847_Derasjö_630140-148664b.dzi
[456/4303] svar/zips/Deromesj_n/634762-129106-kartor/web/tiles-3-2248_Deromesjön_634762-129106.dzi ... upload error (manifest): Invalid key: svar/zips/Deromesj_n/634762-129106-kartor/web/tiles-3-2248_Deromesjön_634762-129106.dzi
[457/4303] svar/zips/Deromesj_n/634762-129106-kartor/web/tiles-3-6436_Deromesjön_634762-129106.dzi ... upload error (manifest): Invalid key: svar/zips/Deromesj_n/634762-129106-kartor/web/tiles-3-6436_Deromesjön_634762-129106.dzi
[458/4303] svar/zips/Digeshultasj_n/631071-132703-kartor/web/tiles-3-5103_Digeshultasjön_631071-132703.dzi ... upload error (manifest): Invalid key: svar/zips/Digeshultasj_n/631071-132703-kartor/web/tiles-3-5103_Digeshultasjön_631071-132703.dzi
[459/4303] svar/zips/Dig_len/638019-142188-kartor/web/tiles-3-5410_Digölen_638019-142188.dzi ... upload error (manifest): Invalid key: svar/zips/Dig_len/638019-142188-kartor/web/tiles-3-5410_Digölen_638019-142188.dzi
[460/4303] svar/zips/Djul_sj_n/653790-152445-kartor/web/tiles-3-5623_Djulösjön_653790-152445.dzi ... upload error (manifest): Invalid key: svar/zips/Djul_sj_n/653790-152445-kartor/web/tiles-3-5623_Djulösjön_653790-152445.dzi
[461/4303] svar/zips/Djup/653440-130654-kartor/web/tiles-3-1111_Djup_653440-130654.dzi ... done • ETA ~ 6m 17s
[462/4303] svar/zips/Djupaholmsj_n/656263-156963-kartor/web/tiles-3-1774_Djupa Holmsjön_656263-156963.dzi ... upload error (manifest): Invalid key: svar/zips/Djupaholmsj_n/656263-156963-kartor/web/tiles-3-1774_Djupa Holmsjön_656263-156963.dzi
[463/4303] svar/zips/Djupasj_/638896-131883-kartor/web/tiles-3-5868_Djupasjö_638896-131883.dzi ... upload error (manifest): Invalid key: svar/zips/Djupasj_/638896-131883-kartor/web/tiles-3-5868_Djupasjö_638896-131883.dzi
[464/4303] svar/zips/Djupasj_n/624438-146135-kartor/web/tiles-3-3184_Djupasjön_624438-146135.dzi ... upload error (manifest): Invalid key: svar/zips/Djupasj_n/624438-146135-kartor/web/tiles-3-3184_Djupasjön_624438-146135.dzi
[465/4303] svar/zips/Djupasj_n/630864-133991-kartor/web/tiles-2-1031_Djupasjön_630864-133991.dzi ... upload error (manifest): Invalid key: svar/zips/Djupasj_n/630864-133991-kartor/web/tiles-2-1031_Djupasjön_630864-133991.dzi
[466/4303] svar/zips/Djupasj_n/630864-133991-kartor/web/tiles-3-5102_Djupasjön_630864-133991.dzi ... upload error (manifest): Invalid key: svar/zips/Djupasj_n/630864-133991-kartor/web/tiles-3-5102_Djupasjön_630864-133991.dzi
[467/4303] svar/zips/Djupasj_n/638922-134364-kartor/web/tiles-3-4851_Djupasjön_638922-134364a.dzi ... upload error (manifest): Invalid key: svar/zips/Djupasj_n/638922-134364-kartor/web/tiles-3-4851_Djupasjön_638922-134364a.dzi
[468/4303] svar/zips/Djupasj_n/638922-134364-kartor/web/tiles-3-4851_Djupasjön_638922-134364b.dzi ... upload error (manifest): Invalid key: svar/zips/Djupasj_n/638922-134364-kartor/web/tiles-3-4851_Djupasjön_638922-134364b.dzi
[469/4303] svar/zips/Djupedalssj_n/644143-127517-kartor/web/tiles-3-4232_Djupedalssjön_644143-127517.dzi ... upload error (manifest): Invalid key: svar/zips/Djupedalssj_n/644143-127517-kartor/web/tiles-3-4232_Djupedalssjön_644143-127517.dzi
[470/4303] svar/zips/Djupemar/633164-154834-kartor/web/tiles-5-0434_Djupemar_633164-154834.dzi ... done • ETA ~ 6m 15s
[471/4303] svar/zips/Djupen/650875-148287-kartor/web/tiles-3-2906_Djupen_650875-148287.dzi ... done • ETA ~ 6m 16s
[472/4303] svar/zips/Djupetr_skesj_n/634946-153404-kartor/web/tiles-2-0327_Djupeträskesjön_634946-153404.dzi ... upload error (manifest): Invalid key: svar/zips/Djupetr_skesj_n/634946-153404-kartor/web/tiles-2-0327_Djupeträskesjön_634946-153404.dzi
[473/4303] svar/zips/Djupevatten/645059-127772-kartor/web/tiles-3-4240_Djupevatten_645059-127772.dzi ... done • ETA ~ 6m 16s
[474/4303] svar/zips/Djupevatten/651428-124683-kartor/web/tiles-3-3082_Djupevatten_651428-124683.dzi ... done • ETA ~ 6m 17s
[475/4303] svar/zips/Djupg_len/624951-147223-kartor/web/tiles-3-2861_Djupgölen_624951-147223.dzi ... upload error (manifest): Invalid key: svar/zips/Djupg_len/624951-147223-kartor/web/tiles-3-2861_Djupgölen_624951-147223.dzi
[476/4303] svar/zips/Djupsj_/634780-150158-kartor/web/tiles-3-2862_Djupsjön_634780-150158.dzi ... upload error (manifest): Invalid key: svar/zips/Djupsj_/634780-150158-kartor/web/tiles-3-2862_Djupsjön_634780-150158.dzi
[477/4303] svar/zips/Djupsj_n/635895-153859-kartor/web/tiles-1-0222_Djupsjön_635895-153859.dzi ... upload error (manifest): Invalid key: svar/zips/Djupsj_n/635895-153859-kartor/web/tiles-1-0222_Djupsjön_635895-153859.dzi
[478/4303] svar/zips/Djupsj_n/642513-128786-kartor/web/tiles-3-4740_Djupsjön_642513-128786.dzi ... upload error (manifest): Invalid key: svar/zips/Djupsj_n/642513-128786-kartor/web/tiles-3-4740_Djupsjön_642513-128786.dzi
[479/4303] svar/zips/Djupsj_n/655799-158654-kartor/web/tiles-3-4390_Djupsjön_655799-158654.dzi ... upload error (manifest): Invalid key: svar/zips/Djupsj_n/655799-158654-kartor/web/tiles-3-4390_Djupsjön_655799-158654.dzi
[480/4303] svar/zips/Djuptr_sk/656080-164535-kartor/web/tiles-3-2327_Djupträsk_656080-164535.dzi ... upload error (manifest): Invalid key: svar/zips/Djuptr_sk/656080-164535-kartor/web/tiles-3-2327_Djupträsk_656080-164535.dzi
[481/4303] svar/zips/Djupungen/651608-157687-kartor/web/tiles-5-0176_Djupungen_651608-157687.dzi ... done • ETA ~ 6m 15s
[482/4303] svar/zips/Djupvikssj_n/656007-158202-kartor/web/tiles-3-3268_Djupvikssjön_656007-158202.dzi ... upload error (manifest): Invalid key: svar/zips/Djupvikssj_n/656007-158202-kartor/web/tiles-3-3268_Djupvikssjön_656007-158202.dzi
[483/4303] svar/zips/Djurshyttesj_n/650190-148501-kartor/web/tiles-3-2897_Djurshyttesjön_650190-148501.dzi ... upload error (manifest): Invalid key: svar/zips/Djurshyttesj_n/650190-148501-kartor/web/tiles-3-2897_Djurshyttesjön_650190-148501.dzi
[484/4303] svar/zips/Dovern/650258-150301-kartor/web/tiles-2-0134a_Dovern_650258-150301.dzi ... done • ETA ~ 6m 15s
[485/4303] svar/zips/Dovern/650258-150301-kartor/web/tiles-2-0134b_Dovern_650258-150301.dzi ... done • ETA ~ 6m 16s
[486/4303] svar/zips/Dovern/650258-150301-kartor/web/tiles-2-0253_Dovern_650258-150301.dzi ... done • ETA ~ 6m 16s
[487/4303] svar/zips/Drevviken/656793-163709-kartor/web/tiles-0-0189_Drevviken_656793-163709.dzi ... done • ETA ~ 6m 16s
[488/4303] svar/zips/Drevviken/656793-163709-kartor/web/tiles-2-0120a_Drevviken_656793-163709.dzi ... done • ETA ~ 6m 17s
[489/4303] svar/zips/Drevviken/656793-163709-kartor/web/tiles-2-0120b_Drevviken_656793-163709.dzi ... done • ETA ~ 6m 17s
[490/4303] svar/zips/Drevviken/656793-163709-kartor/web/tiles-2-0120c_Drevviken_656793-163709.dzi ... done • ETA ~ 6m 18s
[491/4303] svar/zips/Drevviken/656793-163709-kartor/web/tiles-2-0481_Drevviken_656793-163709.dzi ... done • ETA ~ 6m 18s
[492/4303] svar/zips/Dromsetj_rn/654839-124853-kartor/web/tiles-3-1563_Dromsetjärn_654839-124853.dzi ... upload error (manifest): Invalid key: svar/zips/Dromsetj_rn/654839-124853-kartor/web/tiles-3-1563_Dromsetjärn_654839-124853.dzi
[493/4303] svar/zips/Dromsetj_rn/654839-124853-kartor/web/tiles-3-1754_Dromsetjärn_654839-124853.dzi ... upload error (manifest): Invalid key: svar/zips/Dromsetj_rn/654839-124853-kartor/web/tiles-3-1754_Dromsetjärn_654839-124853.dzi
[494/4303] svar/zips/Drypesj_n/643346-127639-kartor/web/tiles-3-0937_Drypesjön_643346-127639.dzi ... upload error (manifest): Invalid key: svar/zips/Drypesj_n/643346-127639-kartor/web/tiles-3-0937_Drypesjön_643346-127639.dzi
[495/4303] svar/zips/Dunkern/655797-156309-kartor/web/tiles-1-0125_Dunkern_655797-156309.dzi ... done • ETA ~ 6m 18s
[496/4303] svar/zips/Dunsj_n/637082-153963-kartor/web/tiles-0-0117_Dunsjön_637082-153963.dzi ... upload error (manifest): Invalid key: svar/zips/Dunsj_n/637082-153963-kartor/web/tiles-0-0117_Dunsjön_637082-153963.dzi
[497/4303] svar/zips/Dunsj_n/653589-148776-kartor/web/tiles-3-2911_Dunsjön_653589-148776.dzi ... upload error (manifest): Invalid key: svar/zips/Dunsj_n/653589-148776-kartor/web/tiles-3-2911_Dunsjön_653589-148776.dzi
[498/4303] svar/zips/Duveholmssj_n/653853-152255-kartor/web/tiles-3-5624_Duveholmssjön_653853-152255.dzi ... upload error (manifest): Invalid key: svar/zips/Duveholmssj_n/653853-152255-kartor/web/tiles-3-5624_Duveholmssjön_653853-152255.dzi
[499/4303] svar/zips/D_nhultagyl/623562-145838-kartor/web/tiles-3-5498_Dönhultagyl_623562-145838.dzi ... upload error (manifest): Invalid key: svar/zips/D_nhultagyl/623562-145838-kartor/web/tiles-3-5498_Dönhultagyl_623562-145838.dzi
[500/4303] svar/zips/D_nviken/656441-160876-kartor/web/tiles-3-3016_Dånviken_656441-160876.dzi ... upload error (manifest): Invalid key: svar/zips/D_nviken/656441-160876-kartor/web/tiles-3-3016_Dånviken_656441-160876.dzi
[501/4303] svar/zips/D_vingen/639707-146633-kartor/web/tiles-3-4592_Dövingen_639707-146633.dzi ... upload error (manifest): Invalid key: svar/zips/D_vingen/639707-146633-kartor/web/tiles-3-4592_Dövingen_639707-146633.dzi
[502/4303] svar/zips/D_vlesj_/648635-126834-kartor/web/tiles-3-3072_Dövlesjön_648635-126834.dzi ... upload error (manifest): Invalid key: svar/zips/D_vlesj_/648635-126834-kartor/web/tiles-3-3072_Dövlesjön_648635-126834.dzi
[503/4303] svar/zips/Eckern/635109-153355-kartor/web/tiles-1-0223_Eckern_635109-153355.dzi ... done • ETA ~ 6m 17s
[504/4303] svar/zips/Eckern/638942-140187-kartor/web/tiles-2-0966_Eckern_638942-140187.dzi ... done • ETA ~ 6m 17s
[505/4303] svar/zips/Eckern/638942-140187-kartor/web/tiles-3-1808_Eckern_638942-140187.dzi ... done • ETA ~ 6m 18s
[506/4303] svar/zips/Edsesj_n/635523-145215-kartor/web/tiles-3-3324_Edsesjön_635523-145215.dzi ... upload error (manifest): Invalid key: svar/zips/Edsesj_n/635523-145215-kartor/web/tiles-3-3324_Edsesjön_635523-145215.dzi
[507/4303] svar/zips/Edslan/655344-130765-kartor/web/tiles-3-1170a_Edslan_655344-130765.dzi ... done • ETA ~ 6m 18s
[508/4303] svar/zips/Edslan/655344-130765-kartor/web/tiles-3-1170b_Edslan_655344-130765.dzi ... done • ETA ~ 6m 18s
[509/4303] svar/zips/Edslan/655344-130765-kartor/web/tiles-3-1170c_Edslan_655344-130765.dzi ... done • ETA ~ 6m 18s
[510/4303] svar/zips/Ejgdesj_n/653737-125017-kartor/web/tiles-3-1570_Ejgdesjön_653737-125017.dzi ... upload error (manifest): Invalid key: svar/zips/Ejgdesj_n/653737-125017-kartor/web/tiles-3-1570_Ejgdesjön_653737-125017.dzi
[511/4303] svar/zips/Ejgdesj_n/653737-125017-kartor/web/tiles-3-6408_Ejgdesjön_653737-125017.dzi ... upload error (manifest): Invalid key: svar/zips/Ejgdesj_n/653737-125017-kartor/web/tiles-3-6408_Ejgdesjön_653737-125017.dzi
[512/4303] svar/zips/Ekekullssj_n/635205-145223-kartor/web/tiles-3-3325_Ekekullsjön_635205-145223.dzi ... upload error (manifest): Invalid key: svar/zips/Ekekullssj_n/635205-145223-kartor/web/tiles-3-3325_Ekekullsjön_635205-145223.dzi
[513/4303] svar/zips/Ekelidvattnet/653685-124772-kartor/web/tiles-3-4007_Ekelidvattnet_653685-124772.dzi ... done • ETA ~ 6m 18s
[514/4303] svar/zips/Ekelsj_g_len/637798-142351-kartor/web/tiles-3-3875_Gölen_637798-142351a.dzi ... upload error (manifest): Invalid key: svar/zips/Ekelsj_g_len/637798-142351-kartor/web/tiles-3-3875_Gölen_637798-142351a.dzi
[515/4303] svar/zips/Ekelsj_g_len/637798-142351-kartor/web/tiles-3-3875_Gölen_637798-142351b.dzi ... upload error (manifest): Invalid key: svar/zips/Ekelsj_g_len/637798-142351-kartor/web/tiles-3-3875_Gölen_637798-142351b.dzi
[516/4303] svar/zips/Ekelsj_sj_n/637841-142369-kartor/web/tiles-3-3876_Ekelsjösjön_637841-142369a.dzi ... upload error (manifest): Invalid key: svar/zips/Ekelsj_sj_n/637841-142369-kartor/web/tiles-3-3876_Ekelsjösjön_637841-142369a.dzi
[517/4303] svar/zips/Ekelsj_sj_n/637841-142369-kartor/web/tiles-3-3876_Ekelsjösjön_637841-142369b.dzi ... upload error (manifest): Invalid key: svar/zips/Ekelsj_sj_n/637841-142369-kartor/web/tiles-3-3876_Ekelsjösjön_637841-142369b.dzi
[518/4303] svar/zips/Eken_ssj_n/637356-145274-kartor/web/tiles-2-0309_Ekenässjön_637356-145274.dzi ... upload error (manifest): Invalid key: svar/zips/Eken_ssj_n/637356-145274-kartor/web/tiles-2-0309_Ekenässjön_637356-145274.dzi
[519/4303] svar/zips/Eken_ssj_n/639866-153690-kartor/web/tiles-2-0317_Ekenässjön_639866-153690.dzi ... upload error (manifest): Invalid key: svar/zips/Eken_ssj_n/639866-153690-kartor/web/tiles-2-0317_Ekenässjön_639866-153690.dzi
[520/4303] svar/zips/Eken_ssj_n/639866-153690-kartor/web/tiles-3-6557_Ekenässjön_639866-153690.dzi ... upload error (manifest): Invalid key: svar/zips/Eken_ssj_n/639866-153690-kartor/web/tiles-3-6557_Ekenässjön_639866-153690.dzi
[521/4303] svar/zips/Ekesgyl/624014-145195-kartor/web/tiles-3-5471_Ekesgyl_624014-145195.dzi ... done • ETA ~ 6m 17s
[522/4303] svar/zips/Ekesj_n/637933-132827-kartor/web/tiles-3-5581_Ekesjön_637933-132827.dzi ... upload error (manifest): Invalid key: svar/zips/Ekesj_n/637933-132827-kartor/web/tiles-3-5581_Ekesjön_637933-132827.dzi
[523/4303] svar/zips/Ekholmssj_n/616114-134263-kartor/web/tiles-3-1980_Eksholmssjön_616114-134263.dzi ... upload error (manifest): Invalid key: svar/zips/Ekholmssj_n/616114-134263-kartor/web/tiles-3-1980_Eksholmssjön_616114-134263.dzi
[524/4303] svar/zips/Ekhultasj_n/636891-137772-kartor/web/tiles-3-2545_Ekhultasjön_636891-137772.dzi ... upload error (manifest): Invalid key: svar/zips/Ekhultasj_n/636891-137772-kartor/web/tiles-3-2545_Ekhultasjön_636891-137772.dzi
[525/4303] svar/zips/Ekhultasj_n/636891-137772-kartor/web/tiles-5-0010_Ekhultasjön_636891-137772.dzi ... upload error (manifest): Invalid key: svar/zips/Ekhultasj_n/636891-137772-kartor/web/tiles-5-0010_Ekhultasjön_636891-137772.dzi
[526/4303] svar/zips/Eknaren/653344-157228-kartor/web/tiles-5-0177_Eknaren_653344-157228.dzi ... done • ETA ~ 6m 16s
[527/4303] svar/zips/Eldsj_n/633351-133702-kartor/web/tiles-3-5122_Eldsjön_633351-133702a.dzi ... upload error (manifest): Invalid key: svar/zips/Eldsj_n/633351-133702-kartor/web/tiles-3-5122_Eldsjön_633351-133702a.dzi
[528/4303] svar/zips/Eldsj_n/633351-133702-kartor/web/tiles-3-5122_Eldsjön_633351-133702b.dzi ... upload error (manifest): Invalid key: svar/zips/Eldsj_n/633351-133702-kartor/web/tiles-3-5122_Eldsjön_633351-133702b.dzi
[529/4303] svar/zips/Eldskogstj_rnen__Norra_/653731-124938-kartor/web/tiles-3-4268_Eldskogstjärnen (Norra)_653731-124938.dzi ... upload error (manifest): Invalid key: svar/zips/Eldskogstj_rnen__Norra_/653731-124938-kartor/web/tiles-3-4268_Eldskogstjärnen (Norra)_653731-124938.dzi
[530/4303] svar/zips/Ellaren/635830-150749-kartor/web/tiles-3-2869_Ellaren_635830-150749.dzi ... done • ETA ~ 6m 16s
[531/4303] svar/zips/Ellen_sj_n/649255-127344-kartor/web/tiles-3-1554_Ellenösjön_649255-127344.dzi ... upload error (manifest): Invalid key: svar/zips/Ellen_sj_n/649255-127344-kartor/web/tiles-3-1554_Ellenösjön_649255-127344.dzi
[532/4303] svar/zips/Ellestadsj_n/615899-136823-kartor/web/tiles-2-0173_Ellestadsjön_615899-136823.dzi ... upload error (manifest): Invalid key: svar/zips/Ellestadsj_n/615899-136823-kartor/web/tiles-2-0173_Ellestadsjön_615899-136823.dzi
[533/4303] svar/zips/Ellestadsj_n/615899-136823-kartor/web/tiles-3-4676_Ellestadsjön_615899-136823.dzi ... upload error (manifest): Invalid key: svar/zips/Ellestadsj_n/615899-136823-kartor/web/tiles-3-4676_Ellestadsjön_615899-136823.dzi
[534/4303] svar/zips/Ellingsm_lasj_n/626589-148581-kartor/web/tiles-5-0481_Ellingsmålasjön_626589-148581.dzi ... upload error (manifest): Invalid key: svar/zips/Ellingsm_lasj_n/626589-148581-kartor/web/tiles-5-0481_Ellingsmålasjön_626589-148581.dzi
[535/4303] svar/zips/Elsabosj_n/639635-137710-kartor/web/tiles-3-4888_Elsabosjön_639635-137710.dzi ... upload error (manifest): Invalid key: svar/zips/Elsabosj_n/639635-137710-kartor/web/tiles-3-4888_Elsabosjön_639635-137710.dzi
[536/4303] svar/zips/Elsabosj_n/639635-137710-kartor/web/tiles-3-6458_Elsabosjön_639635-137710.dzi ... upload error (manifest): Invalid key: svar/zips/Elsabosj_n/639635-137710-kartor/web/tiles-3-6458_Elsabosjön_639635-137710.dzi
[537/4303] svar/zips/Emmahultasj_n/623330-148007-kartor/web/tiles-3-5284_Emmahultasjön_623330-148007.dzi ... upload error (manifest): Invalid key: svar/zips/Emmahultasj_n/623330-148007-kartor/web/tiles-3-5284_Emmahultasjön_623330-148007.dzi
[538/4303] svar/zips/Enaren/651974-153903-kartor/web/tiles-3-5656_Enaren_651974-153903.dzi ... done • ETA ~ 6m 14s
[539/4303] svar/zips/Enarn/650775-155258-kartor/web/tiles-3-2986_Enarn_650775-155258.dzi ... done • ETA ~ 6m 14s
[540/4303] svar/zips/Enarn/650775-155258-kartor/web/tiles-5-0178_Enarn_650775-155258.dzi ... done • ETA ~ 6m 15s
[541/4303] svar/zips/Enegrenen/637717-147471-kartor/web/tiles-3-5201_Enegrenen_637717-147471.dzi ... done • ETA ~ 6m 15s
[542/4303] svar/zips/Enhangen/636625-134246-kartor/web/tiles-3-6551_Enhangen_636625-134246.dzi ... done • ETA ~ 6m 16s
[543/4303] svar/zips/Eningen/639829-131613-kartor/web/tiles-2-0388_Eningen_639829-131613a.dzi ... done • ETA ~ 6m 16s
[544/4303] svar/zips/Eningen/639829-131613-kartor/web/tiles-2-0388_Eningen_639829-131613b.dzi ... done • ETA ~ 6m 16s
[545/4303] svar/zips/Ensj_n/649154-152417-kartor/web/tiles-3-3013_Ensjön_649154-152417.dzi ... upload error (manifest): Invalid key: svar/zips/Ensj_n/649154-152417-kartor/web/tiles-3-3013_Ensjön_649154-152417.dzi
[546/4303] svar/zips/Eriksbergssj_n/653486-153324-kartor/web/tiles-3-5655_Eriksbergssjön_653486-153324.dzi ... upload error (manifest): Invalid key: svar/zips/Eriksbergssj_n/653486-153324-kartor/web/tiles-3-5655_Eriksbergssjön_653486-153324.dzi
[547/4303] svar/zips/Eseredssj_n/633686-132721-kartor/web/tiles-3-5233_Eseredssjön_633686-132721a.dzi ... upload error (manifest): Invalid key: svar/zips/Eseredssj_n/633686-132721-kartor/web/tiles-3-5233_Eseredssjön_633686-132721a.dzi
[548/4303] svar/zips/Eseredssj_n/633686-132721-kartor/web/tiles-3-5233_Eseredssjön_633686-132721b.dzi ... upload error (manifest): Invalid key: svar/zips/Eseredssj_n/633686-132721-kartor/web/tiles-3-5233_Eseredssjön_633686-132721b.dzi
[549/4303] svar/zips/Eskilstorpasj_n/634488-137369-kartor/web/tiles-3-2928_Eskilstorpasjön_634488-137369.dzi ... upload error (manifest): Invalid key: svar/zips/Eskilstorpasj_n/634488-137369-kartor/web/tiles-3-2928_Eskilstorpasjön_634488-137369.dzi
[550/4303] svar/zips/Eskilstorpasj_n/634488-137369-kartor/web/tiles-3-6354_Eskilstorpasjön_634488-137369.dzi ... upload error (manifest): Invalid key: svar/zips/Eskilstorpasj_n/634488-137369-kartor/web/tiles-3-6354_Eskilstorpasjön_634488-137369.dzi
[551/4303] svar/zips/Exen/628376-137474-kartor/web/tiles-3-0837_Exen_628376-137474.dzi ... done • ETA ~ 6m 15s
[552/4303] svar/zips/Exen/628376-137474-kartor/web/tiles-3-6270_Exen_628376-137474a.dzi ... done • ETA ~ 6m 15s
[553/4303] svar/zips/Exen/628376-137474-kartor/web/tiles-3-6270_Exen_628376-137474b.dzi ... done • ETA ~ 6m 15s
[554/4303] svar/zips/Exen/628376-137474-kartor/web/tiles-3-6270_Exen_628376-137474c.dzi ... done • ETA ~ 6m 16s
[555/4303] svar/zips/Exen/628376-137474-kartor/web/tiles-3-6270_Exen_628376-137474d.dzi ... done • ETA ~ 6m 16s
[556/4303] svar/zips/Exen/628376-137474-kartor/web/tiles-3-6270_Exen_628376-137474e.dzi ... done • ETA ~ 6m 16s
[557/4303] svar/zips/Exen/628376-137474-kartor/web/tiles-3-6270_Exen_628376-137474f.dzi ... done • ETA ~ 6m 16s
[558/4303] svar/zips/Exen/628376-137474-kartor/web/tiles-3-6270_Exen_628376-137474g.dzi ... done • ETA ~ 6m 17s
[559/4303] svar/zips/Fabbesj_n/623788-149937-kartor/web/tiles-2-0664_Fabbesjön_623788-149937.dzi ... upload error (manifest): Invalid key: svar/zips/Fabbesj_n/623788-149937-kartor/web/tiles-2-0664_Fabbesjön_623788-149937.dzi
[560/4303] svar/zips/Fagerhultasj_n/637469-147319-kartor/web/tiles-3-2439_Fagerhultasjön_637469-147319.dzi ... upload error (manifest): Invalid key: svar/zips/Fagerhultasj_n/637469-147319-kartor/web/tiles-3-2439_Fagerhultasjön_637469-147319.dzi
[561/4303] svar/zips/Fagerhultasj_n/638107-141716-kartor/web/tiles-3-3873_Fagerhultasjön_638107-141716a.dzi ... upload error (manifest): Invalid key: svar/zips/Fagerhultasj_n/638107-141716-kartor/web/tiles-3-3873_Fagerhultasjön_638107-141716a.dzi
[562/4303] svar/zips/Fagerhultasj_n/638107-141716-kartor/web/tiles-3-3873_Fagerhultasjön_638107-141716b.dzi ... upload error (manifest): Invalid key: svar/zips/Fagerhultasj_n/638107-141716-kartor/web/tiles-3-3873_Fagerhultasjön_638107-141716b.dzi
[563/4303] svar/zips/Fagersj_n/655060-161703-kartor/web/tiles-5-0183_Fagersjön_655060-161703.dzi ... upload error (manifest): Invalid key: svar/zips/Fagersj_n/655060-161703-kartor/web/tiles-5-0183_Fagersjön_655060-161703.dzi
[564/4303] svar/zips/Fagersj_n/655060-161703-kartor/web/tiles-5-0978_Fagersjön_655060-161703.dzi ... upload error (manifest): Invalid key: svar/zips/Fagersj_n/655060-161703-kartor/web/tiles-5-0978_Fagersjön_655060-161703.dzi
[565/4303] svar/zips/Fagert_rn/651558-143620-kartor/web/tiles-3-4678_Fagertärn_651558-143620.dzi ... upload error (manifest): Invalid key: svar/zips/Fagert_rn/651558-143620-kartor/web/tiles-3-4678_Fagertärn_651558-143620.dzi
[566/4303] svar/zips/Fagrasj_/632169-150810-kartor/web/tiles-3-2361_Fagrasjö_632169-150810.dzi ... upload error (manifest): Invalid key: svar/zips/Fagrasj_/632169-150810-kartor/web/tiles-3-2361_Fagrasjö_632169-150810.dzi
[567/4303] svar/zips/Fagrasj_/632169-150810-kartor/web/tiles-3-3833_Fagrasjö_632169-150810a.dzi ... upload error (manifest): Invalid key: svar/zips/Fagrasj_/632169-150810-kartor/web/tiles-3-3833_Fagrasjö_632169-150810a.dzi
[568/4303] svar/zips/Fagrasj_/632169-150810-kartor/web/tiles-3-3833_Fagrasjö_632169-150810b.dzi ... upload error (manifest): Invalid key: svar/zips/Fagrasj_/632169-150810-kartor/web/tiles-3-3833_Fagrasjö_632169-150810b.dzi
[569/4303] svar/zips/Fallasj_n/637773-142038-kartor/web/tiles-3-4034_Fallasjön_637773-142038.dzi ... upload error (manifest): Invalid key: svar/zips/Fallasj_n/637773-142038-kartor/web/tiles-3-4034_Fallasjön_637773-142038.dzi
[570/4303] svar/zips/Fallebosj_n/635788-151812-kartor/web/tiles-2-0337_Fallebosjön_635788-151812.dzi ... upload error (manifest): Invalid key: svar/zips/Fallebosj_n/635788-151812-kartor/web/tiles-2-0337_Fallebosjön_635788-151812.dzi
[571/4303] svar/zips/Farl_ngen/624511-140583-kartor/web/tiles-2-0285_Farlången_624511-140583.dzi ... upload error (manifest): Invalid key: svar/zips/Farl_ngen/624511-140583-kartor/web/tiles-2-0285_Farlången_624511-140583.dzi
[572/4303] svar/zips/Farl_ngen/624511-140583-kartor/web/tiles-2-0296_Farlången_624511-140583.dzi ... upload error (manifest): Invalid key: svar/zips/Farl_ngen/624511-140583-kartor/web/tiles-2-0296_Farlången_624511-140583.dzi
[573/4303] svar/zips/Farl_ngen/624511-140583-kartor/web/tiles-2-0401_Farlången_624511-140583a.dzi ... upload error (manifest): Invalid key: svar/zips/Farl_ngen/624511-140583-kartor/web/tiles-2-0401_Farlången_624511-140583a.dzi
[574/4303] svar/zips/Farl_ngen/624511-140583-kartor/web/tiles-2-0401_Farlången_624511-140583b.dzi ... upload error (manifest): Invalid key: svar/zips/Farl_ngen/624511-140583-kartor/web/tiles-2-0401_Farlången_624511-140583b.dzi
[575/4303] svar/zips/Farssj_/636092-132089-kartor/web/tiles-1-0296_Farssjö_636092-132089.dzi ... upload error (manifest): Invalid key: svar/zips/Farssj_/636092-132089-kartor/web/tiles-1-0296_Farssjö_636092-132089.dzi
[576/4303] svar/zips/Farssj_/636092-132089-kartor/web/tiles-3-6570_Farssjö_636092-132089.dzi ... upload error (manifest): Invalid key: svar/zips/Farssj_/636092-132089-kartor/web/tiles-3-6570_Farssjö_636092-132089.dzi
[577/4303] svar/zips/Farssj_/636092-132089-kartor/web/tiles-5-1002_Farssjön_636092-132089.dzi ... upload error (manifest): Invalid key: svar/zips/Farssj_/636092-132089-kartor/web/tiles-5-1002_Farssjön_636092-132089.dzi
[578/4303] svar/zips/Farstusj_n/626898-138855-kartor/web/tiles-3-0817_Farstusjön_626898-138855.dzi ... upload error (manifest): Invalid key: svar/zips/Farstusj_n/626898-138855-kartor/web/tiles-3-0817_Farstusjön_626898-138855.dzi
[579/4303] svar/zips/Fedingesj_n/625371-135680-kartor/web/tiles-3-2647_Fedingesjön_625371-135680.dzi ... upload error (manifest): Invalid key: svar/zips/Fedingesj_n/625371-135680-kartor/web/tiles-3-2647_Fedingesjön_625371-135680.dzi
[580/4303] svar/zips/Fegen/635040-133900-kartor/web/tiles-0-0066_Fegen_635040-133900.dzi ... done • ETA ~ 6m 16s
[581/4303] svar/zips/Femlingen/626855-141154-kartor/web/tiles-0-0107_Femlingen_626855-141154.dzi ... done • ETA ~ 6m 16s
[582/4303] svar/zips/Fenen/630679-140539-kartor/web/tiles-3-5081_Fenen_630679-140539.dzi ... done • ETA ~ 6m 17s
[583/4303] svar/zips/Feresj_/631434-140998-kartor/web/tiles-2-1057_Feresjö_631434-140998.dzi ... upload error (manifest): Invalid key: svar/zips/Feresj_/631434-140998-kartor/web/tiles-2-1057_Feresjö_631434-140998.dzi
[584/4303] svar/zips/Feresj_/631434-140998-kartor/web/tiles-3-3416_Feresjö_631434-140998.dzi ... upload error (manifest): Invalid key: svar/zips/Feresj_/631434-140998-kartor/web/tiles-3-3416_Feresjö_631434-140998.dzi
[585/4303] svar/zips/Feresj_n/633486-148738-kartor/web/tiles-3-3840_Feresjön_633486-148738a.dzi ... upload error (manifest): Invalid key: svar/zips/Feresj_n/633486-148738-kartor/web/tiles-3-3840_Feresjön_633486-148738a.dzi
[586/4303] svar/zips/Feresj_n/633486-148738-kartor/web/tiles-3-3840_Feresjön_633486-148738b.dzi ... upload error (manifest): Invalid key: svar/zips/Feresj_n/633486-148738-kartor/web/tiles-3-3840_Feresjön_633486-148738b.dzi
[587/4303] svar/zips/Feresj_n/634358-144361-kartor/web/tiles-3-3559_Feresjön_634358-144361.dzi ... upload error (manifest): Invalid key: svar/zips/Feresj_n/634358-144361-kartor/web/tiles-3-3559_Feresjön_634358-144361.dzi
[588/4303] svar/zips/Fersj_n/626033-147550-kartor/web/tiles-3-3176_Fersjön_626033-147550.dzi ... upload error (manifest): Invalid key: svar/zips/Fersj_n/626033-147550-kartor/web/tiles-3-3176_Fersjön_626033-147550.dzi
[589/4303] svar/zips/Fifflekullsg_len/635929-146032-kartor/web/tiles-3-3326_Fifflekullsgölen_635929-146032.dzi ... upload error (manifest): Invalid key: svar/zips/Fifflekullsg_len/635929-146032-kartor/web/tiles-3-3326_Fifflekullsgölen_635929-146032.dzi
[590/4303] svar/zips/Fighultsg_l/639428-152350-kartor/web/tiles-3-3261_Fighultsgöl_639428-152350.dzi ... upload error (manifest): Invalid key: svar/zips/Fighultsg_l/639428-152350-kartor/web/tiles-3-3261_Fighultsgöl_639428-152350.dzi
[591/4303] svar/zips/Fillingsj_n/655352-128992-kartor/web/tiles-3-1719_Fillingsjön_655352-128992.dzi ... upload error (manifest): Invalid key: svar/zips/Fillingsj_n/655352-128992-kartor/web/tiles-3-1719_Fillingsjön_655352-128992.dzi
[592/4303] svar/zips/Findeln/638804-150330-kartor/web/tiles-1-0252_Findeln_638804-150330.dzi ... done • ETA ~ 6m 15s
[593/4303] svar/zips/Finjasj_n/622731-136920-kartor/web/tiles-3-0818_Finjasjön_622731-136920.dzi ... upload error (manifest): Invalid key: svar/zips/Finjasj_n/622731-136920-kartor/web/tiles-3-0818_Finjasjön_622731-136920.dzi
[594/4303] svar/zips/Finjasj_n/622731-136920-kartor/web/tiles-3-5807a_Finjasjön_622731-136920.dzi ... upload error (manifest): Invalid key: svar/zips/Finjasj_n/622731-136920-kartor/web/tiles-3-5807a_Finjasjön_622731-136920.dzi
[595/4303] svar/zips/Finjasj_n/622731-136920-kartor/web/tiles-3-5807b_Finjasjön_622731-136920.dzi ... upload error (manifest): Invalid key: svar/zips/Finjasj_n/622731-136920-kartor/web/tiles-3-5807b_Finjasjön_622731-136920.dzi
[596/4303] svar/zips/Finnabosj_n/636087-132735-kartor/web/tiles-3-6400_Finnabosjön_636087-132735.dzi ... upload error (manifest): Invalid key: svar/zips/Finnabosj_n/636087-132735-kartor/web/tiles-3-6400_Finnabosjön_636087-132735.dzi
[597/4303] svar/zips/Finnabosj_n/636087-132735-kartor/web/tiles-5-1003_Finnabosjön_636087-132735.dzi ... upload error (manifest): Invalid key: svar/zips/Finnabosj_n/636087-132735-kartor/web/tiles-5-1003_Finnabosjön_636087-132735.dzi
[598/4303] svar/zips/Finnerydssj_n/640432-142490-kartor/web/tiles-3-1797_Finnerydssjön_640432-142490.dzi ... upload error (manifest): Invalid key: svar/zips/Finnerydssj_n/640432-142490-kartor/web/tiles-3-1797_Finnerydssjön_640432-142490.dzi
[599/4303] svar/zips/Finnsj_n/633825-140606-kartor/web/tiles-3-6367_Finnsjön_633825-140606.dzi ... upload error (manifest): Invalid key: svar/zips/Finnsj_n/633825-140606-kartor/web/tiles-3-6367_Finnsjön_633825-140606.dzi
[600/4303] svar/zips/Finnsj_n/639565-128173-kartor/web/tiles-3-1842_Finnsjön_639565-128173.dzi ... upload error (manifest): Invalid key: svar/zips/Finnsj_n/639565-128173-kartor/web/tiles-3-1842_Finnsjön_639565-128173.dzi
[601/4303] svar/zips/Finnsj_n/656393-156601-kartor/web/tiles-3-1775_Finnsjön_656393-156601.dzi ... upload error (manifest): Invalid key: svar/zips/Finnsj_n/656393-156601-kartor/web/tiles-3-1775_Finnsjön_656393-156601.dzi
[602/4303] svar/zips/Finntorpasj_n/637197-144886-kartor/web/tiles-3-3934_Stensjön (Finntorpasjön)_637197-144886.dzi ... upload error (manifest): Invalid key: svar/zips/Finntorpasj_n/637197-144886-kartor/web/tiles-3-3934_Stensjön (Finntorpasjön)_637197-144886.dzi
[603/4303] svar/zips/Fiolen/633025-142267-kartor/web/tiles-1-0131_Fiolen_633025-142267.dzi ... done • ETA ~ 6m 13s
[604/4303] svar/zips/Fiolen/633025-142267-kartor/web/tiles-3-1700_Fiolen_633025-142267.dzi ... done • ETA ~ 6m 13s
[605/4303] svar/zips/Fisj_n/639293-127208-kartor/web/tiles-3-4224_Fisjön_639293-127208.dzi ... upload error (manifest): Invalid key: svar/zips/Fisj_n/639293-127208-kartor/web/tiles-3-4224_Fisjön_639293-127208.dzi
[606/4303] svar/zips/Fiskdamm/621983-135130-kartor/web/tiles-3-2587_Fiskdamm_621983-135130.dzi ... done • ETA ~ 6m 14s
[607/4303] svar/zips/Fiskesj_sj_n/629186-148403-kartor/web/tiles-5-0479_Fiskesjösjön_629186-148403.dzi ... upload error (manifest): Invalid key: svar/zips/Fiskesj_sj_n/629186-148403-kartor/web/tiles-5-0479_Fiskesjösjön_629186-148403.dzi
[608/4303] svar/zips/Fiskestadsj_n/627748-144801-kartor/web/tiles-3-0789_Fiskestadsjön_627748-144801.dzi ... upload error (manifest): Invalid key: svar/zips/Fiskestadsj_n/627748-144801-kartor/web/tiles-3-0789_Fiskestadsjön_627748-144801.dzi
[609/4303] svar/zips/Fiskl_s/651703-126468-kartor/web/tiles-3-3202_Fiskelös_651703-126468.dzi ... upload error (manifest): Invalid key: svar/zips/Fiskl_s/651703-126468-kartor/web/tiles-3-3202_Fiskelös_651703-126468.dzi
[610/4303] svar/zips/Fiskl_ssj_n/652651-125681-kartor/web/tiles-3-3024_Fiskelössjön_652651-125681.dzi ... upload error (manifest): Invalid key: svar/zips/Fiskl_ssj_n/652651-125681-kartor/web/tiles-3-3024_Fiskelössjön_652651-125681.dzi
[611/4303] svar/zips/Fixsj_n/638268-128521-kartor/web/tiles-3-0892_Fixsjön_638268-128521.dzi ... upload error (manifest): Invalid key: svar/zips/Fixsj_n/638268-128521-kartor/web/tiles-3-0892_Fixsjön_638268-128521.dzi
[612/4303] svar/zips/Fj_laren/652768-151989-kartor/web/tiles-3-5626_Fjälaren_652768-151989.dzi ... upload error (manifest): Invalid key: svar/zips/Fj_laren/652768-151989-kartor/web/tiles-3-5626_Fjälaren_652768-151989.dzi
[613/4303] svar/zips/Fj_levatten/650370-126990-kartor/web/tiles-3-3071_Fjölevatten_650370-126990.dzi ... upload error (manifest): Invalid key: svar/zips/Fj_levatten/650370-126990-kartor/web/tiles-3-3071_Fjölevatten_650370-126990.dzi
[614/4303] svar/zips/Fj_llen/631638-135527-kartor/web/tiles-2-1028_Fjällen_631638-135527.dzi ... upload error (manifest): Invalid key: svar/zips/Fj_llen/631638-135527-kartor/web/tiles-2-1028_Fjällen_631638-135527.dzi
[615/4303] svar/zips/Fj_llfotasj_n/615767-134254-kartor/web/tiles-2-0169_Fjällfotasjön_615767-134254.dzi ... upload error (manifest): Invalid key: svar/zips/Fj_llfotasj_n/615767-134254-kartor/web/tiles-2-0169_Fjällfotasjön_615767-134254.dzi
[616/4303] svar/zips/Fj_llfotasj_n/615767-134254-kartor/web/tiles-3-0829_Fjällfotasjön_615767-134254.dzi ... upload error (manifest): Invalid key: svar/zips/Fj_llfotasj_n/615767-134254-kartor/web/tiles-3-0829_Fjällfotasjön_615767-134254.dzi
[617/4303] svar/zips/Fj_llsj_n/643317-130285-kartor/web/tiles-3-1008_Fjällsjön_643317-130285.dzi ... upload error (manifest): Invalid key: svar/zips/Fj_llsj_n/643317-130285-kartor/web/tiles-3-1008_Fjällsjön_643317-130285.dzi
[618/4303] svar/zips/Fj_lsj_n/652217-151994-kartor/web/tiles-3-2806_Fjälsjön_652217-151994.dzi ... upload error (manifest): Invalid key: svar/zips/Fj_lsj_n/652217-151994-kartor/web/tiles-3-2806_Fjälsjön_652217-151994.dzi
[619/4303] svar/zips/Fj_lstern/638394-151432-kartor/web/tiles-5-0420_Fjälstern_638394-151432.dzi ... upload error (manifest): Invalid key: svar/zips/Fj_lstern/638394-151432-kartor/web/tiles-5-0420_Fjälstern_638394-151432.dzi
[620/4303] svar/zips/Fj_rasj_/638725-146677-kartor/web/tiles-3-2071_Fjärasjö_638725-146677.dzi ... upload error (manifest): Invalid key: svar/zips/Fj_rasj_/638725-146677-kartor/web/tiles-3-2071_Fjärasjö_638725-146677.dzi
[621/4303] svar/zips/Fj_rsten/625131-144970-kartor/web/tiles-3-2965_Fjärsten_625131-144970.dzi ... upload error (manifest): Invalid key: svar/zips/Fj_rsten/625131-144970-kartor/web/tiles-3-2965_Fjärsten_625131-144970.dzi
[622/4303] svar/zips/Fj_ttersj_n/653600-162119-kartor/web/tiles-3-6742_Fjättersjön_653600-162119.dzi ... upload error (manifest): Invalid key: svar/zips/Fj_ttersj_n/653600-162119-kartor/web/tiles-3-6742_Fjättersjön_653600-162119.dzi
[623/4303] svar/zips/Fj_ttmunn/645571-144517-kartor/web/tiles-3-3675_Fjättmunn_645571-144517.dzi ... upload error (manifest): Invalid key: svar/zips/Fj_ttmunn/645571-144517-kartor/web/tiles-3-3675_Fjättmunn_645571-144517.dzi
[624/4303] svar/zips/Flacksj_n/652787-142612-kartor/web/tiles-5-0131_Flacksjön_652787-142612.dzi ... upload error (manifest): Invalid key: svar/zips/Flacksj_n/652787-142612-kartor/web/tiles-5-0131_Flacksjön_652787-142612.dzi
[625/4303] svar/zips/Flagesj_n/635959-146240-kartor/web/tiles-3-3935_Flagesjön_635959-146240.dzi ... upload error (manifest): Invalid key: svar/zips/Flagesj_n/635959-146240-kartor/web/tiles-3-3935_Flagesjön_635959-146240.dzi
[626/4303] svar/zips/Flaken/626842-147473-kartor/web/tiles-3-0764_Flaken_626842-147473.dzi ... done • ETA ~ 6m 10s
[627/4303] svar/zips/Flaken/626842-147473-kartor/web/tiles-3-3864_Flaken_626842-147473a.dzi ... done • ETA ~ 6m 10s
[628/4303] svar/zips/Flaken/626842-147473-kartor/web/tiles-3-3864_Flaken_626842-147473b.dzi ... done • ETA ~ 6m 10s
[629/4303] svar/zips/Flaken/633220-141387-kartor/web/tiles-2-1010_Flaken_633220-141387.dzi ... done • ETA ~ 6m 11s
[630/4303] svar/zips/Flaksj_n/625646-147552-kartor/web/tiles-3-5568_Flaksjön_625646-147552.dzi ... upload error (manifest): Invalid key: svar/zips/Flaksj_n/625646-147552-kartor/web/tiles-3-5568_Flaksjön_625646-147552.dzi
[631/4303] svar/zips/Flat/653164-130559-kartor/web/tiles-3-4805_Flat_653164-130559.dzi ... done • ETA ~ 6m 13s
[632/4303] svar/zips/Flatavattnet/642854-129349-kartor/web/tiles-3-0965_Flatavattnet_642854-129349.dzi ... done • ETA ~ 6m 13s
[633/4303] svar/zips/Flaten/633186-136948-kartor/web/tiles-2-0669_Flaten_633186-136948.dzi ... done • ETA ~ 6m 13s
[634/4303] svar/zips/Flaten/635883-138564-kartor/web/tiles-3-1822_Flaten_635883-138564.dzi ... done • ETA ~ 6m 14s
[635/4303] svar/zips/Flaten/635883-138564-kartor/web/tiles-3-6284_Flaten_635883-138564.dzi ... done • ETA ~ 6m 14s
[636/4303] svar/zips/Flaten/635883-138564-kartor/web/tiles-5-0011_Flaten_635883-138564.dzi ... done • ETA ~ 6m 15s
[637/4303] svar/zips/Flaten/636104-149364-kartor/web/tiles-3-3797_Flaten_636104-149364a.dzi ... done • ETA ~ 6m 15s
[638/4303] svar/zips/Flaten/636104-149364-kartor/web/tiles-3-3797_Flaten_636104-149364b.dzi ... done • ETA ~ 6m 15s
[639/4303] svar/zips/Flaten/656533-161088-kartor/web/tiles-5-0187_Flaten_656533-161088.dzi ... done • ETA ~ 6m 16s
[640/4303] svar/zips/Flatevattnet/641048-127976-kartor/web/tiles-3-2164_Flatevattnet_641048-127976.dzi ... done • ETA ~ 6m 16s
[641/4303] svar/zips/Flatevattnet/641048-127976-kartor/web/tiles-3-4182_Flatevattnet_641048-127976.dzi ... done • ETA ~ 6m 16s
[642/4303] svar/zips/Flatsj_n/626369-147160-kartor/web/tiles-5-0460_Flatsjön_626369-147160.dzi ... upload error (manifest): Invalid key: svar/zips/Flatsj_n/626369-147160-kartor/web/tiles-5-0460_Flatsjön_626369-147160.dzi
[643/4303] svar/zips/Flen/637382-148784-kartor/web/tiles-2-0138_Flen_637382-148784.dzi ... done • ETA ~ 6m 17s
[644/4303] svar/zips/Flen/637382-148784-kartor/web/tiles-2-0292_Flen_637382-148784.dzi ... done • ETA ~ 6m 18s
[645/4303] svar/zips/Flensj_n/656168-153584-kartor/web/tiles-3-1771_Flensjön_656168-153584.dzi ... upload error (manifest): Invalid key: svar/zips/Flensj_n/656168-153584-kartor/web/tiles-3-1771_Flensjön_656168-153584.dzi
[646/4303] svar/zips/Flotasj_n/624305-145202-kartor/web/tiles-3-5472_Flotasjön_624305-145202.dzi ... upload error (manifest): Invalid key: svar/zips/Flotasj_n/624305-145202-kartor/web/tiles-3-5472_Flotasjön_624305-145202.dzi
[647/4303] svar/zips/Flotasj_n/624305-145202-kartor/web/tiles-3-5975_Flotasjön_624305-145202.dzi ... upload error (manifest): Invalid key: svar/zips/Flotasj_n/624305-145202-kartor/web/tiles-3-5975_Flotasjön_624305-145202.dzi
[648/4303] svar/zips/Flugebosj_n/644265-143991-kartor/web/tiles-3-3685_Flugebosjön_644265-143991.dzi ... upload error (manifest): Invalid key: svar/zips/Flugebosj_n/644265-143991-kartor/web/tiles-3-3685_Flugebosjön_644265-143991.dzi
[649/4303] svar/zips/Fl_dingstorpasj_n/626899-148885-kartor/web/tiles-5-0478_Flädingstorpasjön_626899-148885.dzi ... upload error (manifest): Invalid key: svar/zips/Fl_dingstorpasj_n/626899-148885-kartor/web/tiles-5-0478_Flädingstorpasjön_626899-148885.dzi
[650/4303] svar/zips/Fl_gen/636728-145193-kartor/web/tiles-3-0747_Flögen_636728-145193.dzi ... upload error (manifest): Invalid key: svar/zips/Fl_gen/636728-145193-kartor/web/tiles-3-0747_Flögen_636728-145193.dzi
[651/4303] svar/zips/Fl_gen/636728-145193-kartor/web/tiles-3-1784_Flögen_636728-145193.dzi ... upload error (manifest): Invalid key: svar/zips/Fl_gen/636728-145193-kartor/web/tiles-3-1784_Flögen_636728-145193.dzi
[652/4303] svar/zips/Fl_gen/636728-145193-kartor/web/tiles-3-3327_Flögen_636728-145193.dzi ... upload error (manifest): Invalid key: svar/zips/Fl_gen/636728-145193-kartor/web/tiles-3-3327_Flögen_636728-145193.dzi
[653/4303] svar/zips/Fl_ghulttj_rnet/654875-124785-kartor/web/tiles-3-1564_Flåghulttjärnet_654875-124785.dzi ... upload error (manifest): Invalid key: svar/zips/Fl_ghulttj_rnet/654875-124785-kartor/web/tiles-3-1564_Flåghulttjärnet_654875-124785.dzi
[654/4303] svar/zips/Fl_ghulttj_rnet/654875-124785-kartor/web/tiles-3-1755_Flåghulttjärnet_654875-124785.dzi ... upload error (manifest): Invalid key: svar/zips/Fl_ghulttj_rnet/654875-124785-kartor/web/tiles-3-1755_Flåghulttjärnet_654875-124785.dzi
[655/4303] svar/zips/Fl_msj_n/648280-137518-kartor/web/tiles-3-1470_Flämsjön_648280-137518.dzi ... upload error (manifest): Invalid key: svar/zips/Fl_msj_n/648280-137518-kartor/web/tiles-3-1470_Flämsjön_648280-137518.dzi
[656/4303] svar/zips/Fl_msj_n/648280-137518-kartor/web/tiles-3-6739_Flämsjön_648280-137518.dzi ... upload error (manifest): Invalid key: svar/zips/Fl_msj_n/648280-137518-kartor/web/tiles-3-6739_Flämsjön_648280-137518.dzi
[657/4303] svar/zips/Fl_ren/631542-139354-kartor/web/tiles-2-0179_Flåren_631542-139354.dzi ... upload error (manifest): Invalid key: svar/zips/Fl_ren/631542-139354-kartor/web/tiles-2-0179_Flåren_631542-139354.dzi
[658/4303] svar/zips/Fl_ren/631542-139354-kartor/web/tiles-3-1827_Flåren_631542-139354.dzi ... upload error (manifest): Invalid key: svar/zips/Fl_ren/631542-139354-kartor/web/tiles-3-1827_Flåren_631542-139354.dzi
[659/4303] svar/zips/Fl_ten/652048-152610-kartor/web/tiles-0-0166_Fläten_652048-152610.dzi ... upload error (manifest): Invalid key: svar/zips/Fl_ten/652048-152610-kartor/web/tiles-0-0166_Fläten_652048-152610.dzi
[660/4303] svar/zips/Fl_tsj_n/636834-150930-kartor/web/tiles-5-0421_Flåtsjön_636834-150930.dzi ... upload error (manifest): Invalid key: svar/zips/Fl_tsj_n/636834-150930-kartor/web/tiles-5-0421_Flåtsjön_636834-150930.dzi
[661/4303] svar/zips/Fornam_lag_len/626636-148119-kartor/web/tiles-3-3861_Fornamålagölen_626636-148119a.dzi ... upload error (manifest): Invalid key: svar/zips/Fornam_lag_len/626636-148119-kartor/web/tiles-3-3861_Fornamålagölen_626636-148119a.dzi
[662/4303] svar/zips/Fornam_lag_len/626636-148119-kartor/web/tiles-3-3861_Fornamålagölen_626636-148119b.dzi ... upload error (manifest): Invalid key: svar/zips/Fornam_lag_len/626636-148119-kartor/web/tiles-3-3861_Fornamålagölen_626636-148119b.dzi
[663/4303] svar/zips/Fornam_lasj_n/626730-148091-kartor/web/tiles-3-3862_Fornamålasjön_626730-148091a.dzi ... upload error (manifest): Invalid key: svar/zips/Fornam_lasj_n/626730-148091-kartor/web/tiles-3-3862_Fornamålasjön_626730-148091a.dzi
[664/4303] svar/zips/Fornam_lasj_n/626730-148091-kartor/web/tiles-3-3862_Fornamålasjön_626730-148091b.dzi ... upload error (manifest): Invalid key: svar/zips/Fornam_lasj_n/626730-148091-kartor/web/tiles-3-3862_Fornamålasjön_626730-148091b.dzi
[665/4303] svar/zips/Fornebodasj_n/624884-142569-kartor/web/tiles-3-2645_Fornebodasjön_624884-142569.dzi ... upload error (manifest): Invalid key: svar/zips/Fornebodasj_n/624884-142569-kartor/web/tiles-3-2645_Fornebodasjön_624884-142569.dzi
[666/4303] svar/zips/Forshultesj_n/634736-153054-kartor/web/tiles-1-0242_Forshultesjön_634736-153054.dzi ... upload error (manifest): Invalid key: svar/zips/Forshultesj_n/634736-153054-kartor/web/tiles-1-0242_Forshultesjön_634736-153054.dzi
[667/4303] svar/zips/Forssj_sj_n/653651-152831-kartor/web/tiles-1-0151_Forssjösjön_653651-152831.dzi ... upload error (manifest): Invalid key: svar/zips/Forssj_sj_n/653651-152831-kartor/web/tiles-1-0151_Forssjösjön_653651-152831.dzi
[668/4303] svar/zips/Forsvatten/639720-128813-kartor/web/tiles-3-1840_Forsvatten_639720-128813.dzi ... done • ETA ~ 6m 12s
[669/4303] svar/zips/Fredriksdalasj_n/638819-142813-kartor/web/tiles-3-1796_Fredriksdalasjön_638819-142813.dzi ... upload error (manifest): Invalid key: svar/zips/Fredriksdalasj_n/638819-142813-kartor/web/tiles-3-1796_Fredriksdalasjön_638819-142813.dzi
[670/4303] svar/zips/Fridtr_sk/635699-165610-kartor/web/tiles-3-3006_Fridträsk_635699-165610.dzi ... upload error (manifest): Invalid key: svar/zips/Fridtr_sk/635699-165610-kartor/web/tiles-3-3006_Fridträsk_635699-165610.dzi
[671/4303] svar/zips/Frisj_n/639134-132882-kartor/web/tiles-0-0124_Frisjön_639134-132882a.dzi ... upload error (manifest): Invalid key: svar/zips/Frisj_n/639134-132882-kartor/web/tiles-0-0124_Frisjön_639134-132882a.dzi
[672/4303] svar/zips/Frisj_n/639134-132882-kartor/web/tiles-0-0124_Frisjön_639134-132882b.dzi ... upload error (manifest): Invalid key: svar/zips/Frisj_n/639134-132882-kartor/web/tiles-0-0124_Frisjön_639134-132882b.dzi
[673/4303] svar/zips/Frisj_n/639134-132882-kartor/web/tiles-3-0880_Frisjön_639134-132882.dzi ... upload error (manifest): Invalid key: svar/zips/Frisj_n/639134-132882-kartor/web/tiles-3-0880_Frisjön_639134-132882.dzi
[674/4303] svar/zips/Frisksj_n/636827-154947-kartor/web/tiles-2-0343_Frisksjön_636827-154947.dzi ... upload error (manifest): Invalid key: svar/zips/Frisksj_n/636827-154947-kartor/web/tiles-2-0343_Frisksjön_636827-154947.dzi
[675/4303] svar/zips/Frisksj_n/642257-155368-kartor/web/tiles-3-1579_Frisksjön_642257-155368a.dzi ... upload error (manifest): Invalid key: svar/zips/Frisksj_n/642257-155368-kartor/web/tiles-3-1579_Frisksjön_642257-155368a.dzi
[676/4303] svar/zips/Frisksj_n/642257-155368-kartor/web/tiles-3-1579_Frisksjön_642257-155368b.dzi ... upload error (manifest): Invalid key: svar/zips/Frisksj_n/642257-155368-kartor/web/tiles-3-1579_Frisksjön_642257-155368b.dzi
[677/4303] svar/zips/Frissj_n/634984-143880-kartor/web/tiles-3-1811_Frissjön_634984-143880.dzi ... upload error (manifest): Invalid key: svar/zips/Frissj_n/634984-143880-kartor/web/tiles-3-1811_Frissjön_634984-143880.dzi
[678/4303] svar/zips/Frissj_n/634984-143880-kartor/web/tiles-3-2977_Frissjön_634984-143880.dzi ... upload error (manifest): Invalid key: svar/zips/Frissj_n/634984-143880-kartor/web/tiles-3-2977_Frissjön_634984-143880.dzi
[679/4303] svar/zips/Frucken/643401-143852-kartor/web/tiles-3-2601_Frucken_643401-143852.dzi ... done • ETA ~ 6m 10s
[680/4303] svar/zips/Frustugutj_rnet/651426-127334-kartor/web/tiles-3-2560_Frustugutjärnet_651426-127334.dzi ... upload error (manifest): Invalid key: svar/zips/Frustugutj_rnet/651426-127334-kartor/web/tiles-3-2560_Frustugutjärnet_651426-127334.dzi
[681/4303] svar/zips/Fryebosj_n/635158-137232-kartor/web/tiles-3-2921_Fryebosjön_635158-137232.dzi ... upload error (manifest): Invalid key: svar/zips/Fryebosj_n/635158-137232-kartor/web/tiles-3-2921_Fryebosjön_635158-137232.dzi
[682/4303] svar/zips/Fr_cksj_n/645289-128665-kartor/web/tiles-3-1707_Fräcksjön_645289-128665.dzi ... upload error (manifest): Invalid key: svar/zips/Fr_cksj_n/645289-128665-kartor/web/tiles-3-1707_Fräcksjön_645289-128665.dzi
[683/4303] svar/zips/Fr_derrydsg_len/635505-144457-kartor/web/tiles-3-3936_Fröderrydsgölen_635505-144457.dzi ... upload error (manifest): Invalid key: svar/zips/Fr_derrydsg_len/635505-144457-kartor/web/tiles-3-3936_Fröderrydsgölen_635505-144457.dzi
[684/4303] svar/zips/Fr_kensj_n/655848-158394-kartor/web/tiles-3-3271_Fräkensjön_655848-158394.dzi ... upload error (manifest): Invalid key: svar/zips/Fr_kensj_n/655848-158394-kartor/web/tiles-3-3271_Fräkensjön_655848-158394.dzi
[685/4303] svar/zips/Fr_sj_n/633092-135579-kartor/web/tiles-3-4903_Frösjön_633092-135579.dzi ... upload error (manifest): Invalid key: svar/zips/Fr_sj_n/633092-135579-kartor/web/tiles-3-4903_Frösjön_633092-135579.dzi
[686/4303] svar/zips/Fr_sj_n/633092-135579-kartor/web/tiles-3-6538_Frösjön_633092-135579.dzi ... upload error (manifest): Invalid key: svar/zips/Fr_sj_n/633092-135579-kartor/web/tiles-3-6538_Frösjön_633092-135579.dzi
[687/4303] svar/zips/Fr_sj_n/642404-151695-kartor/web/tiles-3-3372_Frösjön_642404-151695.dzi ... upload error (manifest): Invalid key: svar/zips/Fr_sj_n/642404-151695-kartor/web/tiles-3-3372_Frösjön_642404-151695.dzi
[688/4303] svar/zips/Fullh_vden/629862-134886-kartor/web/tiles-3-5085_Fullhövden_629862-134886.dzi ... upload error (manifest): Invalid key: svar/zips/Fullh_vden/629862-134886-kartor/web/tiles-3-5085_Fullhövden_629862-134886.dzi
[689/4303] svar/zips/Funnesj_n/624539-146399-kartor/web/tiles-3-3167_Funnesjön_624539-146399.dzi ... upload error (manifest): Invalid key: svar/zips/Funnesj_n/624539-146399-kartor/web/tiles-3-3167_Funnesjön_624539-146399.dzi
[690/4303] svar/zips/Furen/632814-140041-kartor/web/tiles-2-0559_Furen_632814-140041.dzi ... done • ETA ~ 6m 8s
[691/4303] svar/zips/Furen/632814-140041-kartor/web/tiles-3-1818_Furen_632814-140041.dzi ... done • ETA ~ 6m 9s
[692/4303] svar/zips/Furesj_n/634529-130569-kartor/web/tiles-3-2259_Furesjön_634529-130569a.dzi ... upload error (manifest): Invalid key: svar/zips/Furesj_n/634529-130569-kartor/web/tiles-3-2259_Furesjön_634529-130569a.dzi
[693/4303] svar/zips/Furesj_n/634529-130569-kartor/web/tiles-3-2259_Furesjön_634529-130569b.dzi ... upload error (manifest): Invalid key: svar/zips/Furesj_n/634529-130569-kartor/web/tiles-3-2259_Furesjön_634529-130569b.dzi
[694/4303] svar/zips/Furesj_n/654131-130664-kartor/web/tiles-3-1171_Furusjön_653365-131293.dzi ... upload error (manifest): Invalid key: svar/zips/Furesj_n/654131-130664-kartor/web/tiles-3-1171_Furusjön_653365-131293.dzi
[695/4303] svar/zips/Furesj_n/654131-130664-kartor/web/tiles-3-1703_Furesjön_654131-130664.dzi ... upload error (manifest): Invalid key: svar/zips/Furesj_n/654131-130664-kartor/web/tiles-3-1703_Furesjön_654131-130664.dzi
[696/4303] svar/zips/Fursj_/655375-131167-kartor/web/tiles-3-6768_Fursjö_655375-131167.dzi ... upload error (manifest): Invalid key: svar/zips/Fursj_/655375-131167-kartor/web/tiles-3-6768_Fursjö_655375-131167.dzi
[697/4303] svar/zips/Fursj_n/648372-137384-kartor/web/tiles-3-1470_Fursjön_648372-137384.dzi ... upload error (manifest): Invalid key: svar/zips/Fursj_n/648372-137384-kartor/web/tiles-3-1470_Fursjön_648372-137384.dzi
[698/4303] svar/zips/Furusj_n/634809-143063-kartor/web/tiles-3-5603_Furusjön_634809-143063.dzi ... upload error (manifest): Invalid key: svar/zips/Furusj_n/634809-143063-kartor/web/tiles-3-5603_Furusjön_634809-143063.dzi
[699/4303] svar/zips/Furusj_n/642474-139056-kartor/web/tiles-3-6712_Furusjön_642474-139056.dzi ... upload error (manifest): Invalid key: svar/zips/Furusj_n/642474-139056-kartor/web/tiles-3-6712_Furusjön_642474-139056.dzi
[700/4303] svar/zips/Furusj_n/642474-139056-kartor/web/tiles-5-0012_Furusjön_642474-139056.dzi ... upload error (manifest): Invalid key: svar/zips/Furusj_n/642474-139056-kartor/web/tiles-5-0012_Furusjön_642474-139056.dzi
[701/4303] svar/zips/Furusj_n/653365-131293-kartor/web/tiles-3-4787_Furusjön_653365-131293.dzi ... upload error (manifest): Invalid key: svar/zips/Furusj_n/653365-131293-kartor/web/tiles-3-4787_Furusjön_653365-131293.dzi
[702/4303] svar/zips/Fyllesj_n/631487-140319-kartor/web/tiles-3-1813_Fyllesjön_631487-140319.dzi ... upload error (manifest): Invalid key: svar/zips/Fyllesj_n/631487-140319-kartor/web/tiles-3-1813_Fyllesjön_631487-140319.dzi
[703/4303] svar/zips/Fyrsj_n/649781-148438-kartor/web/tiles-2-1115_Fyrsjön_649781-148438.dzi ... upload error (manifest): Invalid key: svar/zips/Fyrsj_n/649781-148438-kartor/web/tiles-2-1115_Fyrsjön_649781-148438.dzi
[704/4303] svar/zips/Fyrsj_n/655967-153726-kartor/web/tiles-3-1772_Fyrsjön_655967-153726.dzi ... upload error (manifest): Invalid key: svar/zips/Fyrsj_n/655967-153726-kartor/web/tiles-3-1772_Fyrsjön_655967-153726.dzi
[705/4303] svar/zips/F_glasj_n/622410-135589-kartor/web/tiles-3-3449_Fåglasjön_622410-135589.dzi ... upload error (manifest): Invalid key: svar/zips/F_glasj_n/622410-135589-kartor/web/tiles-3-3449_Fåglasjön_622410-135589.dzi
[706/4303] svar/zips/F_glasj_sj_n/626620-147773-kartor/web/tiles-5-0463_Fåglasjösjön_626620-147773.dzi ... upload error (manifest): Invalid key: svar/zips/F_glasj_sj_n/626620-147773-kartor/web/tiles-5-0463_Fåglasjösjön_626620-147773.dzi
[707/4303] svar/zips/F_lgaren/640336-153652-kartor/web/tiles-1-0214_Fälgaren_640336-153652.dzi ... upload error (manifest): Invalid key: svar/zips/F_lgaren/640336-153652-kartor/web/tiles-1-0214_Fälgaren_640336-153652.dzi
[708/4303] svar/zips/F_lgaren/640336-153652-kartor/web/tiles-3-0744_Fälgaren_640336-153652.dzi ... upload error (manifest): Invalid key: svar/zips/F_lgaren/640336-153652-kartor/web/tiles-3-0744_Fälgaren_640336-153652.dzi
[709/4303] svar/zips/F_llesj_n/637439-140810-kartor/web/tiles-3-5243_Fällesjön_637439-140810.dzi ... upload error (manifest): Invalid key: svar/zips/F_llesj_n/637439-140810-kartor/web/tiles-3-5243_Fällesjön_637439-140810.dzi
[710/4303] svar/zips/F_ngen/638168-140554-kartor/web/tiles-5-0013_Fängen_638168-140554.dzi ... upload error (manifest): Invalid key: svar/zips/F_ngen/638168-140554-kartor/web/tiles-5-0013_Fängen_638168-140554.dzi
[711/4303] svar/zips/F_ngkalven/635782-131197-kartor/web/tiles-3-2257_Fängkalven_635782-131197.dzi ... upload error (manifest): Invalid key: svar/zips/F_ngkalven/635782-131197-kartor/web/tiles-3-2257_Fängkalven_635782-131197.dzi
[712/4303] svar/zips/F_ngshultag_len/637585-138635-kartor/web/tiles-3-5485_Fängshattagölen_637585-138635.dzi ... upload error (manifest): Invalid key: svar/zips/F_ngshultag_len/637585-138635-kartor/web/tiles-3-5485_Fängshattagölen_637585-138635.dzi
[713/4303] svar/zips/F_ngsj_/635637-131111-kartor/web/tiles-3-6437_Fängsjö_635637-131111.dzi ... upload error (manifest): Invalid key: svar/zips/F_ngsj_/635637-131111-kartor/web/tiles-3-6437_Fängsjö_635637-131111.dzi
[714/4303] svar/zips/F_nneslundasj_n/641711-134225-kartor/web/tiles-3-4876_Fänneslundasjön_641711-134225.dzi ... upload error (manifest): Invalid key: svar/zips/F_nneslundasj_n/641711-134225-kartor/web/tiles-3-4876_Fänneslundasjön_641711-134225.dzi
[715/4303] svar/zips/F_rasj_n/637477-136926-kartor/web/tiles-3-2509_Fårasjön_637477-136926.dzi ... upload error (manifest): Invalid key: svar/zips/F_rasj_n/637477-136926-kartor/web/tiles-3-2509_Fårasjön_637477-136926.dzi
[716/4303] svar/zips/F_rbosj_n/635988-153978-kartor/web/tiles-0-0115_Fårbosjön_635988-153978.dzi ... upload error (manifest): Invalid key: svar/zips/F_rbosj_n/635988-153978-kartor/web/tiles-0-0115_Fårbosjön_635988-153978.dzi
[717/4303] svar/zips/F_redasj_n/636929-145331-kartor/web/tiles-3-3940_Föredasjön_636929-145331.dzi ... upload error (manifest): Invalid key: svar/zips/F_redasj_n/636929-145331-kartor/web/tiles-3-3940_Föredasjön_636929-145331.dzi
[718/4303] svar/zips/F_resj_n/636668-141710-kartor/web/tiles-3-5609_Föresjön_636668-141710.dzi ... upload error (manifest): Invalid key: svar/zips/F_resj_n/636668-141710-kartor/web/tiles-3-5609_Föresjön_636668-141710.dzi
[719/4303] svar/zips/F_rgeg_l/634549-148850-kartor/web/tiles-5-0426_Färgegöl_634549-148850.dzi ... upload error (manifest): Invalid key: svar/zips/F_rgeg_l/634549-148850-kartor/web/tiles-5-0426_Färgegöl_634549-148850.dzi
[720/4303] svar/zips/F_rghultesj_n/634845-152127-kartor/web/tiles-2-0329_Färghultesjön_634845-152127.dzi ... upload error (manifest): Invalid key: svar/zips/F_rghultesj_n/634845-152127-kartor/web/tiles-2-0329_Färghultesjön_634845-152127.dzi
[721/4303] svar/zips/F_rgsj_n/635059-147779-kartor/web/tiles-3-2206_Färgsjön_635059-147779.dzi ... upload error (manifest): Invalid key: svar/zips/F_rgsj_n/635059-147779-kartor/web/tiles-3-2206_Färgsjön_635059-147779.dzi
[722/4303] svar/zips/F_rgsj_n/636985-149486-kartor/web/tiles-3-2312_Färgsjön_636985-149486.dzi ... upload error (manifest): Invalid key: svar/zips/F_rgsj_n/636985-149486-kartor/web/tiles-3-2312_Färgsjön_636985-149486.dzi
[723/4303] svar/zips/F_rhultasj_n/633426-142203-kartor/web/tiles-3-0796_Förhultasjön_633426-142203.dzi ... upload error (manifest): Invalid key: svar/zips/F_rhultasj_n/633426-142203-kartor/web/tiles-3-0796_Förhultasjön_633426-142203.dzi
[724/4303] svar/zips/F_rhultasj_n/633426-142203-kartor/web/tiles-3-0797_Förhultasjön_633426-142203.dzi ... upload error (manifest): Invalid key: svar/zips/F_rhultasj_n/633426-142203-kartor/web/tiles-3-0797_Förhultasjön_633426-142203.dzi
[725/4303] svar/zips/F_rhultasj_n/633426-142203-kartor/web/tiles-3-4683_Förhultasjön_633426-142203.dzi ... upload error (manifest): Invalid key: svar/zips/F_rhultasj_n/633426-142203-kartor/web/tiles-3-4683_Förhultasjön_633426-142203.dzi
[726/4303] svar/zips/F_rhultasj_n/633426-142203-kartor/web/tiles-3-6766_Förhultasjön_633426-142203.dzi ... upload error (manifest): Invalid key: svar/zips/F_rhultasj_n/633426-142203-kartor/web/tiles-3-6766_Förhultasjön_633426-142203.dzi
[727/4303] svar/zips/F_rl_ngen/627068-149377-kartor/web/tiles-5-0456_Förlången_627068-149377.dzi ... upload error (manifest): Invalid key: svar/zips/F_rl_ngen/627068-149377-kartor/web/tiles-5-0456_Förlången_627068-149377.dzi
[728/4303] svar/zips/F_rshultasj_n/635833-146571-kartor/web/tiles-3-3938_Förshultasjön_635833-146571.dzi ... upload error (manifest): Invalid key: svar/zips/F_rshultasj_n/635833-146571-kartor/web/tiles-3-3938_Förshultasjön_635833-146571.dzi
[729/4303] svar/zips/F_rsj_/633919-152479-kartor/web/tiles-3-2761_Försjö_633919-152479.dzi ... upload error (manifest): Invalid key: svar/zips/F_rsj_/633919-152479-kartor/web/tiles-3-2761_Försjö_633919-152479.dzi
[730/4303] svar/zips/F_rsj_n/634443-140484-kartor/web/tiles-3-6370b_Försjön_634443-140484.dzi ... upload error (manifest): Invalid key: svar/zips/F_rsj_n/634443-140484-kartor/web/tiles-3-6370b_Försjön_634443-140484.dzi
[731/4303] svar/zips/F_rsj_n/634443-140484-kartor/web/tiles-3-6370_Försjön_634443-140484.dzi ... upload error (manifest): Invalid key: svar/zips/F_rsj_n/634443-140484-kartor/web/tiles-3-6370_Försjön_634443-140484.dzi
[732/4303] svar/zips/F_rsj_n/636087-149105-kartor/web/tiles-3-3820_Försjön_636087-149105a.dzi ... upload error (manifest): Invalid key: svar/zips/F_rsj_n/636087-149105-kartor/web/tiles-3-3820_Försjön_636087-149105a.dzi
[733/4303] svar/zips/F_rsj_n/636087-149105-kartor/web/tiles-3-3820_Försjön_636087-149105b.dzi ... upload error (manifest): Invalid key: svar/zips/F_rsj_n/636087-149105-kartor/web/tiles-3-3820_Försjön_636087-149105b.dzi
[734/4303] svar/zips/F_rsj_n/636904-151593-kartor/web/tiles-3-3752_Försjön_636904-151593a.dzi ... upload error (manifest): Invalid key: svar/zips/F_rsj_n/636904-151593-kartor/web/tiles-3-3752_Försjön_636904-151593a.dzi
[735/4303] svar/zips/F_rsj_n/636904-151593-kartor/web/tiles-3-3752_Försjön_636904-151593b.dzi ... upload error (manifest): Invalid key: svar/zips/F_rsj_n/636904-151593-kartor/web/tiles-3-3752_Försjön_636904-151593b.dzi
[736/4303] svar/zips/F_rsj_n/639260-145910-kartor/web/tiles-3-0748b_Försjön_639260-145910b.dzi ... upload error (manifest): Invalid key: svar/zips/F_rsj_n/639260-145910-kartor/web/tiles-3-0748b_Försjön_639260-145910b.dzi
[737/4303] svar/zips/F_rsj_n/639260-145910-kartor/web/tiles-3-0748b_Försjön_639260-145910c.dzi ... upload error (manifest): Invalid key: svar/zips/F_rsj_n/639260-145910-kartor/web/tiles-3-0748b_Försjön_639260-145910c.dzi
[738/4303] svar/zips/F_rsj_n/639260-145910-kartor/web/tiles-3-0748b_Försjön_639260-145910d.dzi ... upload error (manifest): Invalid key: svar/zips/F_rsj_n/639260-145910-kartor/web/tiles-3-0748b_Försjön_639260-145910d.dzi
[739/4303] svar/zips/F_rsj_n/639260-145910-kartor/web/tiles-3-0748_Försjön_639260-145910.dzi ... upload error (manifest): Invalid key: svar/zips/F_rsj_n/639260-145910-kartor/web/tiles-3-0748_Försjön_639260-145910.dzi
[740/4303] svar/zips/F_rsj_n/639690-152763-kartor/web/tiles-3-3229_Försjön_639690-152763.dzi ... upload error (manifest): Invalid key: svar/zips/F_rsj_n/639690-152763-kartor/web/tiles-3-3229_Försjön_639690-152763.dzi
[741/4303] svar/zips/F_rsj_n/641603-144848-kartor/web/tiles-2-0937_Försjön_641603-144848.dzi ... upload error (manifest): Invalid key: svar/zips/F_rsj_n/641603-144848-kartor/web/tiles-2-0937_Försjön_641603-144848.dzi
[742/4303] svar/zips/F_rskesj_n/622492-150312-kartor/web/tiles-3-0759_Färskesjön_622492-150312.dzi ... upload error (manifest): Invalid key: svar/zips/F_rskesj_n/622492-150312-kartor/web/tiles-3-0759_Färskesjön_622492-150312.dzi
[743/4303] svar/zips/F_rskesj_n/622492-150312-kartor/web/tiles-3-2827_Färskesjön_622492-150312.dzi ... upload error (manifest): Invalid key: svar/zips/F_rskesj_n/622492-150312-kartor/web/tiles-3-2827_Färskesjön_622492-150312.dzi
[744/4303] svar/zips/F_sj_n/639970-129556-kartor/web/tiles-3-3971_Fäsjön_639970-129556.dzi ... upload error (manifest): Invalid key: svar/zips/F_sj_n/639970-129556-kartor/web/tiles-3-3971_Fäsjön_639970-129556.dzi
[745/4303] svar/zips/F_sj_n/651611-129474-kartor/web/tiles-3-1555_Fäsjön_651611-129474.dzi ... upload error (manifest): Invalid key: svar/zips/F_sj_n/651611-129474-kartor/web/tiles-3-1555_Fäsjön_651611-129474.dzi
[746/4303] svar/zips/F_vren/635900-130291-kartor/web/tiles-3-0881_Fävren_635900-130291.dzi ... upload error (manifest): Invalid key: svar/zips/F_vren/635900-130291-kartor/web/tiles-3-0881_Fävren_635900-130291.dzi
[747/4303] svar/zips/F_vren/635900-130291-kartor/web/tiles-3-2261_Fävren_635900-130291.dzi ... upload error (manifest): Invalid key: svar/zips/F_vren/635900-130291-kartor/web/tiles-3-2261_Fävren_635900-130291.dzi
[748/4303] svar/zips/Gallsj_n/625287-146553-kartor/web/tiles-3-5504_Gallsjön_625287-146553.dzi ... upload error (manifest): Invalid key: svar/zips/Gallsj_n/625287-146553-kartor/web/tiles-3-5504_Gallsjön_625287-146553.dzi
[749/4303] svar/zips/Gallsj_n/637939-152390-kartor/web/tiles-3-3710_Gallsjön_637939-152390.dzi ... upload error (manifest): Invalid key: svar/zips/Gallsj_n/637939-152390-kartor/web/tiles-3-3710_Gallsjön_637939-152390.dzi
[750/4303] svar/zips/Galtarydssj_n/635309-143359-kartor/web/tiles-3-5596_Galtarydssjön_635309-143359.dzi ... upload error (manifest): Invalid key: svar/zips/Galtarydssj_n/635309-143359-kartor/web/tiles-3-5596_Galtarydssjön_635309-143359.dzi
[751/4303] svar/zips/Galtasj_/635607-147333-kartor/web/tiles-3-3725_Galtasjön_635607-147333.dzi ... upload error (manifest): Invalid key: svar/zips/Galtasj_/635607-147333-kartor/web/tiles-3-3725_Galtasjön_635607-147333.dzi
[752/4303] svar/zips/Galtasj_n/630511-133196-kartor/web/tiles-3-5275_Galtasjön_630511-133196.dzi ... upload error (manifest): Invalid key: svar/zips/Galtasj_n/630511-133196-kartor/web/tiles-3-5275_Galtasjön_630511-133196.dzi
[753/4303] svar/zips/Galtsj_n/623251-146284-kartor/web/tiles-3-3408_Galtsjön_623251-146284.dzi ... upload error (manifest): Invalid key: svar/zips/Galtsj_n/623251-146284-kartor/web/tiles-3-3408_Galtsjön_623251-146284.dzi
[754/4303] svar/zips/Galtsj_n/656130-158213-kartor/web/tiles-3-3277_Galtsjön_656130-158213.dzi ... upload error (manifest): Invalid key: svar/zips/Galtsj_n/656130-158213-kartor/web/tiles-3-3277_Galtsjön_656130-158213.dzi
[755/4303] svar/zips/Gamlarydssj_n/634911-132097-kartor/web/tiles-3-5175_Gamlarydssjön_634911-132097a.dzi ... upload error (manifest): Invalid key: svar/zips/Gamlarydssj_n/634911-132097-kartor/web/tiles-3-5175_Gamlarydssjön_634911-132097a.dzi
[756/4303] svar/zips/Gamlarydssj_n/634911-132097-kartor/web/tiles-3-5175_Gamlarydssjön_634911-132097b.dzi ... upload error (manifest): Invalid key: svar/zips/Gamlarydssj_n/634911-132097-kartor/web/tiles-3-5175_Gamlarydssjön_634911-132097b.dzi
[757/4303] svar/zips/Gamlarydssj_n/634911-132097-kartor/web/tiles-3-5175_Gamlarydssjön_634911-132097c.dzi ... upload error (manifest): Invalid key: svar/zips/Gamlarydssj_n/634911-132097-kartor/web/tiles-3-5175_Gamlarydssjön_634911-132097c.dzi
[758/4303] svar/zips/Gamlarydssj_n/634911-132097-kartor/web/tiles-3-5175_Gamlarydssjön_634911-132097d.dzi ... upload error (manifest): Invalid key: svar/zips/Gamlarydssj_n/634911-132097-kartor/web/tiles-3-5175_Gamlarydssjön_634911-132097d.dzi
[759/4303] svar/zips/Gamlarydssj_n/634911-132097-kartor/web/tiles-3-5175_Gamlarydssjön_634911-132097e.dzi ... upload error (manifest): Invalid key: svar/zips/Gamlarydssj_n/634911-132097-kartor/web/tiles-3-5175_Gamlarydssjön_634911-132097e.dzi
[760/4303] svar/zips/Gassl_ngen/640019-132543-kartor/web/tiles-2-0379_Glasslången_640019-132543a.dzi ... upload error (manifest): Invalid key: svar/zips/Gassl_ngen/640019-132543-kartor/web/tiles-2-0379_Glasslången_640019-132543a.dzi
[761/4303] svar/zips/Gassl_ngen/640019-132543-kartor/web/tiles-2-0379_Glasslången_640019-132543b.dzi ... upload error (manifest): Invalid key: svar/zips/Gassl_ngen/640019-132543-kartor/web/tiles-2-0379_Glasslången_640019-132543b.dzi
[762/4303] svar/zips/Gassl_ngen/642679-131275-kartor/web/tiles-3-4846_Gasslången_642679-131275.dzi ... upload error (manifest): Invalid key: svar/zips/Gassl_ngen/642679-131275-kartor/web/tiles-3-4846_Gasslången_642679-131275.dzi
[763/4303] svar/zips/Gateg_len/626102-148377-kartor/web/tiles-3-2380_Gategölen_626102-148377.dzi ... upload error (manifest): Invalid key: svar/zips/Gateg_len/626102-148377-kartor/web/tiles-3-2380_Gategölen_626102-148377.dzi
[764/4303] svar/zips/Gatesj_n/642139-128492-kartor/web/tiles-3-4821_Gatesjön_642139-128492.dzi ... upload error (manifest): Invalid key: svar/zips/Gatesj_n/642139-128492-kartor/web/tiles-3-4821_Gatesjön_642139-128492.dzi
[765/4303] svar/zips/Gatsj_n/637514-152096-kartor/web/tiles-3-2868_Gatsjön_637514-152096.dzi ... upload error (manifest): Invalid key: svar/zips/Gatsj_n/637514-152096-kartor/web/tiles-3-2868_Gatsjön_637514-152096.dzi
[766/4303] svar/zips/Germunner_d_Vatten/648248-123939-kartor/web/tiles-3-4204_Germunnerödvatten_648248-123939.dzi ... upload error (manifest): Invalid key: svar/zips/Germunner_d_Vatten/648248-123939-kartor/web/tiles-3-4204_Germunnerödvatten_648248-123939.dzi
[767/4303] svar/zips/Gesebols_sj__-_S_rsj_/640340-131137-kartor/web/tiles-3-1988_Gesebols sjö_640340-131137.dzi ... upload error (manifest): Invalid key: svar/zips/Gesebols_sj__-_S_rsj_/640340-131137-kartor/web/tiles-3-1988_Gesebols sjö_640340-131137.dzi
[768/4303] svar/zips/Gesebols_sj__-_S_rsj_/640340-131137-kartor/web/tiles-3-6525_Gesebols sjö_640340-131137.dzi ... upload error (manifest): Invalid key: svar/zips/Gesebols_sj__-_S_rsj_/640340-131137-kartor/web/tiles-3-6525_Gesebols sjö_640340-131137.dzi
[769/4303] svar/zips/Getaren/656040-161753-kartor/web/tiles-3-5273_Getaren_656040-161753.dzi ... done • ETA ~ 6m 2s
[770/4303] svar/zips/Getaren/656040-161753-kartor/web/tiles-3-6614_Getaren_656040-161753.dzi ... done • ETA ~ 6m 2s
[771/4303] svar/zips/Getasj_n/628196-148557-kartor/web/tiles-2-0141_Getasjön_628196-148557.dzi ... upload error (manifest): Invalid key: svar/zips/Getasj_n/628196-148557-kartor/web/tiles-2-0141_Getasjön_628196-148557.dzi
[772/4303] svar/zips/Getbj_rnasj_n/633955-132428-kartor/web/tiles-3-5235_Getbjörnasjön_633955-132428a.dzi ... upload error (manifest): Invalid key: svar/zips/Getbj_rnasj_n/633955-132428-kartor/web/tiles-3-5235_Getbjörnasjön_633955-132428a.dzi
[773/4303] svar/zips/Getbj_rnasj_n/633955-132428-kartor/web/tiles-3-5235_Getbjörnasjön_633955-132428b.dzi ... upload error (manifest): Invalid key: svar/zips/Getbj_rnasj_n/633955-132428-kartor/web/tiles-3-5235_Getbjörnasjön_633955-132428b.dzi
[774/4303] svar/zips/Getbj_rnasj_n/633955-132428-kartor/web/tiles-3-5235_Getbjörnasjön_633955-132428c.dzi ... upload error (manifest): Invalid key: svar/zips/Getbj_rnasj_n/633955-132428-kartor/web/tiles-3-5235_Getbjörnasjön_633955-132428c.dzi
[775/4303] svar/zips/Getbj_rnasj_n/633955-132428-kartor/web/tiles-3-5235_Getbjörnasjön_633955-132428d.dzi ... upload error (manifest): Invalid key: svar/zips/Getbj_rnasj_n/633955-132428-kartor/web/tiles-3-5235_Getbjörnasjön_633955-132428d.dzi
[776/4303] svar/zips/Geten/649314-149514-kartor/web/tiles-3-5847_Geten_649314-149514.dzi ... done • ETA ~ 6m 2s
[777/4303] svar/zips/Getr_sen/626003-146711-kartor/web/tiles-3-2845_Getråsen_626003-146711.dzi ... upload error (manifest): Invalid key: svar/zips/Getr_sen/626003-146711-kartor/web/tiles-3-2845_Getråsen_626003-146711.dzi
[778/4303] svar/zips/Getsj_n/622953-146144-kartor/web/tiles-3-5458_Getsjön_622953-146144.dzi ... upload error (manifest): Invalid key: svar/zips/Getsj_n/622953-146144-kartor/web/tiles-3-5458_Getsjön_622953-146144.dzi
[779/4303] svar/zips/Getsj_n/626407-142157-kartor/web/tiles-2-0993_Getsjön_626407-142157.dzi ... upload error (manifest): Invalid key: svar/zips/Getsj_n/626407-142157-kartor/web/tiles-2-0993_Getsjön_626407-142157.dzi
[780/4303] svar/zips/Getterydssj_n/636486-141694-kartor/web/tiles-3-4156_Gettersrydssjön_636486-141694.dzi ... upload error (manifest): Invalid key: svar/zips/Getterydssj_n/636486-141694-kartor/web/tiles-3-4156_Gettersrydssjön_636486-141694.dzi
[781/4303] svar/zips/Gettrabosj_n/638980-139035-kartor/web/tiles-3-6302_Gettrabosjön_638980-139035.dzi ... upload error (manifest): Invalid key: svar/zips/Gettrabosj_n/638980-139035-kartor/web/tiles-3-6302_Gettrabosjön_638980-139035.dzi
[782/4303] svar/zips/Gibbarpasj_n/637836-141834-kartor/web/tiles-3-4027_Gibbarpasjön_637836-141834.dzi ... upload error (manifest): Invalid key: svar/zips/Gibbarpasj_n/637836-141834-kartor/web/tiles-3-4027_Gibbarpasjön_637836-141834.dzi
[783/4303] svar/zips/Gillen/637733-151609-kartor/web/tiles-3-2867_Gillen_637733-151609.dzi ... done • ETA ~ 6m 1s
[784/4303] svar/zips/Gingsj_n/639332-129882-kartor/web/tiles-3-3977_Gingsjön_639332-129882.dzi ... upload error (manifest): Invalid key: svar/zips/Gingsj_n/639332-129882-kartor/web/tiles-3-3977_Gingsjön_639332-129882.dzi
[785/4303] svar/zips/Gisasj_n/623858-149700-kartor/web/tiles-3-5312_Gisasjön_623858-149700.dzi ... upload error (manifest): Invalid key: svar/zips/Gisasj_n/623858-149700-kartor/web/tiles-3-5312_Gisasjön_623858-149700.dzi
[786/4303] svar/zips/Gissen/638315-150078-kartor/web/tiles-2-0355_Gissen_638315-150078.dzi ... done • ETA ~ 6m 1s
[787/4303] svar/zips/Gisshultasj_n/638890-143910-kartor/web/tiles-3-2442_Gisshultasjön_638890-143910.dzi ... upload error (manifest): Invalid key: svar/zips/Gisshultasj_n/638890-143910-kartor/web/tiles-3-2442_Gisshultasjön_638890-143910.dzi
[788/4303] svar/zips/Gissj_n/637897-153261-kartor/web/tiles-3-1939a_Gissjön_637897-153261.dzi ... upload error (manifest): Invalid key: svar/zips/Gissj_n/637897-153261-kartor/web/tiles-3-1939a_Gissjön_637897-153261.dzi
[789/4303] svar/zips/Gissj_n/637897-153261-kartor/web/tiles-3-1939b_Gissjön_637897-153261.dzi ... upload error (manifest): Invalid key: svar/zips/Gissj_n/637897-153261-kartor/web/tiles-3-1939b_Gissjön_637897-153261.dzi
[790/4303] svar/zips/Gissj_n/637897-153261-kartor/web/tiles-3-1939c_Gissjön_637897-153261.dzi ... upload error (manifest): Invalid key: svar/zips/Gissj_n/637897-153261-kartor/web/tiles-3-1939c_Gissjön_637897-153261.dzi
[791/4303] svar/zips/Gissmunden/634939-143150-kartor/web/tiles-3-5666_Gissmunden_634939-143150.dzi ... done • ETA ~ 6m 0s
[792/4303] svar/zips/Glan/649686-151617-kartor/web/tiles-0-0061_Glan_649686-151617a.dzi ... done • ETA ~ 6m 1s
[793/4303] svar/zips/Glan/649686-151617-kartor/web/tiles-0-0061_Glan_649686-151617b.dzi ... done • ETA ~ 6m 1s
[794/4303] svar/zips/Glan/649686-151617-kartor/web/tiles-2-0131_Glan_649686-151617.dzi ... done • ETA ~ 6m 1s
[795/4303] svar/zips/Glan/649686-151617-kartor/web/tiles-3-0719_Glan_649686-151617.dzi ... done • ETA ~ 6m 1s
[796/4303] svar/zips/Glassj_n/630917-134036-kartor/web/tiles-2-0651_Glassjön_630917-134036a.dzi ... upload error (manifest): Invalid key: svar/zips/Glassj_n/630917-134036-kartor/web/tiles-2-0651_Glassjön_630917-134036a.dzi
[797/4303] svar/zips/Glassj_n/630917-134036-kartor/web/tiles-2-0651_Glassjön_630917-134036b.dzi ... upload error (manifest): Invalid key: svar/zips/Glassj_n/630917-134036-kartor/web/tiles-2-0651_Glassjön_630917-134036b.dzi
[798/4303] svar/zips/Glimmingen/642122-148744-kartor/web/tiles-3-6492_Glimmingen_642122-148744.dzi ... done • ETA ~ 6m 1s
[799/4303] svar/zips/Glimmingen/642122-148744-kartor/web/tiles-5-0983_Glimmingen_642122-148744.dzi ... done • ETA ~ 6m 1s
[800/4303] svar/zips/Glimmingesj_n/625412-146831-kartor/web/tiles-3-2799_Glimmingesjön_625412-146831.dzi ... upload error (manifest): Invalid key: svar/zips/Glimmingesj_n/625412-146831-kartor/web/tiles-3-2799_Glimmingesjön_625412-146831.dzi
[801/4303] svar/zips/Glottrasj_n/653899-147535-kartor/web/tiles-3-4566_Glottrasjön_653899-147535a.dzi ... upload error (manifest): Invalid key: svar/zips/Glottrasj_n/653899-147535-kartor/web/tiles-3-4566_Glottrasjön_653899-147535a.dzi
[802/4303] svar/zips/Glottrasj_n/653899-147535-kartor/web/tiles-3-4566_Glottrasjön_653899-147535b.dzi ... upload error (manifest): Invalid key: svar/zips/Glottrasj_n/653899-147535-kartor/web/tiles-3-4566_Glottrasjön_653899-147535b.dzi
[803/4303] svar/zips/Gl_nninge_Sj_/626700-133050-kartor/web/tiles-2-0180c_Glänninge sjö_626700-133050.dzi ... upload error (manifest): Invalid key: svar/zips/Gl_nninge_Sj_/626700-133050-kartor/web/tiles-2-0180c_Glänninge sjö_626700-133050.dzi
[804/4303] svar/zips/Gl_nninge_Sj_/626700-133050-kartor/web/tiles-2-0180d_Glänninge sjö_626700-133050.dzi ... upload error (manifest): Invalid key: svar/zips/Gl_nninge_Sj_/626700-133050-kartor/web/tiles-2-0180d_Glänninge sjö_626700-133050.dzi
[805/4303] svar/zips/Gl_nninge_Sj_/626700-133050-kartor/web/tiles-2-0180e_Glänninge sjö_626700-133050.dzi ... upload error (manifest): Invalid key: svar/zips/Gl_nninge_Sj_/626700-133050-kartor/web/tiles-2-0180e_Glänninge sjö_626700-133050.dzi
[806/4303] svar/zips/Gn_stasj_n/639699-147760-kartor/web/tiles-3-3627_Gnöstasjön_639699-147760.dzi ... upload error (manifest): Invalid key: svar/zips/Gn_stasj_n/639699-147760-kartor/web/tiles-3-3627_Gnöstasjön_639699-147760.dzi
[807/4303] svar/zips/Gn_tteln/637521-150480-kartor/web/tiles-3-2373_Gnötteln_637521-150480.dzi ... upload error (manifest): Invalid key: svar/zips/Gn_tteln/637521-150480-kartor/web/tiles-3-2373_Gnötteln_637521-150480.dzi
[808/4303] svar/zips/Granarpssj_n/639338-140069-kartor/web/tiles-3-6459_Granarpssjön_639338-140069.dzi ... upload error (manifest): Invalid key: svar/zips/Granarpssj_n/639338-140069-kartor/web/tiles-3-6459_Granarpssjön_639338-140069.dzi
[809/4303] svar/zips/Grandalssj_n/643787-129726-kartor/web/tiles-3-4831_Grandalssjön_643787-129726.dzi ... upload error (manifest): Invalid key: svar/zips/Grandalssj_n/643787-129726-kartor/web/tiles-3-4831_Grandalssjön_643787-129726.dzi
[810/4303] svar/zips/Grann/654007-128871-kartor/web/tiles-3-1119_Grann_654007-128871.dzi ... done • ETA ~ 5m 59s
[811/4303] svar/zips/Granshultasj_n/634403-145522-kartor/web/tiles-3-3727_Granhultasjön_634403-145522.dzi ... upload error (manifest): Invalid key: svar/zips/Granshultasj_n/634403-145522-kartor/web/tiles-3-3727_Granhultasjön_634403-145522.dzi
[812/4303] svar/zips/Gransj_n/632830-135914-kartor/web/tiles-3-6540_Gransjön_632830-135914.dzi ... upload error (manifest): Invalid key: svar/zips/Gransj_n/632830-135914-kartor/web/tiles-3-6540_Gransjön_632830-135914.dzi
[813/4303] svar/zips/Gransj_n/635096-145074-kartor/web/tiles-3-2982_Gransjön_635096-145074.dzi ... upload error (manifest): Invalid key: svar/zips/Gransj_n/635096-145074-kartor/web/tiles-3-2982_Gransjön_635096-145074.dzi
[814/4303] svar/zips/Gransj_n/635352-135636-kartor/web/tiles-3-2076_Gransjön_635352-135636.dzi ... upload error (manifest): Invalid key: svar/zips/Gransj_n/635352-135636-kartor/web/tiles-3-2076_Gransjön_635352-135636.dzi
[815/4303] svar/zips/Gransj_n/645366-144049-kartor/web/tiles-3-3680_Gransjön_645366-144049.dzi ... upload error (manifest): Invalid key: svar/zips/Gransj_n/645366-144049-kartor/web/tiles-3-3680_Gransjön_645366-144049.dzi
[816/4303] svar/zips/Gransj_n/656523-131669-kartor/web/tiles-3-1280_Gransjön_656523-131669.dzi ... upload error (manifest): Invalid key: svar/zips/Gransj_n/656523-131669-kartor/web/tiles-3-1280_Gransjön_656523-131669.dzi
[817/4303] svar/zips/Gransj_sj_n/629048-148894-kartor/web/tiles-5-0468_Gransjösjön_629048-148894.dzi ... upload error (manifest): Invalid key: svar/zips/Gransj_sj_n/629048-148894-kartor/web/tiles-5-0468_Gransjösjön_629048-148894.dzi
[818/4303] svar/zips/Granvattnet/645147-126896-kartor/web/tiles-3-4193_Granvattnet_645147-126896.dzi ... done • ETA ~ 5m 58s
[819/4303] svar/zips/Granvattnet/646293-126302-kartor/web/tiles-3-4199_Granvattnet_646293-126302.dzi ... done • ETA ~ 5m 58s
[820/4303] svar/zips/Gravdalssj_n/656749-127081-kartor/web/tiles-3-4804_Gravdalssjön_656749-127081.dzi ... upload error (manifest): Invalid key: svar/zips/Gravdalssj_n/656749-127081-kartor/web/tiles-3-4804_Gravdalssjön_656749-127081.dzi
[821/4303] svar/zips/Gravl_ngen/645390-129014-kartor/web/tiles-0-0144_Gravlången_645390-129014.dzi ... upload error (manifest): Invalid key: svar/zips/Gravl_ngen/645390-129014-kartor/web/tiles-0-0144_Gravlången_645390-129014.dzi
[822/4303] svar/zips/Gravl_ngen/645390-129014-kartor/web/tiles-3-0961_Gravlången_645390-129014.dzi ... upload error (manifest): Invalid key: svar/zips/Gravl_ngen/645390-129014-kartor/web/tiles-3-0961_Gravlången_645390-129014.dzi
[823/4303] svar/zips/Gravsj_n/636192-133754-kartor/web/tiles-3-0876_Gravsjön_636192-133754.dzi ... upload error (manifest): Invalid key: svar/zips/Gravsj_n/636192-133754-kartor/web/tiles-3-0876_Gravsjön_636192-133754.dzi
[824/4303] svar/zips/Gravsj_n/639427-128332-kartor/web/tiles-3-1731_Gravsjön_639427-128332.dzi ... upload error (manifest): Invalid key: svar/zips/Gravsj_n/639427-128332-kartor/web/tiles-3-1731_Gravsjön_639427-128332.dzi
[825/4303] svar/zips/Grimmansm_lasj_n/627950-148617-kartor/web/tiles-2-0141_Grimmansmålasjön_627950-148617.dzi ... upload error (manifest): Invalid key: svar/zips/Grimmansm_lasj_n/627950-148617-kartor/web/tiles-2-0141_Grimmansmålasjön_627950-148617.dzi
[826/4303] svar/zips/Grimsg_len/625821-147338-kartor/web/tiles-3-5562_Grimsgölen_625821-147338.dzi ... upload error (manifest): Invalid key: svar/zips/Grimsg_len/625821-147338-kartor/web/tiles-3-5562_Grimsgölen_625821-147338.dzi
[827/4303] svar/zips/Grimsj_n/633605-129757-kartor/web/tiles-3-2245_Grimsjön_633605-129757.dzi ... upload error (manifest): Invalid key: svar/zips/Grimsj_n/633605-129757-kartor/web/tiles-3-2245_Grimsjön_633605-129757.dzi
[828/4303] svar/zips/Grimsj_n/636392-141529-kartor/web/tiles-3-5519_Grimsjön_636392-141529.dzi ... upload error (manifest): Invalid key: svar/zips/Grimsj_n/636392-141529-kartor/web/tiles-3-5519_Grimsjön_636392-141529.dzi
[829/4303] svar/zips/Grim_sesj_n/649823-126587-kartor/web/tiles-3-2561_Grimåsesjön_649823-126587.dzi ... upload error (manifest): Invalid key: svar/zips/Grim_sesj_n/649823-126587-kartor/web/tiles-3-2561_Grimåsesjön_649823-126587.dzi
[830/4303] svar/zips/Grind/647525-128127-kartor/web/tiles-3-1586_Grind_647525-128127.dzi ... done • ETA ~ 5m 57s
[831/4303] svar/zips/Grind/647525-128127-kartor/web/tiles-3-4679_Grind_647525-128127.dzi ... done • ETA ~ 5m 57s
[832/4303] svar/zips/Grindeln/638768-151356-kartor/web/tiles-2-0354_Grindeln_638768-151356.dzi ... done • ETA ~ 5m 57s
[833/4303] svar/zips/Grindsbyvattnet/646387-126157-kartor/web/tiles-3-4249_Grindsbyvattnet_646387-126157.dzi ... done • ETA ~ 5m 57s
[834/4303] svar/zips/Grindsj_n/655284-161919-kartor/web/tiles-1-0178_Grindsjön_655284-161919.dzi ... upload error (manifest): Invalid key: svar/zips/Grindsj_n/655284-161919-kartor/web/tiles-1-0178_Grindsjön_655284-161919.dzi
[835/4303] svar/zips/Grinner_dssj_n/645740-127586-kartor/web/tiles-3-1085_Grinnerödssjön_645740-127586.dzi ... upload error (manifest): Invalid key: svar/zips/Grinner_dssj_n/645740-127586-kartor/web/tiles-3-1085_Grinnerödssjön_645740-127586.dzi
[836/4303] svar/zips/Grinner_dssj_n/645740-127586-kartor/web/tiles-3-3460_Grinnerödssjön_645740-127586.dzi ... upload error (manifest): Invalid key: svar/zips/Grinner_dssj_n/645740-127586-kartor/web/tiles-3-3460_Grinnerödssjön_645740-127586.dzi
[837/4303] svar/zips/Grissj_n/651578-146163-kartor/web/tiles-5-0984_Grissjön_651578-146163.dzi ... upload error (manifest): Invalid key: svar/zips/Grissj_n/651578-146163-kartor/web/tiles-5-0984_Grissjön_651578-146163.dzi
[838/4303] svar/zips/Grosj_n/636317-140191-kartor/web/tiles-3-5406_Grosjön_636317-140191.dzi ... upload error (manifest): Invalid key: svar/zips/Grosj_n/636317-140191-kartor/web/tiles-3-5406_Grosjön_636317-140191.dzi
[839/4303] svar/zips/Grosj_n/643215-128672-kartor/web/tiles-3-0972_Grosjön_643215-128672.dzi ... upload error (manifest): Invalid key: svar/zips/Grosj_n/643215-128672-kartor/web/tiles-3-0972_Grosjön_643215-128672.dzi
[840/4303] svar/zips/Grosken/642238-134651-kartor/web/tiles-3-4782_Grosken_642238-134651.dzi ... done • ETA ~ 5m 56s
[841/4303] svar/zips/Grumlan/636394-145583-kartor/web/tiles-2-0149_Grumlan_636394-145583.dzi ... done • ETA ~ 5m 57s
[842/4303] svar/zips/Grumlan/636394-145583-kartor/web/tiles-3-3328_Grumlan_636394-145583.dzi ... done • ETA ~ 5m 58s
[843/4303] svar/zips/Grundasj_/639410-131477-kartor/web/tiles-3-5862_Grundasjö_639410-131477.dzi ... upload error (manifest): Invalid key: svar/zips/Grundasj_/639410-131477-kartor/web/tiles-3-5862_Grundasjö_639410-131477.dzi
[844/4303] svar/zips/Grundasj_n/639806-129563-kartor/web/tiles-3-0910_Grundasjön_639806-129563.dzi ... upload error (manifest): Invalid key: svar/zips/Grundasj_n/639806-129563-kartor/web/tiles-3-0910_Grundasjön_639806-129563.dzi
[845/4303] svar/zips/Grundevatten/651365-124602-kartor/web/tiles-3-2617_Grundevatten_651365-124602.dzi ... done • ETA ~ 5m 58s
[846/4303] svar/zips/Grundsj_n/641924-134708-kartor/web/tiles-3-4766_Grundsjön_641924-134708.dzi ... upload error (manifest): Invalid key: svar/zips/Grundsj_n/641924-134708-kartor/web/tiles-3-4766_Grundsjön_641924-134708.dzi
[847/4303] svar/zips/Grundsj_n/655381-128011-kartor/web/tiles-2-0227_Grundsjön_655381-128011.dzi ... upload error (manifest): Invalid key: svar/zips/Grundsj_n/655381-128011-kartor/web/tiles-2-0227_Grundsjön_655381-128011.dzi
[848/4303] svar/zips/Grunnasj_/639729-132024-kartor/web/tiles-3-5583_Grunnasjö_639729-132024.dzi ... upload error (manifest): Invalid key: svar/zips/Grunnasj_/639729-132024-kartor/web/tiles-3-5583_Grunnasjö_639729-132024.dzi
[849/4303] svar/zips/Grunnasj_n/639130-129208-kartor/web/tiles-3-1838_Grunnasjön_639130-129208.dzi ... upload error (manifest): Invalid key: svar/zips/Grunnasj_n/639130-129208-kartor/web/tiles-3-1838_Grunnasjön_639130-129208.dzi
[850/4303] svar/zips/Grunnebosj_n/652402-126387-kartor/web/tiles-3-1744_Grunnebosjön_652402-126387.dzi ... upload error (manifest): Invalid key: svar/zips/Grunnebosj_n/652402-126387-kartor/web/tiles-3-1744_Grunnebosjön_652402-126387.dzi
[851/4303] svar/zips/Grunnebosj_n/652402-126387-kartor/web/tiles-3-1998_Grunnebosjön_652402-126387b.dzi ... upload error (manifest): Invalid key: svar/zips/Grunnebosj_n/652402-126387-kartor/web/tiles-3-1998_Grunnebosjön_652402-126387b.dzi
[852/4303] svar/zips/Grunnen/633701-141543-kartor/web/tiles-2-0579_Grunnen_633701-141543.dzi ... done • ETA ~ 5m 57s
[853/4303] svar/zips/Grunnen/633701-141543-kartor/web/tiles-5-0016_Grunnen_633701-141543.dzi ... done • ETA ~ 5m 57s
[854/4303] svar/zips/Grysj_n/636289-134951-kartor/web/tiles-3-4856_Grysjön_636289-134951.dzi ... upload error (manifest): Invalid key: svar/zips/Grysj_n/636289-134951-kartor/web/tiles-3-4856_Grysjön_636289-134951.dzi
[855/4303] svar/zips/Grysj_n/636289-134951-kartor/web/tiles-3-6553_Grysjön_636289-134951.dzi ... upload error (manifest): Invalid key: svar/zips/Grysj_n/636289-134951-kartor/web/tiles-3-6553_Grysjön_636289-134951.dzi
[856/4303] svar/zips/Grysshultasj_/627530-136127-kartor/web/tiles-3-1584_Grysshultasjö_627530-136127.dzi ... upload error (manifest): Invalid key: svar/zips/Grysshultasj_/627530-136127-kartor/web/tiles-3-1584_Grysshultasjö_627530-136127.dzi
[857/4303] svar/zips/Gryten/651684-150699-kartor/web/tiles-3-2770_Gryten_651684-150699.dzi ... done • ETA ~ 5m 57s
[858/4303] svar/zips/Gryten/651684-150699-kartor/web/tiles-3-2899_Gryten_651684-150699.dzi ... done • ETA ~ 5m 57s
[859/4303] svar/zips/Grytesj_n/634700-147899-kartor/web/tiles-3-2504_Grytesjön_634700-147899.dzi ... upload error (manifest): Invalid key: svar/zips/Grytesj_n/634700-147899-kartor/web/tiles-3-2504_Grytesjön_634700-147899.dzi
[860/4303] svar/zips/Grytesj_n/634700-147899-kartor/web/tiles-3-3329_Grytesjön_634700-147899.dzi ... upload error (manifest): Invalid key: svar/zips/Grytesj_n/634700-147899-kartor/web/tiles-3-3329_Grytesjön_634700-147899.dzi
[861/4303] svar/zips/Grytsj_n/632710-150042-kartor/web/tiles-3-2368_Grytsjön_632710-150042a.dzi ... upload error (manifest): Invalid key: svar/zips/Grytsj_n/632710-150042-kartor/web/tiles-3-2368_Grytsjön_632710-150042a.dzi
[862/4303] svar/zips/Grytsj_n/632710-150042-kartor/web/tiles-3-2368_Grytsjön_632710-150042b.dzi ... upload error (manifest): Invalid key: svar/zips/Grytsj_n/632710-150042-kartor/web/tiles-3-2368_Grytsjön_632710-150042b.dzi
[863/4303] svar/zips/Grytsj_n/632710-150042-kartor/web/tiles-5-0443a_Grytsjön_632710-150042.dzi ... upload error (manifest): Invalid key: svar/zips/Grytsj_n/632710-150042-kartor/web/tiles-5-0443a_Grytsjön_632710-150042.dzi
[864/4303] svar/zips/Grytsj_n/632710-150042-kartor/web/tiles-5-0443b_Grytsjön_632710-150042.dzi ... upload error (manifest): Invalid key: svar/zips/Grytsj_n/632710-150042-kartor/web/tiles-5-0443b_Grytsjön_632710-150042.dzi
[865/4303] svar/zips/Grytsj_n/633510-130096-kartor/web/tiles-3-2832_Grytsjön_633510-130096.dzi ... upload error (manifest): Invalid key: svar/zips/Grytsj_n/633510-130096-kartor/web/tiles-3-2832_Grytsjön_633510-130096.dzi
[866/4303] svar/zips/Grytsj_n/634428-146744-kartor/web/tiles-3-2959_Grytsjön_634428-146744.dzi ... upload error (manifest): Invalid key: svar/zips/Grytsj_n/634428-146744-kartor/web/tiles-3-2959_Grytsjön_634428-146744.dzi
[867/4303] svar/zips/Grytsj_n/635263-151591-kartor/web/tiles-1-0225_Grytsjön_635263-151591.dzi ... upload error (manifest): Invalid key: svar/zips/Grytsj_n/635263-151591-kartor/web/tiles-1-0225_Grytsjön_635263-151591.dzi
[868/4303] svar/zips/Grytsj_n/637621-152184-kartor/web/tiles-3-3603_Grytsjön_637621-152184.dzi ... upload error (manifest): Invalid key: svar/zips/Grytsj_n/637621-152184-kartor/web/tiles-3-3603_Grytsjön_637621-152184.dzi
[869/4303] svar/zips/Grytsj_n/652729-143310-kartor/web/tiles-3-4039_Grytsjön_652729-143310a.dzi ... upload error (manifest): Invalid key: svar/zips/Grytsj_n/652729-143310-kartor/web/tiles-3-4039_Grytsjön_652729-143310a.dzi
[870/4303] svar/zips/Grytsj_n/652729-143310-kartor/web/tiles-3-4039_Grytsjön_652729-143310b.dzi ... upload error (manifest): Invalid key: svar/zips/Grytsj_n/652729-143310-kartor/web/tiles-3-4039_Grytsjön_652729-143310b.dzi
[871/4303] svar/zips/Grytteredssj_n/638486-135731-kartor/web/tiles-3-4857_Grytteredssjön_638486-135731.dzi ... upload error (manifest): Invalid key: svar/zips/Grytteredssj_n/638486-135731-kartor/web/tiles-3-4857_Grytteredssjön_638486-135731.dzi
[872/4303] svar/zips/Gr_navatten/643255-129741-kartor/web/tiles-3-0959_Grönavatten_643255-129741.dzi ... upload error (manifest): Invalid key: svar/zips/Gr_navatten/643255-129741-kartor/web/tiles-3-0959_Grönavatten_643255-129741.dzi
[873/4303] svar/zips/Gr_ng_len/624804-147192-kartor/web/tiles-3-2854_Gröngölen_624804-147192.dzi ... upload error (manifest): Invalid key: svar/zips/Gr_ng_len/624804-147192-kartor/web/tiles-3-2854_Gröngölen_624804-147192.dzi
[874/4303] svar/zips/Gr_nshultesj_/637448-128917-kartor/web/tiles-3-0893_Gränshultesjö_637448-128917.dzi ... upload error (manifest): Invalid key: svar/zips/Gr_nshultesj_/637448-128917-kartor/web/tiles-3-0893_Gränshultesjö_637448-128917.dzi
[875/4303] svar/zips/Gr_nskogssj_n/633734-153401-kartor/web/tiles-3-2763_Grönskogssjön_633734-153401.dzi ... upload error (manifest): Invalid key: svar/zips/Gr_nskogssj_n/633734-153401-kartor/web/tiles-3-2763_Grönskogssjön_633734-153401.dzi
[876/4303] svar/zips/Gr_sj_n/622278-135990-kartor/web/tiles-3-5809a_Grösjön_622305-135958.dzi ... upload error (manifest): Invalid key: svar/zips/Gr_sj_n/622278-135990-kartor/web/tiles-3-5809a_Grösjön_622305-135958.dzi
[877/4303] svar/zips/Gr_sj_n/622278-135990-kartor/web/tiles-3-5809b_Grösjön_622305-135958.dzi ... upload error (manifest): Invalid key: svar/zips/Gr_sj_n/622278-135990-kartor/web/tiles-3-5809b_Grösjön_622305-135958.dzi
[878/4303] svar/zips/Gr_sj_n/622278-135990-kartor/web/tiles-3-6581_Grösjön_622278-135990.dzi ... upload error (manifest): Invalid key: svar/zips/Gr_sj_n/622278-135990-kartor/web/tiles-3-6581_Grösjön_622278-135990.dzi
[879/4303] svar/zips/Gr_sken/635649-134713-kartor/web/tiles-3-4858_Gräsken_635649-134713a.dzi ... upload error (manifest): Invalid key: svar/zips/Gr_sken/635649-134713-kartor/web/tiles-3-4858_Gräsken_635649-134713a.dzi
[880/4303] svar/zips/Gr_sken/635649-134713-kartor/web/tiles-3-4858_Gräsken_635649-134713b.dzi ... upload error (manifest): Invalid key: svar/zips/Gr_sken/635649-134713-kartor/web/tiles-3-4858_Gräsken_635649-134713b.dzi
[881/4303] svar/zips/Gr_sken/635649-134713-kartor/web/tiles-3-6531_Gräsken_635649-134713.dzi ... upload error (manifest): Invalid key: svar/zips/Gr_sken/635649-134713-kartor/web/tiles-3-6531_Gräsken_635649-134713.dzi
[882/4303] svar/zips/Gr_ssj_n/652739-143009-kartor/web/tiles-5-0110_Grässjön_652739-143009.dzi ... upload error (manifest): Invalid key: svar/zips/Gr_ssj_n/652739-143009-kartor/web/tiles-5-0110_Grässjön_652739-143009.dzi
[883/4303] svar/zips/Gr_s_g_l/638094-138949-kartor/web/tiles-3-4288_Gräsögöl_638094-138949.dzi ... upload error (manifest): Invalid key: svar/zips/Gr_s_g_l/638094-138949-kartor/web/tiles-3-4288_Gräsögöl_638094-138949.dzi
[884/4303] svar/zips/Gr_tsj_n/626150-135186-kartor/web/tiles-3-3038_Grötsjön_626150-135186.dzi ... upload error (manifest): Invalid key: svar/zips/Gr_tsj_n/626150-135186-kartor/web/tiles-3-3038_Grötsjön_626150-135186.dzi
[885/4303] svar/zips/Gr_tsj_n/626150-135186-kartor/web/tiles-3-6382_Grötsjön_626150-135186.dzi ... upload error (manifest): Invalid key: svar/zips/Gr_tsj_n/626150-135186-kartor/web/tiles-3-6382_Grötsjön_626150-135186.dzi
[886/4303] svar/zips/Gr_vstasj_n/654650-159553-kartor/web/tiles-3-2186_Grävstasjön_654650-159553.dzi ... upload error (manifest): Invalid key: svar/zips/Gr_vstasj_n/654650-159553-kartor/web/tiles-3-2186_Grävstasjön_654650-159553.dzi
[887/4303] svar/zips/Gudmundaredssj_n/635491-130912-kartor/web/tiles-3-2240_Gudmundaredssjön_635491-130912.dzi ... upload error (manifest): Invalid key: svar/zips/Gudmundaredssj_n/635491-130912-kartor/web/tiles-3-2240_Gudmundaredssjön_635491-130912.dzi
[888/4303] svar/zips/Gummeg_l/632665-150664-kartor/web/tiles-5-0438_Gummegöl_632665-150664.dzi ... upload error (manifest): Invalid key: svar/zips/Gummeg_l/632665-150664-kartor/web/tiles-5-0438_Gummegöl_632665-150664.dzi
[889/4303] svar/zips/Gundlebosj_n/647546-128638-kartor/web/tiles-3-1547_Gundlebosjön_647546-128638.dzi ... upload error (manifest): Invalid key: svar/zips/Gundlebosj_n/647546-128638-kartor/web/tiles-3-1547_Gundlebosjön_647546-128638.dzi
[890/4303] svar/zips/Gunnahemssj_n/639673-138333-kartor/web/tiles-3-5729_Gunnahemssjön_639673-138333.dzi ... upload error (manifest): Invalid key: svar/zips/Gunnahemssj_n/639673-138333-kartor/web/tiles-3-5729_Gunnahemssjön_639673-138333.dzi
[891/4303] svar/zips/Gunnen/634061-138663-kartor/web/tiles-2-1056_Gunnen_634061-138663.dzi ... done • ETA ~ 5m 53s
[892/4303] svar/zips/Gunnen/634061-138663-kartor/web/tiles-3-1815_Gunnen_634061-138663.dzi ... done • ETA ~ 5m 53s
[893/4303] svar/zips/Gunner_d_Vatten/647768-125978-kartor/web/tiles-3-3496_Gunneröd vatten_647768-125978.dzi ... upload error (manifest): Invalid key: svar/zips/Gunner_d_Vatten/647768-125978-kartor/web/tiles-3-3496_Gunneröd vatten_647768-125978.dzi
[894/4303] svar/zips/Gunng_l/627644-149346-kartor/web/tiles-5-0477_Gunngöl_627644-149346.dzi ... upload error (manifest): Invalid key: svar/zips/Gunng_l/627644-149346-kartor/web/tiles-5-0477_Gunngöl_627644-149346.dzi
[895/4303] svar/zips/Gunserydssj_n/625995-147841-kartor/web/tiles-3-5558_Gunserydssjön_625995-147841.dzi ... upload error (manifest): Invalid key: svar/zips/Gunserydssj_n/625995-147841-kartor/web/tiles-3-5558_Gunserydssjön_625995-147841.dzi
[896/4303] svar/zips/Guntasj_n/633192-138237-kartor/web/tiles-3-6280_Guntasjön_633192-138237.dzi ... upload error (manifest): Invalid key: svar/zips/Guntasj_n/633192-138237-kartor/web/tiles-3-6280_Guntasjön_633192-138237.dzi
[897/4303] svar/zips/Gutsj_n/636332-153153-kartor/web/tiles-2-0339_Gutsjön_636332-153153.dzi ... upload error (manifest): Invalid key: svar/zips/Gutsj_n/636332-153153-kartor/web/tiles-2-0339_Gutsjön_636332-153153.dzi
[898/4303] svar/zips/Gyltigesj_n/629489-133906-kartor/web/tiles-3-5318a_Gyltigesjön_629489-133906.dzi ... upload error (manifest): Invalid key: svar/zips/Gyltigesj_n/629489-133906-kartor/web/tiles-3-5318a_Gyltigesjön_629489-133906.dzi
[899/4303] svar/zips/Gyltigesj_n/629489-133906-kartor/web/tiles-3-5318b_Gyltigesjön_629489-133906.dzi ... upload error (manifest): Invalid key: svar/zips/Gyltigesj_n/629489-133906-kartor/web/tiles-3-5318b_Gyltigesjön_629489-133906.dzi
[900/4303] svar/zips/Gyltigesj_n/629489-133906-kartor/web/tiles-3-6342_Gyltigesjön_629489-133906.dzi ... upload error (manifest): Invalid key: svar/zips/Gyltigesj_n/629489-133906-kartor/web/tiles-3-6342_Gyltigesjön_629489-133906.dzi
[901/4303] svar/zips/Gysj_n/636381-140925-kartor/web/tiles-3-2435_Gysjön_636381-140925.dzi ... upload error (manifest): Invalid key: svar/zips/Gysj_n/636381-140925-kartor/web/tiles-3-2435_Gysjön_636381-140925.dzi
[902/4303] svar/zips/Gysj_n/639218-144728-kartor/web/tiles-3-4008_Gysjön _639218-144728a.dzi ... upload error (manifest): Invalid key: svar/zips/Gysj_n/639218-144728-kartor/web/tiles-3-4008_Gysjön _639218-144728a.dzi
[903/4303] svar/zips/Gysj_n/639218-144728-kartor/web/tiles-3-4008_Gysjön _639218-144728b.dzi ... upload error (manifest): Invalid key: svar/zips/Gysj_n/639218-144728-kartor/web/tiles-3-4008_Gysjön _639218-144728b.dzi
[904/4303] svar/zips/Gysj_n/639218-144728-kartor/web/tiles-3-5196_Gysjön_639218-144728.dzi ... upload error (manifest): Invalid key: svar/zips/Gysj_n/639218-144728-kartor/web/tiles-3-5196_Gysjön_639218-144728.dzi
[905/4303] svar/zips/Gysl_ttasj_n/633209-141991-kartor/web/tiles-2-0158_Gyslättasjön_633209-141991.dzi ... upload error (manifest): Invalid key: svar/zips/Gysl_ttasj_n/633209-141991-kartor/web/tiles-2-0158_Gyslättasjön_633209-141991.dzi
[906/4303] svar/zips/Gysl_ttasj_n/633209-141991-kartor/web/tiles-3-1698_Gyslättasjön_633209-141991.dzi ... upload error (manifest): Invalid key: svar/zips/Gysl_ttasj_n/633209-141991-kartor/web/tiles-3-1698_Gyslättasjön_633209-141991.dzi
[907/4303] svar/zips/Gysl_ttasj_n/633209-141991-kartor/web/tiles-3-6413_Gyslättasjön_633209-141991.dzi ... upload error (manifest): Invalid key: svar/zips/Gysl_ttasj_n/633209-141991-kartor/web/tiles-3-6413_Gyslättasjön_633209-141991.dzi
[908/4303] svar/zips/G_ddeg_len/637591-139007-kartor/web/tiles-3-5335_Gäddegölen_637591-139007a.dzi ... upload error (manifest): Invalid key: svar/zips/G_ddeg_len/637591-139007-kartor/web/tiles-3-5335_Gäddegölen_637591-139007a.dzi
[909/4303] svar/zips/G_ddeg_len/637591-139007-kartor/web/tiles-3-5335_Gäddegölen_637591-139007b.dzi ... upload error (manifest): Invalid key: svar/zips/G_ddeg_len/637591-139007-kartor/web/tiles-3-5335_Gäddegölen_637591-139007b.dzi
[910/4303] svar/zips/G_ddesj_/639246-131938-kartor/web/tiles-3-3663_Gäddesjö_639246-131938.dzi ... upload error (manifest): Invalid key: svar/zips/G_ddesj_/639246-131938-kartor/web/tiles-3-3663_Gäddesjö_639246-131938.dzi
[911/4303] svar/zips/G_ddesj_n/625190-141534-kartor/web/tiles-3-2636_Gäddesjön_625190-141534.dzi ... upload error (manifest): Invalid key: svar/zips/G_ddesj_n/625190-141534-kartor/web/tiles-3-2636_Gäddesjön_625190-141534.dzi
[912/4303] svar/zips/G_ddevatten/641742-127749-kartor/web/tiles-3-1629_Gäddevatten_641742-127749.dzi ... upload error (manifest): Invalid key: svar/zips/G_ddevatten/641742-127749-kartor/web/tiles-3-1629_Gäddevatten_641742-127749.dzi
[913/4303] svar/zips/G_ddevattnet/648046-126892-kartor/web/tiles-3-3493_Gäddevattnet_648046-126892.dzi ... upload error (manifest): Invalid key: svar/zips/G_ddevattnet/648046-126892-kartor/web/tiles-3-3493_Gäddevattnet_648046-126892.dzi
[914/4303] svar/zips/G_ddg_len/637539-152024-kartor/web/tiles-3-3602_Gäddgölen_637539-152024.dzi ... upload error (manifest): Invalid key: svar/zips/G_ddg_len/637539-152024-kartor/web/tiles-3-3602_Gäddgölen_637539-152024.dzi
[915/4303] svar/zips/G_kalidssj_n/638253-129084-kartor/web/tiles-3-2747_Gökalidssjön_638253-129084.dzi ... upload error (manifest): Invalid key: svar/zips/G_kalidssj_n/638253-129084-kartor/web/tiles-3-2747_Gökalidssjön_638253-129084.dzi
[916/4303] svar/zips/G_khultesj_n/633975-152852-kartor/web/tiles-3-2760_Gökhultesjön_633975-152852.dzi ... upload error (manifest): Invalid key: svar/zips/G_khultesj_n/633975-152852-kartor/web/tiles-3-2760_Gökhultesjön_633975-152852.dzi
[917/4303] svar/zips/G_ksj_n/642307-128665-kartor/web/tiles-3-4830_Göksjön_642307-128665.dzi ... upload error (manifest): Invalid key: svar/zips/G_ksj_n/642307-128665-kartor/web/tiles-3-4830_Göksjön_642307-128665.dzi
[918/4303] svar/zips/G_lag_l/638380-139226-kartor/web/tiles-3-5486_Gölagöl_638380-139226.dzi ... upload error (manifest): Invalid key: svar/zips/G_lag_l/638380-139226-kartor/web/tiles-3-5486_Gölagöl_638380-139226.dzi
[919/4303] svar/zips/G_len/635062-137676-kartor/web/tiles-3-6283_Gölen_635062-137676.dzi ... upload error (manifest): Invalid key: svar/zips/G_len/635062-137676-kartor/web/tiles-3-6283_Gölen_635062-137676.dzi
[920/4303] svar/zips/G_len/635062-137676-kartor/web/tiles-5-0006_Björsbogölen_635062-137676.dzi ... upload error (manifest): Invalid key: svar/zips/G_len/635062-137676-kartor/web/tiles-5-0006_Björsbogölen_635062-137676.dzi
[921/4303] svar/zips/G_llarpesj_n/634729-130262-kartor/web/tiles-3-2157_Gällarpesjön_634729-130262a.dzi ... upload error (manifest): Invalid key: svar/zips/G_llarpesj_n/634729-130262-kartor/web/tiles-3-2157_Gällarpesjön_634729-130262a.dzi
[922/4303] svar/zips/G_llarpesj_n/634729-130262-kartor/web/tiles-3-2157_Gällarpesjön_634729-130262b.dzi ... upload error (manifest): Invalid key: svar/zips/G_llarpesj_n/634729-130262-kartor/web/tiles-3-2157_Gällarpesjön_634729-130262b.dzi
[923/4303] svar/zips/G_llsj_n/632714-131362-kartor/web/tiles-3-6708_Gällsjön_632714-131362.dzi ... upload error (manifest): Invalid key: svar/zips/G_llsj_n/632714-131362-kartor/web/tiles-3-6708_Gällsjön_632714-131362.dzi
[924/4303] svar/zips/G_llsj_n/653090-129507-kartor/web/tiles-3-1858_Gällsjön_653090-129507.dzi ... upload error (manifest): Invalid key: svar/zips/G_llsj_n/653090-129507-kartor/web/tiles-3-1858_Gällsjön_653090-129507.dzi
[925/4303] svar/zips/G_lsj_n/655483-153459-kartor/web/tiles-3-5617_Gålsjön_655483-153459.dzi ... upload error (manifest): Invalid key: svar/zips/G_lsj_n/655483-153459-kartor/web/tiles-3-5617_Gålsjön_655483-153459.dzi
[926/4303] svar/zips/G_ngen/640881-131940-kartor/web/tiles-3-5288_Gången_640881-131940.dzi ... upload error (manifest): Invalid key: svar/zips/G_ngen/640881-131940-kartor/web/tiles-3-5288_Gången_640881-131940.dzi
[927/4303] svar/zips/G_ngessj_n/624829-136457-kartor/web/tiles-3-3717_Gängessjön_624829-136457.dzi ... upload error (manifest): Invalid key: svar/zips/G_ngessj_n/624829-136457-kartor/web/tiles-3-3717_Gängessjön_624829-136457.dzi
[928/4303] svar/zips/G_pen/634735-148938-kartor/web/tiles-3-3787_Gåpen_634735-148938a.dzi ... upload error (manifest): Invalid key: svar/zips/G_pen/634735-148938-kartor/web/tiles-3-3787_Gåpen_634735-148938a.dzi
[929/4303] svar/zips/G_pen/634735-148938-kartor/web/tiles-3-3787_Gåpen_634735-148938b.dzi ... upload error (manifest): Invalid key: svar/zips/G_pen/634735-148938-kartor/web/tiles-3-3787_Gåpen_634735-148938b.dzi
[930/4303] svar/zips/G_rdessj_n/636614-138307-kartor/web/tiles-2-1047_Gärdessjön_636614-138307.dzi ... upload error (manifest): Invalid key: svar/zips/G_rdessj_n/636614-138307-kartor/web/tiles-2-1047_Gärdessjön_636614-138307.dzi
[931/4303] svar/zips/G_rdessj_n/636614-138307-kartor/web/tiles-5-0017_Gärdessjön_636614-138307.dzi ... upload error (manifest): Invalid key: svar/zips/G_rdessj_n/636614-138307-kartor/web/tiles-5-0017_Gärdessjön_636614-138307.dzi
[932/4303] svar/zips/G_rdessj_n/636868-129896-kartor/web/tiles-3-5320_Gärdessjön_636868-129896.dzi ... upload error (manifest): Invalid key: svar/zips/G_rdessj_n/636868-129896-kartor/web/tiles-3-5320_Gärdessjön_636868-129896.dzi
[933/4303] svar/zips/G_rdessj_n/637284-138196-kartor/web/tiles-3-4292_Gärdessjön_637284-138196.dzi ... upload error (manifest): Invalid key: svar/zips/G_rdessj_n/637284-138196-kartor/web/tiles-3-4292_Gärdessjön_637284-138196.dzi
[934/4303] svar/zips/G_rdsj_/648800-127078-kartor/web/tiles-3-3022_Gårdsjö_648800-127078.dzi ... upload error (manifest): Invalid key: svar/zips/G_rdsj_/648800-127078-kartor/web/tiles-3-3022_Gårdsjö_648800-127078.dzi
[935/4303] svar/zips/G_rdsj_n/624209-135883-kartor/web/tiles-3-3455_Gårdsjön_624209-135883a.dzi ... upload error (manifest): Invalid key: svar/zips/G_rdsj_n/624209-135883-kartor/web/tiles-3-3455_Gårdsjön_624209-135883a.dzi
[936/4303] svar/zips/G_rdsj_n/624209-135883-kartor/web/tiles-3-3455_Gårdsjön_624209-135883b.dzi ... upload error (manifest): Invalid key: svar/zips/G_rdsj_n/624209-135883-kartor/web/tiles-3-3455_Gårdsjön_624209-135883b.dzi
[937/4303] svar/zips/G_rdsj_n/624442-140659-kartor/web/tiles-3-5810a_Gårdsjön Örnanäs_624442-140659.dzi ... upload error (manifest): Invalid key: svar/zips/G_rdsj_n/624442-140659-kartor/web/tiles-3-5810a_Gårdsjön Örnanäs_624442-140659.dzi
[938/4303] svar/zips/G_rdsj_n/624442-140659-kartor/web/tiles-3-5810b_Gårdsjön Örnanäs_624442-140659.dzi ... upload error (manifest): Invalid key: svar/zips/G_rdsj_n/624442-140659-kartor/web/tiles-3-5810b_Gårdsjön Örnanäs_624442-140659.dzi
[939/4303] svar/zips/G_rdsj_n/624680-140492-kartor/web/tiles-3-2180_Gårdsjön_624680-140492.dzi ... upload error (manifest): Invalid key: svar/zips/G_rdsj_n/624680-140492-kartor/web/tiles-3-2180_Gårdsjön_624680-140492.dzi
[940/4303] svar/zips/G_rdsj_n/624680-140492-kartor/web/tiles-3-6582_Gårdsjön_624680-140492.dzi ... upload error (manifest): Invalid key: svar/zips/G_rdsj_n/624680-140492-kartor/web/tiles-3-6582_Gårdsjön_624680-140492.dzi
[941/4303] svar/zips/G_rdsj_n/625027-135160-kartor/web/tiles-3-2201_Gårdsjön_625027-135160.dzi ... upload error (manifest): Invalid key: svar/zips/G_rdsj_n/625027-135160-kartor/web/tiles-3-2201_Gårdsjön_625027-135160.dzi
[942/4303] svar/zips/G_rdsj_n/625301-137017-kartor/web/tiles-2-0998_Gårdsjön_625301-137017.dzi ... upload error (manifest): Invalid key: svar/zips/G_rdsj_n/625301-137017-kartor/web/tiles-2-0998_Gårdsjön_625301-137017.dzi
[943/4303] svar/zips/G_rdsj_n/633720-142911-kartor/web/tiles-3-2945_Gårdsjön_633720-142911.dzi ... upload error (manifest): Invalid key: svar/zips/G_rdsj_n/633720-142911-kartor/web/tiles-3-2945_Gårdsjön_633720-142911.dzi
[944/4303] svar/zips/G_rdsj_n/638896-128711-kartor/web/tiles-3-0911_Gärdsjön_638896-128711.dzi ... upload error (manifest): Invalid key: svar/zips/G_rdsj_n/638896-128711-kartor/web/tiles-3-0911_Gärdsjön_638896-128711.dzi
[945/4303] svar/zips/G_rdsj_n/640703-138181-kartor/web/tiles-3-5720_Gårdsjön_640703-138181.dzi ... upload error (manifest): Invalid key: svar/zips/G_rdsj_n/640703-138181-kartor/web/tiles-3-5720_Gårdsjön_640703-138181.dzi
[946/4303] svar/zips/G_rdsj_n/640946-130007-kartor/web/tiles-3-0942_Gärdsjön_640946-130007a.dzi ... upload error (manifest): Invalid key: svar/zips/G_rdsj_n/640946-130007-kartor/web/tiles-3-0942_Gärdsjön_640946-130007a.dzi
[947/4303] svar/zips/G_rdsj_n/640946-130007-kartor/web/tiles-3-0942_Gärdsjön_640946-130007b.dzi ... upload error (manifest): Invalid key: svar/zips/G_rdsj_n/640946-130007-kartor/web/tiles-3-0942_Gärdsjön_640946-130007b.dzi
[948/4303] svar/zips/G_rdsj_n/642320-129119-kartor/web/tiles-3-0943_Gärdsjön_642320-129119a.dzi ... upload error (manifest): Invalid key: svar/zips/G_rdsj_n/642320-129119-kartor/web/tiles-3-0943_Gärdsjön_642320-129119a.dzi
[949/4303] svar/zips/G_rdsj_n/642320-129119-kartor/web/tiles-3-0943_Gärdsjön_642320-129119b.dzi ... upload error (manifest): Invalid key: svar/zips/G_rdsj_n/642320-129119-kartor/web/tiles-3-0943_Gärdsjön_642320-129119b.dzi
[950/4303] svar/zips/G_rdsj_n/644432-127626-kartor/web/tiles-3-3990_Gårdsjön_644432-127626.dzi ... upload error (manifest): Invalid key: svar/zips/G_rdsj_n/644432-127626-kartor/web/tiles-3-3990_Gårdsjön_644432-127626.dzi
[951/4303] svar/zips/G_rsj_n/643361-130371-kartor/web/tiles-3-1014_Gärsjön_643361-130371.dzi ... upload error (manifest): Invalid key: svar/zips/G_rsj_n/643361-130371-kartor/web/tiles-3-1014_Gärsjön_643361-130371.dzi
[952/4303] svar/zips/G_rsken/632965-136488-kartor/web/tiles-3-6558_Gårsken_632965-136488..dzi ... upload error (manifest): Invalid key: svar/zips/G_rsken/632965-136488-kartor/web/tiles-3-6558_Gårsken_632965-136488..dzi
[953/4303] svar/zips/G_rssj_n/653719-158768-kartor/web/tiles-3-3269_Gärssjön_653719-158768.dzi ... upload error (manifest): Invalid key: svar/zips/G_rssj_n/653719-158768-kartor/web/tiles-3-3269_Gärssjön_653719-158768.dzi
[954/4303] svar/zips/G_sasj_/636869-128944-kartor/web/tiles-3-2721_Gåsasjö_636869-128944.dzi ... upload error (manifest): Invalid key: svar/zips/G_sasj_/636869-128944-kartor/web/tiles-3-2721_Gåsasjö_636869-128944.dzi
[955/4303] svar/zips/G_seg_l/637466-142299-kartor/web/tiles-3-5599_Gåsegöl_637466-142299.dzi ... upload error (manifest): Invalid key: svar/zips/G_seg_l/637466-142299-kartor/web/tiles-3-5599_Gåsegöl_637466-142299.dzi
[956/4303] svar/zips/G_sen/640152-149274-kartor/web/tiles-3-3600_Gäsen_640152-149274.dzi ... upload error (manifest): Invalid key: svar/zips/G_sen/640152-149274-kartor/web/tiles-3-3600_Gäsen_640152-149274.dzi
[957/4303] svar/zips/G_shultasj_n/634013-149151-kartor/web/tiles-3-3779_Göshultasjön_634013-149151a.dzi ... upload error (manifest): Invalid key: svar/zips/G_shultasj_n/634013-149151-kartor/web/tiles-3-3779_Göshultasjön_634013-149151a.dzi
[958/4303] svar/zips/G_shultasj_n/634013-149151-kartor/web/tiles-3-3779_Göshultasjön_634013-149151b.dzi ... upload error (manifest): Invalid key: svar/zips/G_shultasj_n/634013-149151-kartor/web/tiles-3-3779_Göshultasjön_634013-149151b.dzi
[959/4303] svar/zips/G_sj_/640321-131002-kartor/web/tiles-3-1994_Gösjö_640321-131002b.dzi ... upload error (manifest): Invalid key: svar/zips/G_sj_/640321-131002-kartor/web/tiles-3-1994_Gösjö_640321-131002b.dzi
[960/4303] svar/zips/G_sj_n/634579-151229-kartor/web/tiles-3-3775_Gösjön_634579-151229a.dzi ... upload error (manifest): Invalid key: svar/zips/G_sj_n/634579-151229-kartor/web/tiles-3-3775_Gösjön_634579-151229a.dzi
[961/4303] svar/zips/G_sj_n/634579-151229-kartor/web/tiles-3-3775_Gösjön_634579-151229b.dzi ... upload error (manifest): Invalid key: svar/zips/G_sj_n/634579-151229-kartor/web/tiles-3-3775_Gösjön_634579-151229b.dzi
[962/4303] svar/zips/G_sj_n/635368-149924-kartor/web/tiles-3-2885_Gösjön_635368-149924.dzi ... upload error (manifest): Invalid key: svar/zips/G_sj_n/635368-149924-kartor/web/tiles-3-2885_Gösjön_635368-149924.dzi
[963/4303] svar/zips/G_sj_n/636365-129746-kartor/web/tiles-3-5319_Gösjön_636365-129746.dzi ... upload error (manifest): Invalid key: svar/zips/G_sj_n/636365-129746-kartor/web/tiles-3-5319_Gösjön_636365-129746.dzi
[964/4303] svar/zips/G_sj_n/651686-130685-kartor/web/tiles-3-2484_Gösjön_651686-130685.dzi ... upload error (manifest): Invalid key: svar/zips/G_sj_n/651686-130685-kartor/web/tiles-3-2484_Gösjön_651686-130685.dzi
[965/4303] svar/zips/G_ssj_n/655374-142208-kartor/web/tiles-3-4666_Gåssjön_655374-142208.dzi ... upload error (manifest): Invalid key: svar/zips/G_ssj_n/655374-142208-kartor/web/tiles-3-4666_Gåssjön_655374-142208.dzi
[966/4303] svar/zips/G_tarpssj_n/636472-137661-kartor/web/tiles-3-1816_Götarpssjön_636472-137661.dzi ... upload error (manifest): Invalid key: svar/zips/G_tarpssj_n/636472-137661-kartor/web/tiles-3-1816_Götarpssjön_636472-137661.dzi
[967/4303] svar/zips/G_tarpssj_n/636472-137661-kartor/web/tiles-5-0018_Götarpssjön_636472-137661.dzi ... upload error (manifest): Invalid key: svar/zips/G_tarpssj_n/636472-137661-kartor/web/tiles-5-0018_Götarpssjön_636472-137661.dzi
[968/4303] svar/zips/G_temar/637433-154830-kartor/web/tiles-1-0248_Götemar_637433-154830.dzi ... upload error (manifest): Invalid key: svar/zips/G_temar/637433-154830-kartor/web/tiles-1-0248_Götemar_637433-154830.dzi
[969/4303] svar/zips/G_ten/637375-154042-kartor/web/tiles-0-0118_Göten_637375-154042.dzi ... upload error (manifest): Invalid key: svar/zips/G_ten/637375-154042-kartor/web/tiles-0-0118_Göten_637375-154042.dzi
[970/4303] svar/zips/Hackarpssj_n/634611-132043-kartor/web/tiles-3-5216_Hackarpssjön_634611-132043a.dzi ... upload error (manifest): Invalid key: svar/zips/Hackarpssj_n/634611-132043-kartor/web/tiles-3-5216_Hackarpssjön_634611-132043a.dzi
[971/4303] svar/zips/Hackarpssj_n/634611-132043-kartor/web/tiles-3-5216_Hackarpssjön_634611-132043b.dzi ... upload error (manifest): Invalid key: svar/zips/Hackarpssj_n/634611-132043-kartor/web/tiles-3-5216_Hackarpssjön_634611-132043b.dzi
[972/4303] svar/zips/Hackarpssj_n/634611-132043-kartor/web/tiles-3-5216_Hackarpssjön_634611-132043c.dzi ... upload error (manifest): Invalid key: svar/zips/Hackarpssj_n/634611-132043-kartor/web/tiles-3-5216_Hackarpssjön_634611-132043c.dzi
[973/4303] svar/zips/Hackarpssj_n/634611-132043-kartor/web/tiles-3-5216_Hackarpssjön_634611-132043d.dzi ... upload error (manifest): Invalid key: svar/zips/Hackarpssj_n/634611-132043-kartor/web/tiles-3-5216_Hackarpssjön_634611-132043d.dzi
[974/4303] svar/zips/Hacksj_n/629492-146117-kartor/web/tiles-3-4699_Hacksjön_629492-146117.dzi ... upload error (manifest): Invalid key: svar/zips/Hacksj_n/629492-146117-kartor/web/tiles-3-4699_Hacksjön_629492-146117.dzi
[975/4303] svar/zips/Hacksj_n/633445-142982-kartor/web/tiles-3-0798_Hacksjön_633445-142982.dzi ... upload error (manifest): Invalid key: svar/zips/Hacksj_n/633445-142982-kartor/web/tiles-3-0798_Hacksjön_633445-142982.dzi
[976/4303] svar/zips/Hacksj_n/656405-162276-kartor/web/tiles-3-6508_Hacksjön_656405-162276.dzi ... upload error (manifest): Invalid key: svar/zips/Hacksj_n/656405-162276-kartor/web/tiles-3-6508_Hacksjön_656405-162276.dzi
[977/4303] svar/zips/Hagasj_n/630981-134154-kartor/web/tiles-2-0652_Hagasjön_630981-134154a.dzi ... upload error (manifest): Invalid key: svar/zips/Hagasj_n/630981-134154-kartor/web/tiles-2-0652_Hagasjön_630981-134154a.dzi
[978/4303] svar/zips/Hagasj_n/630981-134154-kartor/web/tiles-2-0652_Hagasjön_630981-134154b.dzi ... upload error (manifest): Invalid key: svar/zips/Hagasj_n/630981-134154-kartor/web/tiles-2-0652_Hagasjön_630981-134154b.dzi
[979/4303] svar/zips/Hagasj_n/630981-134154-kartor/web/tiles-2-1032_Hagasjön_630981-134154.dzi ... upload error (manifest): Invalid key: svar/zips/Hagasj_n/630981-134154-kartor/web/tiles-2-1032_Hagasjön_630981-134154.dzi
[980/4303] svar/zips/Hagasj_n/632770-132404-kartor/web/tiles-3-6446_Hagasjön_632770-132404.dzi ... upload error (manifest): Invalid key: svar/zips/Hagasj_n/632770-132404-kartor/web/tiles-3-6446_Hagasjön_632770-132404.dzi
[981/4303] svar/zips/Hagasj_n/632770-132404-kartor/web/tiles-5-1004_Hagasjön_632770-132404.dzi ... upload error (manifest): Invalid key: svar/zips/Hagasj_n/632770-132404-kartor/web/tiles-5-1004_Hagasjön_632770-132404.dzi
[982/4303] svar/zips/Hagasj_n/633124-135974-kartor/web/tiles-3-6528_Hagasjön_633124-135974.dzi ... upload error (manifest): Invalid key: svar/zips/Hagasj_n/633124-135974-kartor/web/tiles-3-6528_Hagasjön_633124-135974.dzi
[983/4303] svar/zips/Hagasj_n/634648-146585-kartor/web/tiles-1-0176_Hagasjön_634648-146585.dzi ... upload error (manifest): Invalid key: svar/zips/Hagasj_n/634648-146585-kartor/web/tiles-1-0176_Hagasjön_634648-146585.dzi
[984/4303] svar/zips/Hagasj_n/634838-151454-kartor/web/tiles-2-0334_Hagasjön_634838-151454.dzi ... upload error (manifest): Invalid key: svar/zips/Hagasj_n/634838-151454-kartor/web/tiles-2-0334_Hagasjön_634838-151454.dzi
[985/4303] svar/zips/Hagasj_n/635878-137392-kartor/web/tiles-3-4720_Hagasjön_635878-137392.dzi ... upload error (manifest): Invalid key: svar/zips/Hagasj_n/635878-137392-kartor/web/tiles-3-4720_Hagasjön_635878-137392.dzi
[986/4303] svar/zips/Hagasj_n/635878-137392-kartor/web/tiles-5-0019_Hagasjön_635878-137392.dzi ... upload error (manifest): Invalid key: svar/zips/Hagasj_n/635878-137392-kartor/web/tiles-5-0019_Hagasjön_635878-137392.dzi
[987/4303] svar/zips/Hagasj_n/637282-143642-kartor/web/tiles-3-3869_Hagasjön_637282-143642a.dzi ... upload error (manifest): Invalid key: svar/zips/Hagasj_n/637282-143642-kartor/web/tiles-3-3869_Hagasjön_637282-143642a.dzi
[988/4303] svar/zips/Hagasj_n/637282-143642-kartor/web/tiles-3-3869_Hagasjön_637282-143642b.dzi ... upload error (manifest): Invalid key: svar/zips/Hagasj_n/637282-143642-kartor/web/tiles-3-3869_Hagasjön_637282-143642b.dzi
[989/4303] svar/zips/Hagasj_n/638110-135656-kartor/web/tiles-3-4750_Hagasjön_638110-135656.dzi ... upload error (manifest): Invalid key: svar/zips/Hagasj_n/638110-135656-kartor/web/tiles-3-4750_Hagasjön_638110-135656.dzi
[990/4303] svar/zips/Hagasj_n/640227-130502-kartor/web/tiles-3-0957_Hagasjön_640227-130502a.dzi ... upload error (manifest): Invalid key: svar/zips/Hagasj_n/640227-130502-kartor/web/tiles-3-0957_Hagasjön_640227-130502a.dzi
[991/4303] svar/zips/Hagasj_n/640227-130502-kartor/web/tiles-3-0957_Hagasjön_640227-130502b.dzi ... upload error (manifest): Invalid key: svar/zips/Hagasj_n/640227-130502-kartor/web/tiles-3-0957_Hagasjön_640227-130502b.dzi
[992/4303] svar/zips/Hagebytr_sk/635909-166014-kartor/web/tiles-3-3006_Hagebyträsk_635909-166014.dzi ... upload error (manifest): Invalid key: svar/zips/Hagebytr_sk/635909-166014-kartor/web/tiles-3-3006_Hagebyträsk_635909-166014.dzi
[993/4303] svar/zips/Hagserydssj_n/635208-147771-kartor/web/tiles-3-2204_Hagserydssjön_635208-147771.dzi ... upload error (manifest): Invalid key: svar/zips/Hagserydssj_n/635208-147771-kartor/web/tiles-3-2204_Hagserydssjön_635208-147771.dzi
[994/4303] svar/zips/Hagshultag_len/635906-140372-kartor/web/tiles-3-5387_Hagshultagölen_635906-140372.dzi ... upload error (manifest): Invalid key: svar/zips/Hagshultag_len/635906-140372-kartor/web/tiles-3-5387_Hagshultagölen_635906-140372.dzi
[995/4303] svar/zips/Hagsj_n/635072-137217-kartor/web/tiles-3-2077_Hagsjön_635072-137217.dzi ... upload error (manifest): Invalid key: svar/zips/Hagsj_n/635072-137217-kartor/web/tiles-3-2077_Hagsjön_635072-137217.dzi
[996/4303] svar/zips/Hagsj_n/637811-152032-kartor/web/tiles-3-3639_Hagsjön_637811-152032.dzi ... upload error (manifest): Invalid key: svar/zips/Hagsj_n/637811-152032-kartor/web/tiles-3-3639_Hagsjön_637811-152032.dzi
[997/4303] svar/zips/Hagsj_n/639031-138909-kartor/web/tiles-3-6303_Hagsjön_639031-138909.dzi ... upload error (manifest): Invalid key: svar/zips/Hagsj_n/639031-138909-kartor/web/tiles-3-6303_Hagsjön_639031-138909.dzi
[998/4303] svar/zips/Hagstugesj_n/640362-149230-kartor/web/tiles-3-3618_Hagstugesjön_640362-149230.dzi ... upload error (manifest): Invalid key: svar/zips/Hagstugesj_n/640362-149230-kartor/web/tiles-3-3618_Hagstugesjön_640362-149230.dzi
[999/4303] svar/zips/Hagsvarten/627389-142662-kartor/web/tiles-3-6062_Hagsvarten_627389-142662a.dzi ... done • ETA ~ 5m 35s
[1000/4303] svar/zips/Hagsvarten/627389-142662-kartor/web/tiles-3-6062_Hagsvarten_627389-142662b.dzi ... done • ETA ~ 5m 35s
[1001/4303] svar/zips/Hagsvarten/627389-142662-kartor/web/tiles-3-6062_Hagsvarten_627389-142662c.dzi ... done • ETA ~ 5m 35s
[1002/4303] svar/zips/Hagsvarten/627389-142662-kartor/web/tiles-3-6062_Hagsvarten_627389-142662d.dzi ... done • ETA ~ 5m 35s
[1003/4303] svar/zips/Hagsvarten/627389-142662-kartor/web/tiles-3-6062_Hagsvarten_627389-142662e.dzi ... done • ETA ~ 5m 35s
[1004/4303] svar/zips/Hagsvarten/627389-142662-kartor/web/tiles-3-6062_Hagsvarten_627389-142662f.dzi ... done • ETA ~ 5m 36s
[1005/4303] svar/zips/Hagsvarten/627389-142662-kartor/web/tiles-3-6062_Hagsvarten_627389-142662g.dzi ... done • ETA ~ 5m 36s
[1006/4303] svar/zips/Hagsvarten/627389-142662-kartor/web/tiles-3-6765_Hagsvarten_627389-142662.dzi ... done • ETA ~ 5m 36s
[1007/4303] svar/zips/Hagtj_rnet/656511-132237-kartor/web/tiles-5-0947_Hagtjärnet_656511-132237.dzi ... upload error (manifest): Invalid key: svar/zips/Hagtj_rnet/656511-132237-kartor/web/tiles-5-0947_Hagtjärnet_656511-132237.dzi
[1008/4303] svar/zips/Haketj_rn/640544-128228-kartor/web/tiles-3-0947_Haketjärn_640544-128228.dzi ... upload error (manifest): Invalid key: svar/zips/Haketj_rn/640544-128228-kartor/web/tiles-3-0947_Haketjärn_640544-128228.dzi
[1009/4303] svar/zips/Haksj_n/634039-130474-kartor/web/tiles-3-2844_Haksjön_634039-130474.dzi ... upload error (manifest): Invalid key: svar/zips/Haksj_n/634039-130474-kartor/web/tiles-3-2844_Haksjön_634039-130474.dzi
[1010/4303] svar/zips/Halasj_n/624037-145086-kartor/web/tiles-3-5976_Halasjön_624037-145086.dzi ... upload error (manifest): Invalid key: svar/zips/Halasj_n/624037-145086-kartor/web/tiles-3-5976_Halasjön_624037-145086.dzi
[1011/4303] svar/zips/Halen/623955-141956-kartor/web/tiles-2-0833_Halen_623955-141956.dzi ... done • ETA ~ 5m 35s
[1012/4303] svar/zips/Hallasj_n/624980-150119-kartor/web/tiles-2-1098_Hallasjön_624980-150119.dzi ... upload error (manifest): Invalid key: svar/zips/Hallasj_n/624980-150119-kartor/web/tiles-2-1098_Hallasjön_624980-150119.dzi
[1013/4303] svar/zips/Hallasj_n/624980-150119-kartor/web/tiles-3-3855_Hallasjön_624980-150119a.dzi ... upload error (manifest): Invalid key: svar/zips/Hallasj_n/624980-150119-kartor/web/tiles-3-3855_Hallasjön_624980-150119a.dzi
[1014/4303] svar/zips/Hallasj_n/624980-150119-kartor/web/tiles-3-3855_Hallasjön_624980-150119b.dzi ... upload error (manifest): Invalid key: svar/zips/Hallasj_n/624980-150119-kartor/web/tiles-3-3855_Hallasjön_624980-150119b.dzi
[1015/4303] svar/zips/Hallasj_n/631187-134772-kartor/web/tiles-1-0318_Hallasjön_631187-134772.dzi ... upload error (manifest): Invalid key: svar/zips/Hallasj_n/631187-134772-kartor/web/tiles-1-0318_Hallasjön_631187-134772.dzi
[1016/4303] svar/zips/Hallasj_n/631187-134772-kartor/web/tiles-3-0866_Hallasjön_631187-134772.dzi ... upload error (manifest): Invalid key: svar/zips/Hallasj_n/631187-134772-kartor/web/tiles-3-0866_Hallasjön_631187-134772.dzi
[1017/4303] svar/zips/Hallasj_n/631187-134772-kartor/web/tiles-3-6716_Hallasjön_631187-134772.dzi ... upload error (manifest): Invalid key: svar/zips/Hallasj_n/631187-134772-kartor/web/tiles-3-6716_Hallasjön_631187-134772.dzi
[1018/4303] svar/zips/Hallasj_n/632134-136304-kartor/web/tiles-3-4714_Hallasjön_632134-136304.dzi ... upload error (manifest): Invalid key: svar/zips/Hallasj_n/632134-136304-kartor/web/tiles-3-4714_Hallasjön_632134-136304.dzi
[1019/4303] svar/zips/Hallasj_n/633488-135974-kartor/web/tiles-3-2510_Hallasjön_633488-135974.dzi ... upload error (manifest): Invalid key: svar/zips/Hallasj_n/633488-135974-kartor/web/tiles-3-2510_Hallasjön_633488-135974.dzi
[1020/4303] svar/zips/Hallasj_n/633488-135974-kartor/web/tiles-3-5736_Hallasjön_633488-135974.dzi ... upload error (manifest): Invalid key: svar/zips/Hallasj_n/633488-135974-kartor/web/tiles-3-5736_Hallasjön_633488-135974.dzi
[1021/4303] svar/zips/Hallasj_n/635188-134995-kartor/web/tiles-3-5737_Hallasjön_635188-134995.dzi ... upload error (manifest): Invalid key: svar/zips/Hallasj_n/635188-134995-kartor/web/tiles-3-5737_Hallasjön_635188-134995.dzi
[1022/4303] svar/zips/Hallasj_n/635188-134995-kartor/web/tiles-5-1044_Hallasjön_635188-134995.dzi ... upload error (manifest): Invalid key: svar/zips/Hallasj_n/635188-134995-kartor/web/tiles-5-1044_Hallasjön_635188-134995.dzi
[1023/4303] svar/zips/Hallasj_n/635371-137288-kartor/web/tiles-3-4582_Hallasjön_635371-137288.dzi ... upload error (manifest): Invalid key: svar/zips/Hallasj_n/635371-137288-kartor/web/tiles-3-4582_Hallasjön_635371-137288.dzi
[1024/4303] svar/zips/Hallasj_n/635371-137288-kartor/web/tiles-5-0020_Hallasjön_635371-137288.dzi ... upload error (manifest): Invalid key: svar/zips/Hallasj_n/635371-137288-kartor/web/tiles-5-0020_Hallasjön_635371-137288.dzi
[1025/4303] svar/zips/Hallasj_n/635931-132855-kartor/web/tiles-3-6526_Hallasjön_635931-132855.dzi ... upload error (manifest): Invalid key: svar/zips/Hallasj_n/635931-132855-kartor/web/tiles-3-6526_Hallasjön_635931-132855.dzi
[1026/4303] svar/zips/Hallesj_/634824-131853-kartor/web/tiles-3-5210_Hallesjö_634824-131853a.dzi ... upload error (manifest): Invalid key: svar/zips/Hallesj_/634824-131853-kartor/web/tiles-3-5210_Hallesjö_634824-131853a.dzi
[1027/4303] svar/zips/Hallesj_/634824-131853-kartor/web/tiles-3-5210_Hallesjö_634824-131853b.dzi ... upload error (manifest): Invalid key: svar/zips/Hallesj_/634824-131853-kartor/web/tiles-3-5210_Hallesjö_634824-131853b.dzi
[1028/4303] svar/zips/Hallingen/638049-139188-kartor/web/tiles-3-4575_Hallingen_638049-139188.dzi ... done • ETA ~ 5m 32s
[1029/4303] svar/zips/Hallsj_n/624528-147251-kartor/web/tiles-3-0776_Hallsjön_624528-147251a.dzi ... upload error (manifest): Invalid key: svar/zips/Hallsj_n/624528-147251-kartor/web/tiles-3-0776_Hallsjön_624528-147251a.dzi
[1030/4303] svar/zips/Hallsj_n/624528-147251-kartor/web/tiles-3-0776_Hallsjön_624528-147251b.dzi ... upload error (manifest): Invalid key: svar/zips/Hallsj_n/624528-147251-kartor/web/tiles-3-0776_Hallsjön_624528-147251b.dzi
[1031/4303] svar/zips/Hallsj_n/647774-130324-kartor/web/tiles-3-1715_Hallsjön_647774-130324.dzi ... upload error (manifest): Invalid key: svar/zips/Hallsj_n/647774-130324-kartor/web/tiles-3-1715_Hallsjön_647774-130324.dzi
[1032/4303] svar/zips/Hall_ngssj_n/645178-144286-kartor/web/tiles-3-3683_Hallångssjön_645178-144286.dzi ... upload error (manifest): Invalid key: svar/zips/Hall_ngssj_n/645178-144286-kartor/web/tiles-3-3683_Hallångssjön_645178-144286.dzi
[1033/4303] svar/zips/Halsebosj_n/649891-148303-kartor/web/tiles-3-3000_Halsobosjön_649891-148303.dzi ... upload error (manifest): Invalid key: svar/zips/Halsebosj_n/649891-148303-kartor/web/tiles-3-3000_Halsobosjön_649891-148303.dzi
[1034/4303] svar/zips/Halsj_n/623375-146936-kartor/web/tiles-3-5452_Halsjön_623375-146936.dzi ... upload error (manifest): Invalid key: svar/zips/Halsj_n/623375-146936-kartor/web/tiles-3-5452_Halsjön_623375-146936.dzi
[1035/4303] svar/zips/Halvtunnan/626437-147926-kartor/web/tiles-5-0461_Halvtunnan_626437-147926.dzi ... done • ETA ~ 5m 31s
[1036/4303] svar/zips/Hammarsj_n/620406-140165-kartor/web/tiles-2-0166_Hammarsjön_620406-140165.dzi ... upload error (manifest): Invalid key: svar/zips/Hammarsj_n/620406-140165-kartor/web/tiles-2-0166_Hammarsjön_620406-140165.dzi
[1037/4303] svar/zips/Hammarsj_n/626513-147952-kartor/web/tiles-5-0462_Hammarsjön_626513-147952.dzi ... upload error (manifest): Invalid key: svar/zips/Hammarsj_n/626513-147952-kartor/web/tiles-5-0462_Hammarsjön_626513-147952.dzi
[1038/4303] svar/zips/Hammarsj_n/634771-152976-kartor/web/tiles-1-0250_Hammarsjön_634771-152976.dzi ... upload error (manifest): Invalid key: svar/zips/Hammarsj_n/634771-152976-kartor/web/tiles-1-0250_Hammarsjön_634771-152976.dzi
[1039/4303] svar/zips/Hamnarydssj_n/639658-144256-kartor/web/tiles-3-5202_Hamnarydssjön_639658-144256.dzi ... upload error (manifest): Invalid key: svar/zips/Hamnarydssj_n/639658-144256-kartor/web/tiles-3-5202_Hamnarydssjön_639658-144256.dzi
[1040/4303] svar/zips/Handskdammen/651118-153663-kartor/web/tiles-3-1764_Handskdammen_651118-153663.dzi ... done • ETA ~ 5m 30s
[1041/4303] svar/zips/Handskerydsj_n/639151-143386-kartor/web/tiles-3-1799_Handskerydssjön_639151-143386.dzi ... upload error (manifest): Invalid key: svar/zips/Handskerydsj_n/639151-143386-kartor/web/tiles-3-1799_Handskerydssjön_639151-143386.dzi
[1042/4303] svar/zips/Harasj_n/632231-136476-kartor/web/tiles-3-4713_Harasjön_632231-136476.dzi ... upload error (manifest): Invalid key: svar/zips/Harasj_n/632231-136476-kartor/web/tiles-3-4713_Harasjön_632231-136476.dzi
[1043/4303] svar/zips/Harasj_n/632231-136476-kartor/web/tiles-5-0941_Harasjön_632231-136476.dzi ... upload error (manifest): Invalid key: svar/zips/Harasj_n/632231-136476-kartor/web/tiles-5-0941_Harasjön_632231-136476.dzi
[1044/4303] svar/zips/Harefjorden/656342-133456-kartor/web/tiles-3-1207_Harefjorden_656342-133456.dzi ... done • ETA ~ 5m 30s
[1045/4303] svar/zips/Haresj_n/655143-130307-kartor/web/tiles-3-4803_Haresjön_655143-130307.dzi ... upload error (manifest): Invalid key: svar/zips/Haresj_n/655143-130307-kartor/web/tiles-3-4803_Haresjön_655143-130307.dzi
[1046/4303] svar/zips/Hargsj_n/646063-146749-kartor/web/tiles-3-0720_Hargsjön_646063-146749.dzi ... upload error (manifest): Invalid key: svar/zips/Hargsj_n/646063-146749-kartor/web/tiles-3-0720_Hargsjön_646063-146749.dzi
[1047/4303] svar/zips/Harsj_n/656290-153685-kartor/web/tiles-3-1773_Harsjön_656290-153685.dzi ... upload error (manifest): Invalid key: svar/zips/Harsj_n/656290-153685-kartor/web/tiles-3-1773_Harsjön_656290-153685.dzi
[1048/4303] svar/zips/Hasj_n/639342-130389-kartor/web/tiles-3-4222_Hasjön_639342-130389.dzi ... upload error (manifest): Invalid key: svar/zips/Hasj_n/639342-130389-kartor/web/tiles-3-4222_Hasjön_639342-130389.dzi
[1049/4303] svar/zips/Hasselsj_n/624569-146282-kartor/web/tiles-3-5456_Hasselsjön_624569-146282.dzi ... upload error (manifest): Invalid key: svar/zips/Hasselsj_n/624569-146282-kartor/web/tiles-3-5456_Hasselsjön_624569-146282.dzi
[1050/4303] svar/zips/Havg_rdssj_n/615365-134524-kartor/web/tiles-2-0170_Havgårdssjön_615365-134524.dzi ... upload error (manifest): Invalid key: svar/zips/Havg_rdssj_n/615365-134524-kartor/web/tiles-2-0170_Havgårdssjön_615365-134524.dzi
[1051/4303] svar/zips/Havg_rdssj_n/615365-134524-kartor/web/tiles-3-1984_Havgårdssjön_615365-134524.dzi ... upload error (manifest): Invalid key: svar/zips/Havg_rdssj_n/615365-134524-kartor/web/tiles-3-1984_Havgårdssjön_615365-134524.dzi
[1052/4303] svar/zips/Havraf_lle_sj_/634279-140772-kartor/web/tiles-3-6372_Havrafälle sjö_634279-140772.dzi ... upload error (manifest): Invalid key: svar/zips/Havraf_lle_sj_/634279-140772-kartor/web/tiles-3-6372_Havrafälle sjö_634279-140772.dzi
[1053/4303] svar/zips/Havravikssj_n/638721-145140-kartor/web/tiles-3-5195_Havravikssjön_638721-145140.dzi ... upload error (manifest): Invalid key: svar/zips/Havravikssj_n/638721-145140-kartor/web/tiles-3-5195_Havravikssjön_638721-145140.dzi
[1054/4303] svar/zips/Havsj_n/630859-132488-kartor/web/tiles-2-0654_Havsjön_630859-132488.dzi ... upload error (manifest): Invalid key: svar/zips/Havsj_n/630859-132488-kartor/web/tiles-2-0654_Havsjön_630859-132488.dzi
[1055/4303] svar/zips/Havsj_n/639362-132726-kartor/web/tiles-3-4895_Havsjön_639362-132726.dzi ... upload error (manifest): Invalid key: svar/zips/Havsj_n/639362-132726-kartor/web/tiles-3-4895_Havsjön_639362-132726.dzi
[1056/4303] svar/zips/Hedasj_/634543-149310-kartor/web/tiles-3-3810_Hedasjö_634543-149310a.dzi ... upload error (manifest): Invalid key: svar/zips/Hedasj_/634543-149310-kartor/web/tiles-3-3810_Hedasjö_634543-149310a.dzi
[1057/4303] svar/zips/Hedasj_/634543-149310-kartor/web/tiles-3-3810_Hedasjö_634543-149310b.dzi ... upload error (manifest): Invalid key: svar/zips/Hedasj_/634543-149310-kartor/web/tiles-3-3810_Hedasjö_634543-149310b.dzi
[1058/4303] svar/zips/Hedg_rdessj_/638018-130993-kartor/web/tiles-3-4768_Hedgärdessjön_638018-130993.dzi ... upload error (manifest): Invalid key: svar/zips/Hedg_rdessj_/638018-130993-kartor/web/tiles-3-4768_Hedgärdessjön_638018-130993.dzi
[1059/4303] svar/zips/Hedvattnet/655825-128262-kartor/web/tiles-3-1724_Hedvattnet_655825-128262.dzi ... done • ETA ~ 5m 28s
[1060/4303] svar/zips/Heevattnet/649745-125692-kartor/web/tiles-3-2627_Heevattnet_649745-125692.dzi ... done • ETA ~ 5m 28s
[1061/4303] svar/zips/Hejasj_n/624725-143353-kartor/web/tiles-3-5901_Hejasjön_624725-143353.dzi ... upload error (manifest): Invalid key: svar/zips/Hejasj_n/624725-143353-kartor/web/tiles-3-5901_Hejasjön_624725-143353.dzi
[1062/4303] svar/zips/Helgasj_n/630764-143570-kartor/web/tiles-1-0148_Helgasjön_630764-143570.dzi ... upload error (manifest): Invalid key: svar/zips/Helgasj_n/630764-143570-kartor/web/tiles-1-0148_Helgasjön_630764-143570.dzi
[1063/4303] svar/zips/Helgasj_n/630764-143570-kartor/web/tiles-2-0159_Helgasjön_630764-143570.dzi ... upload error (manifest): Invalid key: svar/zips/Helgasj_n/630764-143570-kartor/web/tiles-2-0159_Helgasjön_630764-143570.dzi
[1064/4303] svar/zips/Helgasj_n/631663-140982-kartor/web/tiles-2-1058_Helgasjön_631663-140982.dzi ... upload error (manifest): Invalid key: svar/zips/Helgasj_n/631663-140982-kartor/web/tiles-2-1058_Helgasjön_631663-140982.dzi
[1065/4303] svar/zips/Helgasj_n/631663-140982-kartor/web/tiles-3-3414_Helgasjön_631663-140982.dzi ... upload error (manifest): Invalid key: svar/zips/Helgasj_n/631663-140982-kartor/web/tiles-3-3414_Helgasjön_631663-140982.dzi
[1066/4303] svar/zips/Helsj_n/636522-129475-kartor/web/tiles-3-4769_Helsjön_636522-129475.dzi ... upload error (manifest): Invalid key: svar/zips/Helsj_n/636522-129475-kartor/web/tiles-3-4769_Helsjön_636522-129475.dzi
[1067/4303] svar/zips/Hemgylet/624664-143622-kartor/web/tiles-3-5902_Hemgylet_624664-143622.dzi ... done • ETA ~ 5m 27s
[1068/4303] svar/zips/Hemg_len/641963-149141-kartor/web/tiles-3-0721_Hemgölen_641963-149141.dzi ... upload error (manifest): Invalid key: svar/zips/Hemg_len/641963-149141-kartor/web/tiles-3-0721_Hemgölen_641963-149141.dzi
[1069/4303] svar/zips/Hemmesj_sj_n/630324-144790-kartor/web/tiles-3-0799_Hemmesjösjön_630324-144790.dzi ... upload error (manifest): Invalid key: svar/zips/Hemmesj_sj_n/630324-144790-kartor/web/tiles-3-0799_Hemmesjösjön_630324-144790.dzi
[1070/4303] svar/zips/Hemsj_n/623782-144307-kartor/web/tiles-3-5979_Hemsjön_623782-144307.dzi ... upload error (manifest): Invalid key: svar/zips/Hemsj_n/623782-144307-kartor/web/tiles-3-5979_Hemsjön_623782-144307.dzi
[1071/4303] svar/zips/Hemsj_n/624392-143069-kartor/web/tiles-3-2633_Hemsjön_624392-143069.dzi ... upload error (manifest): Invalid key: svar/zips/Hemsj_n/624392-143069-kartor/web/tiles-3-2633_Hemsjön_624392-143069.dzi
[1072/4303] svar/zips/Hemsj_n/624604-145084-kartor/web/tiles-3-5980_Hemsjön_624604-145084.dzi ... upload error (manifest): Invalid key: svar/zips/Hemsj_n/624604-145084-kartor/web/tiles-3-5980_Hemsjön_624604-145084.dzi
[1073/4303] svar/zips/Hemsj_n/624646-144291-kartor/web/tiles-3-5977_Hemsjön_624646-144291.dzi ... upload error (manifest): Invalid key: svar/zips/Hemsj_n/624646-144291-kartor/web/tiles-3-5977_Hemsjön_624646-144291.dzi
[1074/4303] svar/zips/Hemsj_n/624720-144553-kartor/web/tiles-3-5978_Hemsjön_624720-144553.dzi ... upload error (manifest): Invalid key: svar/zips/Hemsj_n/624720-144553-kartor/web/tiles-3-5978_Hemsjön_624720-144553.dzi
[1075/4303] svar/zips/Hemsj_n/627354-150470-kartor/web/tiles-5-0447a_Hemsjön_627354-150470.dzi ... upload error (manifest): Invalid key: svar/zips/Hemsj_n/627354-150470-kartor/web/tiles-5-0447a_Hemsjön_627354-150470.dzi
[1076/4303] svar/zips/Hemsj_n/627354-150470-kartor/web/tiles-5-0447b_Hemsjön_627354-150470.dzi ... upload error (manifest): Invalid key: svar/zips/Hemsj_n/627354-150470-kartor/web/tiles-5-0447b_Hemsjön_627354-150470.dzi
[1077/4303] svar/zips/Hemsj_n/633842-149497-kartor/web/tiles-3-3770_Hemsjön_633842-149497b.dzi ... upload error (manifest): Invalid key: svar/zips/Hemsj_n/633842-149497-kartor/web/tiles-3-3770_Hemsjön_633842-149497b.dzi
[1078/4303] svar/zips/Hemsj_n/636509-153335-kartor/web/tiles-2-0338_Hemsjön_636509-153335.dzi ... upload error (manifest): Invalid key: svar/zips/Hemsj_n/636509-153335-kartor/web/tiles-2-0338_Hemsjön_636509-153335.dzi
[1079/4303] svar/zips/Hemsj_n/637337-152682-kartor/web/tiles-0-0116_Hemsjön_637337-152682.dzi ... upload error (manifest): Invalid key: svar/zips/Hemsj_n/637337-152682-kartor/web/tiles-0-0116_Hemsjön_637337-152682.dzi
[1080/4303] svar/zips/Hemsj_n/639488-146647-kartor/web/tiles-3-2917_Hemsjön_639488-146647.dzi ... upload error (manifest): Invalid key: svar/zips/Hemsj_n/639488-146647-kartor/web/tiles-3-2917_Hemsjön_639488-146647.dzi
[1081/4303] svar/zips/Hemsj_n/640781-131832-kartor/web/tiles-2-0381_Hemsjön_640781-131832a.dzi ... upload error (manifest): Invalid key: svar/zips/Hemsj_n/640781-131832-kartor/web/tiles-2-0381_Hemsjön_640781-131832a.dzi
[1082/4303] svar/zips/Hemsj_n/640781-131832-kartor/web/tiles-2-0381_Hemsjön_640781-131832b.dzi ... upload error (manifest): Invalid key: svar/zips/Hemsj_n/640781-131832-kartor/web/tiles-2-0381_Hemsjön_640781-131832b.dzi
[1083/4303] svar/zips/Hemsj_n/641869-149645-kartor/web/tiles-3-0722_Hemsjön_641869-149645.dzi ... upload error (manifest): Invalid key: svar/zips/Hemsj_n/641869-149645-kartor/web/tiles-3-0722_Hemsjön_641869-149645.dzi
[1084/4303] svar/zips/Hemtr_sket/655605-165242-kartor/web/tiles-3-2183_Hemträsket_655605-165242.dzi ... upload error (manifest): Invalid key: svar/zips/Hemtr_sket/655605-165242-kartor/web/tiles-3-2183_Hemträsket_655605-165242.dzi
[1085/4303] svar/zips/Hensj_n/633104-133822-kartor/web/tiles-3-2548_Hensjön_633104-133822.dzi ... upload error (manifest): Invalid key: svar/zips/Hensj_n/633104-133822-kartor/web/tiles-3-2548_Hensjön_633104-133822.dzi
[1086/4303] svar/zips/Hermanssj_/634900-146759-kartor/web/tiles-3-3330_Hermanssjö_634900-146759.dzi ... upload error (manifest): Invalid key: svar/zips/Hermanssj_/634900-146759-kartor/web/tiles-3-3330_Hermanssjö_634900-146759.dzi
[1087/4303] svar/zips/Herrestadsj_n/634225-138425-kartor/web/tiles-3-2923_Herrestadsjön_634225-138425.dzi ... upload error (manifest): Invalid key: svar/zips/Herrestadsj_n/634225-138425-kartor/web/tiles-3-2923_Herrestadsjön_634225-138425.dzi
[1088/4303] svar/zips/Herr_tr_sk/654243-162774-kartor/web/tiles-3-2330_Herröträsk_ 654243-162774.dzi ... upload error (manifest): Invalid key: svar/zips/Herr_tr_sk/654243-162774-kartor/web/tiles-3-2330_Herröträsk_ 654243-162774.dzi
[1089/4303] svar/zips/Hesj_n/636330-149874-kartor/web/tiles-3-2309_Hesjön_636330-149874.dzi ... upload error (manifest): Invalid key: svar/zips/Hesj_n/636330-149874-kartor/web/tiles-3-2309_Hesjön_636330-149874.dzi
[1090/4303] svar/zips/Hestersg_l/636031-145941-kartor/web/tiles-3-3331_Hestergöl_636031-145941.dzi ... upload error (manifest): Invalid key: svar/zips/Hestersg_l/636031-145941-kartor/web/tiles-3-3331_Hestergöl_636031-145941.dzi
[1091/4303] svar/zips/Hestrasj_n/633573-134452-kartor/web/tiles-3-5128_Hestrasjön_633573-134452.dzi ... upload error (manifest): Invalid key: svar/zips/Hestrasj_n/633573-134452-kartor/web/tiles-3-5128_Hestrasjön_633573-134452.dzi
[1092/4303] svar/zips/Hinnasj_n/630605-144655-kartor/web/tiles-3-2943_Hinnasjön_630605-144655.dzi ... upload error (manifest): Invalid key: svar/zips/Hinnasj_n/630605-144655-kartor/web/tiles-3-2943_Hinnasjön_630605-144655.dzi
[1093/4303] svar/zips/Hivattnet/652579-129246-kartor/web/tiles-1-0146_Hivattnet_652579-129246.dzi ... done • ETA ~ 5m 23s
[1094/4303] svar/zips/Hjorten/639557-150056-kartor/web/tiles-3-3633_Hjorten_639557-150056.dzi ... done • ETA ~ 5m 23s
[1095/4303] svar/zips/Hjorten/639619-148265-kartor/web/tiles-2-0357_Hjorten_639619-148266.dzi ... done • ETA ~ 5m 23s
[1096/4303] svar/zips/Hjorten/640273-154440-kartor/web/tiles-1-0206_Hjorten_640273-154440.dzi ... done • ETA ~ 5m 23s
[1097/4303] svar/zips/Hjortesj_n/635388-148457-kartor/web/tiles-2-1092_Hjortesjön_635388-148457.dzi ... upload error (manifest): Invalid key: svar/zips/Hjortesj_n/635388-148457-kartor/web/tiles-2-1092_Hjortesjön_635388-148457.dzi
[1098/4303] svar/zips/Hjortesj_n/635388-148457-kartor/web/tiles-3-2308_Hjortesjön_635388-148457.dzi ... upload error (manifest): Invalid key: svar/zips/Hjortesj_n/635388-148457-kartor/web/tiles-3-2308_Hjortesjön_635388-148457.dzi
[1099/4303] svar/zips/Hjortserydsj_n/628924-135375-kartor/web/tiles-3-0838_Hjortserydsjön_628924-135375.dzi ... upload error (manifest): Invalid key: svar/zips/Hjortserydsj_n/628924-135375-kartor/web/tiles-3-0838_Hjortserydsjön_628924-135375.dzi
[1100/4303] svar/zips/Hjortsj_n/624894-146895-kartor/web/tiles-3-2790_Hjortsjön_624894-146895.dzi ... upload error (manifest): Invalid key: svar/zips/Hjortsj_n/624894-146895-kartor/web/tiles-3-2790_Hjortsjön_624894-146895.dzi
[1101/4303] svar/zips/Hj_lmsj_n/624216-134515-kartor/web/tiles-3-2784_Hjälmsjön_624216-134515a.dzi ... upload error (manifest): Invalid key: svar/zips/Hj_lmsj_n/624216-134515-kartor/web/tiles-3-2784_Hjälmsjön_624216-134515a.dzi
[1102/4303] svar/zips/Hj_lmsj_n/624216-134515-kartor/web/tiles-3-2784_Hjälmsjön_624216-134515b.dzi ... upload error (manifest): Invalid key: svar/zips/Hj_lmsj_n/624216-134515-kartor/web/tiles-3-2784_Hjälmsjön_624216-134515b.dzi
[1103/4303] svar/zips/Hj_lm_krasj_n/635354-143980-kartor/web/tiles-3-3332_Hjälmåkrasjön_635354-143980.dzi ... upload error (manifest): Invalid key: svar/zips/Hj_lm_krasj_n/635354-143980-kartor/web/tiles-3-3332_Hjälmåkrasjön_635354-143980.dzi
[1104/4303] svar/zips/Hj_lten/638963-147247-kartor/web/tiles-3-2440_Hjälten_638963-147247.dzi ... upload error (manifest): Invalid key: svar/zips/Hj_lten/638963-147247-kartor/web/tiles-3-2440_Hjälten_638963-147247.dzi
[1105/4303] svar/zips/Hj_rtasj_n/625269-140569-kartor/web/tiles-3-2189_Hjärtasjön_625269-140569.dzi ... upload error (manifest): Invalid key: svar/zips/Hj_rtasj_n/625269-140569-kartor/web/tiles-3-2189_Hjärtasjön_625269-140569.dzi
[1106/4303] svar/zips/Hj_rtasj_n/625269-140569-kartor/web/tiles-3-6574_Hjärtasjön_625269-140569.dzi ... upload error (manifest): Invalid key: svar/zips/Hj_rtasj_n/625269-140569-kartor/web/tiles-3-6574_Hjärtasjön_625269-140569.dzi
[1107/4303] svar/zips/Hj_rtasj_n/635461-145821-kartor/web/tiles-3-3560_Hjärtasjön_635461-145821.dzi ... upload error (manifest): Invalid key: svar/zips/Hj_rtasj_n/635461-145821-kartor/web/tiles-3-3560_Hjärtasjön_635461-145821.dzi
[1108/4303] svar/zips/Hj_rtasj_n/653265-147385-kartor/web/tiles-3-3422_Hjärtasjön_653265-147385.dzi ... upload error (manifest): Invalid key: svar/zips/Hj_rtasj_n/653265-147385-kartor/web/tiles-3-3422_Hjärtasjön_653265-147385.dzi
[1109/4303] svar/zips/Hj_rtsj_n/632371-147279-kartor/web/tiles-3-0756_Hjärtsjön_632371-147279.dzi ... upload error (manifest): Invalid key: svar/zips/Hj_rtsj_n/632371-147279-kartor/web/tiles-3-0756_Hjärtsjön_632371-147279.dzi
[1110/4303] svar/zips/Hj_rtsj_n/632515-146675-kartor/web/tiles-3-4700_Hjärtsjön_632515-146675.dzi ... upload error (manifest): Invalid key: svar/zips/Hj_rtsj_n/632515-146675-kartor/web/tiles-3-4700_Hjärtsjön_632515-146675.dzi
[1111/4303] svar/zips/Hojag_l/634057-144257-kartor/web/tiles-3-6362_Hojagöl_634057-144257.dzi ... upload error (manifest): Invalid key: svar/zips/Hojag_l/634057-144257-kartor/web/tiles-3-6362_Hojagöl_634057-144257.dzi
[1112/4303] svar/zips/Hokasj_n/638030-140802-kartor/web/tiles-2-0972_Hokasjön_638030-140802.dzi ... upload error (manifest): Invalid key: svar/zips/Hokasj_n/638030-140802-kartor/web/tiles-2-0972_Hokasjön_638030-140802.dzi
[1113/4303] svar/zips/Hokasj_n/638030-140802-kartor/web/tiles-3-2446_Hokasjön_638030-140802.dzi ... upload error (manifest): Invalid key: svar/zips/Hokasj_n/638030-140802-kartor/web/tiles-3-2446_Hokasjön_638030-140802.dzi
[1114/4303] svar/zips/Holken/633162-133666-kartor/web/tiles-3-5123_Holken_633162-133666a.dzi ... done • ETA ~ 5m 21s
[1115/4303] svar/zips/Holken/633162-133666-kartor/web/tiles-3-5123_Holken_633162-133666b.dzi ... done • ETA ~ 5m 21s
[1116/4303] svar/zips/Holkesj_n/625265-143285-kartor/web/tiles-3-5981_Holkesjön_625265-143285.dzi ... upload error (manifest): Invalid key: svar/zips/Holkesj_n/625265-143285-kartor/web/tiles-3-5981_Holkesjön_625265-143285.dzi
[1117/4303] svar/zips/Holmasj_n/633395-144593-kartor/web/tiles-3-4701_Holmasjön_633395-144593.dzi ... upload error (manifest): Invalid key: svar/zips/Holmasj_n/633395-144593-kartor/web/tiles-3-4701_Holmasjön_633395-144593.dzi
[1118/4303] svar/zips/Holmasj_n/635322-147072-kartor/web/tiles-2-0310_Holmasjön_635322-147072.dzi ... upload error (manifest): Invalid key: svar/zips/Holmasj_n/635322-147072-kartor/web/tiles-2-0310_Holmasjön_635322-147072.dzi
[1119/4303] svar/zips/Holmasj_n/637076-146544-kartor/web/tiles-3-3561_Holmasjön_637076-146544.dzi ... upload error (manifest): Invalid key: svar/zips/Holmasj_n/637076-146544-kartor/web/tiles-3-3561_Holmasjön_637076-146544.dzi
[1120/4303] svar/zips/Holmeshultasj_n/634447-144024-kartor/web/tiles-3-1699_Holmeshultasjön_634447-144024.dzi ... upload error (manifest): Invalid key: svar/zips/Holmeshultasj_n/634447-144024-kartor/web/tiles-3-1699_Holmeshultasjön_634447-144024.dzi
[1121/4303] svar/zips/Holmeshultasj_n/634447-144024-kartor/web/tiles-3-2955_Holmeshultasjön_634447-144024.dzi ... upload error (manifest): Invalid key: svar/zips/Holmeshultasj_n/634447-144024-kartor/web/tiles-3-2955_Holmeshultasjön_634447-144024.dzi
[1122/4303] svar/zips/Holmesj_n/641981-128433-kartor/web/tiles-3-0945_Holmesjön_641981-128433.dzi ... upload error (manifest): Invalid key: svar/zips/Holmesj_n/641981-128433-kartor/web/tiles-3-0945_Holmesjön_641981-128433.dzi
[1123/4303] svar/zips/Holmesj_n/641981-128433-kartor/web/tiles-3-0948_Holmesjön_641981-128433.dzi ... upload error (manifest): Invalid key: svar/zips/Holmesj_n/641981-128433-kartor/web/tiles-3-0948_Holmesjön_641981-128433.dzi
[1124/4303] svar/zips/Holmesj_n/649064-127101-kartor/web/tiles-3-2476_Holmesjön_649064-127101.dzi ... upload error (manifest): Invalid key: svar/zips/Holmesj_n/649064-127101-kartor/web/tiles-3-2476_Holmesjön_649064-127101.dzi
[1125/4303] svar/zips/Holmevatten/651426-126308-kartor/web/tiles-3-3200_Holmevatten_651426-126308.dzi ... done • ETA ~ 5m 19s
[1126/4303] svar/zips/Holmevattnet/644180-129623-kartor/web/tiles-3-4517_Holmevatten_644180-129623.dzi ... done • ETA ~ 5m 21s
[1127/4303] svar/zips/Holmevattnet/648919-127056-kartor/web/tiles-3-2472_Holmevattnet_648919-127056.dzi ... done • ETA ~ 5m 21s
[1128/4303] svar/zips/Holmevattnet/654164-127869-kartor/web/tiles-3-4802_Holmevattnet_654164-127869.dzi ... done • ETA ~ 5m 21s
[1129/4303] svar/zips/Holmserydsj_n/639598-144535-kartor/web/tiles-3-2430_Holmserydssjön_639598-144535.dzi ... upload error (manifest): Invalid key: svar/zips/Holmserydsj_n/639598-144535-kartor/web/tiles-3-2430_Holmserydssjön_639598-144535.dzi
[1130/4303] svar/zips/Holmsj_n/624611-144588-kartor/web/tiles-3-5982_Holmsjön_624611-144588.dzi ... upload error (manifest): Invalid key: svar/zips/Holmsj_n/624611-144588-kartor/web/tiles-3-5982_Holmsjön_624611-144588.dzi
[1131/4303] svar/zips/Holmsj_n/633247-132683-kartor/web/tiles-3-5184_Holmsjön_633247-132683a.dzi ... upload error (manifest): Invalid key: svar/zips/Holmsj_n/633247-132683-kartor/web/tiles-3-5184_Holmsjön_633247-132683a.dzi
[1132/4303] svar/zips/Holmsj_n/633247-132683-kartor/web/tiles-3-5184_Holmsjön_633247-132683b.dzi ... upload error (manifest): Invalid key: svar/zips/Holmsj_n/633247-132683-kartor/web/tiles-3-5184_Holmsjön_633247-132683b.dzi
[1133/4303] svar/zips/Holmsj_n/633247-132683-kartor/web/tiles-3-5184_Holmsjön_633247-132683c.dzi ... upload error (manifest): Invalid key: svar/zips/Holmsj_n/633247-132683-kartor/web/tiles-3-5184_Holmsjön_633247-132683c.dzi
[1134/4303] svar/zips/Holmsj_n/633247-132683-kartor/web/tiles-3-6703_Holmsjön_633247-132683.dzi ... upload error (manifest): Invalid key: svar/zips/Holmsj_n/633247-132683-kartor/web/tiles-3-6703_Holmsjön_633247-132683.dzi
[1135/4303] svar/zips/Holmsj_n/636703-149444-kartor/web/tiles-3-2306_Holmsjön_636703-149444.dzi ... upload error (manifest): Invalid key: svar/zips/Holmsj_n/636703-149444-kartor/web/tiles-3-2306_Holmsjön_636703-149444.dzi
[1136/4303] svar/zips/Holmsj_n/637881-139092-kartor/web/tiles-3-5245_Holmsjön_637881-139092.dzi ... upload error (manifest): Invalid key: svar/zips/Holmsj_n/637881-139092-kartor/web/tiles-3-5245_Holmsjön_637881-139092.dzi
[1137/4303] svar/zips/Holmsj_n/638042-132813-kartor/web/tiles-3-5580_Holmsjön_638042-132813.dzi ... upload error (manifest): Invalid key: svar/zips/Holmsj_n/638042-132813-kartor/web/tiles-3-5580_Holmsjön_638042-132813.dzi
[1138/4303] svar/zips/Holmsj_n/638797-150902-kartor/web/tiles-3-3642_Holmsjön_638797-150902.dzi ... upload error (manifest): Invalid key: svar/zips/Holmsj_n/638797-150902-kartor/web/tiles-3-3642_Holmsjön_638797-150902.dzi
[1139/4303] svar/zips/Holmsj_n/639516-154317-kartor/web/tiles-3-3240_Holmsjön_639516-154317.dzi ... upload error (manifest): Invalid key: svar/zips/Holmsj_n/639516-154317-kartor/web/tiles-3-3240_Holmsjön_639516-154317.dzi
[1140/4303] svar/zips/Holmsj_n/642733-152946-kartor/web/tiles-3-3394_Holmsjön_642733-152946.dzi ... upload error (manifest): Invalid key: svar/zips/Holmsj_n/642733-152946-kartor/web/tiles-3-3394_Holmsjön_642733-152946.dzi
[1141/4303] svar/zips/Holmsj_n/643618-151864-kartor/web/tiles-2-0320_Holmsjön_643618-151864.dzi ... upload error (manifest): Invalid key: svar/zips/Holmsj_n/643618-151864-kartor/web/tiles-2-0320_Holmsjön_643618-151864.dzi
[1142/4303] svar/zips/Holmsj_n/651757-146744-kartor/web/tiles-3-2989_Holmsjön_651757-146744.dzi ... upload error (manifest): Invalid key: svar/zips/Holmsj_n/651757-146744-kartor/web/tiles-3-2989_Holmsjön_651757-146744.dzi
[1143/4303] svar/zips/Holmsj_n/652478-149119-kartor/web/tiles-3-2907_Holmsjön_652478-149119.dzi ... upload error (manifest): Invalid key: svar/zips/Holmsj_n/652478-149119-kartor/web/tiles-3-2907_Holmsjön_652478-149119.dzi
[1144/4303] svar/zips/Holmsj_n/656265-156662-kartor/web/tiles-3-3274_Holmsjön_656265-156662.dzi ... upload error (manifest): Invalid key: svar/zips/Holmsj_n/656265-156662-kartor/web/tiles-3-3274_Holmsjön_656265-156662.dzi
[1145/4303] svar/zips/Holmsj_n/656331-153939-kartor/web/tiles-3-1769_Holmsjön_656331-153939.dzi ... upload error (manifest): Invalid key: svar/zips/Holmsj_n/656331-153939-kartor/web/tiles-3-1769_Holmsjön_656331-153939.dzi
[1146/4303] svar/zips/Holmsj_n/656405-153263-kartor/web/tiles-3-1768_Holmsjön_656405-153263.dzi ... upload error (manifest): Invalid key: svar/zips/Holmsj_n/656405-153263-kartor/web/tiles-3-1768_Holmsjön_656405-153263.dzi
[1147/4303] svar/zips/Holsj_n/636887-132651-kartor/web/tiles-2-0242_Holsjön_636887-132651.dzi ... upload error (manifest): Invalid key: svar/zips/Holsj_n/636887-132651-kartor/web/tiles-2-0242_Holsjön_636887-132651.dzi
[1148/4303] svar/zips/Holsj_n/636887-132651-kartor/web/tiles-3-0883_Holsjön_636887-132651.dzi ... upload error (manifest): Invalid key: svar/zips/Holsj_n/636887-132651-kartor/web/tiles-3-0883_Holsjön_636887-132651.dzi
[1149/4303] svar/zips/Holsj_n/636887-132651-kartor/web/tiles-3-6641_Holsjön_636887-132651.dzi ... upload error (manifest): Invalid key: svar/zips/Holsj_n/636887-132651-kartor/web/tiles-3-6641_Holsjön_636887-132651.dzi
[1150/4303] svar/zips/Hornasj_n/640473-129112-kartor/web/tiles-3-0954_Hornasjön_640473-129112.dzi ... upload error (manifest): Invalid key: svar/zips/Hornasj_n/640473-129112-kartor/web/tiles-3-0954_Hornasjön_640473-129112.dzi
[1151/4303] svar/zips/Hornasj_n/640473-129112-kartor/web/tiles-3-0955_Hornasjön_640473-129112.dzi ... upload error (manifest): Invalid key: svar/zips/Hornasj_n/640473-129112-kartor/web/tiles-3-0955_Hornasjön_640473-129112.dzi
[1152/4303] svar/zips/Hornbetasj_n/635929-135425-kartor/web/tiles-3-4860_Hornbetasjön_635929-135425.dzi ... upload error (manifest): Invalid key: svar/zips/Hornbetasj_n/635929-135425-kartor/web/tiles-3-4860_Hornbetasjön_635929-135425.dzi
[1153/4303] svar/zips/Hornboresj_n/651633-126411-kartor/web/tiles-0-0109_Hornboresjön_651633-126411.dzi ... upload error (manifest): Invalid key: svar/zips/Hornboresj_n/651633-126411-kartor/web/tiles-0-0109_Hornboresjön_651633-126411.dzi
[1154/4303] svar/zips/Hornborgasj_n/646918-136677-kartor/web/tiles-3-1509_Hornborgasjön_646918-136677.dzi ... upload error (manifest): Invalid key: svar/zips/Hornborgasj_n/646918-136677-kartor/web/tiles-3-1509_Hornborgasjön_646918-136677.dzi
[1155/4303] svar/zips/Hornen/624368-147542-kartor/web/tiles-3-5283_Hornen_624368-147542.dzi ... done • ETA ~ 5m 18s
[1156/4303] svar/zips/Hornsj_n/624180-135764-kartor/web/tiles-2-1038_Hornsjön_624180-135764.dzi ... upload error (manifest): Invalid key: svar/zips/Hornsj_n/624180-135764-kartor/web/tiles-2-1038_Hornsjön_624180-135764.dzi
[1157/4303] svar/zips/Hornsj_n/643004-139492-kartor/web/tiles-5-0022_Hornsjön_643004-139492.dzi ... upload error (manifest): Invalid key: svar/zips/Hornsj_n/643004-139492-kartor/web/tiles-5-0022_Hornsjön_643004-139492.dzi
[1158/4303] svar/zips/Horsasj_n/624702-146757-kartor/web/tiles-3-2810_Horsasjön_624702-146757.dzi ... upload error (manifest): Invalid key: svar/zips/Horsasj_n/624702-146757-kartor/web/tiles-3-2810_Horsasjön_624702-146757.dzi
[1159/4303] svar/zips/Horsebergasj_n/633743-151085-kartor/web/tiles-3-3774_Horsebergasjön_633743-151085a.dzi ... upload error (manifest): Invalid key: svar/zips/Horsebergasj_n/633743-151085-kartor/web/tiles-3-3774_Horsebergasjön_633743-151085a.dzi
[1160/4303] svar/zips/Horsfj_rden/645048-150492-kartor/web/tiles-0-0188_Horsfjärden_645048-150492.dzi ... upload error (manifest): Invalid key: svar/zips/Horsfj_rden/645048-150492-kartor/web/tiles-0-0188_Horsfjärden_645048-150492.dzi
[1161/4303] svar/zips/Horveg_len/633860-152752-kartor/web/tiles-3-2750_Horvegölen_633860-152752.dzi ... upload error (manifest): Invalid key: svar/zips/Horveg_len/633860-152752-kartor/web/tiles-3-2750_Horvegölen_633860-152752.dzi
[1162/4303] svar/zips/Hosj_/653700-125254-kartor/web/tiles-3-3993_Hosjö_653700-125254.dzi ... upload error (manifest): Invalid key: svar/zips/Hosj_/653700-125254-kartor/web/tiles-3-3993_Hosjö_653700-125254.dzi
[1163/4303] svar/zips/Hovg_l/643877-143641-kartor/web/tiles-3-2596_Hovgöl_643877-143641.dzi ... upload error (manifest): Invalid key: svar/zips/Hovg_l/643877-143641-kartor/web/tiles-3-2596_Hovgöl_643877-143641.dzi
[1164/4303] svar/zips/Hovrasj_n/651914-156881-kartor/web/tiles-3-4682_Hovrasjön_651914-156881a.dzi ... upload error (manifest): Invalid key: svar/zips/Hovrasj_n/651914-156881-kartor/web/tiles-3-4682_Hovrasjön_651914-156881a.dzi
[1165/4303] svar/zips/Hovrasj_n/651914-156881-kartor/web/tiles-3-4682_Hovrasjön_651914-156881b.dzi ... upload error (manifest): Invalid key: svar/zips/Hovrasj_n/651914-156881-kartor/web/tiles-3-4682_Hovrasjön_651914-156881b.dzi
[1166/4303] svar/zips/Hovrasj_n/651914-156881-kartor/web/tiles-3-4682_Hovrasjön_651914-156881c.dzi ... upload error (manifest): Invalid key: svar/zips/Hovrasj_n/651914-156881-kartor/web/tiles-3-4682_Hovrasjön_651914-156881c.dzi
[1167/4303] svar/zips/Hubbestadsj_n/636254-140890-kartor/web/tiles-3-2435_Hubbestadsjön_636254-140890.dzi ... upload error (manifest): Invalid key: svar/zips/Hubbestadsj_n/636254-140890-kartor/web/tiles-3-2435_Hubbestadsjön_636254-140890.dzi
[1168/4303] svar/zips/Hulingen/636866-150376-kartor/web/tiles-3-0750_Hulingen_636866-150376a.dzi ... done • ETA ~ 5m 16s
[1169/4303] svar/zips/Hulingen/636866-150376-kartor/web/tiles-3-0750_Hulingen_636866-150376b.dzi ... done • ETA ~ 5m 16s
[1170/4303] svar/zips/Hulingen/636866-150376-kartor/web/tiles-3-0750_Hulingen_636866-150376c.dzi ... done • ETA ~ 5m 16s
[1171/4303] svar/zips/Hulingen/636866-150376-kartor/web/tiles-3-0750_Hulingen_636866-150376d.dzi ... done • ETA ~ 5m 16s
[1172/4303] svar/zips/Hulingen/636866-150376-kartor/web/tiles-3-0750_Hulingen_636866-150376e.dzi ... done • ETA ~ 5m 16s
[1173/4303] svar/zips/Hulingen/636866-150376-kartor/web/tiles-3-1779_Hulingen_636866-150376.dzi ... done • ETA ~ 5m 16s
[1174/4303] svar/zips/Hullsj_n/646802-129905-kartor/web/tiles-3-1993_Hullsjön_646802-129905.dzi ... upload error (manifest): Invalid key: svar/zips/Hullsj_n/646802-129905-kartor/web/tiles-3-1993_Hullsjön_646802-129905.dzi
[1175/4303] svar/zips/Hultasj_n/624757-134951-kartor/web/tiles-3-2956_Hultasjön_624757-134951.dzi ... upload error (manifest): Invalid key: svar/zips/Hultasj_n/624757-134951-kartor/web/tiles-3-2956_Hultasjön_624757-134951.dzi
[1176/4303] svar/zips/Hultasj_n/633267-143371-kartor/web/tiles-3-2949_Hultasjön_633267-143371.dzi ... upload error (manifest): Invalid key: svar/zips/Hultasj_n/633267-143371-kartor/web/tiles-3-2949_Hultasjön_633267-143371.dzi
[1177/4303] svar/zips/Hultasj_n/634804-129198-kartor/web/tiles-3-2242_Hultasjön_634804-129198.dzi ... upload error (manifest): Invalid key: svar/zips/Hultasj_n/634804-129198-kartor/web/tiles-3-2242_Hultasjön_634804-129198.dzi
[1178/4303] svar/zips/Hultasj_n/634804-129198-kartor/web/tiles-3-6438_Hultasjön_634804-129198.dzi ... upload error (manifest): Invalid key: svar/zips/Hultasj_n/634804-129198-kartor/web/tiles-3-6438_Hultasjön_634804-129198.dzi
[1179/4303] svar/zips/Hultasj_n/637170-142000-kartor/web/tiles-3-5608_Hultasjön_637170-142000.dzi ... upload error (manifest): Invalid key: svar/zips/Hultasj_n/637170-142000-kartor/web/tiles-3-5608_Hultasjön_637170-142000.dzi
[1180/4303] svar/zips/Hultasj_n/642904-128883-kartor/web/tiles-3-4736_Hultasjön_642904-128883.dzi ... upload error (manifest): Invalid key: svar/zips/Hultasj_n/642904-128883-kartor/web/tiles-3-4736_Hultasjön_642904-128883.dzi
[1181/4303] svar/zips/Hultebr_an/627971-149852-kartor/web/tiles-5-0525b_Hultebräan_627971-14985.dzi ... upload error (manifest): Invalid key: svar/zips/Hultebr_an/627971-149852-kartor/web/tiles-5-0525b_Hultebräan_627971-14985.dzi
[1182/4303] svar/zips/Hultegl_nn/635663-153331-kartor/web/tiles-0-0114_Hulteglänn_635663-153331.dzi ... upload error (manifest): Invalid key: svar/zips/Hultegl_nn/635663-153331-kartor/web/tiles-0-0114_Hulteglänn_635663-153331.dzi
[1183/4303] svar/zips/Hultegl_nn/635663-153331-kartor/web/tiles-3-1942_Hulteglänn_635663-153331.dzi ... upload error (manifest): Invalid key: svar/zips/Hultegl_nn/635663-153331-kartor/web/tiles-3-1942_Hulteglänn_635663-153331.dzi
[1184/4303] svar/zips/Hultemaren/635336-149433-kartor/web/tiles-3-3792_Hultemaren_635336-149433a.dzi ... done • ETA ~ 5m 16s
[1185/4303] svar/zips/Hultemaren/635336-149433-kartor/web/tiles-3-3792_Hultemaren_635336-149433b.dzi ... done • ETA ~ 5m 16s
[1186/4303] svar/zips/Hultsj_n/635075-152677-kartor/web/tiles-1-0229_Hultsjön_635075-152677.dzi ... upload error (manifest): Invalid key: svar/zips/Hultsj_n/635075-152677-kartor/web/tiles-1-0229_Hultsjön_635075-152677.dzi
[1187/4303] svar/zips/Hultsj_n/635375-143515-kartor/web/tiles-3-3333_Hultsjön_635375-143515.dzi ... upload error (manifest): Invalid key: svar/zips/Hultsj_n/635375-143515-kartor/web/tiles-3-3333_Hultsjön_635375-143515.dzi
[1188/4303] svar/zips/Hultsj_n/649454-148247-kartor/web/tiles-3-3002_Hultsjön_649454-148247.dzi ... upload error (manifest): Invalid key: svar/zips/Hultsj_n/649454-148247-kartor/web/tiles-3-3002_Hultsjön_649454-148247.dzi
[1189/4303] svar/zips/Hultsj_n/654323-131198-kartor/web/tiles-3-1172_Hultsjön_654323-131198.dzi ... upload error (manifest): Invalid key: svar/zips/Hultsj_n/654323-131198-kartor/web/tiles-3-1172_Hultsjön_654323-131198.dzi
[1190/4303] svar/zips/Hultsn_sesj_n/632361-151857-kartor/web/tiles-3-1938_Hultsnäsesjön_632361-151857.dzi ... upload error (manifest): Invalid key: svar/zips/Hultsn_sesj_n/632361-151857-kartor/web/tiles-3-1938_Hultsnäsesjön_632361-151857.dzi
[1191/4303] svar/zips/Humlesj_n/623847-136162-kartor/web/tiles-2-0999_Humlesjön_623847-136162.dzi ... upload error (manifest): Invalid key: svar/zips/Humlesj_n/623847-136162-kartor/web/tiles-2-0999_Humlesjön_623847-136162.dzi
[1192/4303] svar/zips/Hummeln/636162-152826-kartor/web/tiles-2-0395_Hummeln_636162-152826a.dzi ... done • ETA ~ 5m 15s
[1193/4303] svar/zips/Hummeln/636162-152826-kartor/web/tiles-2-0395_Hummeln_636162-152826b.dzi ... done • ETA ~ 5m 15s
[1194/4303] svar/zips/Hummeln/636162-152826-kartor/web/tiles-3-1943_Hummeln_636162-152826.dzi ... done • ETA ~ 5m 15s
[1195/4303] svar/zips/Humsj_n/633280-130129-kartor/web/tiles-3-2839_Humsjön_633280-130129.dzi ... upload error (manifest): Invalid key: svar/zips/Humsj_n/633280-130129-kartor/web/tiles-3-2839_Humsjön_633280-130129.dzi
[1196/4303] svar/zips/Humsj_n/650061-142276-kartor/web/tiles-5-0942_Humsjön_650061-142276.dzi ... upload error (manifest): Invalid key: svar/zips/Humsj_n/650061-142276-kartor/web/tiles-5-0942_Humsjön_650061-142276.dzi
[1197/4303] svar/zips/Hundeln/637093-152755-kartor/web/tiles-3-3506_Hundeln_637093-152755.dzi ... done • ETA ~ 5m 15s
[1198/4303] svar/zips/Hundsj_n/634477-142319-kartor/web/tiles-3-4018_Hundsjön_634477-142319.dzi ... upload error (manifest): Invalid key: svar/zips/Hundsj_n/634477-142319-kartor/web/tiles-3-4018_Hundsjön_634477-142319.dzi
[1199/4303] svar/zips/Hundsj_n/644143-130151-kartor/web/tiles-3-4524_Hundsjön_644143-130151.dzi ... upload error (manifest): Invalid key: svar/zips/Hundsj_n/644143-130151-kartor/web/tiles-3-4524_Hundsjön_644143-130151.dzi
[1200/4303] svar/zips/Hundsj_n/644143-130151-kartor/web/tiles-3-6550_Hundsjön_644143-130151.dzi ... upload error (manifest): Invalid key: svar/zips/Hundsj_n/644143-130151-kartor/web/tiles-3-6550_Hundsjön_644143-130151.dzi
[1201/4303] svar/zips/Hunesj_/628389-133243-kartor/web/tiles-3-4690_Hunesjö_628389-133243.dzi ... upload error (manifest): Invalid key: svar/zips/Hunesj_/628389-133243-kartor/web/tiles-3-4690_Hunesjö_628389-133243.dzi
[1202/4303] svar/zips/Hungern/639439-131441-kartor/web/tiles-2-0385_Hungern_639439-131441a.dzi ... done • ETA ~ 5m 14s
[1203/4303] svar/zips/Hungern/639439-131441-kartor/web/tiles-2-0385_Hungern_639439-131441b.dzi ... done • ETA ~ 5m 14s
[1204/4303] svar/zips/Hunsn_sen/639412-145078-kartor/web/tiles-3-4590_Hunsnäsen_639412-145078.dzi ... upload error (manifest): Invalid key: svar/zips/Hunsn_sen/639412-145078-kartor/web/tiles-3-4590_Hunsnäsen_639412-145078.dzi
[1205/4303] svar/zips/Hurven/633911-134035-kartor/web/tiles-2-0403_Hurven_633911-134035.dzi ... done • ETA ~ 5m 14s
[1206/4303] svar/zips/Husebotj_rnen/654716-124874-kartor/web/tiles-3-1561_Husebotjärnet_654716-124874.dzi ... upload error (manifest): Invalid key: svar/zips/Husebotj_rnen/654716-124874-kartor/web/tiles-3-1561_Husebotjärnet_654716-124874.dzi
[1207/4303] svar/zips/Husebotj_rnen/654716-124874-kartor/web/tiles-3-1758_Husebotjärnet_654716-124874.dzi ... upload error (manifest): Invalid key: svar/zips/Husebotj_rnen/654716-124874-kartor/web/tiles-3-1758_Husebotjärnet_654716-124874.dzi
[1208/4303] svar/zips/Husetj_rn/655057-127267-kartor/web/tiles-3-4801_Husetjärn_655057-127267.dzi ... upload error (manifest): Invalid key: svar/zips/Husetj_rn/655057-127267-kartor/web/tiles-3-4801_Husetjärn_655057-127267.dzi
[1209/4303] svar/zips/Husetj_rn/655998-128353-kartor/web/tiles-3-1716_Husetjärn_655998-128353.dzi ... upload error (manifest): Invalid key: svar/zips/Husetj_rn/655998-128353-kartor/web/tiles-3-1716_Husetjärn_655998-128353.dzi
[1210/4303] svar/zips/Husetj_rnet/651384-127415-kartor/web/tiles-3-2560_Husetjärnet_651384-127415.dzi ... upload error (manifest): Invalid key: svar/zips/Husetj_rnet/651384-127415-kartor/web/tiles-3-2560_Husetjärnet_651384-127415.dzi
[1211/4303] svar/zips/Husevattnet/652464-126251-kartor/web/tiles-3-1747_Husevattnet_652464-126251.dzi ... done • ETA ~ 5m 13s
[1212/4303] svar/zips/Husg_lsstacken/625575-148449-kartor/web/tiles-3-2398_Husgölsstacken_625575-148449.dzi ... upload error (manifest): Invalid key: svar/zips/Husg_lsstacken/625575-148449-kartor/web/tiles-3-2398_Husgölsstacken_625575-148449.dzi
[1213/4303] svar/zips/Husg_rdessj_n/647609-137150-kartor/web/tiles-3-1510_Husgärdessjön_647609-137150.dzi ... upload error (manifest): Invalid key: svar/zips/Husg_rdessj_n/647609-137150-kartor/web/tiles-3-1510_Husgärdessjön_647609-137150.dzi
[1214/4303] svar/zips/Hus_ren/625234-144950-kartor/web/tiles-3-2961_Husören_625234-144950.dzi ... upload error (manifest): Invalid key: svar/zips/Hus_ren/625234-144950-kartor/web/tiles-3-2961_Husören_625234-144950.dzi
[1215/4303] svar/zips/Hyllen/627285-144615-kartor/web/tiles-3-0790_Hyllen_627285-144615.dzi ... done • ETA ~ 5m 13s
[1216/4303] svar/zips/Hyllsj_n/629554-146452-kartor/web/tiles-2-0991_Hyllsjön_629554-146452.dzi ... upload error (manifest): Invalid key: svar/zips/Hyllsj_n/629554-146452-kartor/web/tiles-2-0991_Hyllsjön_629554-146452.dzi
[1217/4303] svar/zips/Hyltasj_n/636545-151015-kartor/web/tiles-3-3753_Hyltasjön_636545-151015a.dzi ... upload error (manifest): Invalid key: svar/zips/Hyltasj_n/636545-151015-kartor/web/tiles-3-3753_Hyltasjön_636545-151015a.dzi
[1218/4303] svar/zips/Hyltasj_n/636545-151015-kartor/web/tiles-3-3753_Hyltasjön_636545-151015b.dzi ... upload error (manifest): Invalid key: svar/zips/Hyltasj_n/636545-151015-kartor/web/tiles-3-3753_Hyltasjön_636545-151015b.dzi
[1219/4303] svar/zips/Hylte_Sj_/632465-132994-kartor/web/tiles-3-4718_Hylte sjö_632465-132994.dzi ... upload error (manifest): Invalid key: svar/zips/Hylte_Sj_/632465-132994-kartor/web/tiles-3-4718_Hylte sjö_632465-132994.dzi
[1220/4303] svar/zips/Hyssingen/633470-144975-kartor/web/tiles-3-3942_Hyssingen_633470-144975.dzi ... done • ETA ~ 5m 12s
[1221/4303] svar/zips/H_ckebergasj_n/616410-134992-kartor/web/tiles-2-0172_Häckebergasjön_616410-134992.dzi ... upload error (manifest): Invalid key: svar/zips/H_ckebergasj_n/616410-134992-kartor/web/tiles-2-0172_Häckebergasjön_616410-134992.dzi
[1222/4303] svar/zips/H_ckebergasj_n/616410-134992-kartor/web/tiles-3-1986_Häckebergasjön_616410-134992.dzi ... upload error (manifest): Invalid key: svar/zips/H_ckebergasj_n/616410-134992-kartor/web/tiles-3-1986_Häckebergasjön_616410-134992.dzi
[1223/4303] svar/zips/H_cksj_n/641294-128872-kartor/web/tiles-2-0197_Häcksjön_641294-128872.dzi ... upload error (manifest): Invalid key: svar/zips/H_cksj_n/641294-128872-kartor/web/tiles-2-0197_Häcksjön_641294-128872.dzi
[1224/4303] svar/zips/H_gakullasj_n/638652-144329-kartor/web/tiles-3-5193_Högakullasjön_638652-144329.dzi ... upload error (manifest): Invalid key: svar/zips/H_gakullasj_n/638652-144329-kartor/web/tiles-3-5193_Högakullasjön_638652-144329.dzi
[1225/4303] svar/zips/H_gern/636700-152662-kartor/web/tiles-1-0238_Hägern_636700-152662.dzi ... upload error (manifest): Invalid key: svar/zips/H_gern/636700-152662-kartor/web/tiles-1-0238_Hägern_636700-152662.dzi
[1226/4303] svar/zips/H_gesj_/651490-129594-kartor/web/tiles-3-2487_Högesjö_651490-129594.dzi ... upload error (manifest): Invalid key: svar/zips/H_gesj_/651490-129594-kartor/web/tiles-3-2487_Högesjö_651490-129594.dzi
[1227/4303] svar/zips/H_ggatorpag_len/635384-143211-kartor/web/tiles-3-5601_Häggatorpagölen_635384-143211.dzi ... upload error (manifest): Invalid key: svar/zips/H_ggatorpag_len/635384-143211-kartor/web/tiles-3-5601_Häggatorpagölen_635384-143211.dzi
[1228/4303] svar/zips/H_gger_dvatten/646902-126130-kartor/web/tiles-3-4246_Höggeröd vatten_646902-126130.dzi ... upload error (manifest): Invalid key: svar/zips/H_gger_dvatten/646902-126130-kartor/web/tiles-3-4246_Höggeröd vatten_646902-126130.dzi
[1229/4303] svar/zips/H_ghulta_Sj_/632712-132629-kartor/web/tiles-3-6441_Höghulta sjö_632712-132629.dzi ... upload error (manifest): Invalid key: svar/zips/H_ghulta_Sj_/632712-132629-kartor/web/tiles-3-6441_Höghulta sjö_632712-132629.dzi
[1230/4303] svar/zips/H_ghulta_Sj_/632712-132629-kartor/web/tiles-5-1006_Höghulta sjö_632712-132629.dzi ... upload error (manifest): Invalid key: svar/zips/H_ghulta_Sj_/632712-132629-kartor/web/tiles-5-1006_Höghulta sjö_632712-132629.dzi
[1231/4303] svar/zips/H_gnasj_n/639540-138493-kartor/web/tiles-3-5726_Hägnasjön_639540-138493.dzi ... upload error (manifest): Invalid key: svar/zips/H_gnasj_n/639540-138493-kartor/web/tiles-3-5726_Hägnasjön_639540-138493.dzi
[1232/4303] svar/zips/H_gshultasj_n/633076-134117-kartor/web/tiles-2-0576_Högshultasjön_633076-134117a.dzi ... upload error (manifest): Invalid key: svar/zips/H_gshultasj_n/633076-134117-kartor/web/tiles-2-0576_Högshultasjön_633076-134117a.dzi
[1233/4303] svar/zips/H_gshultasj_n/633076-134117-kartor/web/tiles-2-0576_Högshultasjön_633076-134117b.dzi ... upload error (manifest): Invalid key: svar/zips/H_gshultasj_n/633076-134117-kartor/web/tiles-2-0576_Högshultasjön_633076-134117b.dzi
[1234/4303] svar/zips/H_gsj_n/635387-131653-kartor/web/tiles-3-6360_Högsjön_635387-131653.dzi ... upload error (manifest): Invalid key: svar/zips/H_gsj_n/635387-131653-kartor/web/tiles-3-6360_Högsjön_635387-131653.dzi
[1235/4303] svar/zips/H_gsj_n/635387-131653-kartor/web/tiles-5-1007_Högsjön_635387-131653.dzi ... upload error (manifest): Invalid key: svar/zips/H_gsj_n/635387-131653-kartor/web/tiles-5-1007_Högsjön_635387-131653.dzi
[1236/4303] svar/zips/H_gsj_n/641860-128402-kartor/web/tiles-3-0946_Högsjön_641860-128402.dzi ... upload error (manifest): Invalid key: svar/zips/H_gsj_n/641860-128402-kartor/web/tiles-3-0946_Högsjön_641860-128402.dzi
[1237/4303] svar/zips/H_gsj_n/641860-128402-kartor/web/tiles-3-0949_Högsjön_641860-128402.dzi ... upload error (manifest): Invalid key: svar/zips/H_gsj_n/641860-128402-kartor/web/tiles-3-0949_Högsjön_641860-128402.dzi
[1238/4303] svar/zips/H_gsj_n/642428-128791-kartor/web/tiles-3-4735_Högsjön_642428-128791.dzi ... upload error (manifest): Invalid key: svar/zips/H_gsj_n/642428-128791-kartor/web/tiles-3-4735_Högsjön_642428-128791.dzi
[1239/4303] svar/zips/H_gsj_n/643540-129722-kartor/web/tiles-3-0963_Högsjön_643540-129722.dzi ... upload error (manifest): Invalid key: svar/zips/H_gsj_n/643540-129722-kartor/web/tiles-3-0963_Högsjön_643540-129722.dzi
[1240/4303] svar/zips/H_kasj_/638840-134257-kartor/web/tiles-3-4851_Hökasjö_638840-134257.dzi ... upload error (manifest): Invalid key: svar/zips/H_kasj_/638840-134257-kartor/web/tiles-3-4851_Hökasjö_638840-134257.dzi
[1241/4303] svar/zips/H_kasj_n/632741-148388-kartor/web/tiles-3-6385_Hökasjön_632741-148388.dzi ... upload error (manifest): Invalid key: svar/zips/H_kasj_n/632741-148388-kartor/web/tiles-3-6385_Hökasjön_632741-148388.dzi
[1242/4303] svar/zips/H_kasj_n/634158-143920-kartor/web/tiles-3-4702_Hökasjön_634158-143920.dzi ... upload error (manifest): Invalid key: svar/zips/H_kasj_n/634158-143920-kartor/web/tiles-3-4702_Hökasjön_634158-143920.dzi
[1243/4303] svar/zips/H_kasj_n/637192-146323-kartor/web/tiles-3-3943_Hökasjön_637192-146323.dzi ... upload error (manifest): Invalid key: svar/zips/H_kasj_n/637192-146323-kartor/web/tiles-3-3943_Hökasjön_637192-146323.dzi
[1244/4303] svar/zips/H_kasj_n/637350-142191-kartor/web/tiles-3-5552_Hökasjön_637350-142191.dzi ... upload error (manifest): Invalid key: svar/zips/H_kasj_n/637350-142191-kartor/web/tiles-3-5552_Hökasjön_637350-142191.dzi
[1245/4303] svar/zips/H_kasj_n/639539-145496-kartor/web/tiles-3-5197_Hökasjön_639539-145496.dzi ... upload error (manifest): Invalid key: svar/zips/H_kasj_n/639539-145496-kartor/web/tiles-3-5197_Hökasjön_639539-145496.dzi
[1246/4303] svar/zips/H_kelundssj_n/653004-125699-kartor/web/tiles-3-1996_Hökelundssjön_653004-125699.dzi ... upload error (manifest): Invalid key: svar/zips/H_kelundssj_n/653004-125699-kartor/web/tiles-3-1996_Hökelundssjön_653004-125699.dzi
[1247/4303] svar/zips/H_kesj_n/639047-149701-kartor/web/tiles-3-3705_Hökesjön_639047-149701.dzi ... upload error (manifest): Invalid key: svar/zips/H_kesj_n/639047-149701-kartor/web/tiles-3-3705_Hökesjön_639047-149701.dzi
[1248/4303] svar/zips/H_kesj_n/642099-139212-kartor/web/tiles-5-0025_Hökesjön_642099-139212.dzi ... upload error (manifest): Invalid key: svar/zips/H_kesj_n/642099-139212-kartor/web/tiles-5-0025_Hökesjön_642099-139212.dzi
[1249/4303] svar/zips/H_kforssj_n/637484-152881-kartor/web/tiles-2-0348_Hökforssjön_637484-152881.dzi ... upload error (manifest): Invalid key: svar/zips/H_kforssj_n/637484-152881-kartor/web/tiles-2-0348_Hökforssjön_637484-152881.dzi
[1250/4303] svar/zips/H_kg_l/641056-151044-kartor/web/tiles-3-3626_Hökgöl_641056-151044.dzi ... upload error (manifest): Invalid key: svar/zips/H_kg_l/641056-151044-kartor/web/tiles-3-3626_Hökgöl_641056-151044.dzi
[1251/4303] svar/zips/H_kg_l/641167-152912-kartor/web/tiles-3-3243_Hökgöl_641167-152912.dzi ... upload error (manifest): Invalid key: svar/zips/H_kg_l/641167-152912-kartor/web/tiles-3-3243_Hökgöl_641167-152912.dzi
[1252/4303] svar/zips/H_ksj_n/651466-146213-kartor/web/tiles-2-0135_Höksjön_651466-146213.dzi ... upload error (manifest): Invalid key: svar/zips/H_ksj_n/651466-146213-kartor/web/tiles-2-0135_Höksjön_651466-146213.dzi
[1253/4303] svar/zips/H_lasj_n/640069-132477-kartor/web/tiles-3-3892_Hälasjön_640069-132477a.dzi ... upload error (manifest): Invalid key: svar/zips/H_lasj_n/640069-132477-kartor/web/tiles-3-3892_Hälasjön_640069-132477a.dzi
[1254/4303] svar/zips/H_lasj_n/640069-132477-kartor/web/tiles-3-3892_Hälasjön_640069-132477b.dzi ... upload error (manifest): Invalid key: svar/zips/H_lasj_n/640069-132477-kartor/web/tiles-3-3892_Hälasjön_640069-132477b.dzi
[1255/4303] svar/zips/H_leresj_n/646068-127870-kartor/web/tiles-2-1127_Håleresjön_646068-127870.dzi ... upload error (manifest): Invalid key: svar/zips/H_leresj_n/646068-127870-kartor/web/tiles-2-1127_Håleresjön_646068-127870.dzi
[1256/4303] svar/zips/H_letj_rn/648695-126940-kartor/web/tiles-3-3073_Håletjärn_648695-126940.dzi ... upload error (manifest): Invalid key: svar/zips/H_letj_rn/648695-126940-kartor/web/tiles-3-3073_Håletjärn_648695-126940.dzi
[1257/4303] svar/zips/H_ljer_dsj_n/646694-127235-kartor/web/tiles-3-3471_Häljerödsjön_646694-127235.dzi ... upload error (manifest): Invalid key: svar/zips/H_ljer_dsj_n/646694-127235-kartor/web/tiles-3-3471_Häljerödsjön_646694-127235.dzi
[1258/4303] svar/zips/H_llebosj_n/655015-147856-kartor/web/tiles-3-6721_Hällebosjön_655015-147856.dzi ... upload error (manifest): Invalid key: svar/zips/H_llebosj_n/655015-147856-kartor/web/tiles-3-6721_Hällebosjön_655015-147856.dzi
[1259/4303] svar/zips/H_llemaren/635303-149823-kartor/web/tiles-3-3794_Hällemaren_635303-149823a.dzi ... upload error (manifest): Invalid key: svar/zips/H_llemaren/635303-149823-kartor/web/tiles-3-3794_Hällemaren_635303-149823a.dzi
[1260/4303] svar/zips/H_llemaren/635303-149823-kartor/web/tiles-3-3794_Hällemaren_635303-149823b.dzi ... upload error (manifest): Invalid key: svar/zips/H_llemaren/635303-149823-kartor/web/tiles-3-3794_Hällemaren_635303-149823b.dzi
[1261/4303] svar/zips/H_llesj_/637188-138337-kartor/web/tiles-3-4286_Hällsjö_637188-138337.dzi ... upload error (manifest): Invalid key: svar/zips/H_llesj_/637188-138337-kartor/web/tiles-3-4286_Hällsjö_637188-138337.dzi
[1262/4303] svar/zips/H_llesj_n/640003-153876-kartor/web/tiles-3-3293_Hällesjön_640003-153876.dzi ... upload error (manifest): Invalid key: svar/zips/H_llesj_n/640003-153876-kartor/web/tiles-3-3293_Hällesjön_640003-153876.dzi
[1263/4303] svar/zips/H_llesj_n-H_ljen/635372-131553-kartor/web/tiles-3-4724_Hällesjön-Höljen_635372-131553.dzi ... upload error (manifest): Invalid key: svar/zips/H_llesj_n-H_ljen/635372-131553-kartor/web/tiles-3-4724_Hällesjön-Höljen_635372-131553.dzi
[1264/4303] svar/zips/H_lletj_rnet/652430-126642-kartor/web/tiles-3-3078_Hälletjärnet_652430-126642.dzi ... upload error (manifest): Invalid key: svar/zips/H_lletj_rnet/652430-126642-kartor/web/tiles-3-3078_Hälletjärnet_652430-126642.dzi
[1265/4303] svar/zips/H_llg_l/640921-153348-kartor/web/tiles-3-3248_Hällgöl_640921-153348.dzi ... upload error (manifest): Invalid key: svar/zips/H_llg_l/640921-153348-kartor/web/tiles-3-3248_Hällgöl_640921-153348.dzi
[1266/4303] svar/zips/H_llsj_n/638800-152287-kartor/web/tiles-3-3697_Hällsjön_638800-152287.dzi ... upload error (manifest): Invalid key: svar/zips/H_llsj_n/638800-152287-kartor/web/tiles-3-3697_Hällsjön_638800-152287.dzi
[1267/4303] svar/zips/H_llsj_n/639406-153215-kartor/web/tiles-3-1934_Hällsjön_639406-153215.dzi ... upload error (manifest): Invalid key: svar/zips/H_llsj_n/639406-153215-kartor/web/tiles-3-1934_Hällsjön_639406-153215.dzi
[1268/4303] svar/zips/H_llsj_n/639650-129646-kartor/web/tiles-3-0914_Hällsjön_639650-129646.dzi ... upload error (manifest): Invalid key: svar/zips/H_llsj_n/639650-129646-kartor/web/tiles-3-0914_Hällsjön_639650-129646.dzi
[1269/4303] svar/zips/H_llsj_n/640536-131550-kartor/web/tiles-2-0840_Hällsjön_640536-131550.dzi ... upload error (manifest): Invalid key: svar/zips/H_llsj_n/640536-131550-kartor/web/tiles-2-0840_Hällsjön_640536-131550.dzi
[1270/4303] svar/zips/H_llsj_n/641979-128213-kartor/web/tiles-3-0971_Hållsjön_641979-128213.dzi ... upload error (manifest): Invalid key: svar/zips/H_llsj_n/641979-128213-kartor/web/tiles-3-0971_Hållsjön_641979-128213.dzi
[1271/4303] svar/zips/H_llsj_n/643039-151734-kartor/web/tiles-3-3399_Hällsjön_643039-151734.dzi ... upload error (manifest): Invalid key: svar/zips/H_llsj_n/643039-151734-kartor/web/tiles-3-3399_Hällsjön_643039-151734.dzi
[1272/4303] svar/zips/H_lsingen/643801-130140-kartor/web/tiles-3-6628_Hälsingen_643801-130140.dzi ... upload error (manifest): Invalid key: svar/zips/H_lsingen/643801-130140-kartor/web/tiles-3-6628_Hälsingen_643801-130140.dzi
[1273/4303] svar/zips/H_lsj_n/631550-132213-kartor/web/tiles-3-5206_Hålsjön_631550-132213a.dzi ... upload error (manifest): Invalid key: svar/zips/H_lsj_n/631550-132213-kartor/web/tiles-3-5206_Hålsjön_631550-132213a.dzi
[1274/4303] svar/zips/H_lsj_n/631550-132213-kartor/web/tiles-3-5206_Hålsjön_631550-132213b.dzi ... upload error (manifest): Invalid key: svar/zips/H_lsj_n/631550-132213-kartor/web/tiles-3-5206_Hålsjön_631550-132213b.dzi
[1275/4303] svar/zips/H_lsj_n/631550-132213-kartor/web/tiles-3-5206_Hålsjön_631550-132213c.dzi ... upload error (manifest): Invalid key: svar/zips/H_lsj_n/631550-132213-kartor/web/tiles-3-5206_Hålsjön_631550-132213c.dzi
[1276/4303] svar/zips/H_lsj_n/631550-132213-kartor/web/tiles-3-5206_Hålsjön_631550-132213d.dzi ... upload error (manifest): Invalid key: svar/zips/H_lsj_n/631550-132213-kartor/web/tiles-3-5206_Hålsjön_631550-132213d.dzi
[1277/4303] svar/zips/H_lsj_n/644046-129143-kartor/web/tiles-3-4516_Hålsjön_644046-129143.dzi ... upload error (manifest): Invalid key: svar/zips/H_lsj_n/644046-129143-kartor/web/tiles-3-4516_Hålsjön_644046-129143.dzi
[1278/4303] svar/zips/H_ltesj_n/643815-127429-kartor/web/tiles-3-1528_Håltesjön_643815-127429.dzi ... upload error (manifest): Invalid key: svar/zips/H_ltesj_n/643815-127429-kartor/web/tiles-3-1528_Håltesjön_643815-127429.dzi
[1279/4303] svar/zips/H_ltesj_n/643815-127429-kartor/web/tiles-3-3987_Håltesjön_643815-127429.dzi ... upload error (manifest): Invalid key: svar/zips/H_ltesj_n/643815-127429-kartor/web/tiles-3-3987_Håltesjön_643815-127429.dzi
[1280/4303] svar/zips/H_ltorpssj_n/642749-128081-kartor/web/tiles-3-0970_Hältorpssjön_642749-128081.dzi ... upload error (manifest): Invalid key: svar/zips/H_ltorpssj_n/642749-128081-kartor/web/tiles-3-0970_Hältorpssjön_642749-128081.dzi
[1281/4303] svar/zips/H_lvetten/652527-152999-kartor/web/tiles-3-5618_Hålvetten_652527-152999.dzi ... upload error (manifest): Invalid key: svar/zips/H_lvetten/652527-152999-kartor/web/tiles-3-5618_Hålvetten_652527-152999.dzi
[1282/4303] svar/zips/H_mten/638944-144777-kartor/web/tiles-3-2427_Hämten_638944-144777.dzi ... upload error (manifest): Invalid key: svar/zips/H_mten/638944-144777-kartor/web/tiles-3-2427_Hämten_638944-144777.dzi
[1283/4303] svar/zips/H_ngbrunnen/623947-147424-kartor/web/tiles-0-0087_Hängbrunnen_623947-147424.dzi ... upload error (manifest): Invalid key: svar/zips/H_ngbrunnen/623947-147424-kartor/web/tiles-0-0087_Hängbrunnen_623947-147424.dzi
[1284/4303] svar/zips/H_nstorpasj_n/652978-152834-kartor/web/tiles-3-5622_Hönstorpasjön_652978-152834.dzi ... upload error (manifest): Invalid key: svar/zips/H_nstorpasj_n/652978-152834-kartor/web/tiles-3-5622_Hönstorpasjön_652978-152834.dzi
[1285/4303] svar/zips/H_pplingen/638032-139247-kartor/web/tiles-3-4576_Häpplingen_638032-139247.dzi ... upload error (manifest): Invalid key: svar/zips/H_pplingen/638032-139247-kartor/web/tiles-3-4576_Häpplingen_638032-139247.dzi
[1286/4303] svar/zips/H_pplingen/638032-139247-kartor/web/tiles-3-6286_Häpplingen_638032-139247.dzi ... upload error (manifest): Invalid key: svar/zips/H_pplingen/638032-139247-kartor/web/tiles-3-6286_Häpplingen_638032-139247.dzi
[1287/4303] svar/zips/H_radsj_n/631720-132741-kartor/web/tiles-3-6444_Häradsjön_631720-132741.dzi ... upload error (manifest): Invalid key: svar/zips/H_radsj_n/631720-132741-kartor/web/tiles-3-6444_Häradsjön_631720-132741.dzi
[1288/4303] svar/zips/H_radsj_n/631720-132741-kartor/web/tiles-5-1020_Häradsjön_631720-132741.dzi ... upload error (manifest): Invalid key: svar/zips/H_radsj_n/631720-132741-kartor/web/tiles-5-1020_Häradsjön_631720-132741.dzi
[1289/4303] svar/zips/H_raltasj_n/629450-134092-kartor/web/tiles-3-5096_Håraltasjön_629450-134092.dzi ... upload error (manifest): Invalid key: svar/zips/H_raltasj_n/629450-134092-kartor/web/tiles-3-5096_Håraltasjön_629450-134092.dzi
[1290/4303] svar/zips/H_rbillingen/632023-131345-kartor/web/tiles-3-5219_Härbillingen_632023-131345a.dzi ... upload error (manifest): Invalid key: svar/zips/H_rbillingen/632023-131345-kartor/web/tiles-3-5219_Härbillingen_632023-131345a.dzi
[1291/4303] svar/zips/H_rbillingen/632023-131345-kartor/web/tiles-3-5219_Härbillingen_632023-131345b.dzi ... upload error (manifest): Invalid key: svar/zips/H_rbillingen/632023-131345-kartor/web/tiles-3-5219_Härbillingen_632023-131345b.dzi
[1292/4303] svar/zips/H_rbillingen/632023-131345-kartor/web/tiles-3-5219_Härbillingen_632023-131345c.dzi ... upload error (manifest): Invalid key: svar/zips/H_rbillingen/632023-131345-kartor/web/tiles-3-5219_Härbillingen_632023-131345c.dzi
[1293/4303] svar/zips/H_rbillingen/632023-131345-kartor/web/tiles-3-5219_Härbillingen_632023-131345d.dzi ... upload error (manifest): Invalid key: svar/zips/H_rbillingen/632023-131345-kartor/web/tiles-3-5219_Härbillingen_632023-131345d.dzi
[1294/4303] svar/zips/H_rbillingen/632023-131345-kartor/web/tiles-3-6447_Härbillingen_632023-131345.dzi ... upload error (manifest): Invalid key: svar/zips/H_rbillingen/632023-131345-kartor/web/tiles-3-6447_Härbillingen_632023-131345.dzi
[1295/4303] svar/zips/H_rbillingen/632023-131345-kartor/web/tiles-5-1005_Härbillingen_632023-131345.dzi ... upload error (manifest): Invalid key: svar/zips/H_rbillingen/632023-131345-kartor/web/tiles-5-1005_Härbillingen_632023-131345.dzi
[1296/4303] svar/zips/H_rdasj_n/636239-144465-kartor/web/tiles-3-3732_Hårdasjö_636239-144465.dzi ... upload error (manifest): Invalid key: svar/zips/H_rdasj_n/636239-144465-kartor/web/tiles-3-3732_Hårdasjö_636239-144465.dzi
[1297/4303] svar/zips/H_redasj_n/634396-144842-kartor/web/tiles-3-2950_Höredasjön_634396-144842.dzi ... upload error (manifest): Invalid key: svar/zips/H_redasj_n/634396-144842-kartor/web/tiles-3-2950_Höredasjön_634396-144842.dzi
[1298/4303] svar/zips/H_reg_len/639348-143296-kartor/web/tiles-3-1801_Höregölen_639348-143296.dzi ... upload error (manifest): Invalid key: svar/zips/H_reg_len/639348-143296-kartor/web/tiles-3-1801_Höregölen_639348-143296.dzi
[1299/4303] svar/zips/H_ren/635589-137323-kartor/web/tiles-3-2922_Hären_635589-137323.dzi ... upload error (manifest): Invalid key: svar/zips/H_ren/635589-137323-kartor/web/tiles-3-2922_Hären_635589-137323.dzi
[1300/4303] svar/zips/H_ren/635589-137323-kartor/web/tiles-5-0023_Hären_635589-137323.dzi ... upload error (manifest): Invalid key: svar/zips/H_ren/635589-137323-kartor/web/tiles-5-0023_Hären_635589-137323.dzi
[1301/4303] svar/zips/H_resj_n/650993-127726-kartor/web/tiles-3-4840_Häresjön_650993-127726.dzi ... upload error (manifest): Invalid key: svar/zips/H_resj_n/650993-127726-kartor/web/tiles-3-4840_Häresjön_650993-127726.dzi
[1302/4303] svar/zips/H_rlanda_Tj_rn/640428-127568-kartor/web/tiles-3-3969_Härlanda tjärn_640428-127568.dzi ... upload error (manifest): Invalid key: svar/zips/H_rlanda_Tj_rn/640428-127568-kartor/web/tiles-3-3969_Härlanda tjärn_640428-127568.dzi
[1303/4303] svar/zips/H_rnen/624409-147579-kartor/web/tiles-2-0660_Hörnen_624409-147579.dzi ... upload error (manifest): Invalid key: svar/zips/H_rnen/624409-147579-kartor/web/tiles-2-0660_Hörnen_624409-147579.dzi
[1304/4303] svar/zips/H_rningen/640711-148542-kartor/web/tiles-3-3604_Hörningen_640711-148542.dzi ... upload error (manifest): Invalid key: svar/zips/H_rningen/640711-148542-kartor/web/tiles-3-3604_Hörningen_640711-148542.dzi
[1305/4303] svar/zips/H_rsj_n/623607-146053-kartor/web/tiles-2-0696_Härsjön_623607-146054.dzi ... upload error (manifest): Invalid key: svar/zips/H_rsj_n/623607-146053-kartor/web/tiles-2-0696_Härsjön_623607-146054.dzi
[1306/4303] svar/zips/H_rsj_n/624514-136278-kartor/web/tiles-2-1035_Hårsjön_624514-136278.dzi ... upload error (manifest): Invalid key: svar/zips/H_rsj_n/624514-136278-kartor/web/tiles-2-1035_Hårsjön_624514-136278.dzi
[1307/4303] svar/zips/H_rsj_n/638770-130088-kartor/web/tiles-3-1989_Härsjön_638770-130088.dzi ... upload error (manifest): Invalid key: svar/zips/H_rsj_n/638770-130088-kartor/web/tiles-3-1989_Härsjön_638770-130088.dzi
[1308/4303] svar/zips/H_rssj_n/639445-127814-kartor/web/tiles-3-0913_Hårssjön_639445-127814.dzi ... upload error (manifest): Invalid key: svar/zips/H_rssj_n/639445-127814-kartor/web/tiles-3-0913_Hårssjön_639445-127814.dzi
[1309/4303] svar/zips/H_rstensbosj_n/639944-145257-kartor/web/tiles-3-1809_Härstensbosjön_639944-145257.dzi ... upload error (manifest): Invalid key: svar/zips/H_rstensbosj_n/639944-145257-kartor/web/tiles-3-1809_Härstensbosjön_639944-145257.dzi
[1310/4303] svar/zips/H_rstensbosj_n/639944-145257-kartor/web/tiles-3-5290_Härstensbosjön_639944-145257.dzi ... upload error (manifest): Invalid key: svar/zips/H_rstensbosj_n/639944-145257-kartor/web/tiles-3-5290_Härstensbosjön_639944-145257.dzi
[1311/4303] svar/zips/H_rstorpssj_n/623051-146539-kartor/web/tiles-3-0787_Härstorpsjön_623051-146539.dzi ... upload error (manifest): Invalid key: svar/zips/H_rstorpssj_n/623051-146539-kartor/web/tiles-3-0787_Härstorpsjön_623051-146539.dzi
[1312/4303] svar/zips/H_rstorpssj_n/623051-146539-kartor/web/tiles-3-3411_Härstorpssjön_623051-146539.dzi ... upload error (manifest): Invalid key: svar/zips/H_rstorpssj_n/623051-146539-kartor/web/tiles-3-3411_Härstorpssjön_623051-146539.dzi
[1313/4303] svar/zips/H_rsvatten/643914-127698-kartor/web/tiles-3-0938_Härsvattensjön_643914-127698.dzi ... upload error (manifest): Invalid key: svar/zips/H_rsvatten/643914-127698-kartor/web/tiles-3-0938_Härsvattensjön_643914-127698.dzi
[1314/4303] svar/zips/H_rtingen/639512-147035-kartor/web/tiles-3-2918_Hörtingen_639512-147035.dzi ... upload error (manifest): Invalid key: svar/zips/H_rtingen/639512-147035-kartor/web/tiles-3-2918_Hörtingen_639512-147035.dzi
[1315/4303] svar/zips/H_sj_n/633104-136453-kartor/web/tiles-2-0577_Hösjön_633104-136453a.dzi ... upload error (manifest): Invalid key: svar/zips/H_sj_n/633104-136453-kartor/web/tiles-2-0577_Hösjön_633104-136453a.dzi
[1316/4303] svar/zips/H_sj_n/633104-136453-kartor/web/tiles-2-0577_Hösjön_633104-136453b.dzi ... upload error (manifest): Invalid key: svar/zips/H_sj_n/633104-136453-kartor/web/tiles-2-0577_Hösjön_633104-136453b.dzi
[1317/4303] svar/zips/H_sj_n/633104-136453-kartor/web/tiles-2-0577_Hösjön_633104-136453c.dzi ... upload error (manifest): Invalid key: svar/zips/H_sj_n/633104-136453-kartor/web/tiles-2-0577_Hösjön_633104-136453c.dzi
[1318/4303] svar/zips/H_stasj_/634488-148816-kartor/web/tiles-3-3432_Hästasjö_634488-148816.dzi ... upload error (manifest): Invalid key: svar/zips/H_stasj_/634488-148816-kartor/web/tiles-3-3432_Hästasjö_634488-148816.dzi
[1319/4303] svar/zips/H_stasj_n/638961-128839-kartor/web/tiles-3-1851_Hästasjön_638961-128839.dzi ... upload error (manifest): Invalid key: svar/zips/H_stasj_n/638961-128839-kartor/web/tiles-3-1851_Hästasjön_638961-128839.dzi
[1320/4303] svar/zips/H_sthultasj_n/635445-137969-kartor/web/tiles-2-0420_Hästhultasjön_635445-137969.dzi ... upload error (manifest): Invalid key: svar/zips/H_sthultasj_n/635445-137969-kartor/web/tiles-2-0420_Hästhultasjön_635445-137969.dzi
[1321/4303] svar/zips/H_sthultasj_n/635445-137969-kartor/web/tiles-5-0024_Hästhultasjön_635445-137969.dzi ... upload error (manifest): Invalid key: svar/zips/H_sthultasj_n/635445-137969-kartor/web/tiles-5-0024_Hästhultasjön_635445-137969.dzi
[1322/4303] svar/zips/H_stsj_n/640243-143249-kartor/web/tiles-3-4037_Hästsjön_640243-143249.dzi ... upload error (manifest): Invalid key: svar/zips/H_stsj_n/640243-143249-kartor/web/tiles-3-4037_Hästsjön_640243-143249.dzi
[1323/4303] svar/zips/H_vern/647235-151670-kartor/web/tiles-2-1064_Hövern_647235-151670a.dzi ... upload error (manifest): Invalid key: svar/zips/H_vern/647235-151670-kartor/web/tiles-2-1064_Hövern_647235-151670a.dzi
[1324/4303] svar/zips/H_vern/647235-151670-kartor/web/tiles-2-1064_Hövern_647235-151670b.dzi ... upload error (manifest): Invalid key: svar/zips/H_vern/647235-151670-kartor/web/tiles-2-1064_Hövern_647235-151670b.dzi
[1325/4303] svar/zips/Idan_sasj_n/635288-147521-kartor/web/tiles-3-2202_Idanäsasjön_635288-147521.dzi ... upload error (manifest): Invalid key: svar/zips/Idan_sasj_n/635288-147521-kartor/web/tiles-3-2202_Idanäsasjön_635288-147521.dzi
[1326/4303] svar/zips/Idesj_/632412-149134-kartor/web/tiles-3-6336_Idesjö_632412-149134.dzi ... upload error (manifest): Invalid key: svar/zips/Idesj_/632412-149134-kartor/web/tiles-3-6336_Idesjö_632412-149134.dzi
[1327/4303] svar/zips/Igelsj_n/629743-142681-kartor/web/tiles-2-0949_Igelsjön_629743-142681.dzi ... upload error (manifest): Invalid key: svar/zips/Igelsj_n/629743-142681-kartor/web/tiles-2-0949_Igelsjön_629743-142681.dzi
[1328/4303] svar/zips/Igelsj_n/637078-149070-kartor/web/tiles-3-2305_Igelsjön_637078-149070.dzi ... upload error (manifest): Invalid key: svar/zips/Igelsj_n/637078-149070-kartor/web/tiles-3-2305_Igelsjön_637078-149070.dzi
[1329/4303] svar/zips/Iglafallssj_n/651124-143469-kartor/web/tiles-3-6394_Iglafallssjön_651124-143469.dzi ... upload error (manifest): Invalid key: svar/zips/Iglafallssj_n/651124-143469-kartor/web/tiles-3-6394_Iglafallssjön_651124-143469.dzi
[1330/4303] svar/zips/Iglasj_n/624894-150133-kartor/web/tiles-2-1102_Iglasjön_624894-150133.dzi ... upload error (manifest): Invalid key: svar/zips/Iglasj_n/624894-150133-kartor/web/tiles-2-1102_Iglasjön_624894-150133.dzi
[1331/4303] svar/zips/Iglasj_n/624894-150133-kartor/web/tiles-3-3856_Iglasjön_624894-150133a.dzi ... upload error (manifest): Invalid key: svar/zips/Iglasj_n/624894-150133-kartor/web/tiles-3-3856_Iglasjön_624894-150133a.dzi
[1332/4303] svar/zips/Iglasj_n/624894-150133-kartor/web/tiles-3-3856_Iglasjön_624894-150133b.dzi ... upload error (manifest): Invalid key: svar/zips/Iglasj_n/624894-150133-kartor/web/tiles-3-3856_Iglasjön_624894-150133b.dzi
[1333/4303] svar/zips/Iglasj_n/628426-133309-kartor/web/tiles-3-4691_Iglasjön_628426-133309.dzi ... upload error (manifest): Invalid key: svar/zips/Iglasj_n/628426-133309-kartor/web/tiles-3-4691_Iglasjön_628426-133309.dzi
[1334/4303] svar/zips/Iglasj_n/628426-133309-kartor/web/tiles-3-6548_Iglasjön_628426-133309.dzi ... upload error (manifest): Invalid key: svar/zips/Iglasj_n/628426-133309-kartor/web/tiles-3-6548_Iglasjön_628426-133309.dzi
[1335/4303] svar/zips/Iglasj_n/634291-129532-kartor/web/tiles-3-2842_Iglasjön_634291-129532.dzi ... upload error (manifest): Invalid key: svar/zips/Iglasj_n/634291-129532-kartor/web/tiles-3-2842_Iglasjön_634291-129532.dzi
[1336/4303] svar/zips/Iglatj_rn/638669-128748-kartor/web/tiles-3-1849_Iglatjärn_638669-128748.dzi ... upload error (manifest): Invalid key: svar/zips/Iglatj_rn/638669-128748-kartor/web/tiles-3-1849_Iglatjärn_638669-128748.dzi
[1337/4303] svar/zips/Ilasj_n/634609-135507-kartor/web/tiles-3-2080_Ilasjön_634609-135507.dzi ... upload error (manifest): Invalid key: svar/zips/Ilasj_n/634609-135507-kartor/web/tiles-3-2080_Ilasjön_634609-135507.dzi
[1338/4303] svar/zips/Illern/636541-151446-kartor/web/tiles-3-3754_Illern_636541-151446a.dzi ... done • ETA ~ 4m 55s
[1339/4303] svar/zips/Illern/643167-145299-kartor/web/tiles-3-2599_Illern_643167-145299.dzi ... done • ETA ~ 4m 55s
[1340/4303] svar/zips/Iller_sasj_n/636118-135902-kartor/web/tiles-3-5738_Illeråsasjön_636118-135902.dzi ... upload error (manifest): Invalid key: svar/zips/Iller_sasj_n/636118-135902-kartor/web/tiles-3-5738_Illeråsasjön_636118-135902.dzi
[1341/4303] svar/zips/Iller_sasj_n/636118-135902-kartor/web/tiles-5-1046_Illeråsasjön_636118-135902.dzi ... upload error (manifest): Invalid key: svar/zips/Iller_sasj_n/636118-135902-kartor/web/tiles-5-1046_Illeråsasjön_636118-135902.dzi
[1342/4303] svar/zips/Immeln/624180-141251-kartor/web/tiles-1-0133_Immeln_624180-141251.dzi ... done • ETA ~ 4m 56s
[1343/4303] svar/zips/Immeln/624180-141251-kartor/web/tiles-2-0833_Immeln_624180-141251a.dzi ... done • ETA ~ 4m 56s
[1344/4303] svar/zips/Immeln/624180-141251-kartor/web/tiles-2-0833_Immeln_624180-141251b.dzi ... done • ETA ~ 4m 56s
[1345/4303] svar/zips/Immeln/624180-141251-kartor/web/tiles-3-0812_Immeln_624180-141251.dzi ... done • ETA ~ 4m 58s
[1346/4303] svar/zips/Ingarpasj_n/638458-145177-kartor/web/tiles-3-2581_Ingarpsjön_638458-145177.dzi ... upload error (manifest): Invalid key: svar/zips/Ingarpasj_n/638458-145177-kartor/web/tiles-3-2581_Ingarpsjön_638458-145177.dzi
[1347/4303] svar/zips/Ingatorpasj_n/639022-147631-kartor/web/tiles-3-2919_Ingatorpasjön_639022-147631.dzi ... upload error (manifest): Invalid key: svar/zips/Ingatorpasj_n/639022-147631-kartor/web/tiles-3-2919_Ingatorpasjön_639022-147631.dzi
[1348/4303] svar/zips/Ingebosj_n/635132-151419-kartor/web/tiles-2-0335_Ingebosjön_635132-151419.dzi ... upload error (manifest): Invalid key: svar/zips/Ingebosj_n/635132-151419-kartor/web/tiles-2-0335_Ingebosjön_635132-151419.dzi
[1349/4303] svar/zips/Ingelk_rr/642415-128482-kartor/web/tiles-3-4734_Ingelkärr_642415-128482.dzi ... upload error (manifest): Invalid key: svar/zips/Ingelk_rr/642415-128482-kartor/web/tiles-3-4734_Ingelkärr_642415-128482.dzi
[1350/4303] svar/zips/Ingetorps_Sj_/642964-126794-kartor/web/tiles-3-1530_Ingetorps sjö_642964-126794.dzi ... upload error (manifest): Invalid key: svar/zips/Ingetorps_Sj_/642964-126794-kartor/web/tiles-3-1530_Ingetorps sjö_642964-126794.dzi
[1351/4303] svar/zips/Ingsbergssj_n/639242-143433-kartor/web/tiles-3-1798_Ingsbergssjön_639242-143433.dzi ... upload error (manifest): Invalid key: svar/zips/Ingsbergssj_n/639242-143433-kartor/web/tiles-3-1798_Ingsbergssjön_639242-143433.dzi
[1352/4303] svar/zips/Innaren/631978-144393-kartor/web/tiles-0-0103_Innaren_631978-144393.dzi ... done • ETA ~ 4m 59s
[1353/4303] svar/zips/Islandssj_n/650453-125769-kartor/web/tiles-3-3095_Islandsjön_650453-125769.dzi ... upload error (manifest): Invalid key: svar/zips/Islandssj_n/650453-125769-kartor/web/tiles-3-3095_Islandsjön_650453-125769.dzi
[1354/4303] svar/zips/Issj_n/637229-152919-kartor/web/tiles-2-0332_Issjön_637229-152919.dzi ... upload error (manifest): Invalid key: svar/zips/Issj_n/637229-152919-kartor/web/tiles-2-0332_Issjön_637229-152919.dzi
[1355/4303] svar/zips/Issj_n/637229-152919-kartor/web/tiles-3-1940_Issjön_637229-152919.dzi ... upload error (manifest): Invalid key: svar/zips/Issj_n/637229-152919-kartor/web/tiles-3-1940_Issjön_637229-152919.dzi
[1356/4303] svar/zips/Ivarsbosj_n/646448-128017-kartor/web/tiles-3-1548_Ivarsbosjön_646448-128017.dzi ... upload error (manifest): Invalid key: svar/zips/Ivarsbosj_n/646448-128017-kartor/web/tiles-3-1548_Ivarsbosjön_646448-128017.dzi
[1357/4303] svar/zips/Ivarsbosj_n/646448-128017-kartor/web/tiles-3-3533_Ivarsbosjön_646448-128017.dzi ... upload error (manifest): Invalid key: svar/zips/Ivarsbosj_n/646448-128017-kartor/web/tiles-3-3533_Ivarsbosjön_646448-128017.dzi
[1358/4303] svar/zips/Iv_g/653964-129266-kartor/web/tiles-3-1131_Iväg_653964-129266.dzi ... upload error (manifest): Invalid key: svar/zips/Iv_g/653964-129266-kartor/web/tiles-3-1131_Iväg_653964-129266.dzi
[1359/4303] svar/zips/Iv_sj_n/621669-141629-kartor/web/tiles-3-0813_Ivösjön_621669-141629.dzi ... upload error (manifest): Invalid key: svar/zips/Iv_sj_n/621669-141629-kartor/web/tiles-3-0813_Ivösjön_621669-141629.dzi
[1360/4303] svar/zips/Iv_sj_n/621669-141629-kartor/web/tiles-3-0814_Ivösjön_621669-141629.dzi ... upload error (manifest): Invalid key: svar/zips/Iv_sj_n/621669-141629-kartor/web/tiles-3-0814_Ivösjön_621669-141629.dzi
[1361/4303] svar/zips/Iv_sj_n/621669-141629-kartor/web/tiles-3-1979_Ivösjön_621669-141629.dzi ... upload error (manifest): Invalid key: svar/zips/Iv_sj_n/621669-141629-kartor/web/tiles-3-1979_Ivösjön_621669-141629.dzi
[1362/4303] svar/zips/Jansbergssj_n/632525-134351-kartor/web/tiles-2-1030_Jansbergssjön_632525-134351.dzi ... upload error (manifest): Invalid key: svar/zips/Jansbergssj_n/632525-134351-kartor/web/tiles-2-1030_Jansbergssjön_632525-134351.dzi
[1363/4303] svar/zips/Jansbergssj_n/632525-134351-kartor/web/tiles-3-4896_Jansbergssjön_632525-134351.dzi ... upload error (manifest): Invalid key: svar/zips/Jansbergssj_n/632525-134351-kartor/web/tiles-3-4896_Jansbergssjön_632525-134351.dzi
[1364/4303] svar/zips/Jogen/641982-137203-kartor/web/tiles-3-1460_Jogen_641982-137203.dzi ... done • ETA ~ 5m 3s
[1365/4303] svar/zips/Jogen/641982-137203-kartor/web/tiles-3-4785_Jogen_641982-137203.dzi ... done • ETA ~ 5m 3s
[1366/4303] svar/zips/Juddesj_/637632-138580-kartor/web/tiles-3-4290_Juddesjö_637632-138580.dzi ... upload error (manifest): Invalid key: svar/zips/Juddesj_/637632-138580-kartor/web/tiles-3-4290_Juddesjö_637632-138580.dzi
[1367/4303] svar/zips/Juttern/641400-149966-kartor/web/tiles-2-0373_Juttern_641400-149966.dzi ... done • ETA ~ 5m 3s
[1368/4303] svar/zips/Juttersbog_l/641037-151220-kartor/web/tiles-3-3617_Juttersbogöl_641037-151220.dzi ... upload error (manifest): Invalid key: svar/zips/Juttersbog_l/641037-151220-kartor/web/tiles-3-3617_Juttersbogöl_641037-151220.dzi
[1369/4303] svar/zips/Juven/633793-147699-kartor/web/tiles-3-0757_Juven_633793-147699.dzi ... done • ETA ~ 5m 5s
[1370/4303] svar/zips/J_llunden/632375-135738-kartor/web/tiles-3-6598_Jällunden_632375-135738.dzi ... upload error (manifest): Invalid key: svar/zips/J_llunden/632375-135738-kartor/web/tiles-3-6598_Jällunden_632375-135738.dzi
[1371/4303] svar/zips/J_llunden/632375-135738-kartor/web/tiles-3-6599_Jällunden_632375-135738.dzi ... upload error (manifest): Invalid key: svar/zips/J_llunden/632375-135738-kartor/web/tiles-3-6599_Jällunden_632375-135738.dzi
[1372/4303] svar/zips/J_msen/636528-154063-kartor/web/tiles-1-0244_Jämsen_636528-154063.dzi ... upload error (manifest): Invalid key: svar/zips/J_msen/636528-154063-kartor/web/tiles-1-0244_Jämsen_636528-154063.dzi
[1373/4303] svar/zips/J_nnen/634873-140263-kartor/web/tiles-3-6375_Jönnen_634873-140263.dzi ... upload error (manifest): Invalid key: svar/zips/J_nnen/634873-140263-kartor/web/tiles-3-6375_Jönnen_634873-140263.dzi
[1374/4303] svar/zips/J_rnsj_n/636472-148783-kartor/web/tiles-3-2866_Järnsjön_636472-148783.dzi ... upload error (manifest): Invalid key: svar/zips/J_rnsj_n/636472-148783-kartor/web/tiles-3-2866_Järnsjön_636472-148783.dzi
[1375/4303] svar/zips/J_rvasj_n/635967-131940-kartor/web/tiles-3-4770_Järvasjön_635967-131940.dzi ... upload error (manifest): Invalid key: svar/zips/J_rvasj_n/635967-131940-kartor/web/tiles-3-4770_Järvasjön_635967-131940.dzi
[1376/4303] svar/zips/J_ttesj_n/643237-129753-kartor/web/tiles-3-1035_Jättesjön_643237-129753.dzi ... upload error (manifest): Invalid key: svar/zips/J_ttesj_n/643237-129753-kartor/web/tiles-3-1035_Jättesjön_643237-129753.dzi
[1377/4303] svar/zips/Kabbosj_n/651519-129667-kartor/web/tiles-3-1103_Kabbosjön_651519-129667.dzi ... upload error (manifest): Invalid key: svar/zips/Kabbosj_n/651519-129667-kartor/web/tiles-3-1103_Kabbosjön_651519-129667.dzi
[1378/4303] svar/zips/Kallsj_n/635144-144059-kartor/web/tiles-2-0295_Kallsjön_635144-144059.dzi ... upload error (manifest): Invalid key: svar/zips/Kallsj_n/635144-144059-kartor/web/tiles-2-0295_Kallsjön_635144-144059.dzi
[1379/4303] svar/zips/Kalven/625584-145661-kartor/web/tiles-3-3173_Kalven_625584-145661.dzi ... done • ETA ~ 5m 4s
[1380/4303] svar/zips/Kalven/639240-129286-kartor/web/tiles-3-1857_Kalven_639240-129286.dzi ... done • ETA ~ 5m 4s
[1381/4303] svar/zips/Kalven/643224-143726-kartor/web/tiles-3-2600_Kalven_643224-143726.dzi ... done • ETA ~ 5m 4s
[1382/4303] svar/zips/Kalvsj_n/633385-130229-kartor/web/tiles-3-2244_Kalvsjön_633385-130229a.dzi ... upload error (manifest): Invalid key: svar/zips/Kalvsj_n/633385-130229-kartor/web/tiles-3-2244_Kalvsjön_633385-130229a.dzi
[1383/4303] svar/zips/Kalvsj_n/633385-130229-kartor/web/tiles-3-2244_Kalvsjön_633385-130229b.dzi ... upload error (manifest): Invalid key: svar/zips/Kalvsj_n/633385-130229-kartor/web/tiles-3-2244_Kalvsjön_633385-130229b.dzi
[1384/4303] svar/zips/Kalvsj_n/633990-141198-kartor/web/tiles-2-0963_Kalvsjön_633990-141198.dzi ... upload error (manifest): Invalid key: svar/zips/Kalvsj_n/633990-141198-kartor/web/tiles-2-0963_Kalvsjön_633990-141198.dzi
[1385/4303] svar/zips/Kalvsj_n/634282-132160-kartor/web/tiles-3-5221_Kalvsjön_634282-132160a.dzi ... upload error (manifest): Invalid key: svar/zips/Kalvsj_n/634282-132160-kartor/web/tiles-3-5221_Kalvsjön_634282-132160a.dzi
[1386/4303] svar/zips/Kalvsj_n/634282-132160-kartor/web/tiles-3-5221_Kalvsjön_634282-132160b.dzi ... upload error (manifest): Invalid key: svar/zips/Kalvsj_n/634282-132160-kartor/web/tiles-3-5221_Kalvsjön_634282-132160b.dzi
[1387/4303] svar/zips/Kalvsj_n/634282-132160-kartor/web/tiles-3-5221_Kalvsjön_634282-132160c.dzi ... upload error (manifest): Invalid key: svar/zips/Kalvsj_n/634282-132160-kartor/web/tiles-3-5221_Kalvsjön_634282-132160c.dzi
[1388/4303] svar/zips/Kalvsj_n/634991-133494-kartor/web/tiles-2-0191_Kalvsjön_634991-133494.dzi ... upload error (manifest): Invalid key: svar/zips/Kalvsj_n/634991-133494-kartor/web/tiles-2-0191_Kalvsjön_634991-133494.dzi
[1389/4303] svar/zips/Kalvsj_n/638136-154473-kartor/web/tiles-1-0245_Kalvsjön_638136-154473.dzi ... upload error (manifest): Invalid key: svar/zips/Kalvsj_n/638136-154473-kartor/web/tiles-1-0245_Kalvsjön_638136-154473.dzi
[1390/4303] svar/zips/Kalvsj_n/641472-151426-kartor/web/tiles-3-3634_Kalvsjön_641472-151426.dzi ... upload error (manifest): Invalid key: svar/zips/Kalvsj_n/641472-151426-kartor/web/tiles-3-3634_Kalvsjön_641472-151426.dzi
[1391/4303] svar/zips/Kankesj_n/626958-134105-kartor/web/tiles-3-0839_Kankesjön_626958-134105.dzi ... upload error (manifest): Invalid key: svar/zips/Kankesj_n/626958-134105-kartor/web/tiles-3-0839_Kankesjön_626958-134105.dzi
[1392/4303] svar/zips/Kannsj_n/639774-153341-kartor/web/tiles-3-3390_Kannsjön_639774-153341.dzi ... upload error (manifest): Invalid key: svar/zips/Kannsj_n/639774-153341-kartor/web/tiles-3-3390_Kannsjön_639774-153341.dzi
[1393/4303] svar/zips/Kansj_g_len/625250-147118-kartor/web/tiles-3-2851_Kansjögölen_625250-147118.dzi ... upload error (manifest): Invalid key: svar/zips/Kansj_g_len/625250-147118-kartor/web/tiles-3-2851_Kansjögölen_625250-147118.dzi
[1394/4303] svar/zips/Kansj_n/625288-147128-kartor/web/tiles-3-2850_Kansjön_625288-147128.dzi ... upload error (manifest): Invalid key: svar/zips/Kansj_n/625288-147128-kartor/web/tiles-3-2850_Kansjön_625288-147128.dzi
[1395/4303] svar/zips/Kansj_n/639170-142371-kartor/web/tiles-3-1697_Kansjön_639170-142371.dzi ... upload error (manifest): Invalid key: svar/zips/Kansj_n/639170-142371-kartor/web/tiles-3-1697_Kansjön_639170-142371.dzi
[1396/4303] svar/zips/Kansj_n/639170-142371-kartor/web/tiles-3-3874_Kansjö_639170-142371a.dzi ... upload error (manifest): Invalid key: svar/zips/Kansj_n/639170-142371-kartor/web/tiles-3-3874_Kansjö_639170-142371a.dzi
[1397/4303] svar/zips/Kansj_n/639170-142371-kartor/web/tiles-3-3874_Kansjö_639170-142371b.dzi ... upload error (manifest): Invalid key: svar/zips/Kansj_n/639170-142371-kartor/web/tiles-3-3874_Kansjö_639170-142371b.dzi
[1398/4303] svar/zips/Kanterydg_len/624053-147062-kartor/web/tiles-3-2821_Kanterydsgölen_624053-147062.dzi ... upload error (manifest): Invalid key: svar/zips/Kanterydg_len/624053-147062-kartor/web/tiles-3-2821_Kanterydsgölen_624053-147062.dzi
[1399/4303] svar/zips/Karken/636997-133114-kartor/web/tiles-3-4878_Karken_636997-133114.dzi ... done • ETA ~ 5m 2s
[1400/4303] svar/zips/Karlsj_sj_n/635978-146903-kartor/web/tiles-3-3334_Karlsjösjön_635978-146903.dzi ... upload error (manifest): Invalid key: svar/zips/Karlsj_sj_n/635978-146903-kartor/web/tiles-3-3334_Karlsjösjön_635978-146903.dzi
[1401/4303] svar/zips/Karshultasj_n/635248-135732-kartor/web/tiles-3-4583_Karshultasjön_635248-135732.dzi ... upload error (manifest): Invalid key: svar/zips/Karshultasj_n/635248-135732-kartor/web/tiles-3-4583_Karshultasjön_635248-135732.dzi
[1402/4303] svar/zips/Karsj_n/634624-145143-kartor/web/tiles-3-3944_Karsjön_634624-145143.dzi ... upload error (manifest): Invalid key: svar/zips/Karsj_n/634624-145143-kartor/web/tiles-3-3944_Karsjön_634624-145143.dzi
[1403/4303] svar/zips/Karsn_sasj_n/635687-146803-kartor/web/tiles-3-3335_Karsnäsasjön_635687-146803.dzi ... upload error (manifest): Invalid key: svar/zips/Karsn_sasj_n/635687-146803-kartor/web/tiles-3-3335_Karsnäsasjön_635687-146803.dzi
[1404/4303] svar/zips/Karstorpasj_n/647908-138624-kartor/web/tiles-3-2162_Karstorpasjön_647908-138624.dzi ... upload error (manifest): Invalid key: svar/zips/Karstorpasj_n/647908-138624-kartor/web/tiles-3-2162_Karstorpasjön_647908-138624.dzi
[1405/4303] svar/zips/Kasebosj_n/651611-126121-kartor/web/tiles-3-1948_Kasebosjön_651611-126121.dzi ... upload error (manifest): Invalid key: svar/zips/Kasebosj_n/651611-126121-kartor/web/tiles-3-1948_Kasebosjön_651611-126121.dzi
[1406/4303] svar/zips/Kassasj_n/633640-138766-kartor/web/tiles-2-1019_Kassasjön_633640-138766.dzi ... upload error (manifest): Invalid key: svar/zips/Kassasj_n/633640-138766-kartor/web/tiles-2-1019_Kassasjön_633640-138766.dzi
[1407/4303] svar/zips/Kattarpa_Sj_/635604-132790-kartor/web/tiles-3-6636_Kattarpa sjö_635604-132790.dzi ... upload error (manifest): Invalid key: svar/zips/Kattarpa_Sj_/635604-132790-kartor/web/tiles-3-6636_Kattarpa sjö_635604-132790.dzi
[1408/4303] svar/zips/Kiasj_n/633118-149056-kartor/web/tiles-5-0439_Kiasjön_633118-149056a.dzi ... upload error (manifest): Invalid key: svar/zips/Kiasj_n/633118-149056-kartor/web/tiles-5-0439_Kiasjön_633118-149056a.dzi
[1409/4303] svar/zips/Kiasj_n/633118-149056-kartor/web/tiles-5-0439_Kiasjön_633118-149056b.dzi ... upload error (manifest): Invalid key: svar/zips/Kiasj_n/633118-149056-kartor/web/tiles-5-0439_Kiasjön_633118-149056b.dzi
[1410/4303] svar/zips/Kikerudssj_n/649238-126443-kartor/web/tiles-3-2564_Kikerudssjön_649238-126443.dzi ... upload error (manifest): Invalid key: svar/zips/Kikerudssj_n/649238-126443-kartor/web/tiles-3-2564_Kikerudssjön_649238-126443.dzi
[1411/4303] svar/zips/Kilarpesj_n/646077-146961-kartor/web/tiles-3-0723_Kilarpesjön_646077-146961.dzi ... upload error (manifest): Invalid key: svar/zips/Kilarpesj_n/646077-146961-kartor/web/tiles-3-0723_Kilarpesjön_646077-146961.dzi
[1412/4303] svar/zips/Kilen/639197-151249-kartor/web/tiles-3-3624_Kilen_639197-151249.dzi ... done • ETA ~ 5m 0s
[1413/4303] svar/zips/Kinnasj_/634003-131190-kartor/web/tiles-3-5227_Kinnasjö_634003-131190a.dzi ... upload error (manifest): Invalid key: svar/zips/Kinnasj_/634003-131190-kartor/web/tiles-3-5227_Kinnasjö_634003-131190a.dzi
[1414/4303] svar/zips/Kinnasj_/634003-131190-kartor/web/tiles-3-5227_Kinnasjö_634003-131190b.dzi ... upload error (manifest): Invalid key: svar/zips/Kinnasj_/634003-131190-kartor/web/tiles-3-5227_Kinnasjö_634003-131190b.dzi
[1415/4303] svar/zips/Kinnasj_/634003-131190-kartor/web/tiles-3-5227_Kinnasjö_634003-131190c.dzi ... upload error (manifest): Invalid key: svar/zips/Kinnasj_/634003-131190-kartor/web/tiles-3-5227_Kinnasjö_634003-131190c.dzi
[1416/4303] svar/zips/Kinnasj_/634003-131190-kartor/web/tiles-3-5227_Kinnasjö_634003-131190d.dzi ... upload error (manifest): Invalid key: svar/zips/Kinnasj_/634003-131190-kartor/web/tiles-3-5227_Kinnasjö_634003-131190d.dzi
[1417/4303] svar/zips/Kinnasj_/634003-131190-kartor/web/tiles-3-6398_Kinnasjö_634003-131190.dzi ... upload error (manifest): Invalid key: svar/zips/Kinnasj_/634003-131190-kartor/web/tiles-3-6398_Kinnasjö_634003-131190.dzi
[1418/4303] svar/zips/Kinnasj_/634003-131190-kartor/web/tiles-5-1008_Kinnasjö_634003-131190.dzi ... upload error (manifest): Invalid key: svar/zips/Kinnasj_/634003-131190-kartor/web/tiles-5-1008_Kinnasjö_634003-131190.dzi
[1419/4303] svar/zips/Kinnasj_/635736-131583-kartor/web/tiles-3-4771_Kinnasjö_635736-131583.dzi ... upload error (manifest): Invalid key: svar/zips/Kinnasj_/635736-131583-kartor/web/tiles-3-4771_Kinnasjö_635736-131583.dzi
[1420/4303] svar/zips/Kinnen/626240-146544-kartor/web/tiles-3-4703_Kinnen_626240-146544.dzi ... done • ETA ~ 4m 59s
[1421/4303] svar/zips/Kister_d_Vatten/649355-124619-kartor/web/tiles-3-4203_Kisteröd vatten_649355-124619.dzi ... upload error (manifest): Invalid key: svar/zips/Kister_d_Vatten/649355-124619-kartor/web/tiles-3-4203_Kisteröd vatten_649355-124619.dzi
[1422/4303] svar/zips/Klappasj_n/638147-142329-kartor/web/tiles-3-3402_Klappasjön_638147-142329.dzi ... upload error (manifest): Invalid key: svar/zips/Klappasj_n/638147-142329-kartor/web/tiles-3-3402_Klappasjön_638147-142329.dzi
[1423/4303] svar/zips/Klaren/648090-127036-kartor/web/tiles-3-3020_Klaren_648090-127036a.dzi ... done • ETA ~ 4m 58s
[1424/4303] svar/zips/Klaren/648090-127036-kartor/web/tiles-3-3020_Klaren_648090-127036b.dzi ... done • ETA ~ 4m 58s
[1425/4303] svar/zips/Klenem_lag_len/627733-149658-kartor/web/tiles-3-3867_Klenemålagölen_627733-149658a.dzi ... upload error (manifest): Invalid key: svar/zips/Klenem_lag_len/627733-149658-kartor/web/tiles-3-3867_Klenemålagölen_627733-149658a.dzi
[1426/4303] svar/zips/Klenem_lag_len/627733-149658-kartor/web/tiles-3-3867_Klenemålagölen_627733-149658b.dzi ... upload error (manifest): Invalid key: svar/zips/Klenem_lag_len/627733-149658-kartor/web/tiles-3-3867_Klenemålagölen_627733-149658b.dzi
[1427/4303] svar/zips/Kleven/632600-150926-kartor/web/tiles-3-2362_Kleven_632600-150926a.dzi ... done • ETA ~ 4m 58s
[1428/4303] svar/zips/Kleven/632600-150926-kartor/web/tiles-3-2362_Kleven_632600-150926b.dzi ... done • ETA ~ 4m 58s
[1429/4303] svar/zips/Klevvattnet/652410-126462-kartor/web/tiles-3-1737_Klevvattnet_652410-126462.dzi ... done • ETA ~ 4m 58s
[1430/4303] svar/zips/Klingsj_n/637133-141611-kartor/web/tiles-3-4015_Klingsjön_637133-141611.dzi ... upload error (manifest): Invalid key: svar/zips/Klingsj_n/637133-141611-kartor/web/tiles-3-4015_Klingsjön_637133-141611.dzi
[1431/4303] svar/zips/Klintasj_n/645845-144265-kartor/web/tiles-3-3681_Klintasjön_645845-144265.dzi ... upload error (manifest): Invalid key: svar/zips/Klintasj_n/645845-144265-kartor/web/tiles-3-3681_Klintasjön_645845-144265.dzi
[1432/4303] svar/zips/Klintedammen/637462-145818-kartor/web/tiles-3-3336_Klintedammen_637462-145818.dzi ... done • ETA ~ 4m 58s
[1433/4303] svar/zips/Klintsj_n/633437-143286-kartor/web/tiles-3-1696_Klintsjön_633437-143286.dzi ... upload error (manifest): Invalid key: svar/zips/Klintsj_n/633437-143286-kartor/web/tiles-3-1696_Klintsjön_633437-143286.dzi
[1434/4303] svar/zips/Klobosj_n/634240-150319-kartor/web/tiles-3-3808_Klobosjön_634240-150319a.dzi ... upload error (manifest): Invalid key: svar/zips/Klobosj_n/634240-150319-kartor/web/tiles-3-3808_Klobosjön_634240-150319a.dzi
[1435/4303] svar/zips/Klobosj_n/634240-150319-kartor/web/tiles-3-3808_Klobosjön_634240-150319b.dzi ... upload error (manifest): Invalid key: svar/zips/Klobosj_n/634240-150319-kartor/web/tiles-3-3808_Klobosjön_634240-150319b.dzi
[1436/4303] svar/zips/Klockesj_n/634160-144871-kartor/web/tiles-2-0288_Klockesjön_634160-144871.dzi ... upload error (manifest): Invalid key: svar/zips/Klockesj_n/634160-144871-kartor/web/tiles-2-0288_Klockesjön_634160-144871.dzi
[1437/4303] svar/zips/Klog_l/634119-152099-kartor/web/tiles-5-0428_Klogöl_634119-152099.dzi ... upload error (manifest): Invalid key: svar/zips/Klog_l/634119-152099-kartor/web/tiles-5-0428_Klogöl_634119-152099.dzi
[1438/4303] svar/zips/Klosj_n/636930-137344-kartor/web/tiles-3-6292_Klosjön_636930-137344.dzi ... upload error (manifest): Invalid key: svar/zips/Klosj_n/636930-137344-kartor/web/tiles-3-6292_Klosjön_636930-137344.dzi
[1439/4303] svar/zips/Klosterviken/615544-134291-kartor/web/tiles-1-0135_Klosterviken_615544-134291.dzi ... done • ETA ~ 4m 57s
[1440/4303] svar/zips/Klovatten/643211-127716-kartor/web/tiles-3-0980_Klovatten_643211-127716.dzi ... done • ETA ~ 4m 57s
[1441/4303] svar/zips/Klynnsj_n/625099-141544-kartor/web/tiles-3-2635_Klynnsjön_625099-141544.dzi ... upload error (manifest): Invalid key: svar/zips/Klynnsj_n/625099-141544-kartor/web/tiles-3-2635_Klynnsjön_625099-141544.dzi
[1442/4303] svar/zips/Kl_ddetj_rn/640429-129919-kartor/web/tiles-3-0984_Klåddetjärn_640429-129919.dzi ... upload error (manifest): Invalid key: svar/zips/Kl_ddetj_rn/640429-129919-kartor/web/tiles-3-0984_Klåddetjärn_640429-129919.dzi
[1443/4303] svar/zips/Kl_mmingen/655187-158633-kartor/web/tiles-3-0709_Klämmingen_655187-158633.dzi ... upload error (manifest): Invalid key: svar/zips/Kl_mmingen/655187-158633-kartor/web/tiles-3-0709_Klämmingen_655187-158633.dzi
[1444/4303] svar/zips/Knarrbysj_n/654689-130806-kartor/web/tiles-3-1175a_Knarrbysjön_654689-130806.dzi ... upload error (manifest): Invalid key: svar/zips/Knarrbysj_n/654689-130806-kartor/web/tiles-3-1175a_Knarrbysjön_654689-130806.dzi
[1445/4303] svar/zips/Knarrbysj_n/654689-130806-kartor/web/tiles-3-1175b_Knarrbysjön_654689-130806.dzi ... upload error (manifest): Invalid key: svar/zips/Knarrbysj_n/654689-130806-kartor/web/tiles-3-1175b_Knarrbysjön_654689-130806.dzi
[1446/4303] svar/zips/Knarrbysj_n/654689-130806-kartor/web/tiles-3-1180_Knarrbysjön_654689-130806.dzi ... upload error (manifest): Invalid key: svar/zips/Knarrbysj_n/654689-130806-kartor/web/tiles-3-1180_Knarrbysjön_654689-130806.dzi
[1447/4303] svar/zips/Knavram_lasj_n/636531-141470-kartor/web/tiles-3-5542_Knavramålasjön_636531-141470.dzi ... upload error (manifest): Invalid key: svar/zips/Knavram_lasj_n/636531-141470-kartor/web/tiles-3-5542_Knavramålasjön_636531-141470.dzi
[1448/4303] svar/zips/Knipesj_n/642528-138795-kartor/web/tiles-3-0724_Knipsjön_642528-138795.dzi ... upload error (manifest): Invalid key: svar/zips/Knipesj_n/642528-138795-kartor/web/tiles-3-0724_Knipsjön_642528-138795.dzi
[1449/4303] svar/zips/Knipesj_n/642528-138795-kartor/web/tiles-3-2580_Knipesjön_642528-138795.dzi ... upload error (manifest): Invalid key: svar/zips/Knipesj_n/642528-138795-kartor/web/tiles-3-2580_Knipesjön_642528-138795.dzi
[1450/4303] svar/zips/Knipesj_n/642528-138795-kartor/web/tiles-5-0026_Knipesjön_642528-138795.dzi ... upload error (manifest): Invalid key: svar/zips/Knipesj_n/642528-138795-kartor/web/tiles-5-0026_Knipesjön_642528-138795.dzi
[1451/4303] svar/zips/Knobesholmssj_n/631164-131567-kartor/web/tiles-3-5229_Knobesholmssjön_631164-131567.dzi ... upload error (manifest): Invalid key: svar/zips/Knobesholmssj_n/631164-131567-kartor/web/tiles-3-5229_Knobesholmssjön_631164-131567.dzi
[1452/4303] svar/zips/Knorrasj_n/628458-133118-kartor/web/tiles-3-5087_Knorrasjön_628458-133118.dzi ... upload error (manifest): Invalid key: svar/zips/Knorrasj_n/628458-133118-kartor/web/tiles-3-5087_Knorrasjön_628458-133118.dzi
[1453/4303] svar/zips/Knottorpasj_n/634990-146556-kartor/web/tiles-3-3337_Knottopasjön_634990-146556.dzi ... upload error (manifest): Invalid key: svar/zips/Knottorpasj_n/634990-146556-kartor/web/tiles-3-3337_Knottopasjön_634990-146556.dzi
[1454/4303] svar/zips/Knutsnabben/629880-135351-kartor/web/tiles-1-0136_Knutsnabben_629880-135351.dzi ... done • ETA ~ 4m 55s
[1455/4303] svar/zips/Kogaren/640813-152736-kartor/web/tiles-3-1936_Kogaren_640813-152736.dzi ... done • ETA ~ 4m 55s
[1456/4303] svar/zips/Kog_l/638137-138734-kartor/web/tiles-3-5487_Kogöl_638137-138734.dzi ... upload error (manifest): Invalid key: svar/zips/Kog_l/638137-138734-kartor/web/tiles-3-5487_Kogöl_638137-138734.dzi
[1457/4303] svar/zips/Kolasj_n/637296-138495-kartor/web/tiles-3-5336_Kolasjön_637296-138495a.dzi ... upload error (manifest): Invalid key: svar/zips/Kolasj_n/637296-138495-kartor/web/tiles-3-5336_Kolasjön_637296-138495a.dzi
[1458/4303] svar/zips/Kolasj_n/637296-138495-kartor/web/tiles-3-5336_Kolasjön_637296-138495b.dzi ... upload error (manifest): Invalid key: svar/zips/Kolasj_n/637296-138495-kartor/web/tiles-3-5336_Kolasjön_637296-138495b.dzi
[1459/4303] svar/zips/Kolasj_n/637296-138495-kartor/web/tiles-5-0027_Kolasjön_637296-138495.dzi ... upload error (manifest): Invalid key: svar/zips/Kolasj_n/637296-138495-kartor/web/tiles-5-0027_Kolasjön_637296-138495.dzi
[1460/4303] svar/zips/Kolasj_n/638143-139476-kartor/web/tiles-3-4577_Kolasjön_638143-139476.dzi ... upload error (manifest): Invalid key: svar/zips/Kolasj_n/638143-139476-kartor/web/tiles-3-4577_Kolasjön_638143-139476.dzi
[1461/4303] svar/zips/Kolbengtser_dsj_n/646448-127280-kartor/web/tiles-3-1532_Kolbengtserödssjön_646448-127280a.dzi ... upload error (manifest): Invalid key: svar/zips/Kolbengtser_dsj_n/646448-127280-kartor/web/tiles-3-1532_Kolbengtserödssjön_646448-127280a.dzi
[1462/4303] svar/zips/Kolbengtser_dsj_n/646448-127280-kartor/web/tiles-3-1532_Kolbengtserödssjön_646448-127280b.dzi ... upload error (manifest): Invalid key: svar/zips/Kolbengtser_dsj_n/646448-127280-kartor/web/tiles-3-1532_Kolbengtserödssjön_646448-127280b.dzi
[1463/4303] svar/zips/Kolbengtser_dsj_n/646448-127280-kartor/web/tiles-3-1533_Kolbengtserödssjön_646448-127280.dzi ... upload error (manifest): Invalid key: svar/zips/Kolbengtser_dsj_n/646448-127280-kartor/web/tiles-3-1533_Kolbengtserödssjön_646448-127280.dzi
[1464/4303] svar/zips/Kolbengtser_dsj_n/646448-127280-kartor/web/tiles-3-3470_Kolbengtserödsjön_646448-127280.dzi ... upload error (manifest): Invalid key: svar/zips/Kolbengtser_dsj_n/646448-127280-kartor/web/tiles-3-3470_Kolbengtserödsjön_646448-127280.dzi
[1465/4303] svar/zips/Kolbovattnet/655496-123536-kartor/web/tiles-3-2167_Kolbovattnet_655496-123536.dzi ... done • ETA ~ 4m 54s
[1466/4303] svar/zips/Kolbr_nasj_n/637213-146343-kartor/web/tiles-3-3943_Kolbrånasjön_637213-146343.dzi ... upload error (manifest): Invalid key: svar/zips/Kolbr_nasj_n/637213-146343-kartor/web/tiles-3-3943_Kolbrånasjön_637213-146343.dzi
[1467/4303] svar/zips/Kollsj_n/640809-129299-kartor/web/tiles-3-1047_Kollsjön_640809-129299.dzi ... upload error (manifest): Invalid key: svar/zips/Kollsj_n/640809-129299-kartor/web/tiles-3-1047_Kollsjön_640809-129299.dzi
[1468/4303] svar/zips/Kollunger_d_Vatten/645627-126202-kartor/web/tiles-3-4250_Kollungeröd vatten_645627-126202.dzi ... upload error (manifest): Invalid key: svar/zips/Kollunger_d_Vatten/645627-126202-kartor/web/tiles-3-4250_Kollungeröd vatten_645627-126202.dzi
[1469/4303] svar/zips/Kolsj_n/633643-150557-kartor/web/tiles-3-3783_Kolsjön_633643-150557a.dzi ... upload error (manifest): Invalid key: svar/zips/Kolsj_n/633643-150557-kartor/web/tiles-3-3783_Kolsjön_633643-150557a.dzi
[1470/4303] svar/zips/Kolsj_n/633643-150557-kartor/web/tiles-3-3783_Kolsjön_633643-150557b.dzi ... upload error (manifest): Invalid key: svar/zips/Kolsj_n/633643-150557-kartor/web/tiles-3-3783_Kolsjön_633643-150557b.dzi
[1471/4303] svar/zips/Kolsj_n/635404-145627-kartor/web/tiles-3-3338_Kolsjön_635404-145627.dzi ... upload error (manifest): Invalid key: svar/zips/Kolsj_n/635404-145627-kartor/web/tiles-3-3338_Kolsjön_635404-145627.dzi
[1472/4303] svar/zips/Kolsj_n/637699-148258-kartor/web/tiles-3-3563_Kolsjön_637699-148258.dzi ... upload error (manifest): Invalid key: svar/zips/Kolsj_n/637699-148258-kartor/web/tiles-3-3563_Kolsjön_637699-148258.dzi
[1473/4303] svar/zips/Kolsj_n/645857-144433-kartor/web/tiles-3-3682_Kolsjön_645857-144433.dzi ... upload error (manifest): Invalid key: svar/zips/Kolsj_n/645857-144433-kartor/web/tiles-3-3682_Kolsjön_645857-144433.dzi
[1474/4303] svar/zips/Kolsj_n/652030-144209-kartor/web/tiles-2-0971_Kolsjön_652030-144209.dzi ... upload error (manifest): Invalid key: svar/zips/Kolsj_n/652030-144209-kartor/web/tiles-2-0971_Kolsjön_652030-144209.dzi
[1475/4303] svar/zips/Kolsnaren/654601-151038-kartor/web/tiles-0-0057_Kolsnaren_654601-151038.dzi ... done • ETA ~ 4m 53s
[1476/4303] svar/zips/Kolstorpevattnet/650313-125142-kartor/web/tiles-3-2557_Kolstorpevattnet_650313-125142.dzi ... done • ETA ~ 4m 53s
[1477/4303] svar/zips/Koltj_rn/643970-127462-kartor/web/tiles-3-4189_Koltjärn_643970-127462.dzi ... upload error (manifest): Invalid key: svar/zips/Koltj_rn/643970-127462-kartor/web/tiles-3-4189_Koltjärn_643970-127462.dzi
[1478/4303] svar/zips/Kolungen/651327-130176-kartor/web/tiles-3-4809_Kolungen_651327-130176.dzi ... done • ETA ~ 4m 53s
[1479/4303] svar/zips/Kolv_sasj_n/636533-136375-kartor/web/tiles-3-4584_Kolvåsasjön_636533-136375.dzi ... upload error (manifest): Invalid key: svar/zips/Kolv_sasj_n/636533-136375-kartor/web/tiles-3-4584_Kolvåsasjön_636533-136375.dzi
[1480/4303] svar/zips/Kopparkitteln/648354-126678-kartor/web/tiles-3-2012_Kopparkitteln_648354-126678a.dzi ... done • ETA ~ 4m 52s
[1481/4303] svar/zips/Kopparkitteln/648354-126678-kartor/web/tiles-3-2012_Kopparkitteln_648354-126678b.dzi ... done • ETA ~ 4m 52s
[1482/4303] svar/zips/Koppersj_n/625750-147542-kartor/web/tiles-3-5560_Koppersjön_625750-147542.dzi ... upload error (manifest): Invalid key: svar/zips/Koppersj_n/625750-147542-kartor/web/tiles-3-5560_Koppersjön_625750-147542.dzi
[1483/4303] svar/zips/Korgen/652182-147337-kartor/web/tiles-3-2990_Korgen_652182-147337.dzi ... done • ETA ~ 4m 52s
[1484/4303] svar/zips/Korstj_rn/636005-130988-kartor/web/tiles-3-3550_Korstjärn_636005-130988.dzi ... upload error (manifest): Invalid key: svar/zips/Korstj_rn/636005-130988-kartor/web/tiles-3-3550_Korstjärn_636005-130988.dzi
[1485/4303] svar/zips/Korsvatten/643652-127570-kartor/web/tiles-3-1534_Korsvatten_643652-127570.dzi ... done • ETA ~ 4m 52s
[1486/4303] svar/zips/Korunger_dtj_rn/653674-125807-kartor/web/tiles-3-2497_Korungerödtjärn_653674-125807.dzi ... upload error (manifest): Invalid key: svar/zips/Korunger_dtj_rn/653674-125807-kartor/web/tiles-3-2497_Korungerödtjärn_653674-125807.dzi
[1487/4303] svar/zips/Kosj_n/633639-135937-kartor/web/tiles-3-2511_Kosjön_633639-135937.dzi ... upload error (manifest): Invalid key: svar/zips/Kosj_n/633639-135937-kartor/web/tiles-3-2511_Kosjön_633639-135937.dzi
[1488/4303] svar/zips/Kosj_n/633639-135937-kartor/web/tiles-3-6290_Kosjön_633639-135937.dzi ... upload error (manifest): Invalid key: svar/zips/Kosj_n/633639-135937-kartor/web/tiles-3-6290_Kosjön_633639-135937.dzi
[1489/4303] svar/zips/Krageholmssj_n/615375-137087-kartor/web/tiles-2-0168_Krageholmssjön_615375-137087.dzi ... upload error (manifest): Invalid key: svar/zips/Krageholmssj_n/615375-137087-kartor/web/tiles-2-0168_Krageholmssjön_615375-137087.dzi
[1490/4303] svar/zips/Krageholmssj_n/615375-137087-kartor/web/tiles-3-4673_Krageholmssjön_615375-137087.dzi ... upload error (manifest): Invalid key: svar/zips/Krageholmssj_n/615375-137087-kartor/web/tiles-3-4673_Krageholmssjön_615375-137087.dzi
[1491/4303] svar/zips/Krampen/626655-142348-kartor/web/tiles-3-0819_Krampen_626655-142348.dzi ... done • ETA ~ 4m 52s
[1492/4303] svar/zips/Kramphultasj_n/636884-137684-kartor/web/tiles-3-2545_Kramphultasjön_636884-137684.dzi ... upload error (manifest): Invalid key: svar/zips/Kramphultasj_n/636884-137684-kartor/web/tiles-3-2545_Kramphultasjön_636884-137684.dzi
[1493/4303] svar/zips/Kramphultasj_n/636884-137684-kartor/web/tiles-5-0028_Kramphultasjön_636884-137684.dzi ... upload error (manifest): Invalid key: svar/zips/Kramphultasj_n/636884-137684-kartor/web/tiles-5-0028_Kramphultasjön_636884-137684.dzi
[1494/4303] svar/zips/Krankeg_l/634606-147792-kartor/web/tiles-3-2504_Krankegöl_634606-147792.dzi ... upload error (manifest): Invalid key: svar/zips/Krankeg_l/634606-147792-kartor/web/tiles-3-2504_Krankegöl_634606-147792.dzi
[1495/4303] svar/zips/Krankeg_l/634606-147792-kartor/web/tiles-3-3564_Krankegöl_634606-147792.dzi ... upload error (manifest): Invalid key: svar/zips/Krankeg_l/634606-147792-kartor/web/tiles-3-3564_Krankegöl_634606-147792.dzi
[1496/4303] svar/zips/Krankesj_n/617797-135339-kartor/web/tiles-3-3438_Krankesjön_617797-135339.dzi ... upload error (manifest): Invalid key: svar/zips/Krankesj_n/617797-135339-kartor/web/tiles-3-3438_Krankesjön_617797-135339.dzi
[1497/4303] svar/zips/Krankesj_n/617797-135339-kartor/web/tiles-3-3445_Krankesjön_617797-135339.dzi ... upload error (manifest): Invalid key: svar/zips/Krankesj_n/617797-135339-kartor/web/tiles-3-3445_Krankesjön_617797-135339.dzi
[1498/4303] svar/zips/Kravlem_lasj_n/633996-140318-kartor/web/tiles-2-1055_Kravlemålasjön_633996-140318.dzi ... upload error (manifest): Invalid key: svar/zips/Kravlem_lasj_n/633996-140318-kartor/web/tiles-2-1055_Kravlemålasjön_633996-140318.dzi
[1499/4303] svar/zips/Kravlem_lasj_n/633996-140318-kartor/web/tiles-3-1814_Kravemålasjön_633996-140318.dzi ... upload error (manifest): Invalid key: svar/zips/Kravlem_lasj_n/633996-140318-kartor/web/tiles-3-1814_Kravemålasjön_633996-140318.dzi
[1500/4303] svar/zips/Kringlevatten/638382-127338-kartor/web/tiles-3-2729_Kringlevatten_638382-127338.dzi ... done • ETA ~ 4m 51s
[1501/4303] svar/zips/Kringvattnet/645916-127905-kartor/web/tiles-3-4849_Kringvattnet_645916-127905a.dzi ... done • ETA ~ 4m 51s
[1502/4303] svar/zips/Kringvattnet/645916-127905-kartor/web/tiles-3-4849_Kringvattnet_645916-127905b.dzi ... done • ETA ~ 4m 51s
[1503/4303] svar/zips/Kristg_l/642816-152091-kartor/web/tiles-3-3237_Kristgöl_642816-152091.dzi ... upload error (manifest): Invalid key: svar/zips/Kristg_l/642816-152091-kartor/web/tiles-3-3237_Kristgöl_642816-152091.dzi
[1504/4303] svar/zips/Krokeg_l/630619-147878-kartor/web/tiles-3-2941_Krokegöl_630619-147878.dzi ... upload error (manifest): Invalid key: svar/zips/Krokeg_l/630619-147878-kartor/web/tiles-3-2941_Krokegöl_630619-147878.dzi
[1505/4303] svar/zips/Krokevatten/645398-124635-kartor/web/tiles-3-4251_Krokevatten_645398-124635.dzi ... done • ETA ~ 4m 51s
[1506/4303] svar/zips/Krokevattnet/646504-127907-kartor/web/tiles-3-3523_Krokevattnet_646504-127907.dzi ... done • ETA ~ 4m 51s
[1507/4303] svar/zips/Kroksj_/631759-150202-kartor/web/tiles-3-2363_Kroksjö_631759-150202a.dzi ... upload error (manifest): Invalid key: svar/zips/Kroksj_/631759-150202-kartor/web/tiles-3-2363_Kroksjö_631759-150202a.dzi
[1508/4303] svar/zips/Kroksj_/631759-150202-kartor/web/tiles-3-2363_Kroksjö_631759-150202b.dzi ... upload error (manifest): Invalid key: svar/zips/Kroksj_/631759-150202-kartor/web/tiles-3-2363_Kroksjö_631759-150202b.dzi
[1509/4303] svar/zips/Kroksj_/631759-150202-kartor/web/tiles-3-2363_Kroksjö_631759-150202c.dzi ... upload error (manifest): Invalid key: svar/zips/Kroksj_/631759-150202-kartor/web/tiles-3-2363_Kroksjö_631759-150202c.dzi
[1510/4303] svar/zips/Kroksj_/631759-150202-kartor/web/tiles-5-0444a_Kroksjö_631759-150202.dzi ... upload error (manifest): Invalid key: svar/zips/Kroksj_/631759-150202-kartor/web/tiles-5-0444a_Kroksjö_631759-150202.dzi
[1511/4303] svar/zips/Kroksj_/631759-150202-kartor/web/tiles-5-0444b_Kroksjö_631759-150202.dzi ... upload error (manifest): Invalid key: svar/zips/Kroksj_/631759-150202-kartor/web/tiles-5-0444b_Kroksjö_631759-150202.dzi
[1512/4303] svar/zips/Kroksj_/635383-129739-kartor/web/tiles-3-2260_Kroksjö_635383-129739.dzi ... upload error (manifest): Invalid key: svar/zips/Kroksj_/635383-129739-kartor/web/tiles-3-2260_Kroksjö_635383-129739.dzi
[1513/4303] svar/zips/Kroksj_/635951-129331-kartor/web/tiles-3-2258_Kroksjö_635951-129331.dzi ... upload error (manifest): Invalid key: svar/zips/Kroksj_/635951-129331-kartor/web/tiles-3-2258_Kroksjö_635951-129331.dzi
[1514/4303] svar/zips/Kroksj_/637764-139157-kartor/web/tiles-3-4289_Kroksjö_637764-139157.dzi ... upload error (manifest): Invalid key: svar/zips/Kroksj_/637764-139157-kartor/web/tiles-3-4289_Kroksjö_637764-139157.dzi
[1515/4303] svar/zips/Kroksj_/652799-126713-kartor/web/tiles-3-2574_Kroksjö_652799-126713.dzi ... upload error (manifest): Invalid key: svar/zips/Kroksj_/652799-126713-kartor/web/tiles-3-2574_Kroksjö_652799-126713.dzi
[1516/4303] svar/zips/Kroksj_gyl/623723-144131-kartor/web/tiles-3-5907_Kroksjögyl_623723-144131.dzi ... upload error (manifest): Invalid key: svar/zips/Kroksj_gyl/623723-144131-kartor/web/tiles-3-5907_Kroksjögyl_623723-144131.dzi
[1517/4303] svar/zips/Kroksj_n/623839-145075-kartor/web/tiles-3-5473_Kroksjön_623839-145075.dzi ... upload error (manifest): Invalid key: svar/zips/Kroksj_n/623839-145075-kartor/web/tiles-3-5473_Kroksjön_623839-145075.dzi
[1518/4303] svar/zips/Kroksj_n/623839-145075-kartor/web/tiles-3-5983_Kroksjön_623839-145075.dzi ... upload error (manifest): Invalid key: svar/zips/Kroksj_n/623839-145075-kartor/web/tiles-3-5983_Kroksjön_623839-145075.dzi
[1519/4303] svar/zips/Kroksj_n/624333-145967-kartor/web/tiles-3-5464_Kroksjön_624333-145967.dzi ... upload error (manifest): Invalid key: svar/zips/Kroksj_n/624333-145967-kartor/web/tiles-3-5464_Kroksjön_624333-145967.dzi
[1520/4303] svar/zips/Kroksj_n/624398-148002-kartor/web/tiles-3-5296_Kroksjön_624398-148002.dzi ... upload error (manifest): Invalid key: svar/zips/Kroksj_n/624398-148002-kartor/web/tiles-3-5296_Kroksjön_624398-148002.dzi
[1521/4303] svar/zips/Kroksj_n/625139-146780-kartor/web/tiles-3-2819_Kroksjön_625139-146780.dzi ... upload error (manifest): Invalid key: svar/zips/Kroksj_n/625139-146780-kartor/web/tiles-3-2819_Kroksjön_625139-146780.dzi
[1522/4303] svar/zips/Kroksj_n/625580-148210-kartor/web/tiles-3-2402_Kroksjön_625580-148210.dzi ... upload error (manifest): Invalid key: svar/zips/Kroksj_n/625580-148210-kartor/web/tiles-3-2402_Kroksjön_625580-148210.dzi
[1523/4303] svar/zips/Kroksj_n/626965-145180-kartor/web/tiles-2-0301_Kroksjön_626965-145180.dzi ... upload error (manifest): Invalid key: svar/zips/Kroksj_n/626965-145180-kartor/web/tiles-2-0301_Kroksjön_626965-145180.dzi
[1524/4303] svar/zips/Kroksj_n/629646-133212-kartor/web/tiles-3-5104_Kroksjön_629646-133212.dzi ... upload error (manifest): Invalid key: svar/zips/Kroksj_n/629646-133212-kartor/web/tiles-3-5104_Kroksjön_629646-133212.dzi
[1525/4303] svar/zips/Kroksj_n/630062-132211-kartor/web/tiles-3-5110_Kroksjön_630062-132211.dzi ... upload error (manifest): Invalid key: svar/zips/Kroksj_n/630062-132211-kartor/web/tiles-3-5110_Kroksjön_630062-132211.dzi
[1526/4303] svar/zips/Kroksj_n/633100-132465-kartor/web/tiles-3-5225_Kroksjön_633100-132465a.dzi ... upload error (manifest): Invalid key: svar/zips/Kroksj_n/633100-132465-kartor/web/tiles-3-5225_Kroksjön_633100-132465a.dzi
[1527/4303] svar/zips/Kroksj_n/633100-132465-kartor/web/tiles-3-5225_Kroksjön_633100-132465b.dzi ... upload error (manifest): Invalid key: svar/zips/Kroksj_n/633100-132465-kartor/web/tiles-3-5225_Kroksjön_633100-132465b.dzi
[1528/4303] svar/zips/Kroksj_n/633148-132383-kartor/web/tiles-3-5224_Kroksjön_633148-132383a.dzi ... upload error (manifest): Invalid key: svar/zips/Kroksj_n/633148-132383-kartor/web/tiles-3-5224_Kroksjön_633148-132383a.dzi
[1529/4303] svar/zips/Kroksj_n/633148-132383-kartor/web/tiles-3-5224_Kroksjön_633148-132383b.dzi ... upload error (manifest): Invalid key: svar/zips/Kroksj_n/633148-132383-kartor/web/tiles-3-5224_Kroksjön_633148-132383b.dzi
[1530/4303] svar/zips/Kroksj_n/633148-132383-kartor/web/tiles-3-5224_Kroksjön_633148-132383c.dzi ... upload error (manifest): Invalid key: svar/zips/Kroksj_n/633148-132383-kartor/web/tiles-3-5224_Kroksjön_633148-132383c.dzi
[1531/4303] svar/zips/Kroksj_n/634243-134293-kartor/web/tiles-3-5689_Kroksjön_634243-134293.dzi ... upload error (manifest): Invalid key: svar/zips/Kroksj_n/634243-134293-kartor/web/tiles-3-5689_Kroksjön_634243-134293.dzi
[1532/4303] svar/zips/Kroksj_n/635122-137360-kartor/web/tiles-3-2079_Kroksjön_635122-137360.dzi ... upload error (manifest): Invalid key: svar/zips/Kroksj_n/635122-137360-kartor/web/tiles-3-2079_Kroksjön_635122-137360.dzi
[1533/4303] svar/zips/Kroksj_n/635122-137360-kartor/web/tiles-5-0030_Kroksjön_635122-137360.dzi ... upload error (manifest): Invalid key: svar/zips/Kroksj_n/635122-137360-kartor/web/tiles-5-0030_Kroksjön_635122-137360.dzi
[1534/4303] svar/zips/Kroksj_n/635654-153024-kartor/web/tiles-2-0331_Kroksjön_635654-153024.dzi ... upload error (manifest): Invalid key: svar/zips/Kroksj_n/635654-153024-kartor/web/tiles-2-0331_Kroksjön_635654-153024.dzi
[1535/4303] svar/zips/Kroksj_n/636332-151724-kartor/web/tiles-2-0326_Kroksjön_636332-151724.dzi ... upload error (manifest): Invalid key: svar/zips/Kroksj_n/636332-151724-kartor/web/tiles-2-0326_Kroksjön_636332-151724.dzi
[1536/4303] svar/zips/Kroksj_n/637036-138420-kartor/web/tiles-2-1051_Kroksjön_637036-138420.dzi ... upload error (manifest): Invalid key: svar/zips/Kroksj_n/637036-138420-kartor/web/tiles-2-1051_Kroksjön_637036-138420.dzi
[1537/4303] svar/zips/Kroksj_n/637036-138420-kartor/web/tiles-5-0029_Kroksjön_637036-138420.dzi ... upload error (manifest): Invalid key: svar/zips/Kroksj_n/637036-138420-kartor/web/tiles-5-0029_Kroksjön_637036-138420.dzi
[1538/4303] svar/zips/Kroksj_n/637189-136703-kartor/web/tiles-3-5667_Kroksjön_637189-136703.dzi ... upload error (manifest): Invalid key: svar/zips/Kroksj_n/637189-136703-kartor/web/tiles-3-5667_Kroksjön_637189-136703.dzi
[1539/4303] svar/zips/Kroksj_n/638789-128695-kartor/web/tiles-3-0916_Kroksjön_638789-128695.dzi ... upload error (manifest): Invalid key: svar/zips/Kroksj_n/638789-128695-kartor/web/tiles-3-0916_Kroksjön_638789-128695.dzi
[1540/4303] svar/zips/Kroksj_n/639003-130452-kartor/web/tiles-3-4775_Kroksjön_639003-130452.dzi ... upload error (manifest): Invalid key: svar/zips/Kroksj_n/639003-130452-kartor/web/tiles-3-4775_Kroksjön_639003-130452.dzi
[1541/4303] svar/zips/Kroksj_n/639137-128523-kartor/web/tiles-3-1845_Kroksjön_639137-128523.dzi ... upload error (manifest): Invalid key: svar/zips/Kroksj_n/639137-128523-kartor/web/tiles-3-1845_Kroksjön_639137-128523.dzi
[1542/4303] svar/zips/Kroksj_n/639663-132449-kartor/web/tiles-3-3656_Kroksjön_639663-132449.dzi ... upload error (manifest): Invalid key: svar/zips/Kroksj_n/639663-132449-kartor/web/tiles-3-3656_Kroksjön_639663-132449.dzi
[1543/4303] svar/zips/Kroksj_n/639929-152351-kartor/web/tiles-3-3253_Kroksjön_639929-152351.dzi ... upload error (manifest): Invalid key: svar/zips/Kroksj_n/639929-152351-kartor/web/tiles-3-3253_Kroksjön_639929-152351.dzi
[1544/4303] svar/zips/Kroksj_n/643050-129441-kartor/web/tiles-1-0295_Kroksjön_643050-129441.dzi ... upload error (manifest): Invalid key: svar/zips/Kroksj_n/643050-129441-kartor/web/tiles-1-0295_Kroksjön_643050-129441.dzi
[1545/4303] svar/zips/Kroksj_n/644037-128041-kartor/web/tiles-2-1123_Kroksjön_644037-128041.dzi ... upload error (manifest): Invalid key: svar/zips/Kroksj_n/644037-128041-kartor/web/tiles-2-1123_Kroksjön_644037-128041.dzi
[1546/4303] svar/zips/Kroksj_n/644037-128041-kartor/web/tiles-3-4828_Kroksjön_644037-128041.dzi ... upload error (manifest): Invalid key: svar/zips/Kroksj_n/644037-128041-kartor/web/tiles-3-4828_Kroksjön_644037-128041.dzi
[1547/4303] svar/zips/Kroksj_n/644120-127686-kartor/web/tiles-3-4234_Kroksjön_644120-127686.dzi ... upload error (manifest): Invalid key: svar/zips/Kroksj_n/644120-127686-kartor/web/tiles-3-4234_Kroksjön_644120-127686.dzi
[1548/4303] svar/zips/Kroksj_n/656707-141784-kartor/web/tiles-3-4667_Kroksjön_656707-141784.dzi ... upload error (manifest): Invalid key: svar/zips/Kroksj_n/656707-141784-kartor/web/tiles-3-4667_Kroksjön_656707-141784.dzi
[1549/4303] svar/zips/Krokstad_L_ngevatten/651083-126153-kartor/web/tiles-3-2985_Krokstad Långevatten_651083-126153a.dzi ... upload error (manifest): Invalid key: svar/zips/Krokstad_L_ngevatten/651083-126153-kartor/web/tiles-3-2985_Krokstad Långevatten_651083-126153a.dzi
[1550/4303] svar/zips/Krokstad_L_ngevatten/651083-126153-kartor/web/tiles-3-2985_Krokstad Långevatten_651083-126153b.dzi ... upload error (manifest): Invalid key: svar/zips/Krokstad_L_ngevatten/651083-126153-kartor/web/tiles-3-2985_Krokstad Långevatten_651083-126153b.dzi
[1551/4303] svar/zips/Krokstj_rnet/655043-124830-kartor/web/tiles-3-1565_Krokstjärnet_655043-124830.dzi ... upload error (manifest): Invalid key: svar/zips/Krokstj_rnet/655043-124830-kartor/web/tiles-3-1565_Krokstjärnet_655043-124830.dzi
[1552/4303] svar/zips/Krokstj_rnet/655043-124830-kartor/web/tiles-3-1757_Kroktjärn_655043-124830.dzi ... upload error (manifest): Invalid key: svar/zips/Krokstj_rnet/655043-124830-kartor/web/tiles-3-1757_Kroktjärn_655043-124830.dzi
[1553/4303] svar/zips/Krokstorpesj_n/636883-153489-kartor/web/tiles-1-0232_Krokstorpesjön_636883-153489.dzi ... upload error (manifest): Invalid key: svar/zips/Krokstorpesj_n/636883-153489-kartor/web/tiles-1-0232_Krokstorpesjön_636883-153489.dzi
[1554/4303] svar/zips/Kroktj_rn/642246-128215-kartor/web/tiles-3-4535_Kroktjärn_642246-128215.dzi ... upload error (manifest): Invalid key: svar/zips/Kroktj_rn/642246-128215-kartor/web/tiles-3-4535_Kroktjärn_642246-128215.dzi
[1555/4303] svar/zips/Krokvattnet/653659-124826-kartor/web/tiles-3-4209_Krokvattnet_653659-124826.dzi ... done • ETA ~ 4m 44s
[1556/4303] svar/zips/Kronobergssj_n/637973-151915-kartor/web/tiles-3-3701_Kronobergssjön_637973-151915.dzi ... upload error (manifest): Invalid key: svar/zips/Kronobergssj_n/637973-151915-kartor/web/tiles-3-3701_Kronobergssjön_637973-151915.dzi
[1557/4303] svar/zips/Krusasj_n/626319-139009-kartor/web/tiles-2-1000_Krusasjön_626319-139009.dzi ... upload error (manifest): Invalid key: svar/zips/Krusasj_n/626319-139009-kartor/web/tiles-2-1000_Krusasjön_626319-139009.dzi
[1558/4303] svar/zips/Kr_keredssj_n/639799-132971-kartor/web/tiles-3-3653_Kråkeredssjön_639799-132971.dzi ... upload error (manifest): Invalid key: svar/zips/Kr_keredssj_n/639799-132971-kartor/web/tiles-3-3653_Kråkeredssjön_639799-132971.dzi
[1559/4303] svar/zips/Kr_kevatten/643552-126968-kartor/web/tiles-3-1526_Kråkevatten_643552-126968.dzi ... upload error (manifest): Invalid key: svar/zips/Kr_kevatten/643552-126968-kartor/web/tiles-3-1526_Kråkevatten_643552-126968.dzi
[1560/4303] svar/zips/Kulhultesj_n/640577-151743-kartor/web/tiles-3-3636_Kulhultesjön_640577-151743.dzi ... upload error (manifest): Invalid key: svar/zips/Kulhultesj_n/640577-151743-kartor/web/tiles-3-3636_Kulhultesjön_640577-151743.dzi
[1561/4303] svar/zips/Kullasj_n/636683-141402-kartor/web/tiles-3-5555_Kullasjön_636683-141402.dzi ... upload error (manifest): Invalid key: svar/zips/Kullasj_n/636683-141402-kartor/web/tiles-3-5555_Kullasjön_636683-141402.dzi
[1562/4303] svar/zips/Kullasj_n/654348-149083-kartor/web/tiles-2-0499_Kullasjön_654348-149083a.dzi ... upload error (manifest): Invalid key: svar/zips/Kullasj_n/654348-149083-kartor/web/tiles-2-0499_Kullasjön_654348-149083a.dzi
[1563/4303] svar/zips/Kullasj_n/654348-149083-kartor/web/tiles-2-0499_Kullasjön_654348-149083b.dzi ... upload error (manifest): Invalid key: svar/zips/Kullasj_n/654348-149083-kartor/web/tiles-2-0499_Kullasjön_654348-149083b.dzi
[1564/4303] svar/zips/Kullesj_/635287-152119-kartor/web/tiles-1-0237_Kullesjö_635287-152119.dzi ... upload error (manifest): Invalid key: svar/zips/Kullesj_/635287-152119-kartor/web/tiles-1-0237_Kullesjö_635287-152119.dzi
[1565/4303] svar/zips/Kulltorpasj_n/637612-152940-kartor/web/tiles-1-0221_Kulltorpasjön_637612-152940.dzi ... upload error (manifest): Invalid key: svar/zips/Kulltorpasj_n/637612-152940-kartor/web/tiles-1-0221_Kulltorpasjön_637612-152940.dzi
[1566/4303] svar/zips/Kuppersj_n/625810-143072-kartor/web/tiles-3-4704_Kuppersjön_625810-143072.dzi ... upload error (manifest): Invalid key: svar/zips/Kuppersj_n/625810-143072-kartor/web/tiles-3-4704_Kuppersjön_625810-143072.dzi
[1567/4303] svar/zips/Kvarnasj_n/632634-138349-kartor/web/tiles-3-6351_Kvarnasjön_632634-138349.dzi ... upload error (manifest): Invalid key: svar/zips/Kvarnasj_n/632634-138349-kartor/web/tiles-3-6351_Kvarnasjön_632634-138349.dzi
[1568/4303] svar/zips/Kvarnasj_n/633571-133904-kartor/web/tiles-3-5124_Kvarnasjön_633571-133904.dzi ... upload error (manifest): Invalid key: svar/zips/Kvarnasj_n/633571-133904-kartor/web/tiles-3-5124_Kvarnasjön_633571-133904.dzi
[1569/4303] svar/zips/Kvarnatj_rn/638029-128744-kartor/web/tiles-3-2705_Kvarnatjärn_638029-128744.dzi ... upload error (manifest): Invalid key: svar/zips/Kvarnatj_rn/638029-128744-kartor/web/tiles-3-2705_Kvarnatjärn_638029-128744.dzi
[1570/4303] svar/zips/Kvarndammen/636931-145483-kartor/web/tiles-3-3939_Kvarndammen_636931-145483.dzi ... done • ETA ~ 4m 42s
[1571/4303] svar/zips/Kvarng_len/624736-147199-kartor/web/tiles-3-2856_Kvarngölen_624736-147199.dzi ... upload error (manifest): Invalid key: svar/zips/Kvarng_len/624736-147199-kartor/web/tiles-3-2856_Kvarngölen_624736-147199.dzi
[1572/4303] svar/zips/Kvarnkasetj_rnet/652799-130637-kartor/web/tiles-3-2482_Kvarnkasetjärnet_652799-130637.dzi ... upload error (manifest): Invalid key: svar/zips/Kvarnkasetj_rnet/652799-130637-kartor/web/tiles-3-2482_Kvarnkasetjärnet_652799-130637.dzi
[1573/4303] svar/zips/Kvarnsj_n/627364-149643-kartor/web/tiles-5-0450a_Kvarnsjön_627364-149643.dzi ... upload error (manifest): Invalid key: svar/zips/Kvarnsj_n/627364-149643-kartor/web/tiles-5-0450a_Kvarnsjön_627364-149643.dzi
[1574/4303] svar/zips/Kvarnsj_n/627364-149643-kartor/web/tiles-5-0450b_Kvarnsjön_627364-149643.dzi ... upload error (manifest): Invalid key: svar/zips/Kvarnsj_n/627364-149643-kartor/web/tiles-5-0450b_Kvarnsjön_627364-149643.dzi
[1575/4303] svar/zips/Kvarnsj_n/632965-149847-kartor/web/tiles-3-6023_Kvarnsjön_632965-149847b.dzi ... upload error (manifest): Invalid key: svar/zips/Kvarnsj_n/632965-149847-kartor/web/tiles-3-6023_Kvarnsjön_632965-149847b.dzi
[1576/4303] svar/zips/Kvarnsj_n/632965-149847-kartor/web/tiles-3-6023_Kvarnsjön_632965-149847c.dzi ... upload error (manifest): Invalid key: svar/zips/Kvarnsj_n/632965-149847-kartor/web/tiles-3-6023_Kvarnsjön_632965-149847c.dzi
[1577/4303] svar/zips/Kvarnsj_n/632965-149847-kartor/web/tiles-3-6023_Kvarnsjön_632965-149847d.dzi ... upload error (manifest): Invalid key: svar/zips/Kvarnsj_n/632965-149847-kartor/web/tiles-3-6023_Kvarnsjön_632965-149847d.dzi
[1578/4303] svar/zips/Kvarnsj_n/632965-149847-kartor/web/tiles-3-6023_Kvarnsjön_632965-149847e.dzi ... upload error (manifest): Invalid key: svar/zips/Kvarnsj_n/632965-149847-kartor/web/tiles-3-6023_Kvarnsjön_632965-149847e.dzi
[1579/4303] svar/zips/Kvarnsj_n/632965-149847-kartor/web/tiles-3-6023_Kvarnsjön_632965-149847f.dzi ... upload error (manifest): Invalid key: svar/zips/Kvarnsj_n/632965-149847-kartor/web/tiles-3-6023_Kvarnsjön_632965-149847f.dzi
[1580/4303] svar/zips/Kvarnsj_n/632965-149847-kartor/web/tiles-3-6023_Kvarnsjön_632965-149847g.dzi ... upload error (manifest): Invalid key: svar/zips/Kvarnsj_n/632965-149847-kartor/web/tiles-3-6023_Kvarnsjön_632965-149847g.dzi
[1581/4303] svar/zips/Kvarnsj_n/635538-149823-kartor/web/tiles-3-2865_Kvarnsjön_635538-149823.dzi ... upload error (manifest): Invalid key: svar/zips/Kvarnsj_n/635538-149823-kartor/web/tiles-3-2865_Kvarnsjön_635538-149823.dzi
[1582/4303] svar/zips/Kvarnsj_n/638122-151756-kartor/web/tiles-3-3702_Kvarnsjön_638122-151756.dzi ... upload error (manifest): Invalid key: svar/zips/Kvarnsj_n/638122-151756-kartor/web/tiles-3-3702_Kvarnsjön_638122-151756.dzi
[1583/4303] svar/zips/Kvarnsj_n/638914-153906-kartor/web/tiles-3-3392_Kvarnsjön_638914-153906.dzi ... upload error (manifest): Invalid key: svar/zips/Kvarnsj_n/638914-153906-kartor/web/tiles-3-3392_Kvarnsjön_638914-153906.dzi
[1584/4303] svar/zips/Kvarnsj_n/642997-130548-kartor/web/tiles-3-1021_Kvarnsjön_642997-130548.dzi ... upload error (manifest): Invalid key: svar/zips/Kvarnsj_n/642997-130548-kartor/web/tiles-3-1021_Kvarnsjön_642997-130548.dzi
[1585/4303] svar/zips/Kvarnsj_n/644328-127433-kartor/web/tiles-3-3992_Kvarnsjön_644328-127433.dzi ... upload error (manifest): Invalid key: svar/zips/Kvarnsj_n/644328-127433-kartor/web/tiles-3-3992_Kvarnsjön_644328-127433.dzi
[1586/4303] svar/zips/Kvarnsj_n/644634-127602-kartor/web/tiles-3-4244_Kvarnsjön_644634-127602.dzi ... upload error (manifest): Invalid key: svar/zips/Kvarnsj_n/644634-127602-kartor/web/tiles-3-4244_Kvarnsjön_644634-127602.dzi
[1587/4303] svar/zips/Kvarnsj_n/644955-127703-kartor/web/tiles-3-4265_Kvarnsjön_644955-127703.dzi ... upload error (manifest): Invalid key: svar/zips/Kvarnsj_n/644955-127703-kartor/web/tiles-3-4265_Kvarnsjön_644955-127703.dzi
[1588/4303] svar/zips/Kvarnsj_n/651965-143027-kartor/web/tiles-5-0132_Kvarnsjön_651965-143027.dzi ... upload error (manifest): Invalid key: svar/zips/Kvarnsj_n/651965-143027-kartor/web/tiles-5-0132_Kvarnsjön_651965-143027.dzi
[1589/4303] svar/zips/Kvarnsj_n/653145-144374-kartor/web/tiles-2-0973_Kvarnsjön_653145-144374.dzi ... upload error (manifest): Invalid key: svar/zips/Kvarnsj_n/653145-144374-kartor/web/tiles-2-0973_Kvarnsjön_653145-144374.dzi
[1590/4303] svar/zips/Kvarnsj_n/655532-158538-kartor/web/tiles-3-3276_Kvarnsjön_655532-158538.dzi ... upload error (manifest): Invalid key: svar/zips/Kvarnsj_n/655532-158538-kartor/web/tiles-3-3276_Kvarnsjön_655532-158538.dzi
[1591/4303] svar/zips/Kvarnsj_n/655999-161366-kartor/web/tiles-3-2322_Kvarnsjön_655999-161366.dzi ... upload error (manifest): Invalid key: svar/zips/Kvarnsj_n/655999-161366-kartor/web/tiles-3-2322_Kvarnsjön_655999-161366.dzi
[1592/4303] svar/zips/Kvarnsj_n/656016-156567-kartor/web/tiles-3-1776_Kvarnsjön_656016-156567.dzi ... upload error (manifest): Invalid key: svar/zips/Kvarnsj_n/656016-156567-kartor/web/tiles-3-1776_Kvarnsjön_656016-156567.dzi
[1593/4303] svar/zips/Kvarnsj_n/656519-162958-kartor/web/tiles-3-4677_Kvarnsjön_656519-162958.dzi ... upload error (manifest): Invalid key: svar/zips/Kvarnsj_n/656519-162958-kartor/web/tiles-3-4677_Kvarnsjön_656519-162958.dzi
[1594/4303] svar/zips/Kvarnsj_n/656525-162507-kartor/web/tiles-2-1120_Kvarnsjön_656525-162507.dzi ... upload error (manifest): Invalid key: svar/zips/Kvarnsj_n/656525-162507-kartor/web/tiles-2-1120_Kvarnsjön_656525-162507.dzi
[1595/4303] svar/zips/Kvarnsj_n/656525-162507-kartor/web/tiles-3-1792_Kvarnsjön_656525-162507.dzi ... upload error (manifest): Invalid key: svar/zips/Kvarnsj_n/656525-162507-kartor/web/tiles-3-1792_Kvarnsjön_656525-162507.dzi
[1596/4303] svar/zips/Kvarnsj_n/656609-161475-kartor/web/tiles-3-3017_Kvarnsjön_656609-161475.dzi ... upload error (manifest): Invalid key: svar/zips/Kvarnsj_n/656609-161475-kartor/web/tiles-3-3017_Kvarnsjön_656609-161475.dzi
[1597/4303] svar/zips/Kvarnsj_n/656609-161475-kartor/web/tiles-3-6613_Kvarnsjön_656609-161475.dzi ... upload error (manifest): Invalid key: svar/zips/Kvarnsj_n/656609-161475-kartor/web/tiles-3-6613_Kvarnsjön_656609-161475.dzi
[1598/4303] svar/zips/Kvesen/626411-147094-kartor/web/tiles-3-6333_Kvesen_626411-147094.dzi ... done • ETA ~ 4m 37s
[1599/4303] svar/zips/Kvillen/632676-150860-kartor/web/tiles-3-2366_Kvillen_632676-150860.dzi ... done • ETA ~ 4m 37s
[1600/4303] svar/zips/Kvillen/632676-150860-kartor/web/tiles-3-3827_Kvillen_632676-150860a.dzi ... done • ETA ~ 4m 37s
[1601/4303] svar/zips/Kvillen/632676-150860-kartor/web/tiles-3-3827_Kvillen_632676-150860b.dzi ... done • ETA ~ 4m 37s
[1602/4303] svar/zips/Kvinnestadsj_n/643591-132677-kartor/web/tiles-3-4844_Kvinnestadsjön_643591-132677.dzi ... upload error (manifest): Invalid key: svar/zips/Kvinnestadsj_n/643591-132677-kartor/web/tiles-3-4844_Kvinnestadsjön_643591-132677.dzi
[1603/4303] svar/zips/Kv_nnaren/640195-154814-kartor/web/tiles-3-3227_Kvännaren_640195-154814b.dzi ... upload error (manifest): Invalid key: svar/zips/Kv_nnaren/640195-154814-kartor/web/tiles-3-3227_Kvännaren_640195-154814b.dzi
[1604/4303] svar/zips/Kv_ns_sasj_n/639573-145155-kartor/web/tiles-3-2444_Kvänsåsasjön_639573-145155.dzi ... upload error (manifest): Invalid key: svar/zips/Kv_ns_sasj_n/639573-145155-kartor/web/tiles-3-2444_Kvänsåsasjön_639573-145155.dzi
[1605/4303] svar/zips/Kyllesj_n/637129-138600-kartor/web/tiles-3-4294_Kyllesjön_637129-138600.dzi ... upload error (manifest): Invalid key: svar/zips/Kyllesj_n/637129-138600-kartor/web/tiles-3-4294_Kyllesjön_637129-138600.dzi
[1606/4303] svar/zips/Kyperedssj_/640726-132684-kartor/web/tiles-3-5134_Kyperedssjö_640726-132684.dzi ... upload error (manifest): Invalid key: svar/zips/Kyperedssj_/640726-132684-kartor/web/tiles-3-5134_Kyperedssjö_640726-132684.dzi
[1607/4303] svar/zips/Kyrkesj_n/635944-136176-kartor/web/tiles-3-5688_Kyrkesjön_635944-136176.dzi ... upload error (manifest): Invalid key: svar/zips/Kyrkesj_n/635944-136176-kartor/web/tiles-3-5688_Kyrkesjön_635944-136176.dzi
[1608/4303] svar/zips/Kyrkesj_n/638901-146014-kartor/web/tiles-3-5200_Kyrkesjön_638901-146014.dzi ... upload error (manifest): Invalid key: svar/zips/Kyrkesj_n/638901-146014-kartor/web/tiles-3-5200_Kyrkesjön_638901-146014.dzi
[1609/4303] svar/zips/Kyrkesj_n/647591-128354-kartor/web/tiles-3-3531_Kyrkesjön_647591-128354.dzi ... upload error (manifest): Invalid key: svar/zips/Kyrkesj_n/647591-128354-kartor/web/tiles-3-3531_Kyrkesjön_647591-128354.dzi
[1610/4303] svar/zips/Kyrksj_n/639682-153939-kartor/web/tiles-3-6589_Kyrksjön_639682-153939.dzi ... upload error (manifest): Invalid key: svar/zips/Kyrksj_n/639682-153939-kartor/web/tiles-3-6589_Kyrksjön_639682-153939.dzi
[1611/4303] svar/zips/Kyrksj_n/648677-141864-kartor/web/tiles-3-0725_Kyrksjön_648677-141864.dzi ... upload error (manifest): Invalid key: svar/zips/Kyrksj_n/648677-141864-kartor/web/tiles-3-0725_Kyrksjön_648677-141864.dzi
[1612/4303] svar/zips/Kyrksj_n/654491-160230-kartor/web/tiles-3-6634_Kyrksjön_654491-160230.dzi ... upload error (manifest): Invalid key: svar/zips/Kyrksj_n/654491-160230-kartor/web/tiles-3-6634_Kyrksjön_654491-160230.dzi
[1613/4303] svar/zips/K_der_dvatten/645220-127054-kartor/web/tiles-3-4238_Kläderödvatten_645220-127054.dzi ... upload error (manifest): Invalid key: svar/zips/K_der_dvatten/645220-127054-kartor/web/tiles-3-4238_Kläderödvatten_645220-127054.dzi
[1614/4303] svar/zips/K_lken/624941-145123-kartor/web/tiles-3-2978_Kälken_624941-145123.dzi ... upload error (manifest): Invalid key: svar/zips/K_lken/624941-145123-kartor/web/tiles-3-2978_Kälken_624941-145123.dzi
[1615/4303] svar/zips/K_llem_lasj_n/641432-148952-kartor/web/tiles-3-3706_Kållemålasjön_641432-148952.dzi ... upload error (manifest): Invalid key: svar/zips/K_llem_lasj_n/641432-148952-kartor/web/tiles-3-3706_Kållemålasjön_641432-148952.dzi
[1616/4303] svar/zips/K_llen/633797-147565-kartor/web/tiles-3-2942_Kållen_633797-147565.dzi ... upload error (manifest): Invalid key: svar/zips/K_llen/633797-147565-kartor/web/tiles-3-2942_Kållen_633797-147565.dzi
[1617/4303] svar/zips/K_llen_ssj_n/639367-138562-kartor/web/tiles-3-5727_Källenässjön_639367-138562.dzi ... upload error (manifest): Invalid key: svar/zips/K_llen_ssj_n/639367-138562-kartor/web/tiles-3-5727_Källenässjön_639367-138562.dzi
[1618/4303] svar/zips/K_llen_ssj_n/639367-138562-kartor/web/tiles-5-0032_Källenässjön_639367-138562.dzi ... upload error (manifest): Invalid key: svar/zips/K_llen_ssj_n/639367-138562-kartor/web/tiles-5-0032_Källenässjön_639367-138562.dzi
[1619/4303] svar/zips/K_llesj_/647214-128393-kartor/web/tiles-3-3532_Källesjö_647214-128393.dzi ... upload error (manifest): Invalid key: svar/zips/K_llesj_/647214-128393-kartor/web/tiles-3-3532_Källesjö_647214-128393.dzi
[1620/4303] svar/zips/K_llstorpasj_n/639031-147037-kartor/web/tiles-3-2440_Kållstorpasjön_639031-147037.dzi ... upload error (manifest): Invalid key: svar/zips/K_llstorpasj_n/639031-147037-kartor/web/tiles-3-2440_Kållstorpasjön_639031-147037.dzi
[1621/4303] svar/zips/K_llundasj_n/633734-138368-kartor/web/tiles-2-1106_Källundasjön_633734-138368.dzi ... upload error (manifest): Invalid key: svar/zips/K_llundasj_n/633734-138368-kartor/web/tiles-2-1106_Källundasjön_633734-138368.dzi
[1622/4303] svar/zips/K_nnen/634546-140196-kartor/web/tiles-3-6374_Können_634546-140196.dzi ... upload error (manifest): Invalid key: svar/zips/K_nnen/634546-140196-kartor/web/tiles-3-6374_Können_634546-140196.dzi
[1623/4303] svar/zips/K_pp/647541-128258-kartor/web/tiles-3-3530_Käpp_647541-128258.dzi ... upload error (manifest): Invalid key: svar/zips/K_pp/647541-128258-kartor/web/tiles-3-3530_Käpp_647541-128258.dzi
[1624/4303] svar/zips/K_ppesj_/654626-131224-kartor/web/tiles-3-1176a_Käppesjö_654626-131224.dzi ... upload error (manifest): Invalid key: svar/zips/K_ppesj_/654626-131224-kartor/web/tiles-3-1176a_Käppesjö_654626-131224.dzi
[1625/4303] svar/zips/K_ppesj_/654626-131224-kartor/web/tiles-3-1176b_Käppesjö_654626-131224.dzi ... upload error (manifest): Invalid key: svar/zips/K_ppesj_/654626-131224-kartor/web/tiles-3-1176b_Käppesjö_654626-131224.dzi
[1626/4303] svar/zips/K_psj_n/632369-138293-kartor/web/tiles-2-1107_Köpsjön_632369-138293.dzi ... upload error (manifest): Invalid key: svar/zips/K_psj_n/632369-138293-kartor/web/tiles-2-1107_Köpsjön_632369-138293.dzi
[1627/4303] svar/zips/K_rasj_n/636889-141837-kartor/web/tiles-3-4157_Kårasjön_636889-141837.dzi ... upload error (manifest): Invalid key: svar/zips/K_rasj_n/636889-141837-kartor/web/tiles-3-4157_Kårasjön_636889-141837.dzi
[1628/4303] svar/zips/K_rasj_n/636889-141837-kartor/web/tiles-5-0031_Kårasjön_636889-141837.dzi ... upload error (manifest): Invalid key: svar/zips/K_rasj_n/636889-141837-kartor/web/tiles-5-0031_Kårasjön_636889-141837.dzi
[1629/4303] svar/zips/K_rdholmeng_len/637160-140942-kartor/web/tiles-3-5392_Kårdholmengölen_637160-140942.dzi ... upload error (manifest): Invalid key: svar/zips/K_rdholmeng_len/637160-140942-kartor/web/tiles-3-5392_Kårdholmengölen_637160-140942.dzi
[1630/4303] svar/zips/K_ringasj_n/631158-131371-kartor/web/tiles-3-5222_Käringasjön_631158-131371a.dzi ... upload error (manifest): Invalid key: svar/zips/K_ringasj_n/631158-131371-kartor/web/tiles-3-5222_Käringasjön_631158-131371a.dzi
[1631/4303] svar/zips/K_ringasj_n/631158-131371-kartor/web/tiles-3-5222_Käringasjön_631158-131371b.dzi ... upload error (manifest): Invalid key: svar/zips/K_ringasj_n/631158-131371-kartor/web/tiles-3-5222_Käringasjön_631158-131371b.dzi
[1632/4303] svar/zips/K_ringasj_n/631158-131371-kartor/web/tiles-3-5222_Käringasjön_631158-131371c.dzi ... upload error (manifest): Invalid key: svar/zips/K_ringasj_n/631158-131371-kartor/web/tiles-3-5222_Käringasjön_631158-131371c.dzi
[1633/4303] svar/zips/K_ringasj_n/636359-141761-kartor/web/tiles-5-0033_Käringasjön_636359-141761.dzi ... upload error (manifest): Invalid key: svar/zips/K_ringasj_n/636359-141761-kartor/web/tiles-5-0033_Käringasjön_636359-141761.dzi
[1634/4303] svar/zips/K_ringasj_n/637854-140353-kartor/web/tiles-3-1806_Käringasjön_637854-140353.dzi ... upload error (manifest): Invalid key: svar/zips/K_ringasj_n/637854-140353-kartor/web/tiles-3-1806_Käringasjön_637854-140353.dzi
[1635/4303] svar/zips/K_ringasj_n/637854-140353-kartor/web/tiles-3-6388_Käringasjön_637854-140353.dzi ... upload error (manifest): Invalid key: svar/zips/K_ringasj_n/637854-140353-kartor/web/tiles-3-6388_Käringasjön_637854-140353.dzi
[1636/4303] svar/zips/K_ringsj_n/625394-147531-kartor/web/tiles-3-0765_Käringsjön_625394-147531.dzi ... upload error (manifest): Invalid key: svar/zips/K_ringsj_n/625394-147531-kartor/web/tiles-3-0765_Käringsjön_625394-147531.dzi
[1637/4303] svar/zips/K_ringsj_n/625394-147531-kartor/web/tiles-3-5566_Käringasjön_625394-147531.dzi ... upload error (manifest): Invalid key: svar/zips/K_ringsj_n/625394-147531-kartor/web/tiles-3-5566_Käringasjön_625394-147531.dzi
[1638/4303] svar/zips/K_rnsj_n/649438-125880-kartor/web/tiles-2-0214_Kärnsjön_649438-125880.dzi ... upload error (manifest): Invalid key: svar/zips/K_rnsj_n/649438-125880-kartor/web/tiles-2-0214_Kärnsjön_649438-125880.dzi
[1639/4303] svar/zips/K_rnsj_n/649438-125880-kartor/web/tiles-2-0269_Kärnsjön_649438-125880.dzi ... upload error (manifest): Invalid key: svar/zips/K_rnsj_n/649438-125880-kartor/web/tiles-2-0269_Kärnsjön_649438-125880.dzi
[1640/4303] svar/zips/K_rrevattnet/648411-126751-kartor/web/tiles-3-1556_Kärrevattnet_648411-126751a.dzi ... upload error (manifest): Invalid key: svar/zips/K_rrevattnet/648411-126751-kartor/web/tiles-3-1556_Kärrevattnet_648411-126751a.dzi
[1641/4303] svar/zips/K_rrevattnet/648411-126751-kartor/web/tiles-3-1556_Kärrevattnet_648411-126751b.dzi ... upload error (manifest): Invalid key: svar/zips/K_rrevattnet/648411-126751-kartor/web/tiles-3-1556_Kärrevattnet_648411-126751b.dzi
[1642/4303] svar/zips/K_rrevattnet/648411-126751-kartor/web/tiles-3-3481_Kärrevattnet_648411-126751.dzi ... upload error (manifest): Invalid key: svar/zips/K_rrevattnet/648411-126751-kartor/web/tiles-3-3481_Kärrevattnet_648411-126751.dzi
[1643/4303] svar/zips/K_rrhultesj_n/633678-153331-kartor/web/tiles-3-2759_Kärrhultesjön_633678-153331.dzi ... upload error (manifest): Invalid key: svar/zips/K_rrhultesj_n/633678-153331-kartor/web/tiles-3-2759_Kärrhultesjön_633678-153331.dzi
[1644/4303] svar/zips/K_rrsj_n/633202-133164-kartor/web/tiles-3-5181_Kärrsjön_633202-133164a.dzi ... upload error (manifest): Invalid key: svar/zips/K_rrsj_n/633202-133164-kartor/web/tiles-3-5181_Kärrsjön_633202-133164a.dzi
[1645/4303] svar/zips/K_rrsj_n/633202-133164-kartor/web/tiles-3-5181_Kärrsjön_633202-133164b.dzi ... upload error (manifest): Invalid key: svar/zips/K_rrsj_n/633202-133164-kartor/web/tiles-3-5181_Kärrsjön_633202-133164b.dzi
[1646/4303] svar/zips/K_rrsj_n/633202-133164-kartor/web/tiles-3-5181_Kärrsjön_633202-133164c.dzi ... upload error (manifest): Invalid key: svar/zips/K_rrsj_n/633202-133164-kartor/web/tiles-3-5181_Kärrsjön_633202-133164c.dzi
[1647/4303] svar/zips/K_rrsj_n/639716-129176-kartor/web/tiles-3-0918_Kärrsjön_639716-129176.dzi ... upload error (manifest): Invalid key: svar/zips/K_rrsj_n/639716-129176-kartor/web/tiles-3-0918_Kärrsjön_639716-129176.dzi
[1648/4303] svar/zips/K_rrsj_n/639716-129176-kartor/web/tiles-3-6541_Kärrsjön_639716-129176.dzi ... upload error (manifest): Invalid key: svar/zips/K_rrsj_n/639716-129176-kartor/web/tiles-3-6541_Kärrsjön_639716-129176.dzi
[1649/4303] svar/zips/K_rrsj_n/656365-162404-kartor/web/tiles-3-6511_Kärrsjön_656365-162404.dzi ... upload error (manifest): Invalid key: svar/zips/K_rrsj_n/656365-162404-kartor/web/tiles-3-6511_Kärrsjön_656365-162404.dzi
[1650/4303] svar/zips/K_rrs_Vatten/648691-124259-kartor/web/tiles-3-4257_Kärrs vatten_648691-124259.dzi ... upload error (manifest): Invalid key: svar/zips/K_rrs_Vatten/648691-124259-kartor/web/tiles-3-4257_Kärrs vatten_648691-124259.dzi
[1651/4303] svar/zips/K_rtesj_n/638110-133466-kartor/web/tiles-3-4751_Kårtesjön_638110-133466.dzi ... upload error (manifest): Invalid key: svar/zips/K_rtesj_n/638110-133466-kartor/web/tiles-3-4751_Kårtesjön_638110-133466.dzi
[1652/4303] svar/zips/K_rtorpssj_n/653566-153100-kartor/web/tiles-3-5660_Kårtorpssjön_653566-153100.dzi ... upload error (manifest): Invalid key: svar/zips/K_rtorpssj_n/653566-153100-kartor/web/tiles-3-5660_Kårtorpssjön_653566-153100.dzi
[1653/4303] svar/zips/K_rven/635231-137480-kartor/web/tiles-5-0034_Kärven_635231-137480.dzi ... upload error (manifest): Invalid key: svar/zips/K_rven/635231-137480-kartor/web/tiles-5-0034_Kärven_635231-137480.dzi
[1654/4303] svar/zips/K_rven/641025-151797-kartor/web/tiles-3-3645_Kärven_641025-151797.dzi ... upload error (manifest): Invalid key: svar/zips/K_rven/641025-151797-kartor/web/tiles-3-3645_Kärven_641025-151797.dzi
[1655/4303] svar/zips/K_sen/629447-137590-kartor/web/tiles-2-0220_Kösen_629447-137590.dzi ... upload error (manifest): Invalid key: svar/zips/K_sen/629447-137590-kartor/web/tiles-2-0220_Kösen_629447-137590.dzi
[1656/4303] svar/zips/K_sen/629447-137590-kartor/web/tiles-3-0840_Kösen_629447-137590.dzi ... upload error (manifest): Invalid key: svar/zips/K_sen/629447-137590-kartor/web/tiles-3-0840_Kösen_629447-137590.dzi
[1657/4303] svar/zips/K_ttsj_n/652166-130219-kartor/web/tiles-3-2483_Köttsjön_652166-130219.dzi ... upload error (manifest): Invalid key: svar/zips/K_ttsj_n/652166-130219-kartor/web/tiles-3-2483_Köttsjön_652166-130219.dzi
[1658/4303] svar/zips/Ladsj_n/650287-149269-kartor/web/tiles-3-2802_Ladsjön_650287-149269.dzi ... upload error (manifest): Invalid key: svar/zips/Ladsj_n/650287-149269-kartor/web/tiles-3-2802_Ladsjön_650287-149269.dzi
[1659/4303] svar/zips/Ladusl_ttasj_n/635431-145356-kartor/web/tiles-3-3340_Laduslättasjön_635431-145356.dzi ... upload error (manifest): Invalid key: svar/zips/Ladusl_ttasj_n/635431-145356-kartor/web/tiles-3-3340_Laduslättasjön_635431-145356.dzi
[1660/4303] svar/zips/Lagmanshagasj_n/638014-136892-kartor/web/tiles-3-4889_Lagmanshagasjön_638014-136892.dzi ... upload error (manifest): Invalid key: svar/zips/Lagmanshagasj_n/638014-136892-kartor/web/tiles-3-4889_Lagmanshagasjön_638014-136892.dzi
[1661/4303] svar/zips/Lagsj_n/644200-127784-kartor/web/tiles-3-4190_Lagsjön_644200-127784.dzi ... upload error (manifest): Invalid key: svar/zips/Lagsj_n/644200-127784-kartor/web/tiles-3-4190_Lagsjön_644200-127784.dzi
[1662/4303] svar/zips/Lag_rdssj_n/634900-137669-kartor/web/tiles-3-6281_Lagårdssjön_634900-137669.dzi ... upload error (manifest): Invalid key: svar/zips/Lag_rdssj_n/634900-137669-kartor/web/tiles-3-6281_Lagårdssjön_634900-137669.dzi
[1663/4303] svar/zips/Lammen/633911-142688-kartor/web/tiles-3-0842_Lammen_633911-142688.dzi ... done • ETA ~ 4m 29s
[1664/4303] svar/zips/Lammhultesj_n/634789-153278-kartor/web/tiles-2-0347_Lammhultesjön_634789-153278.dzi ... upload error (manifest): Invalid key: svar/zips/Lammhultesj_n/634789-153278-kartor/web/tiles-2-0347_Lammhultesjön_634789-153278.dzi
[1665/4303] svar/zips/Lanaren/655889-160443-kartor/web/tiles-5-0184_Lanaren_655889-160443.dzi ... done • ETA ~ 4m 29s
[1666/4303] svar/zips/Landsj_n/641691-140988-kartor/web/tiles-3-0726_Landsjön_641691-140988.dzi ... upload error (manifest): Invalid key: svar/zips/Landsj_n/641691-140988-kartor/web/tiles-3-0726_Landsjön_641691-140988.dzi
[1667/4303] svar/zips/Landvettersj_n/639898-128091-kartor/web/tiles-2-0198_Landvettersjön_639898-128091.dzi ... upload error (manifest): Invalid key: svar/zips/Landvettersj_n/639898-128091-kartor/web/tiles-2-0198_Landvettersjön_639898-128091.dzi
[1668/4303] svar/zips/Landvettersj_n/639898-128091-kartor/web/tiles-3-1086_Landvettersjön_639898-128091.dzi ... upload error (manifest): Invalid key: svar/zips/Landvettersj_n/639898-128091-kartor/web/tiles-3-1086_Landvettersjön_639898-128091.dzi
[1669/4303] svar/zips/Landvettersj_n/639898-128091-kartor/web/tiles-3-1102_Landvettersjön_639898-128091.dzi ... upload error (manifest): Invalid key: svar/zips/Landvettersj_n/639898-128091-kartor/web/tiles-3-1102_Landvettersjön_639898-128091.dzi
[1670/4303] svar/zips/Lannafallssj_n/638609-142687-kartor/web/tiles-2-1052_Lannafallssjön_638609-142687.dzi ... upload error (manifest): Invalid key: svar/zips/Lannafallssj_n/638609-142687-kartor/web/tiles-2-1052_Lannafallssjön_638609-142687.dzi
[1671/4303] svar/zips/Lannafallssj_n/638609-142687-kartor/web/tiles-3-3881_Lannafallssjön_638609-142687a.dzi ... upload error (manifest): Invalid key: svar/zips/Lannafallssj_n/638609-142687-kartor/web/tiles-3-3881_Lannafallssjön_638609-142687a.dzi
[1672/4303] svar/zips/Lannafallssj_n/638609-142687-kartor/web/tiles-3-3881_Lannafallssjön_638609-142687b.dzi ... upload error (manifest): Invalid key: svar/zips/Lannafallssj_n/638609-142687-kartor/web/tiles-3-3881_Lannafallssjön_638609-142687b.dzi
[1673/4303] svar/zips/Larsbosj_n/633392-134494-kartor/web/tiles-3-5127_Larsbosjön_633392-134494.dzi ... upload error (manifest): Invalid key: svar/zips/Larsbosj_n/633392-134494-kartor/web/tiles-3-5127_Larsbosjön_633392-134494.dzi
[1674/4303] svar/zips/Larstorpssj_n/638989-147131-kartor/web/tiles-3-2440_Larstorpssjön_638989-147131.dzi ... upload error (manifest): Invalid key: svar/zips/Larstorpssj_n/638989-147131-kartor/web/tiles-3-2440_Larstorpssjön_638989-147131.dzi
[1675/4303] svar/zips/Lassesj_n/642048-133982-kartor/web/tiles-2-0542_Lassesjö_642048-133982.dzi ... upload error (manifest): Invalid key: svar/zips/Lassesj_n/642048-133982-kartor/web/tiles-2-0542_Lassesjö_642048-133982.dzi
[1676/4303] svar/zips/Laxsj_n/654031-129719-kartor/web/tiles-3-1135_Laxsjön_654031-129719.dzi ... upload error (manifest): Invalid key: svar/zips/Laxsj_n/654031-129719-kartor/web/tiles-3-1135_Laxsjön_654031-129719.dzi
[1677/4303] svar/zips/Lehultasj_n/624725-136618-kartor/web/tiles-3-6468_Lehultasjön_624725-136618.dzi ... upload error (manifest): Invalid key: svar/zips/Lehultasj_n/624725-136618-kartor/web/tiles-3-6468_Lehultasjön_624725-136618.dzi
[1678/4303] svar/zips/Lel_ng/655087-129475-kartor/web/tiles-0-0083_Lelång_655087-129475.dzi ... upload error (manifest): Invalid key: svar/zips/Lel_ng/655087-129475-kartor/web/tiles-0-0083_Lelång_655087-129475.dzi
[1679/4303] svar/zips/Lel_ng/655087-129475-kartor/web/tiles-3-1137_Lelång_655087-129475.dzi ... upload error (manifest): Invalid key: svar/zips/Lel_ng/655087-129475-kartor/web/tiles-3-1137_Lelång_655087-129475.dzi
[1680/4303] svar/zips/Lel_ng/655087-129475-kartor/web/tiles-3-1138_Lelång_655087-129475.dzi ... upload error (manifest): Invalid key: svar/zips/Lel_ng/655087-129475-kartor/web/tiles-3-1138_Lelång_655087-129475.dzi
[1681/4303] svar/zips/Lenhovdasj_n/631986-146888-kartor/web/tiles-3-0800_Lenhovdasjön_631986-146888.dzi ... upload error (manifest): Invalid key: svar/zips/Lenhovdasj_n/631986-146888-kartor/web/tiles-3-0800_Lenhovdasjön_631986-146888.dzi
[1682/4303] svar/zips/Lensj_n/641301-129741-kartor/web/tiles-3-1068_Lensjön_641301-129741.dzi ... upload error (manifest): Invalid key: svar/zips/Lensj_n/641301-129741-kartor/web/tiles-3-1068_Lensjön_641301-129741.dzi
[1683/4303] svar/zips/Lerjesj_n/623161-140769-kartor/web/tiles-3-5808a_Lerjesjön_623161-140769.dzi ... upload error (manifest): Invalid key: svar/zips/Lerjesj_n/623161-140769-kartor/web/tiles-3-5808a_Lerjesjön_623161-140769.dzi
[1684/4303] svar/zips/Lersj_n/638054-139052-kartor/web/tiles-3-4293_Lersjön_638054-139052.dzi ... upload error (manifest): Invalid key: svar/zips/Lersj_n/638054-139052-kartor/web/tiles-3-4293_Lersjön_638054-139052.dzi
[1685/4303] svar/zips/Lersj_n/643221-130224-kartor/web/tiles-3-1022_Lersjön_643221-130224.dzi ... upload error (manifest): Invalid key: svar/zips/Lersj_n/643221-130224-kartor/web/tiles-3-1022_Lersjön_643221-130224.dzi
[1686/4303] svar/zips/Lersj_n/650886-126836-kartor/web/tiles-3-2566_Lersjön_650886-126836.dzi ... upload error (manifest): Invalid key: svar/zips/Lersj_n/650886-126836-kartor/web/tiles-3-2566_Lersjön_650886-126836.dzi
[1687/4303] svar/zips/Levrasj_n/622084-141784-kartor/web/tiles-3-5812a_Levrasjön_622084-141784.dzi ... upload error (manifest): Invalid key: svar/zips/Levrasj_n/622084-141784-kartor/web/tiles-3-5812a_Levrasjön_622084-141784.dzi
[1688/4303] svar/zips/Levrasj_n/622084-141784-kartor/web/tiles-3-5812b_Levrasjön_622084-141784.dzi ... upload error (manifest): Invalid key: svar/zips/Levrasj_n/622084-141784-kartor/web/tiles-3-5812b_Levrasjön_622084-141784.dzi
[1689/4303] svar/zips/Liasj_n/625911-138823-kartor/web/tiles-3-3453_Liasjön_625911-138823.dzi ... upload error (manifest): Invalid key: svar/zips/Liasj_n/625911-138823-kartor/web/tiles-3-3453_Liasjön_625911-138823.dzi
[1690/4303] svar/zips/Lidasj_n/626627-147757-kartor/web/tiles-5-0453_Lidasjön_626627-147757.dzi ... upload error (manifest): Invalid key: svar/zips/Lidasj_n/626627-147757-kartor/web/tiles-5-0453_Lidasjön_626627-147757.dzi
[1691/4303] svar/zips/Lidasj_n/626627-147757-kartor/web/tiles-5-0463_Lidasjön_626627-147757.dzi ... upload error (manifest): Invalid key: svar/zips/Lidasj_n/626627-147757-kartor/web/tiles-5-0463_Lidasjön_626627-147757.dzi
[1692/4303] svar/zips/Lidsj_n/653193-156015-kartor/web/tiles-1-0126_Lidsjön_653193-156015.dzi ... upload error (manifest): Invalid key: svar/zips/Lidsj_n/653193-156015-kartor/web/tiles-1-0126_Lidsjön_653193-156015.dzi
[1693/4303] svar/zips/Likstammen/653531-158389-kartor/web/tiles-0-0055_Likstammen_653531-158389.dzi ... done • ETA ~ 4m 25s
[1694/4303] svar/zips/Likstammen/653531-158389-kartor/web/tiles-2-0124_Likstammen_653531-158389.dzi ... done • ETA ~ 4m 25s
[1695/4303] svar/zips/Lill-Bottnasj_n/641378-130068-kartor/web/tiles-1-0140_Lill-Bottnasjön_641378-130068.dzi ... upload error (manifest): Invalid key: svar/zips/Lill-Bottnasj_n/641378-130068-kartor/web/tiles-1-0140_Lill-Bottnasjön_641378-130068.dzi
[1696/4303] svar/zips/Lill-Bottnasj_n/641378-130068-kartor/web/tiles-2-0230_Lill-Bottnasjön_641378-130068.dzi ... upload error (manifest): Invalid key: svar/zips/Lill-Bottnasj_n/641378-130068-kartor/web/tiles-2-0230_Lill-Bottnasjön_641378-130068.dzi
[1697/4303] svar/zips/Lill-Bottnasj_n/641378-130068-kartor/web/tiles-3-1067_Lill-Bottnasjön_641378-130068.dzi ... upload error (manifest): Invalid key: svar/zips/Lill-Bottnasj_n/641378-130068-kartor/web/tiles-3-1067_Lill-Bottnasjön_641378-130068.dzi
[1698/4303] svar/zips/Lill-Erve/653257-130200-kartor/web/tiles-3-4799_Lill-Erve_653257-130200.dzi ... done • ETA ~ 4m 25s
[1699/4303] svar/zips/Lill-N_mmen/637477-144329-kartor/web/tiles-1-0210_Lillnömmen_637477-144329.dzi ... upload error (manifest): Invalid key: svar/zips/Lill-N_mmen/637477-144329-kartor/web/tiles-1-0210_Lillnömmen_637477-144329.dzi
[1700/4303] svar/zips/Lillasj_/630765-137621-kartor/web/tiles-3-4705_Lillasjö_630765-137621.dzi ... upload error (manifest): Invalid key: svar/zips/Lillasj_/630765-137621-kartor/web/tiles-3-4705_Lillasjö_630765-137621.dzi
[1701/4303] svar/zips/Lillasj_/631549-140910-kartor/web/tiles-3-3415_Lillasjö_631549-140910.dzi ... upload error (manifest): Invalid key: svar/zips/Lillasj_/631549-140910-kartor/web/tiles-3-3415_Lillasjö_631549-140910.dzi
[1702/4303] svar/zips/Lillasj_/640336-135455-kartor/web/tiles-3-4752_Lillasjö_640336-135455.dzi ... upload error (manifest): Invalid key: svar/zips/Lillasj_/640336-135455-kartor/web/tiles-3-4752_Lillasjö_640336-135455.dzi
[1703/4303] svar/zips/Lillasj_/641058-135180-kartor/web/tiles-3-4753_Lillasjö_641058-135180.dzi ... upload error (manifest): Invalid key: svar/zips/Lillasj_/641058-135180-kartor/web/tiles-3-4753_Lillasjö_641058-135180.dzi
[1704/4303] svar/zips/Lillasj_n/634837-143033-kartor/web/tiles-3-5545_Lillasjön_634837-143033.dzi ... upload error (manifest): Invalid key: svar/zips/Lillasj_n/634837-143033-kartor/web/tiles-3-5545_Lillasjön_634837-143033.dzi
[1705/4303] svar/zips/Lillasj_n/636289-139081-kartor/web/tiles-3-5420_Lillasjön_636289-139081.dzi ... upload error (manifest): Invalid key: svar/zips/Lillasj_n/636289-139081-kartor/web/tiles-3-5420_Lillasjön_636289-139081.dzi
[1706/4303] svar/zips/Lillasj_n/638942-132993-kartor/web/tiles-3-5865_Lillasjön_638942-132993.dzi ... upload error (manifest): Invalid key: svar/zips/Lillasj_n/638942-132993-kartor/web/tiles-3-5865_Lillasjön_638942-132993.dzi
[1707/4303] svar/zips/Lilla_Agnsj_n/624677-146376-kartor/web/tiles-3-3168_Lilla Angsjön_624677-146376.dzi ... upload error (manifest): Invalid key: svar/zips/Lilla_Agnsj_n/624677-146376-kartor/web/tiles-3-3168_Lilla Angsjön_624677-146376.dzi
[1708/4303] svar/zips/Lilla_Agnsj_n/633231-131151-kartor/web/tiles-3-5177_Lilla Angsjön_633231-131151a.dzi ... upload error (manifest): Invalid key: svar/zips/Lilla_Agnsj_n/633231-131151-kartor/web/tiles-3-5177_Lilla Angsjön_633231-131151a.dzi
[1709/4303] svar/zips/Lilla_Agnsj_n/633231-131151-kartor/web/tiles-3-5177_Lilla Angsjön_633231-131151b.dzi ... upload error (manifest): Invalid key: svar/zips/Lilla_Agnsj_n/633231-131151-kartor/web/tiles-3-5177_Lilla Angsjön_633231-131151b.dzi
[1710/4303] svar/zips/Lilla_Agnsj_n/633231-131151-kartor/web/tiles-3-5177_Lilla Angsjön_633231-131151c.dzi ... upload error (manifest): Invalid key: svar/zips/Lilla_Agnsj_n/633231-131151-kartor/web/tiles-3-5177_Lilla Angsjön_633231-131151c.dzi
[1711/4303] svar/zips/Lilla_Agnsj_n/633231-131151-kartor/web/tiles-3-5177_Lilla Angsjön_633231-131151d.dzi ... upload error (manifest): Invalid key: svar/zips/Lilla_Agnsj_n/633231-131151-kartor/web/tiles-3-5177_Lilla Angsjön_633231-131151d.dzi
[1712/4303] svar/zips/Lilla_Askaken/633975-134110-kartor/web/tiles-3-2074_Lilla Askaken_633975-134110.dzi ... done • ETA ~ 4m 23s
[1713/4303] svar/zips/Lilla_Bjurevatten/644060-127623-kartor/web/tiles-3-4231_Lilla Bjurevatten_644060-127623.dzi ... done • ETA ~ 4m 23s
[1714/4303] svar/zips/Lilla_Bj_rken/642092-135083-kartor/web/tiles-3-4874_Lilla Björken_642092-135083.dzi ... upload error (manifest): Invalid key: svar/zips/Lilla_Bj_rken/642092-135083-kartor/web/tiles-3-4874_Lilla Björken_642092-135083.dzi
[1715/4303] svar/zips/Lilla_Delsj_n/640193-127664-kartor/web/tiles-0-0069_Lilla Delsjön_640193-127664.dzi ... upload error (manifest): Invalid key: svar/zips/Lilla_Delsj_n/640193-127664-kartor/web/tiles-0-0069_Lilla Delsjön_640193-127664.dzi
[1716/4303] svar/zips/Lilla_Delsj_n/640193-127664-kartor/web/tiles-3-0973_Lilla Delsjön_640193-127664.dzi ... upload error (manifest): Invalid key: svar/zips/Lilla_Delsj_n/640193-127664-kartor/web/tiles-3-0973_Lilla Delsjön_640193-127664.dzi
[1717/4303] svar/zips/Lilla_Delsj_n/640193-127664-kartor/web/tiles-3-0974_Lilla Delsjön_640193-127664.dzi ... upload error (manifest): Invalid key: svar/zips/Lilla_Delsj_n/640193-127664-kartor/web/tiles-3-0974_Lilla Delsjön_640193-127664.dzi
[1718/4303] svar/zips/Lilla_Delsj_n/640193-127664-kartor/web/tiles-3-0977_Lilla Delsjön_640193-127664.dzi ... upload error (manifest): Invalid key: svar/zips/Lilla_Delsj_n/640193-127664-kartor/web/tiles-3-0977_Lilla Delsjön_640193-127664.dzi
[1719/4303] svar/zips/Lilla_Fallsj_n/625496-142189-kartor/web/tiles-3-2642_Lilla Fallsjön_625496-142189.dzi ... upload error (manifest): Invalid key: svar/zips/Lilla_Fallsj_n/625496-142189-kartor/web/tiles-3-2642_Lilla Fallsjön_625496-142189.dzi
[1720/4303] svar/zips/Lilla_Fj_rsj_n/636643-150931-kartor/web/tiles-3-3755_Lilla Fjärsjön_636643-150931a.dzi ... upload error (manifest): Invalid key: svar/zips/Lilla_Fj_rsj_n/636643-150931-kartor/web/tiles-3-3755_Lilla Fjärsjön_636643-150931a.dzi
[1721/4303] svar/zips/Lilla_Frillen/630809-134566-kartor/web/tiles-2-0665_Lilla Frillen_630809-134566.dzi ... done • ETA ~ 4m 22s
[1722/4303] svar/zips/Lilla_F_rgen/642365-130673-kartor/web/tiles-3-1589_Lilla Färgen_642365-130673.dzi ... upload error (manifest): Invalid key: svar/zips/Lilla_F_rgen/642365-130673-kartor/web/tiles-3-1589_Lilla Färgen_642365-130673.dzi
[1723/4303] svar/zips/Lilla_F_rgen/642365-130673-kartor/web/tiles-3-4847_Lilla Färgen_642365-130673.dzi ... upload error (manifest): Invalid key: svar/zips/Lilla_F_rgen/642365-130673-kartor/web/tiles-3-4847_Lilla Färgen_642365-130673.dzi
[1724/4303] svar/zips/Lilla_Galten/646458-127943-kartor/web/tiles-3-4256_Lilla Galten_646458-127943.dzi ... done • ETA ~ 4m 22s
[1725/4303] svar/zips/Lilla_Garsj_n/633559-133703-kartor/web/tiles-3-5126_Lilla Garsjön_633559-133703a.dzi ... upload error (manifest): Invalid key: svar/zips/Lilla_Garsj_n/633559-133703-kartor/web/tiles-3-5126_Lilla Garsjön_633559-133703a.dzi
[1726/4303] svar/zips/Lilla_Garsj_n/633559-133703-kartor/web/tiles-3-5126_Lilla Garsjön_633559-133703b.dzi ... upload error (manifest): Invalid key: svar/zips/Lilla_Garsj_n/633559-133703-kartor/web/tiles-3-5126_Lilla Garsjön_633559-133703b.dzi
[1727/4303] svar/zips/Lilla_Getg_l/638471-152921-kartor/web/tiles-3-3242_Lilla Getgöl_638471-152921.dzi ... upload error (manifest): Invalid key: svar/zips/Lilla_Getg_l/638471-152921-kartor/web/tiles-3-3242_Lilla Getgöl_638471-152921.dzi
[1728/4303] svar/zips/Lilla_Granesj_n/635035-148039-kartor/web/tiles-3-2272a_Lilla Granesjön_635035-148039.dzi ... upload error (manifest): Invalid key: svar/zips/Lilla_Granesj_n/635035-148039-kartor/web/tiles-3-2272a_Lilla Granesjön_635035-148039.dzi
[1729/4303] svar/zips/Lilla_Granesj_n/635035-148039-kartor/web/tiles-3-2272b_Lilla Granesjön_635035-148039.dzi ... upload error (manifest): Invalid key: svar/zips/Lilla_Granesj_n/635035-148039-kartor/web/tiles-3-2272b_Lilla Granesjön_635035-148039.dzi
[1730/4303] svar/zips/Lilla_Hall_ngen/636230-132523-kartor/web/tiles-3-4859_Lilla Hallången_636230-132523.dzi ... upload error (manifest): Invalid key: svar/zips/Lilla_Hall_ngen/636230-132523-kartor/web/tiles-3-4859_Lilla Hallången_636230-132523.dzi
[1731/4303] svar/zips/Lilla_Hall_ngen/636230-132523-kartor/web/tiles-3-6564_Lilla Hallången_636230-132523.dzi ... upload error (manifest): Invalid key: svar/zips/Lilla_Hall_ngen/636230-132523-kartor/web/tiles-3-6564_Lilla Hallången_636230-132523.dzi
[1732/4303] svar/zips/Lilla_Hall_ngen/636230-132523-kartor/web/tiles-5-1009_Lilla Hallången_636230-132523.dzi ... upload error (manifest): Invalid key: svar/zips/Lilla_Hall_ngen/636230-132523-kartor/web/tiles-5-1009_Lilla Hallången_636230-132523.dzi
[1733/4303] svar/zips/Lilla_Hammarsj_/637257-149908-kartor/web/tiles-3-2310_Lilla Hammarsjö_637257-149908.dzi ... upload error (manifest): Invalid key: svar/zips/Lilla_Hammarsj_/637257-149908-kartor/web/tiles-3-2310_Lilla Hammarsjö_637257-149908.dzi
[1734/4303] svar/zips/Lilla_Hassungaredssj_n/638964-128093-kartor/web/tiles-3-0912_Lilla Hassungaredssjön_638964-128093.dzi ... upload error (manifest): Invalid key: svar/zips/Lilla_Hassungaredssj_n/638964-128093-kartor/web/tiles-3-0912_Lilla Hassungaredssjön_638964-128093.dzi
[1735/4303] svar/zips/Lilla_Havsj_n/623966-149519-kartor/web/tiles-2-0659_Lilla Havsjön_623966-149519.dzi ... upload error (manifest): Invalid key: svar/zips/Lilla_Havsj_n/623966-149519-kartor/web/tiles-2-0659_Lilla Havsjön_623966-149519.dzi
[1736/4303] svar/zips/Lilla_Hemsj_n/655779-143111-kartor/web/tiles-2-0502_Lilla Hemsjön_655779-143111a.dzi ... upload error (manifest): Invalid key: svar/zips/Lilla_Hemsj_n/655779-143111-kartor/web/tiles-2-0502_Lilla Hemsjön_655779-143111a.dzi
[1737/4303] svar/zips/Lilla_Hensj_n/626121-145592-kartor/web/tiles-3-0785_Lilla Hensjön_626121-145592.dzi ... upload error (manifest): Invalid key: svar/zips/Lilla_Hensj_n/626121-145592-kartor/web/tiles-3-0785_Lilla Hensjön_626121-145592.dzi
[1738/4303] svar/zips/Lilla_Holmevatten/651866-126392-kartor/web/tiles-3-1736_Lilla Holmevatten_651866-126392.dzi ... done • ETA ~ 4m 20s
[1739/4303] svar/zips/Lilla_Holmevattnet/646122-127615-kartor/web/tiles-3-1525_Lilla Holmevattnet_646122-127615.dzi ... done • ETA ~ 4m 20s
[1740/4303] svar/zips/Lilla_Holmevattnet/646122-127615-kartor/web/tiles-3-3472_Lilla Holmevattnet_646122-127615.dzi ... done • ETA ~ 4m 20s
[1741/4303] svar/zips/Lilla_H_lsj_n/638670-130897-kartor/web/tiles-3-0882_Lilla Hålsjön_638670-130897.dzi ... upload error (manifest): Invalid key: svar/zips/Lilla_H_lsj_n/638670-130897-kartor/web/tiles-3-0882_Lilla Hålsjön_638670-130897.dzi
[1742/4303] svar/zips/Lilla_H_lsj_n/638670-130897-kartor/web/tiles-3-4531_Lilla Hålsjön_638670-130897.dzi ... upload error (manifest): Invalid key: svar/zips/Lilla_H_lsj_n/638670-130897-kartor/web/tiles-3-4531_Lilla Hålsjön_638670-130897.dzi
[1743/4303] svar/zips/Lilla_H_lsj_n/640127-127961-kartor/web/tiles-3-0982_Lilla Hålsjön_640127-127961.dzi ... upload error (manifest): Invalid key: svar/zips/Lilla_H_lsj_n/640127-127961-kartor/web/tiles-3-0982_Lilla Hålsjön_640127-127961.dzi
[1744/4303] svar/zips/Lilla_H_rsj_n/640768-129380-kartor/web/tiles-3-0950_Lilla Härsjön_640768-129380.dzi ... upload error (manifest): Invalid key: svar/zips/Lilla_H_rsj_n/640768-129380-kartor/web/tiles-3-0950_Lilla Härsjön_640768-129380.dzi
[1745/4303] svar/zips/Lilla_H_rsj_n/640768-129380-kartor/web/tiles-3-0951_Lilla Härsjön_640768-129380.dzi ... upload error (manifest): Invalid key: svar/zips/Lilla_H_rsj_n/640768-129380-kartor/web/tiles-3-0951_Lilla Härsjön_640768-129380.dzi
[1746/4303] svar/zips/Lilla_J_rnsj_n/636684-151234-kartor/web/tiles-5-0422_Lilla Järnsjön_636684-151234.dzi ... upload error (manifest): Invalid key: svar/zips/Lilla_J_rnsj_n/636684-151234-kartor/web/tiles-5-0422_Lilla Järnsjön_636684-151234.dzi
[1747/4303] svar/zips/Lilla_Kroksj_n/623646-144111-kartor/web/tiles-3-5984_Lilla Kroksjön_623646-144111.dzi ... upload error (manifest): Invalid key: svar/zips/Lilla_Kroksj_n/623646-144111-kartor/web/tiles-3-5984_Lilla Kroksjön_623646-144111.dzi
[1748/4303] svar/zips/Lilla_Kroksj_n/626662-144636-kartor/web/tiles-2-0153_Lilla Kroksjön_626662-144636.dzi ... upload error (manifest): Invalid key: svar/zips/Lilla_Kroksj_n/626662-144636-kartor/web/tiles-2-0153_Lilla Kroksjön_626662-144636.dzi
[1749/4303] svar/zips/Lilla_Kroksj_n/637393-135423-kartor/web/tiles-3-6556_Lilla Kroksjön_637393-135423.dzi ... upload error (manifest): Invalid key: svar/zips/Lilla_Kroksj_n/637393-135423-kartor/web/tiles-3-6556_Lilla Kroksjön_637393-135423.dzi
[1750/4303] svar/zips/Lilla_Kroksj_n/641700-128046-kartor/web/tiles-3-1634_Lilla Kroksjön_641700-128046.dzi ... upload error (manifest): Invalid key: svar/zips/Lilla_Kroksj_n/641700-128046-kartor/web/tiles-3-1634_Lilla Kroksjön_641700-128046.dzi
[1751/4303] svar/zips/Lilla_Kr_kingen/643392-130679-kartor/web/tiles-3-1017_Lilla Krökingen_643392-130679.dzi ... upload error (manifest): Invalid key: svar/zips/Lilla_Kr_kingen/643392-130679-kartor/web/tiles-3-1017_Lilla Krökingen_643392-130679.dzi
[1752/4303] svar/zips/Lilla_Kvarnsj_n/655823-158333-kartor/web/tiles-3-3271_Lilla Kvarnsjön_655823-158333.dzi ... upload error (manifest): Invalid key: svar/zips/Lilla_Kvarnsj_n/655823-158333-kartor/web/tiles-3-3271_Lilla Kvarnsjön_655823-158333.dzi
[1753/4303] svar/zips/Lilla_Kyllen/634026-151972-kartor/web/tiles-3-3769_Lilla Kyllen_634026-151972a.dzi ... done • ETA ~ 4m 18s
[1754/4303] svar/zips/Lilla_Kyllen/634026-151972-kartor/web/tiles-3-3769_Lilla Kyllen_634026-151972b.dzi ... done • ETA ~ 4m 18s
[1755/4303] svar/zips/Lilla_K_per_dssj_n/647748-127840-kartor/web/tiles-3-3538_Lilla Köperödssjön_647748-127840.dzi ... upload error (manifest): Invalid key: svar/zips/Lilla_K_per_dssj_n/647748-127840-kartor/web/tiles-3-3538_Lilla Köperödssjön_647748-127840.dzi
[1756/4303] svar/zips/Lilla_K_ren/637207-153685-kartor/web/tiles-0-0117_Lilla Kåren_637207-153685.dzi ... upload error (manifest): Invalid key: svar/zips/Lilla_K_ren/637207-153685-kartor/web/tiles-0-0117_Lilla Kåren_637207-153685.dzi
[1757/4303] svar/zips/Lilla_Le/653868-127677-kartor/web/tiles-3-1557_Lilla Le_653868-127677.dzi ... done • ETA ~ 4m 18s
[1758/4303] svar/zips/Lilla_Le/653868-127677-kartor/web/tiles-3-1729_Lilla Le_653868-127677.dzi ... done • ETA ~ 4m 18s
[1759/4303] svar/zips/Lilla_L_ngen/642045-130054-kartor/web/tiles-2-0199_Lilla Lången_642045-130054.dzi ... upload error (manifest): Invalid key: svar/zips/Lilla_L_ngen/642045-130054-kartor/web/tiles-2-0199_Lilla Lången_642045-130054.dzi
[1760/4303] svar/zips/Lilla_L_vsj_n/642226-128989-kartor/web/tiles-3-0989_Lilla Lövsjön_642226-128989a.dzi ... upload error (manifest): Invalid key: svar/zips/Lilla_L_vsj_n/642226-128989-kartor/web/tiles-3-0989_Lilla Lövsjön_642226-128989a.dzi
[1761/4303] svar/zips/Lilla_L_vsj_n/642226-128989-kartor/web/tiles-3-0989_Lilla Lövsjön_642226-128989b.dzi ... upload error (manifest): Invalid key: svar/zips/Lilla_L_vsj_n/642226-128989-kartor/web/tiles-3-0989_Lilla Lövsjön_642226-128989b.dzi
[1762/4303] svar/zips/Lilla_L_vsj_n/642226-128989-kartor/web/tiles-3-0995_Lilla Lövsjön_642226-128989.dzi ... upload error (manifest): Invalid key: svar/zips/Lilla_L_vsj_n/642226-128989-kartor/web/tiles-3-0995_Lilla Lövsjön_642226-128989.dzi
[1763/4303] svar/zips/Lilla_Maresj_/633368-131316-kartor/web/tiles-3-5205_Lilla Maresjö_633368-131316a.dzi ... upload error (manifest): Invalid key: svar/zips/Lilla_Maresj_/633368-131316-kartor/web/tiles-3-5205_Lilla Maresjö_633368-131316a.dzi
[1764/4303] svar/zips/Lilla_Maresj_/633368-131316-kartor/web/tiles-3-5205_Lilla Maresjö_633368-131316b.dzi ... upload error (manifest): Invalid key: svar/zips/Lilla_Maresj_/633368-131316-kartor/web/tiles-3-5205_Lilla Maresjö_633368-131316b.dzi
[1765/4303] svar/zips/Lilla_Maresj_/633368-131316-kartor/web/tiles-3-5205_Lilla Maresjö_633368-131316c.dzi ... upload error (manifest): Invalid key: svar/zips/Lilla_Maresj_/633368-131316-kartor/web/tiles-3-5205_Lilla Maresjö_633368-131316c.dzi
[1766/4303] svar/zips/Lilla_Maresj_/633368-131316-kartor/web/tiles-3-5205_Lilla Maresjö_633368-131316d.dzi ... upload error (manifest): Invalid key: svar/zips/Lilla_Maresj_/633368-131316-kartor/web/tiles-3-5205_Lilla Maresjö_633368-131316d.dzi
[1767/4303] svar/zips/Lilla_Neten/634341-130271-kartor/web/tiles-3-2237_Lilla Neten_634341-130271.dzi ... done • ETA ~ 4m 17s
[1768/4303] svar/zips/Lilla_N_lern/651766-148246-kartor/web/tiles-3-2893_Lilla Nälern_651766-148246.dzi ... upload error (manifest): Invalid key: svar/zips/Lilla_N_lern/651766-148246-kartor/web/tiles-3-2893_Lilla Nälern_651766-148246.dzi
[1769/4303] svar/zips/Lilla_N_taren/640613-142734-kartor/web/tiles-2-0965_Lilla Nätaren_640613-142734.dzi ... upload error (manifest): Invalid key: svar/zips/Lilla_N_taren/640613-142734-kartor/web/tiles-2-0965_Lilla Nätaren_640613-142734.dzi
[1770/4303] svar/zips/Lilla_Ramm/637667-153997-kartor/web/tiles-0-0118_Lilla Ramm_637667-153997.dzi ... done • ETA ~ 4m 16s
[1771/4303] svar/zips/Lilla_Sinnern/632937-151463-kartor/web/tiles-3-2370_Lilla Sinnern_632937-151463b.dzi ... done • ETA ~ 4m 16s
[1772/4303] svar/zips/Lilla_Sj_/624700-136409-kartor/web/tiles-2-1001_Lilla sjö_624700-136409.dzi ... upload error (manifest): Invalid key: svar/zips/Lilla_Sj_/624700-136409-kartor/web/tiles-2-1001_Lilla sjö_624700-136409.dzi
[1773/4303] svar/zips/Lilla_Skarsj_n/646175-127377-kartor/web/tiles-3-3466_Lilla Skarsjön_646175-127377.dzi ... upload error (manifest): Invalid key: svar/zips/Lilla_Skarsj_n/646175-127377-kartor/web/tiles-3-3466_Lilla Skarsjön_646175-127377.dzi
[1774/4303] svar/zips/Lilla_Skireg_len/634676-146687-kartor/web/tiles-3-3575_Lilla Skiregölen_634676-146687.dzi ... upload error (manifest): Invalid key: svar/zips/Lilla_Skireg_len/634676-146687-kartor/web/tiles-3-3575_Lilla Skiregölen_634676-146687.dzi
[1775/4303] svar/zips/Lilla_Skiren/651465-149747-kartor/web/tiles-3-2772_Lilla Skiren_651465-149747.dzi ... done • ETA ~ 4m 16s
[1776/4303] svar/zips/Lilla_Skiren/651465-149747-kartor/web/tiles-3-2898_Lilla Skiren_651465-149747.dzi ... done • ETA ~ 4m 16s
[1777/4303] svar/zips/Lilla_Skogssj_n/655856-161949-kartor/web/tiles-3-6612_Lilla Skogssjön_655856-161949.dzi ... upload error (manifest): Invalid key: svar/zips/Lilla_Skogssj_n/655856-161949-kartor/web/tiles-3-6612_Lilla Skogssjön_655856-161949.dzi
[1778/4303] svar/zips/Lilla_Sk_rjesj_n/624674-145684-kartor/web/tiles-3-3165_Lilla Skörjesjön_624674-145684.dzi ... upload error (manifest): Invalid key: svar/zips/Lilla_Sk_rjesj_n/624674-145684-kartor/web/tiles-3-3165_Lilla Skörjesjön_624674-145684.dzi
[1779/4303] svar/zips/Lilla_Sk_rshultasj_n/632636-134619-kartor/web/tiles-2-1034_Lilla Skärshultasjön_632636-134619.dzi ... upload error (manifest): Invalid key: svar/zips/Lilla_Sk_rshultasj_n/632636-134619-kartor/web/tiles-2-1034_Lilla Skärshultasjön_632636-134619.dzi
[1780/4303] svar/zips/Lilla_Sk_rshultasj_n/632636-134619-kartor/web/tiles-3-4898_Lilla Skärhultasjön_632636-134619.dzi ... upload error (manifest): Invalid key: svar/zips/Lilla_Sk_rshultasj_n/632636-134619-kartor/web/tiles-3-4898_Lilla Skärhultasjön_632636-134619.dzi
[1781/4303] svar/zips/Lilla_Sk_rsj_n/634262-131829-kartor/web/tiles-3-5179_Lilla Skärsjön_634262-131829a.dzi ... upload error (manifest): Invalid key: svar/zips/Lilla_Sk_rsj_n/634262-131829-kartor/web/tiles-3-5179_Lilla Skärsjön_634262-131829a.dzi
[1782/4303] svar/zips/Lilla_Sk_rsj_n/634262-131829-kartor/web/tiles-3-5179_Lilla Skärsjön_634262-131829b.dzi ... upload error (manifest): Invalid key: svar/zips/Lilla_Sk_rsj_n/634262-131829-kartor/web/tiles-3-5179_Lilla Skärsjön_634262-131829b.dzi
[1783/4303] svar/zips/Lilla_Sk_rsj_n/634262-131829-kartor/web/tiles-3-5179_Lilla Skärsjön_634262-131829c.dzi ... upload error (manifest): Invalid key: svar/zips/Lilla_Sk_rsj_n/634262-131829-kartor/web/tiles-3-5179_Lilla Skärsjön_634262-131829c.dzi
[1784/4303] svar/zips/Lilla_Sk_rsj_n/634262-131829-kartor/web/tiles-3-5179_Lilla Skärsjön_634262-131829d.dzi ... upload error (manifest): Invalid key: svar/zips/Lilla_Sk_rsj_n/634262-131829-kartor/web/tiles-3-5179_Lilla Skärsjön_634262-131829d.dzi
[1785/4303] svar/zips/Lilla_Stamsj_n/640760-128954-kartor/web/tiles-3-1042_Lilla Stamsjön_640760-128954.dzi ... upload error (manifest): Invalid key: svar/zips/Lilla_Stamsj_n/640760-128954-kartor/web/tiles-3-1042_Lilla Stamsjön_640760-128954.dzi
[1786/4303] svar/zips/Lilla_Stamsj_n/640760-128954-kartor/web/tiles-3-1043_Lilla Stamsjön_640760-128954.dzi ... upload error (manifest): Invalid key: svar/zips/Lilla_Stamsj_n/640760-128954-kartor/web/tiles-3-1043_Lilla Stamsjön_640760-128954.dzi
[1787/4303] svar/zips/Lilla_Sturven/640553-129615-kartor/web/tiles-3-1100_Lilla Sturven_640553-129615.dzi ... done • ETA ~ 4m 15s
[1788/4303] svar/zips/Lilla_Sundsj_n/641579-146722-kartor/web/tiles-3-2831_Lilla Sundsjön_641579-146722.dzi ... upload error (manifest): Invalid key: svar/zips/Lilla_Sundsj_n/641579-146722-kartor/web/tiles-3-2831_Lilla Sundsjön_641579-146722.dzi
[1789/4303] svar/zips/Lilla_S_vsj_/635921-130911-kartor/web/tiles-3-2836_Lilla Sävsjö_635921-130911.dzi ... upload error (manifest): Invalid key: svar/zips/Lilla_S_vsj_/635921-130911-kartor/web/tiles-3-2836_Lilla Sävsjö_635921-130911.dzi
[1790/4303] svar/zips/Lilla_Tinnsj_n/642967-129392-kartor/web/tiles-1-0295_Lilla Tinnsjön_642967-129392.dzi ... upload error (manifest): Invalid key: svar/zips/Lilla_Tinnsj_n/642967-129392-kartor/web/tiles-1-0295_Lilla Tinnsjön_642967-129392.dzi
[1791/4303] svar/zips/Lilla_Tomtsj_n/654136-158302-kartor/web/tiles-3-4392_Lilla Tomtsjön_654136-158302.dzi ... upload error (manifest): Invalid key: svar/zips/Lilla_Tomtsj_n/654136-158302-kartor/web/tiles-3-4392_Lilla Tomtsjön_654136-158302.dzi
[1792/4303] svar/zips/Lilla_Torkelsj_n/624015-144159-kartor/web/tiles-3-5913_Lilla Torkelsjön_624015-144159.dzi ... upload error (manifest): Invalid key: svar/zips/Lilla_Torkelsj_n/624015-144159-kartor/web/tiles-3-5913_Lilla Torkelsjön_624015-144159.dzi
[1793/4303] svar/zips/Lilla_Treh_rningen/651114-142715-kartor/web/tiles-2-0218_Lilla Trehörningen_651114-142715.dzi ... upload error (manifest): Invalid key: svar/zips/Lilla_Treh_rningen/651114-142715-kartor/web/tiles-2-0218_Lilla Trehörningen_651114-142715.dzi
[1794/4303] svar/zips/Lilla_Treh_rningen/651114-142715-kartor/web/tiles-2-0407_Lilla Trehörningen_651114-142715.dzi ... upload error (manifest): Invalid key: svar/zips/Lilla_Treh_rningen/651114-142715-kartor/web/tiles-2-0407_Lilla Trehörningen_651114-142715.dzi
[1795/4303] svar/zips/Lilla_Treh_rningen/651114-142715-kartor/web/tiles-2-0407_Lilla Trehörningen_651114-142715b.dzi ... upload error (manifest): Invalid key: svar/zips/Lilla_Treh_rningen/651114-142715-kartor/web/tiles-2-0407_Lilla Trehörningen_651114-142715b.dzi
[1796/4303] svar/zips/Lilla_Ullasj_n/629650-133423-kartor/web/tiles-3-5082_Lilla Ullasjön_629650-133423.dzi ... upload error (manifest): Invalid key: svar/zips/Lilla_Ullasj_n/629650-133423-kartor/web/tiles-3-5082_Lilla Ullasjön_629650-133423.dzi
[1797/4303] svar/zips/Lilla_V_rsj_/635443-129887-kartor/web/tiles-3-3551_Lilla Värsjö_635443-129887.dzi ... upload error (manifest): Invalid key: svar/zips/Lilla_V_rsj_/635443-129887-kartor/web/tiles-3-3551_Lilla Värsjö_635443-129887.dzi
[1798/4303] svar/zips/Lilla_V_rsj_/635443-129887-kartor/web/tiles-3-6603_Lilla Värsjö_635443-129887.dzi ... upload error (manifest): Invalid key: svar/zips/Lilla_V_rsj_/635443-129887-kartor/web/tiles-3-6603_Lilla Värsjö_635443-129887.dzi
[1799/4303] svar/zips/Lilla___kebosj_n/637271-149555-kartor/web/tiles-3-2273_Lilla Åkebosjön_637271-149555.dzi ... upload error (manifest): Invalid key: svar/zips/Lilla___kebosj_n/637271-149555-kartor/web/tiles-3-2273_Lilla Åkebosjön_637271-149555.dzi
[1800/4303] svar/zips/Lilla___lgasj_/634102-149713-kartor/web/tiles-3-4680_Lilla Älgasjö_634102-149713a.dzi ... upload error (manifest): Invalid key: svar/zips/Lilla___lgasj_/634102-149713-kartor/web/tiles-3-4680_Lilla Älgasjö_634102-149713a.dzi
[1801/4303] svar/zips/Lilla___lgasj_/634102-149713-kartor/web/tiles-3-4680_Lilla Älgasjö_634102-149713b.dzi ... upload error (manifest): Invalid key: svar/zips/Lilla___lgasj_/634102-149713-kartor/web/tiles-3-4680_Lilla Älgasjö_634102-149713b.dzi
[1802/4303] svar/zips/Lilla___lgsj_n/651013-153019-kartor/web/tiles-3-2992_Lilla Älgsjön_651013-153019.dzi ... upload error (manifest): Invalid key: svar/zips/Lilla___lgsj_n/651013-153019-kartor/web/tiles-3-2992_Lilla Älgsjön_651013-153019.dzi
[1803/4303] svar/zips/Lilla___resj_n/638665-129243-kartor/web/tiles-3-1627_Lilla Öresjön_638665-129243.dzi ... upload error (manifest): Invalid key: svar/zips/Lilla___resj_n/638665-129243-kartor/web/tiles-3-1627_Lilla Öresjön_638665-129243.dzi
[1804/4303] svar/zips/Lilla___retj_rn/653350-125834-kartor/web/tiles-3-2002_Lilla Öretjärn_653350-125834.dzi ... upload error (manifest): Invalid key: svar/zips/Lilla___retj_rn/653350-125834-kartor/web/tiles-3-2002_Lilla Öretjärn_653350-125834.dzi
[1805/4303] svar/zips/Lilla___rsj_n/624459-145379-kartor/web/tiles-3-2971_Lilla Örsjön_624459-145379.dzi ... upload error (manifest): Invalid key: svar/zips/Lilla___rsj_n/624459-145379-kartor/web/tiles-3-2971_Lilla Örsjön_624459-145379.dzi
[1806/4303] svar/zips/Lille-Tr_n/643234-130614-kartor/web/tiles-3-1029_Lille-Trän_643234-130614.dzi ... upload error (manifest): Invalid key: svar/zips/Lille-Tr_n/643234-130614-kartor/web/tiles-3-1029_Lille-Trän_643234-130614.dzi
[1807/4303] svar/zips/Lille-V_ktor/645787-128014-kartor/web/tiles-2-0959_Lille-Väktor_645787-128014.dzi ... upload error (manifest): Invalid key: svar/zips/Lille-V_ktor/645787-128014-kartor/web/tiles-2-0959_Lille-Väktor_645787-128014.dzi
[1808/4303] svar/zips/Lille-V_ktor/645787-128014-kartor/web/tiles-3-4849_Lille-Väktor_645787-128014a.dzi ... upload error (manifest): Invalid key: svar/zips/Lille-V_ktor/645787-128014-kartor/web/tiles-3-4849_Lille-Väktor_645787-128014a.dzi
[1809/4303] svar/zips/Lille-V_ktor/645787-128014-kartor/web/tiles-3-4849_Lille-Väktor_645787-128014b.dzi ... upload error (manifest): Invalid key: svar/zips/Lille-V_ktor/645787-128014-kartor/web/tiles-3-4849_Lille-Väktor_645787-128014b.dzi
[1810/4303] svar/zips/Lillefj_rd/632259-154418-kartor/web/tiles-5-0435_Lillefjärd_632259-154418.dzi ... upload error (manifest): Invalid key: svar/zips/Lillefj_rd/632259-154418-kartor/web/tiles-5-0435_Lillefjärd_632259-154418.dzi
[1811/4303] svar/zips/Lillesj_/631749-131355-kartor/web/tiles-3-6707_Lillesjö_631749-131355.dzi ... upload error (manifest): Invalid key: svar/zips/Lillesj_/631749-131355-kartor/web/tiles-3-6707_Lillesjö_631749-131355.dzi
[1812/4303] svar/zips/Lillesj_/635694-150460-kartor/web/tiles-3-3784_Lillesjö_635694-150460a.dzi ... upload error (manifest): Invalid key: svar/zips/Lillesj_/635694-150460-kartor/web/tiles-3-3784_Lillesjö_635694-150460a.dzi
[1813/4303] svar/zips/Lillesj_/635694-150460-kartor/web/tiles-3-3784_Lillesjö_635694-150460b.dzi ... upload error (manifest): Invalid key: svar/zips/Lillesj_/635694-150460-kartor/web/tiles-3-3784_Lillesjö_635694-150460b.dzi
[1814/4303] svar/zips/Lillesj_/641235-138563-kartor/web/tiles-3-6310_Lillesjö_641235-138563.dzi ... upload error (manifest): Invalid key: svar/zips/Lillesj_/641235-138563-kartor/web/tiles-3-6310_Lillesjö_641235-138563.dzi
[1815/4303] svar/zips/Lillesj_n/628176-138347-kartor/web/tiles-3-1581_Lillesjön_628176-138347.dzi ... upload error (manifest): Invalid key: svar/zips/Lillesj_n/628176-138347-kartor/web/tiles-3-1581_Lillesjön_628176-138347.dzi
[1816/4303] svar/zips/Lillesj_n/633359-145588-kartor/web/tiles-3-4706_Lillasjön_633359-145588.dzi ... upload error (manifest): Invalid key: svar/zips/Lillesj_n/633359-145588-kartor/web/tiles-3-4706_Lillasjön_633359-145588.dzi
[1817/4303] svar/zips/Lillesj_n/633685-144781-kartor/web/tiles-3-2954_Lillesjön_633685-144781.dzi ... upload error (manifest): Invalid key: svar/zips/Lillesj_n/633685-144781-kartor/web/tiles-3-2954_Lillesjön_633685-144781.dzi
[1818/4303] svar/zips/Lillesj_n/634533-150985-kartor/web/tiles-3-3781_Lillesjön_634533-150985a.dzi ... upload error (manifest): Invalid key: svar/zips/Lillesj_n/634533-150985-kartor/web/tiles-3-3781_Lillesjön_634533-150985a.dzi
[1819/4303] svar/zips/Lillesj_n/634533-150985-kartor/web/tiles-3-3781_Lillesjön_634533-150985b.dzi ... upload error (manifest): Invalid key: svar/zips/Lillesj_n/634533-150985-kartor/web/tiles-3-3781_Lillesjön_634533-150985b.dzi
[1820/4303] svar/zips/Lillesj_n/636687-136891-kartor/web/tiles-3-0869_Lillesjön_636687-136891a.dzi ... upload error (manifest): Invalid key: svar/zips/Lillesj_n/636687-136891-kartor/web/tiles-3-0869_Lillesjön_636687-136891a.dzi
[1821/4303] svar/zips/Lillesj_n/636687-136891-kartor/web/tiles-3-0869_Lillesjön_636687-136891b.dzi ... upload error (manifest): Invalid key: svar/zips/Lillesj_n/636687-136891-kartor/web/tiles-3-0869_Lillesjön_636687-136891b.dzi
[1822/4303] svar/zips/Lillesj_n/638067-143444-kartor/web/tiles-3-4029_Lillesjön_638067-143444.dzi ... upload error (manifest): Invalid key: svar/zips/Lillesj_n/638067-143444-kartor/web/tiles-3-4029_Lillesjön_638067-143444.dzi
[1823/4303] svar/zips/Lillesj_n/638067-143444-kartor/web/tiles-3-6687_Lillesjön_638067-143444.dzi ... upload error (manifest): Invalid key: svar/zips/Lillesj_n/638067-143444-kartor/web/tiles-3-6687_Lillesjön_638067-143444.dzi
[1824/4303] svar/zips/Lillesj_n/638108-138317-kartor/web/tiles-3-5674_Lillesjön_638108-138317.dzi ... upload error (manifest): Invalid key: svar/zips/Lillesj_n/638108-138317-kartor/web/tiles-3-5674_Lillesjön_638108-138317.dzi
[1825/4303] svar/zips/Lillesj_n/638161-137737-kartor/web/tiles-3-6288_Lillesjön_638161-137737.dzi ... upload error (manifest): Invalid key: svar/zips/Lillesj_n/638161-137737-kartor/web/tiles-3-6288_Lillesjön_638161-137737.dzi
[1826/4303] svar/zips/Lillesj_n/652811-130332-kartor/web/tiles-3-2485_Lillesjön_652811-130332.dzi ... upload error (manifest): Invalid key: svar/zips/Lillesj_n/652811-130332-kartor/web/tiles-3-2485_Lillesjön_652811-130332.dzi
[1827/4303] svar/zips/Lillevatten/643694-127111-kartor/web/tiles-3-3984_Lillevatten_643694-127111.dzi ... done • ETA ~ 4m 10s
[1828/4303] svar/zips/Lillevattnet/639850-152617-kartor/web/tiles-3-3244_Lillevattnet_639850-152617.dzi ... done • ETA ~ 4m 10s
[1829/4303] svar/zips/Lille_Glan/643609-143086-kartor/web/tiles-3-2602_Lille Glan_643609-143086.dzi ... done • ETA ~ 4m 10s
[1830/4303] svar/zips/Lille_Hindsj_n/631632-150367-kartor/web/tiles-3-3837_Lille Hindsjön_631632-150367a.dzi ... upload error (manifest): Invalid key: svar/zips/Lille_Hindsj_n/631632-150367-kartor/web/tiles-3-3837_Lille Hindsjön_631632-150367a.dzi
[1831/4303] svar/zips/Lille_Hindsj_n/631632-150367-kartor/web/tiles-3-3837_Lille Hindsjön_631632-150367b.dzi ... upload error (manifest): Invalid key: svar/zips/Lille_Hindsj_n/631632-150367-kartor/web/tiles-3-3837_Lille Hindsjön_631632-150367b.dzi
[1832/4303] svar/zips/Lillsj_n/624171-134831-kartor/web/tiles-3-2783_Lillsjön_624171-134831a.dzi ... upload error (manifest): Invalid key: svar/zips/Lillsj_n/624171-134831-kartor/web/tiles-3-2783_Lillsjön_624171-134831a.dzi
[1833/4303] svar/zips/Lillsj_n/624171-134831-kartor/web/tiles-3-2783_Lillsjön_624171-134831b.dzi ... upload error (manifest): Invalid key: svar/zips/Lillsj_n/624171-134831-kartor/web/tiles-3-2783_Lillsjön_624171-134831b.dzi
[1834/4303] svar/zips/Lillsj_n/626321-147954-kartor/web/tiles-5-0464_Lillsjön_626321-147954.dzi ... upload error (manifest): Invalid key: svar/zips/Lillsj_n/626321-147954-kartor/web/tiles-5-0464_Lillsjön_626321-147954.dzi
[1835/4303] svar/zips/Lillsj_n/634380-148817-kartor/web/tiles-3-3822_Lillsjön_634380-148817a.dzi ... upload error (manifest): Invalid key: svar/zips/Lillsj_n/634380-148817-kartor/web/tiles-3-3822_Lillsjön_634380-148817a.dzi
[1836/4303] svar/zips/Lillsj_n/634380-148817-kartor/web/tiles-3-3822_Lillsjön_634380-148817b.dzi ... upload error (manifest): Invalid key: svar/zips/Lillsj_n/634380-148817-kartor/web/tiles-3-3822_Lillsjön_634380-148817b.dzi
[1837/4303] svar/zips/Lillsj_n/634786-147318-kartor/web/tiles-3-3736_Lillsjön_634786-147318.dzi ... upload error (manifest): Invalid key: svar/zips/Lillsj_n/634786-147318-kartor/web/tiles-3-3736_Lillsjön_634786-147318.dzi
[1838/4303] svar/zips/Lillsj_n/636774-150525-kartor/web/tiles-3-2872_Lillsjön_636774-150525.dzi ... upload error (manifest): Invalid key: svar/zips/Lillsj_n/636774-150525-kartor/web/tiles-3-2872_Lillsjön_636774-150525.dzi
[1839/4303] svar/zips/Lillsj_n/637993-152469-kartor/web/tiles-3-3643_Lillsjön_637993-152469.dzi ... upload error (manifest): Invalid key: svar/zips/Lillsj_n/637993-152469-kartor/web/tiles-3-3643_Lillsjön_637993-152469.dzi
[1840/4303] svar/zips/Lillsj_n/639220-151159-kartor/web/tiles-3-3625_Lillsjön_639220-151159.dzi ... upload error (manifest): Invalid key: svar/zips/Lillsj_n/639220-151159-kartor/web/tiles-3-3625_Lillsjön_639220-151159.dzi
[1841/4303] svar/zips/Lillsj_n/642027-146395-kartor/web/tiles-3-2828_Lillsjön_642027-146395.dzi ... upload error (manifest): Invalid key: svar/zips/Lillsj_n/642027-146395-kartor/web/tiles-3-2828_Lillsjön_642027-146395.dzi
[1842/4303] svar/zips/Lillsj_n/654089-151933-kartor/web/tiles-3-5625_Lillsjön_654089-151933.dzi ... upload error (manifest): Invalid key: svar/zips/Lillsj_n/654089-151933-kartor/web/tiles-3-5625_Lillsjön_654089-151933.dzi
[1843/4303] svar/zips/Lillsj_n/655380-155738-kartor/web/tiles-5-0985_Lillsjön_655380-155738.dzi ... upload error (manifest): Invalid key: svar/zips/Lillsj_n/655380-155738-kartor/web/tiles-5-0985_Lillsjön_655380-155738.dzi
[1844/4303] svar/zips/Lillsj_n/656529-155162-kartor/web/tiles-5-0179_Lillsjön_656529-155162.dzi ... upload error (manifest): Invalid key: svar/zips/Lillsj_n/656529-155162-kartor/web/tiles-5-0179_Lillsjön_656529-155162.dzi
[1845/4303] svar/zips/Lill__Sj_/640409-136912-kartor/web/tiles-3-4861_Lillö sjö_640409-136912.dzi ... upload error (manifest): Invalid key: svar/zips/Lill__Sj_/640409-136912-kartor/web/tiles-3-4861_Lillö sjö_640409-136912.dzi
[1846/4303] svar/zips/Limmen/656046-130394-kartor/web/tiles-2-0513_Limmen_656046-130394.dzi ... done • ETA ~ 4m 8s
[1847/4303] svar/zips/Limmen/656046-130394-kartor/web/tiles-3-6629_Limmen_656046-130394.dzi ... done • ETA ~ 4m 8s
[1848/4303] svar/zips/Linddalssj_n/652052-151626-kartor/web/tiles-3-2910_Linddalssjön_652052-151626.dzi ... upload error (manifest): Invalid key: svar/zips/Linddalssj_n/652052-151626-kartor/web/tiles-3-2910_Linddalssjön_652052-151626.dzi
[1849/4303] svar/zips/Lindefallasj_n/640275-149055-kartor/web/tiles-3-3601_Lindefallasjön_640275-149055.dzi ... upload error (manifest): Invalid key: svar/zips/Lindefallasj_n/640275-149055-kartor/web/tiles-3-3601_Lindefallasjön_640275-149055.dzi
[1850/4303] svar/zips/Linden/637769-149284-kartor/web/tiles-2-1093_Linden_637769-149284.dzi ... done • ETA ~ 4m 7s
[1851/4303] svar/zips/Linden/637769-149284-kartor/web/tiles-3-2313_Linden_637769-149284.dzi ... done • ETA ~ 4m 7s
[1852/4303] svar/zips/Lindesj_n/639410-130708-kartor/web/tiles-2-0632_Lindesjön_639410-130708.dzi ... upload error (manifest): Invalid key: svar/zips/Lindesj_n/639410-130708-kartor/web/tiles-2-0632_Lindesjön_639410-130708.dzi
[1853/4303] svar/zips/Lindevatten/650435-126754-kartor/web/tiles-3-2626_Lindevatten_650435-126754a.dzi ... done • ETA ~ 4m 7s
[1854/4303] svar/zips/Lindevatten/650435-126754-kartor/web/tiles-3-2626_Lindevatten_650435-126754b.dzi ... done • ETA ~ 4m 7s
[1855/4303] svar/zips/Lindhultasj_n/641696-137516-kartor/web/tiles-3-4786_Lindhultasjön_641696-137516.dzi ... upload error (manifest): Invalid key: svar/zips/Lindhultasj_n/641696-137516-kartor/web/tiles-3-4786_Lindhultasjön_641696-137516.dzi
[1856/4303] svar/zips/Lindhultsg_l/633608-141894-kartor/web/tiles-3-5606_Lindhultsgöl_633608-141894.dzi ... upload error (manifest): Invalid key: svar/zips/Lindhultsg_l/633608-141894-kartor/web/tiles-3-5606_Lindhultsgöl_633608-141894.dzi
[1857/4303] svar/zips/Lind_sasj_n/636348-146279-kartor/web/tiles-3-2441_Lindåsasjön_636348-146279.dzi ... upload error (manifest): Invalid key: svar/zips/Lind_sasj_n/636348-146279-kartor/web/tiles-3-2441_Lindåsasjön_636348-146279.dzi
[1858/4303] svar/zips/Lind_sasj_n/636348-146279-kartor/web/tiles-3-2988_Lindåsasjön_636348-146279.dzi ... upload error (manifest): Invalid key: svar/zips/Lind_sasj_n/636348-146279-kartor/web/tiles-3-2988_Lindåsasjön_636348-146279.dzi
[1859/4303] svar/zips/Lind_sasj_n/639745-133662-kartor/web/tiles-3-3668_Lindåsasjön_639745-133662.dzi ... upload error (manifest): Invalid key: svar/zips/Lind_sasj_n/639745-133662-kartor/web/tiles-3-3668_Lindåsasjön_639745-133662.dzi
[1860/4303] svar/zips/Lind_sg_l/634393-141813-kartor/web/tiles-3-5594_Lindösgöl_634393-141813.dzi ... upload error (manifest): Invalid key: svar/zips/Lind_sg_l/634393-141813-kartor/web/tiles-3-5594_Lindösgöl_634393-141813.dzi
[1861/4303] svar/zips/Lingsj_n/640486-152886-kartor/web/tiles-3-3391_Lingsjön_640486-152886.dzi ... upload error (manifest): Invalid key: svar/zips/Lingsj_n/640486-152886-kartor/web/tiles-3-3391_Lingsjön_640486-152886.dzi
[1862/4303] svar/zips/Linnerydssj_n/627920-145948-kartor/web/tiles-2-0148_Linnerydssjön_627920-145948.dzi ... upload error (manifest): Invalid key: svar/zips/Linnerydssj_n/627920-145948-kartor/web/tiles-2-0148_Linnerydssjön_627920-145948.dzi
[1863/4303] svar/zips/Linnerydssj_n/637907-141293-kartor/web/tiles-3-3877_Linnerydssjön_637907-141293a.dzi ... upload error (manifest): Invalid key: svar/zips/Linnerydssj_n/637907-141293-kartor/web/tiles-3-3877_Linnerydssjön_637907-141293a.dzi
[1864/4303] svar/zips/Linnerydssj_n/637907-141293-kartor/web/tiles-3-3877_Linnerydssjön_637907-141293b.dzi ... upload error (manifest): Invalid key: svar/zips/Linnerydssj_n/637907-141293-kartor/web/tiles-3-3877_Linnerydssjön_637907-141293b.dzi
[1865/4303] svar/zips/Linnesj_n/635659-143585-kartor/web/tiles-2-0138_Linnesjön_635659-143585.dzi ... upload error (manifest): Invalid key: svar/zips/Linnesj_n/635659-143585-kartor/web/tiles-2-0138_Linnesjön_635659-143585.dzi
[1866/4303] svar/zips/Linnesj_n/635659-143585-kartor/web/tiles-2-0294_Linnesjön_635659-143585.dzi ... upload error (manifest): Invalid key: svar/zips/Linnesj_n/635659-143585-kartor/web/tiles-2-0294_Linnesjön_635659-143585.dzi
[1867/4303] svar/zips/Linnesj_n/636340-140067-kartor/web/tiles-3-2436_Linnesjön_636340-140067.dzi ... upload error (manifest): Invalid key: svar/zips/Linnesj_n/636340-140067-kartor/web/tiles-3-2436_Linnesjön_636340-140067.dzi
[1868/4303] svar/zips/Linnesj_n/636340-140067-kartor/web/tiles-5-0035_Linnesjön_636340-140067.dzi ... upload error (manifest): Invalid key: svar/zips/Linnesj_n/636340-140067-kartor/web/tiles-5-0035_Linnesjön_636340-140067.dzi
[1869/4303] svar/zips/Liperedsj_n/645964-128991-kartor/web/tiles-3-1706_Liperedsjön_645964-128991.dzi ... upload error (manifest): Invalid key: svar/zips/Liperedsj_n/645964-128991-kartor/web/tiles-3-1706_Liperedsjön_645964-128991.dzi
[1870/4303] svar/zips/Listersj_n/624065-147380-kartor/web/tiles-0-0087_Listersjön_624065-147380.dzi ... upload error (manifest): Invalid key: svar/zips/Listersj_n/624065-147380-kartor/web/tiles-0-0087_Listersjön_624065-147380.dzi
[1871/4303] svar/zips/Listersj_n/624065-147380-kartor/web/tiles-2-0145_Listersjön_624065-147380.dzi ... upload error (manifest): Invalid key: svar/zips/Listersj_n/624065-147380-kartor/web/tiles-2-0145_Listersjön_624065-147380.dzi
[1872/4303] svar/zips/Ljungsj_n/634356-141652-kartor/web/tiles-3-3871_Ljungsjön_634356-141652a.dzi ... upload error (manifest): Invalid key: svar/zips/Ljungsj_n/634356-141652-kartor/web/tiles-3-3871_Ljungsjön_634356-141652a.dzi
[1873/4303] svar/zips/Ljungsj_n/634356-141652-kartor/web/tiles-3-3871_Ljungsjön_634356-141652b.dzi ... upload error (manifest): Invalid key: svar/zips/Ljungsj_n/634356-141652-kartor/web/tiles-3-3871_Ljungsjön_634356-141652b.dzi
[1874/4303] svar/zips/Ljungsj_n/636489-140907-kartor/web/tiles-3-5242_Ljungsjön_636489-140907.dzi ... upload error (manifest): Invalid key: svar/zips/Ljungsj_n/636489-140907-kartor/web/tiles-3-5242_Ljungsjön_636489-140907.dzi
[1875/4303] svar/zips/Ljusg_l/638840-154011-kartor/web/tiles-3-3370_Ljusgöl_638840-154011.dzi ... upload error (manifest): Invalid key: svar/zips/Ljusg_l/638840-154011-kartor/web/tiles-3-3370_Ljusgöl_638840-154011.dzi
[1876/4303] svar/zips/Ljusg_l/639847-152416-kartor/web/tiles-3-3251_Ljusgöl_639847-152416.dzi ... upload error (manifest): Invalid key: svar/zips/Ljusg_l/639847-152416-kartor/web/tiles-3-3251_Ljusgöl_639847-152416.dzi
[1877/4303] svar/zips/Ljusg_l/640454-153677-kartor/web/tiles-3-3256_Ljusgöl_640454-153677.dzi ... upload error (manifest): Invalid key: svar/zips/Ljusg_l/640454-153677-kartor/web/tiles-3-3256_Ljusgöl_640454-153677.dzi
[1878/4303] svar/zips/Ljussj_n/650273-148918-kartor/web/tiles-3-2803_Ljussjön_650273-148918.dzi ... upload error (manifest): Invalid key: svar/zips/Ljussj_n/650273-148918-kartor/web/tiles-3-2803_Ljussjön_650273-148918.dzi
[1879/4303] svar/zips/Ljussj_n/650273-148918-kartor/web/tiles-3-2902_Ljussjön_650273-148918.dzi ... upload error (manifest): Invalid key: svar/zips/Ljussj_n/650273-148918-kartor/web/tiles-3-2902_Ljussjön_650273-148918.dzi
[1880/4303] svar/zips/Ljussj_n/651578-150774-kartor/web/tiles-3-2773_Ljussjön_651578-150774.dzi ... upload error (manifest): Invalid key: svar/zips/Ljussj_n/651578-150774-kartor/web/tiles-3-2773_Ljussjön_651578-150774.dzi
[1881/4303] svar/zips/Ljussj_n/656162-156798-kartor/web/tiles-3-3275_Ljussjön_656162-156798.dzi ... upload error (manifest): Invalid key: svar/zips/Ljussj_n/656162-156798-kartor/web/tiles-3-3275_Ljussjön_656162-156798.dzi
[1882/4303] svar/zips/Ljusterh_vden/625350-147154-kartor/web/tiles-2-0146_Ljusterhövden_625350-147154.dzi ... upload error (manifest): Invalid key: svar/zips/Ljusterh_vden/625350-147154-kartor/web/tiles-2-0146_Ljusterhövden_625350-147154.dzi
[1883/4303] svar/zips/Loftersg_l/643560-151721-kartor/web/tiles-3-3386_Loftersgöl_643560-151721.dzi ... upload error (manifest): Invalid key: svar/zips/Loftersg_l/643560-151721-kartor/web/tiles-3-3386_Loftersgöl_643560-151721.dzi
[1884/4303] svar/zips/Logsj_n/655588-144442-kartor/web/tiles-0-0136_Logsjon_655588-144442a.dzi ... done • ETA ~ 4m 3s
[1885/4303] svar/zips/Logsj_n/655588-144442-kartor/web/tiles-0-0136_Logsjon_655588-144442b.dzi ... done • ETA ~ 4m 3s
[1886/4303] svar/zips/Lommasj_n/631531-131731-kartor/web/tiles-3-5208_Lommasjön_631531-131731a.dzi ... upload error (manifest): Invalid key: svar/zips/Lommasj_n/631531-131731-kartor/web/tiles-3-5208_Lommasjön_631531-131731a.dzi
[1887/4303] svar/zips/Lommasj_n/631531-131731-kartor/web/tiles-3-5208_Lommasjön_631531-131731b.dzi ... upload error (manifest): Invalid key: svar/zips/Lommasj_n/631531-131731-kartor/web/tiles-3-5208_Lommasjön_631531-131731b.dzi
[1888/4303] svar/zips/Lommasj_n/631531-131731-kartor/web/tiles-3-5208_Lommasjön_631531-131731c.dzi ... upload error (manifest): Invalid key: svar/zips/Lommasj_n/631531-131731-kartor/web/tiles-3-5208_Lommasjön_631531-131731c.dzi
[1889/4303] svar/zips/Lomsj_n/624716-150043-kartor/web/tiles-2-1100_Lomsjön_624716-150043.dzi ... upload error (manifest): Invalid key: svar/zips/Lomsj_n/624716-150043-kartor/web/tiles-2-1100_Lomsjön_624716-150043.dzi
[1890/4303] svar/zips/Lomsj_n/624716-150043-kartor/web/tiles-3-3857_Lomsjön_624716-150043a.dzi ... upload error (manifest): Invalid key: svar/zips/Lomsj_n/624716-150043-kartor/web/tiles-3-3857_Lomsjön_624716-150043a.dzi
[1891/4303] svar/zips/Lomsj_n/624716-150043-kartor/web/tiles-3-3857_Lomsjön_624716-150043b.dzi ... upload error (manifest): Invalid key: svar/zips/Lomsj_n/624716-150043-kartor/web/tiles-3-3857_Lomsjön_624716-150043b.dzi
[1892/4303] svar/zips/Lomsj_n/635807-135668-kartor/web/tiles-3-6293_Lomsjön_635807-135668.dzi ... upload error (manifest): Invalid key: svar/zips/Lomsj_n/635807-135668-kartor/web/tiles-3-6293_Lomsjön_635807-135668.dzi
[1893/4303] svar/zips/Lomsj_n/637523-138710-kartor/web/tiles-3-5331_Lomsjön_637523-138710a.dzi ... upload error (manifest): Invalid key: svar/zips/Lomsj_n/637523-138710-kartor/web/tiles-3-5331_Lomsjön_637523-138710a.dzi
[1894/4303] svar/zips/Lomsj_n/637523-138710-kartor/web/tiles-3-5331_Lomsjön_637523-138710b.dzi ... upload error (manifest): Invalid key: svar/zips/Lomsj_n/637523-138710-kartor/web/tiles-3-5331_Lomsjön_637523-138710b.dzi
[1895/4303] svar/zips/Lorasj_n/645790-144179-kartor/web/tiles-3-3677_Lorasjön_645790-144179.dzi ... upload error (manifest): Invalid key: svar/zips/Lorasj_n/645790-144179-kartor/web/tiles-3-3677_Lorasjön_645790-144179.dzi
[1896/4303] svar/zips/Losj_n/632407-147945-kartor/web/tiles-3-6383_Losjön_632407-147945.dzi ... upload error (manifest): Invalid key: svar/zips/Losj_n/632407-147945-kartor/web/tiles-3-6383_Losjön_632407-147945.dzi
[1897/4303] svar/zips/Lovsj_n/639466-140421-kartor/web/tiles-3-6463_Lovsjön_639466-140421.dzi ... upload error (manifest): Invalid key: svar/zips/Lovsj_n/639466-140421-kartor/web/tiles-3-6463_Lovsjön_639466-140421.dzi
[1898/4303] svar/zips/Ludgosj_n/653145-157697-kartor/web/tiles-0-0051_Ludgosjön_653145-157697.dzi ... upload error (manifest): Invalid key: svar/zips/Ludgosj_n/653145-157697-kartor/web/tiles-0-0051_Ludgosjön_653145-157697.dzi
[1899/4303] svar/zips/Lundetj_rnet/651426-125722-kartor/web/tiles-3-1917_Lundetjärnet_651426-125722.dzi ... upload error (manifest): Invalid key: svar/zips/Lundetj_rnet/651426-125722-kartor/web/tiles-3-1917_Lundetjärnet_651426-125722.dzi
[1900/4303] svar/zips/Lundsbolssj_n/652908-152969-kartor/web/tiles-3-5621_Lundsbolssjön_652908-152969.dzi ... upload error (manifest): Invalid key: svar/zips/Lundsbolssj_n/652908-152969-kartor/web/tiles-3-5621_Lundsbolssjön_652908-152969.dzi
[1901/4303] svar/zips/Lursj_n/623811-137924-kartor/web/tiles-3-0820_Lursjön_623811-137924.dzi ... upload error (manifest): Invalid key: svar/zips/Lursj_n/623811-137924-kartor/web/tiles-3-0820_Lursjön_623811-137924.dzi
[1902/4303] svar/zips/Lursj_n/623811-137924-kartor/web/tiles-3-5813a_Lursjön_623811-137924.dzi ... upload error (manifest): Invalid key: svar/zips/Lursj_n/623811-137924-kartor/web/tiles-3-5813a_Lursjön_623811-137924.dzi
[1903/4303] svar/zips/Lursj_n/623811-137924-kartor/web/tiles-3-5813b_Lursjön_623811-137924.dzi ... upload error (manifest): Invalid key: svar/zips/Lursj_n/623811-137924-kartor/web/tiles-3-5813b_Lursjön_623811-137924.dzi
[1904/4303] svar/zips/Lursj_n/652892-124060-kartor/web/tiles-3-3102_Lursjön_652892-124060.dzi ... upload error (manifest): Invalid key: svar/zips/Lursj_n/652892-124060-kartor/web/tiles-3-3102_Lursjön_652892-124060.dzi
[1905/4303] svar/zips/Lycksj_n/656550-163744-kartor/web/tiles-3-1889_Lycksjön_656550-163744.dzi ... upload error (manifest): Invalid key: svar/zips/Lycksj_n/656550-163744-kartor/web/tiles-3-1889_Lycksjön_656550-163744.dzi
[1906/4303] svar/zips/Lygnern/637886-128777-kartor/web/tiles-0-0147_Lygnern_637886-128777.dzi ... done • ETA ~ 4m 1s
[1907/4303] svar/zips/Lygnern/637886-128777-kartor/web/tiles-2-0188_Lygnern_637886-128777.dzi ... done • ETA ~ 4m 1s
[1908/4303] svar/zips/Lygn_sj_/642134-130981-kartor/web/tiles-3-1066_Lygnösjö_642134-130981.dzi ... upload error (manifest): Invalid key: svar/zips/Lygn_sj_/642134-130981-kartor/web/tiles-3-1066_Lygnösjö_642134-130981.dzi
[1909/4303] svar/zips/Lyngemadssj_n/638260-140869-kartor/web/tiles-3-5468_Lyngemadssjön_638260-140869a.dzi ... upload error (manifest): Invalid key: svar/zips/Lyngemadssj_n/638260-140869-kartor/web/tiles-3-5468_Lyngemadssjön_638260-140869a.dzi
[1910/4303] svar/zips/Lyngemadssj_n/638260-140869-kartor/web/tiles-3-5468_Lyngemadssjön_638260-140869b.dzi ... upload error (manifest): Invalid key: svar/zips/Lyngemadssj_n/638260-140869-kartor/web/tiles-3-5468_Lyngemadssjön_638260-140869b.dzi
[1911/4303] svar/zips/Lyngsj_n/620184-139120-kartor/web/tiles-3-5814a_Lyngsjön_620184-139120.dzi ... upload error (manifest): Invalid key: svar/zips/Lyngsj_n/620184-139120-kartor/web/tiles-3-5814a_Lyngsjön_620184-139120.dzi
[1912/4303] svar/zips/Lyngsj_n/620184-139120-kartor/web/tiles-3-5814b_Lyngsjön_620184-139120.dzi ... upload error (manifest): Invalid key: svar/zips/Lyngsj_n/620184-139120-kartor/web/tiles-3-5814b_Lyngsjön_620184-139120.dzi
[1913/4303] svar/zips/Lyngsj_n/633103-132643-kartor/web/tiles-3-5183_Lyngsjön_633103-132643a.dzi ... upload error (manifest): Invalid key: svar/zips/Lyngsj_n/633103-132643-kartor/web/tiles-3-5183_Lyngsjön_633103-132643a.dzi
[1914/4303] svar/zips/Lyngsj_n/633103-132643-kartor/web/tiles-3-5183_Lyngsjön_633103-132643b.dzi ... upload error (manifest): Invalid key: svar/zips/Lyngsj_n/633103-132643-kartor/web/tiles-3-5183_Lyngsjön_633103-132643b.dzi
[1915/4303] svar/zips/Lyngsj_n/633103-132643-kartor/web/tiles-3-5183_Lyngsjön_633103-132643c.dzi ... upload error (manifest): Invalid key: svar/zips/Lyngsj_n/633103-132643-kartor/web/tiles-3-5183_Lyngsjön_633103-132643c.dzi
[1916/4303] svar/zips/Lyngsj_n/633103-132643-kartor/web/tiles-3-6443_Lyngsjön_633103-132643.dzi ... upload error (manifest): Invalid key: svar/zips/Lyngsj_n/633103-132643-kartor/web/tiles-3-6443_Lyngsjön_633103-132643.dzi
[1917/4303] svar/zips/Lyngsj_n/633103-132643-kartor/web/tiles-5-1010_Lyngsjön_633103-132643.dzi ... upload error (manifest): Invalid key: svar/zips/Lyngsj_n/633103-132643-kartor/web/tiles-5-1010_Lyngsjön_633103-132643.dzi
[1918/4303] svar/zips/Lynnen/633848-142611-kartor/web/tiles-2-0181_Lynnen_633848-142611.dzi ... done • ETA ~ 4m 0s
[1919/4303] svar/zips/Lysevatten/644494-127688-kartor/web/tiles-3-1536_Lysevatten_644494-127688.dzi ... done • ETA ~ 4m 0s
[1920/4303] svar/zips/Lysevattnet/641998-127922-kartor/web/tiles-3-4518_Lysevattnet_641998-127922.dzi ... done • ETA ~ 4m 0s
[1921/4303] svar/zips/Lysg_l/637066-151254-kartor/web/tiles-3-3756_Lysgöl_637066-151254a.dzi ... upload error (manifest): Invalid key: svar/zips/Lysg_l/637066-151254-kartor/web/tiles-3-3756_Lysgöl_637066-151254a.dzi
[1922/4303] svar/zips/Lysg_l/637066-151254-kartor/web/tiles-3-3756_Lysgöl_637066-151254b.dzi ... upload error (manifest): Invalid key: svar/zips/Lysg_l/637066-151254-kartor/web/tiles-3-3756_Lysgöl_637066-151254b.dzi
[1923/4303] svar/zips/Lysj_n/639011-133547-kartor/web/tiles-2-0389_Lysjön_639011-133547a.dzi ... upload error (manifest): Invalid key: svar/zips/Lysj_n/639011-133547-kartor/web/tiles-2-0389_Lysjön_639011-133547a.dzi
[1924/4303] svar/zips/Lysj_n/639011-133547-kartor/web/tiles-2-0389_Lysjön_639011-133547b.dzi ... upload error (manifest): Invalid key: svar/zips/Lysj_n/639011-133547-kartor/web/tiles-2-0389_Lysjön_639011-133547b.dzi
[1925/4303] svar/zips/Lyssj_/656188-128168-kartor/web/tiles-3-1714_Lyssjö_656188-128168.dzi ... upload error (manifest): Invalid key: svar/zips/Lyssj_/656188-128168-kartor/web/tiles-3-1714_Lyssjö_656188-128168.dzi
[1926/4303] svar/zips/L_bbosj_n/635132-135475-kartor/web/tiles-3-5661_Löbbosjön_635132-135475.dzi ... upload error (manifest): Invalid key: svar/zips/L_bbosj_n/635132-135475-kartor/web/tiles-3-5661_Löbbosjön_635132-135475.dzi
[1927/4303] svar/zips/L_djasj_n/632966-143377-kartor/web/tiles-2-0161_Lädjasjön_632966-143377.dzi ... upload error (manifest): Invalid key: svar/zips/L_djasj_n/632966-143377-kartor/web/tiles-2-0161_Lädjasjön_632966-143377.dzi
[1928/4303] svar/zips/L_en/629163-146824-kartor/web/tiles-1-0292_Läen_629163-146824.dzi ... upload error (manifest): Invalid key: svar/zips/L_en/629163-146824-kartor/web/tiles-1-0292_Läen_629163-146824.dzi
[1929/4303] svar/zips/L_ften/627766-147808-kartor/web/tiles-3-0761_Löften_627766-147808.dzi ... upload error (manifest): Invalid key: svar/zips/L_ften/627766-147808-kartor/web/tiles-3-0761_Löften_627766-147808.dzi
[1930/4303] svar/zips/L_jasj_n/635483-146475-kartor/web/tiles-3-3565_Löjasjön_635483-146475.dzi ... upload error (manifest): Invalid key: svar/zips/L_jasj_n/635483-146475-kartor/web/tiles-3-3565_Löjasjön_635483-146475.dzi
[1931/4303] svar/zips/L_nern/642676-137266-kartor/web/tiles-3-0873_Lönern_642676-137266.dzi ... upload error (manifest): Invalid key: svar/zips/L_nern/642676-137266-kartor/web/tiles-3-0873_Lönern_642676-137266.dzi
[1932/4303] svar/zips/L_ngan_sasj_n/638875-144949-kartor/web/tiles-3-0751_Långanässjön_638875-144949.dzi ... upload error (manifest): Invalid key: svar/zips/L_ngan_sasj_n/638875-144949-kartor/web/tiles-3-0751_Långanässjön_638875-144949.dzi
[1933/4303] svar/zips/L_ngan_sasj_n/638875-144949-kartor/web/tiles-3-1782_Långanässjön_638875-144949.dzi ... upload error (manifest): Invalid key: svar/zips/L_ngan_sasj_n/638875-144949-kartor/web/tiles-3-1782_Långanässjön_638875-144949.dzi
[1934/4303] svar/zips/L_ngaresj_/637090-128655-kartor/web/tiles-3-0888_Långaresjö_637090-128655.dzi ... upload error (manifest): Invalid key: svar/zips/L_ngaresj_/637090-128655-kartor/web/tiles-3-0888_Långaresjö_637090-128655.dzi
[1935/4303] svar/zips/L_ngasj_/633292-133283-kartor/web/tiles-2-0618_Långasjö_633292-133283a.dzi ... upload error (manifest): Invalid key: svar/zips/L_ngasj_/633292-133283-kartor/web/tiles-2-0618_Långasjö_633292-133283a.dzi
[1936/4303] svar/zips/L_ngasj_/633292-133283-kartor/web/tiles-2-0618_Långasjö_633292-133283b.dzi ... upload error (manifest): Invalid key: svar/zips/L_ngasj_/633292-133283-kartor/web/tiles-2-0618_Långasjö_633292-133283b.dzi
[1937/4303] svar/zips/L_ngasj_/633292-133283-kartor/web/tiles-2-0618_Långasjö_633292-133283c.dzi ... upload error (manifest): Invalid key: svar/zips/L_ngasj_/633292-133283-kartor/web/tiles-2-0618_Långasjö_633292-133283c.dzi
[1938/4303] svar/zips/L_ngasj_/633292-133283-kartor/web/tiles-2-0618_Långasjö_633292-133283d.dzi ... upload error (manifest): Invalid key: svar/zips/L_ngasj_/633292-133283-kartor/web/tiles-2-0618_Långasjö_633292-133283d.dzi
[1939/4303] svar/zips/L_ngasj_/633292-133283-kartor/web/tiles-3-6704_Långasjö_633292-133283.dzi ... upload error (manifest): Invalid key: svar/zips/L_ngasj_/633292-133283-kartor/web/tiles-3-6704_Långasjö_633292-133283.dzi
[1940/4303] svar/zips/L_ngasj_/633972-132886-kartor/web/tiles-3-6638_Långasjö_633972-132886.dzi ... upload error (manifest): Invalid key: svar/zips/L_ngasj_/633972-132886-kartor/web/tiles-3-6638_Långasjö_633972-132886.dzi
[1941/4303] svar/zips/L_ngasj_/634391-130270-kartor/web/tiles-3-6546_Långasjö_634391-130270.dzi ... upload error (manifest): Invalid key: svar/zips/L_ngasj_/634391-130270-kartor/web/tiles-3-6546_Långasjö_634391-130270.dzi
[1942/4303] svar/zips/L_ngasj_n/623020-146415-kartor/web/tiles-2-0697_Långasjön_623020-146416.dzi ... upload error (manifest): Invalid key: svar/zips/L_ngasj_n/623020-146415-kartor/web/tiles-2-0697_Långasjön_623020-146416.dzi
[1943/4303] svar/zips/L_ngasj_n/623401-144131-kartor/web/tiles-3-2825_Långasjön_623401-144131.dzi ... upload error (manifest): Invalid key: svar/zips/L_ngasj_n/623401-144131-kartor/web/tiles-3-2825_Långasjön_623401-144131.dzi
[1944/4303] svar/zips/L_ngasj_n/624124-145257-kartor/web/tiles-3-5474_Långasjön_624124-145257.dzi ... upload error (manifest): Invalid key: svar/zips/L_ngasj_n/624124-145257-kartor/web/tiles-3-5474_Långasjön_624124-145257.dzi
[1945/4303] svar/zips/L_ngasj_n/624528-147369-kartor/web/tiles-3-5565_Långasjön_624528-147369.dzi ... upload error (manifest): Invalid key: svar/zips/L_ngasj_n/624528-147369-kartor/web/tiles-3-5565_Långasjön_624528-147369.dzi
[1946/4303] svar/zips/L_ngasj_n/624554-145574-kartor/web/tiles-3-2979_Långasjön_624554-145574.dzi ... upload error (manifest): Invalid key: svar/zips/L_ngasj_n/624554-145574-kartor/web/tiles-3-2979_Långasjön_624554-145574.dzi
[1947/4303] svar/zips/L_ngasj_n/624834-146137-kartor/web/tiles-3-3179_Långasjön_624834-146137.dzi ... upload error (manifest): Invalid key: svar/zips/L_ngasj_n/624834-146137-kartor/web/tiles-3-3179_Långasjön_624834-146137.dzi
[1948/4303] svar/zips/L_ngasj_n/624884-147525-kartor/web/tiles-3-5569_Långasjön_624884-147525.dzi ... upload error (manifest): Invalid key: svar/zips/L_ngasj_n/624884-147525-kartor/web/tiles-3-5569_Långasjön_624884-147525.dzi
[1949/4303] svar/zips/L_ngasj_n/633407-132737-kartor/web/tiles-3-5215_Långasjön_633407-132737a.dzi ... upload error (manifest): Invalid key: svar/zips/L_ngasj_n/633407-132737-kartor/web/tiles-3-5215_Långasjön_633407-132737a.dzi
[1950/4303] svar/zips/L_ngasj_n/633407-132737-kartor/web/tiles-3-5215_Långasjön_633407-132737b.dzi ... upload error (manifest): Invalid key: svar/zips/L_ngasj_n/633407-132737-kartor/web/tiles-3-5215_Långasjön_633407-132737b.dzi
[1951/4303] svar/zips/L_ngasj_n/633407-132737-kartor/web/tiles-3-5215_Långasjön_633407-132737c.dzi ... upload error (manifest): Invalid key: svar/zips/L_ngasj_n/633407-132737-kartor/web/tiles-3-5215_Långasjön_633407-132737c.dzi
[1952/4303] svar/zips/L_ngasj_n/633407-132737-kartor/web/tiles-3-5215_Långasjön_633407-132737d.dzi ... upload error (manifest): Invalid key: svar/zips/L_ngasj_n/633407-132737-kartor/web/tiles-3-5215_Långasjön_633407-132737d.dzi
[1953/4303] svar/zips/L_ngasj_n/633407-132737-kartor/web/tiles-3-6711_Långasjön_633407-132737.dzi ... upload error (manifest): Invalid key: svar/zips/L_ngasj_n/633407-132737-kartor/web/tiles-3-6711_Långasjön_633407-132737.dzi
[1954/4303] svar/zips/L_ngasj_n/634778-130621-kartor/web/tiles-3-3552_Långasjön_634778-130621.dzi ... upload error (manifest): Invalid key: svar/zips/L_ngasj_n/634778-130621-kartor/web/tiles-3-3552_Långasjön_634778-130621.dzi
[1955/4303] svar/zips/L_ngasj_n/636099-139046-kartor/web/tiles-2-0674_Långasjön_636099-139046a.dzi ... upload error (manifest): Invalid key: svar/zips/L_ngasj_n/636099-139046-kartor/web/tiles-2-0674_Långasjön_636099-139046a.dzi
[1956/4303] svar/zips/L_ngasj_n/636099-139046-kartor/web/tiles-2-0674_Långasjön_636099-139046b.dzi ... upload error (manifest): Invalid key: svar/zips/L_ngasj_n/636099-139046-kartor/web/tiles-2-0674_Långasjön_636099-139046b.dzi
[1957/4303] svar/zips/L_ngbogen/650387-148392-kartor/web/tiles-3-3005_Långbogen_650387-148392.dzi ... upload error (manifest): Invalid key: svar/zips/L_ngbogen/650387-148392-kartor/web/tiles-3-3005_Långbogen_650387-148392.dzi
[1958/4303] svar/zips/L_ngeg_l/630814-148413-kartor/web/tiles-3-3848_Långegöl_630814-148413a.dzi ... upload error (manifest): Invalid key: svar/zips/L_ngeg_l/630814-148413-kartor/web/tiles-3-3848_Långegöl_630814-148413a.dzi
[1959/4303] svar/zips/L_ngeg_l/630814-148413-kartor/web/tiles-3-3848_Långegöl_630814-148413b.dzi ... upload error (manifest): Invalid key: svar/zips/L_ngeg_l/630814-148413-kartor/web/tiles-3-3848_Långegöl_630814-148413b.dzi
[1960/4303] svar/zips/L_ngek_rr/642565-128763-kartor/web/tiles-3-4824_Långekärr_642565-128763.dzi ... upload error (manifest): Invalid key: svar/zips/L_ngek_rr/642565-128763-kartor/web/tiles-3-4824_Långekärr_642565-128763.dzi
[1961/4303] svar/zips/L_ngen/633976-142928-kartor/web/tiles-1-0308_Lången_633976-142928.dzi ... upload error (manifest): Invalid key: svar/zips/L_ngen/633976-142928-kartor/web/tiles-1-0308_Lången_633976-142928.dzi
[1962/4303] svar/zips/L_ngen/634373-134567-kartor/web/tiles-3-2547_Lången_634373-134567.dzi ... upload error (manifest): Invalid key: svar/zips/L_ngen/634373-134567-kartor/web/tiles-3-2547_Lången_634373-134567.dzi
[1963/4303] svar/zips/L_ngen/634716-140234-kartor/web/tiles-3-6376_Lången_634716-140234.dzi ... upload error (manifest): Invalid key: svar/zips/L_ngen/634716-140234-kartor/web/tiles-3-6376_Lången_634716-140234.dzi
[1964/4303] svar/zips/L_ngen/640465-142567-kartor/web/tiles-3-5725_Lången_640465-142567.dzi ... upload error (manifest): Invalid key: svar/zips/L_ngen/640465-142567-kartor/web/tiles-3-5725_Lången_640465-142567.dzi
[1965/4303] svar/zips/L_ngen/643520-130932-kartor/web/tiles-3-4843_Lången_643520-130932.dzi ... upload error (manifest): Invalid key: svar/zips/L_ngen/643520-130932-kartor/web/tiles-3-4843_Lången_643520-130932.dzi
[1966/4303] svar/zips/L_ngen/644156-131315-kartor/web/tiles-3-4842_Lången_644156-131315.dzi ... upload error (manifest): Invalid key: svar/zips/L_ngen/644156-131315-kartor/web/tiles-3-4842_Lången_644156-131315.dzi
[1967/4303] svar/zips/L_ngen/646947-151878-kartor/web/tiles-2-1043_Lången_646947-151878.dzi ... upload error (manifest): Invalid key: svar/zips/L_ngen/646947-151878-kartor/web/tiles-2-1043_Lången_646947-151878.dzi
[1968/4303] svar/zips/L_ngen/649177-137968-kartor/web/tiles-3-1461_Lången_649177-137968.dzi ... upload error (manifest): Invalid key: svar/zips/L_ngen/649177-137968-kartor/web/tiles-3-1461_Lången_649177-137968.dzi
[1969/4303] svar/zips/L_ngen/649177-137968-kartor/web/tiles-3-1462_Lången_649177-137968.dzi ... upload error (manifest): Invalid key: svar/zips/L_ngen/649177-137968-kartor/web/tiles-3-1462_Lången_649177-137968.dzi
[1970/4303] svar/zips/L_ngen/653386-142797-kartor/web/tiles-2-0515_Lången_653386-142797.dzi ... upload error (manifest): Invalid key: svar/zips/L_ngen/653386-142797-kartor/web/tiles-2-0515_Lången_653386-142797.dzi
[1971/4303] svar/zips/L_ngen/653386-142797-kartor/web/tiles-5-0116_Lången_653386-142797a.dzi ... upload error (manifest): Invalid key: svar/zips/L_ngen/653386-142797-kartor/web/tiles-5-0116_Lången_653386-142797a.dzi
[1972/4303] svar/zips/L_ngen/653386-142797-kartor/web/tiles-5-0116_Lången_653386-142797b.dzi ... upload error (manifest): Invalid key: svar/zips/L_ngen/653386-142797-kartor/web/tiles-5-0116_Lången_653386-142797b.dzi
[1973/4303] svar/zips/L_ngen/654967-124425-kartor/web/tiles-3-4259_Lången_654967-124425.dzi ... upload error (manifest): Invalid key: svar/zips/L_ngen/654967-124425-kartor/web/tiles-3-4259_Lången_654967-124425.dzi
[1974/4303] svar/zips/L_ngesj_n/628326-133212-kartor/web/tiles-3-4690_Långesjön_628326-133212.dzi ... upload error (manifest): Invalid key: svar/zips/L_ngesj_n/628326-133212-kartor/web/tiles-3-4690_Långesjön_628326-133212.dzi
[1975/4303] svar/zips/L_ngesj_n/632657-132932-kartor/web/tiles-3-6448_Långesjön_632657-132932.dzi ... upload error (manifest): Invalid key: svar/zips/L_ngesj_n/632657-132932-kartor/web/tiles-3-6448_Långesjön_632657-132932.dzi
[1976/4303] svar/zips/L_ngesj_n/632657-132932-kartor/web/tiles-5-1011_Långesjön_632657-132932.dzi ... upload error (manifest): Invalid key: svar/zips/L_ngesj_n/632657-132932-kartor/web/tiles-5-1011_Långesjön_632657-132932.dzi
[1977/4303] svar/zips/L_ngesj_n/642237-128552-kartor/web/tiles-3-0981_Långesjön_642237-128552.dzi ... upload error (manifest): Invalid key: svar/zips/L_ngesj_n/642237-128552-kartor/web/tiles-3-0981_Långesjön_642237-128552.dzi
[1978/4303] svar/zips/L_ngesj_n/643777-129582-kartor/web/tiles-3-4829_Långesjön_643777-129582a.dzi ... upload error (manifest): Invalid key: svar/zips/L_ngesj_n/643777-129582-kartor/web/tiles-3-4829_Långesjön_643777-129582a.dzi
[1979/4303] svar/zips/L_ngesj_n/643777-129582-kartor/web/tiles-3-4829_Långesjön_643777-129582b.dzi ... upload error (manifest): Invalid key: svar/zips/L_ngesj_n/643777-129582-kartor/web/tiles-3-4829_Långesjön_643777-129582b.dzi
[1980/4303] svar/zips/L_ngetj_rn/639791-128196-kartor/web/tiles-3-1843_Långetjärn_639791-128196.dzi ... upload error (manifest): Invalid key: svar/zips/L_ngetj_rn/639791-128196-kartor/web/tiles-3-1843_Långetjärn_639791-128196.dzi
[1981/4303] svar/zips/L_ngetj_rn/640460-129466-kartor/web/tiles-3-0983_Långetjärn_640460-129466.dzi ... upload error (manifest): Invalid key: svar/zips/L_ngetj_rn/640460-129466-kartor/web/tiles-3-0983_Långetjärn_640460-129466.dzi
[1982/4303] svar/zips/L_ngetj_rn/640460-129466-kartor/web/tiles-3-0992_Långetjärn_640460-129466.dzi ... upload error (manifest): Invalid key: svar/zips/L_ngetj_rn/640460-129466-kartor/web/tiles-3-0992_Långetjärn_640460-129466.dzi
[1983/4303] svar/zips/L_ngetj_rnen/651491-129861-kartor/web/tiles-3-2479_Långetjärnet_651491-129861.dzi ... upload error (manifest): Invalid key: svar/zips/L_ngetj_rnen/651491-129861-kartor/web/tiles-3-2479_Långetjärnet_651491-129861.dzi
[1984/4303] svar/zips/L_ngevatten/638291-127418-kartor/web/tiles-3-0919_Långevatten_638291-127418.dzi ... upload error (manifest): Invalid key: svar/zips/L_ngevatten/638291-127418-kartor/web/tiles-3-0919_Långevatten_638291-127418.dzi
[1985/4303] svar/zips/L_ngevatten/643413-129803-kartor/web/tiles-3-4527_Långevatten_643413-129803.dzi ... upload error (manifest): Invalid key: svar/zips/L_ngevatten/643413-129803-kartor/web/tiles-3-4527_Långevatten_643413-129803.dzi
[1986/4303] svar/zips/L_ngevatten/644475-127835-kartor/web/tiles-2-1017_Långevatten_644475-127835.dzi ... upload error (manifest): Invalid key: svar/zips/L_ngevatten/644475-127835-kartor/web/tiles-2-1017_Långevatten_644475-127835.dzi
[1987/4303] svar/zips/L_ngevatten/651915-124783-kartor/web/tiles-3-2042_Långevatten_651915-124783.dzi ... upload error (manifest): Invalid key: svar/zips/L_ngevatten/651915-124783-kartor/web/tiles-3-2042_Långevatten_651915-124783.dzi
[1988/4303] svar/zips/L_ngevatten/652119-126492-kartor/web/tiles-3-2620_Långevatten_652119-126492a.dzi ... upload error (manifest): Invalid key: svar/zips/L_ngevatten/652119-126492-kartor/web/tiles-3-2620_Långevatten_652119-126492a.dzi
[1989/4303] svar/zips/L_ngevatten/652119-126492-kartor/web/tiles-3-2620_Långevatten_652119-126492b.dzi ... upload error (manifest): Invalid key: svar/zips/L_ngevatten/652119-126492-kartor/web/tiles-3-2620_Långevatten_652119-126492b.dzi
[1990/4303] svar/zips/L_ngevatten/654484-124980-kartor/web/tiles-3-4260_Långevatten_654484-124980.dzi ... upload error (manifest): Invalid key: svar/zips/L_ngevatten/654484-124980-kartor/web/tiles-3-4260_Långevatten_654484-124980.dzi
[1991/4303] svar/zips/L_ngevattnet/641170-127881-kartor/web/tiles-3-1635_Långevattnet_641170-127881.dzi ... upload error (manifest): Invalid key: svar/zips/L_ngevattnet/641170-127881-kartor/web/tiles-3-1635_Långevattnet_641170-127881.dzi
[1992/4303] svar/zips/L_ngevattnet/646174-127774-kartor/web/tiles-3-3521_Långevattnet_646174-127774.dzi ... upload error (manifest): Invalid key: svar/zips/L_ngevattnet/646174-127774-kartor/web/tiles-3-3521_Långevattnet_646174-127774.dzi
[1993/4303] svar/zips/L_nge_G_l/624560-146730-kartor/web/tiles-3-5509_Långe göl_624560-146730.dzi ... upload error (manifest): Invalid key: svar/zips/L_nge_G_l/624560-146730-kartor/web/tiles-3-5509_Långe göl_624560-146730.dzi
[1994/4303] svar/zips/L_ngg_l/643713-154066-kartor/web/tiles-3-3377_Långgöl_643713-154066.dzi ... upload error (manifest): Invalid key: svar/zips/L_ngg_l/643713-154066-kartor/web/tiles-3-3377_Långgöl_643713-154066.dzi
[1995/4303] svar/zips/L_ngg_len/636591-152510-kartor/web/tiles-1-0235_Långgölen_636591-152510.dzi ... upload error (manifest): Invalid key: svar/zips/L_ngg_len/636591-152510-kartor/web/tiles-1-0235_Långgölen_636591-152510.dzi
[1996/4303] svar/zips/L_nghalmen/649524-128381-kartor/web/tiles-0-0146_Långhalmen_649524-128381.dzi ... upload error (manifest): Invalid key: svar/zips/L_nghalmen/649524-128381-kartor/web/tiles-0-0146_Långhalmen_649524-128381.dzi
[1997/4303] svar/zips/L_nghalsen-S_dra/652364-156455-kartor/web/tiles-0-0058_Långhalsen_södra_652364-156455.dzi ... upload error (manifest): Invalid key: svar/zips/L_nghalsen-S_dra/652364-156455-kartor/web/tiles-0-0058_Långhalsen_södra_652364-156455.dzi
[1998/4303] svar/zips/L_ngrammen/641252-152669-kartor/web/tiles-3-1580_Långrammen_641252-152669.dzi ... upload error (manifest): Invalid key: svar/zips/L_ngrammen/641252-152669-kartor/web/tiles-3-1580_Långrammen_641252-152669.dzi
[1999/4303] svar/zips/L_ngsj_n/635877-153978-kartor/web/tiles-1-0233_Långsjön_635877-153978.dzi ... upload error (manifest): Invalid key: svar/zips/L_ngsj_n/635877-153978-kartor/web/tiles-1-0233_Långsjön_635877-153978.dzi
[2000/4303] svar/zips/L_ngsj_n/637159-151272-kartor/web/tiles-3-3430_Långsjön_637159-151272.dzi ... upload error (manifest): Invalid key: svar/zips/L_ngsj_n/637159-151272-kartor/web/tiles-3-3430_Långsjön_637159-151272.dzi
[2001/4303] svar/zips/L_ngsj_n/637867-139161-kartor/web/tiles-3-5244_Långsjön_637867-139161.dzi ... upload error (manifest): Invalid key: svar/zips/L_ngsj_n/637867-139161-kartor/web/tiles-3-5244_Långsjön_637867-139161.dzi
[2002/4303] svar/zips/L_ngsj_n/637969-150675-kartor/web/tiles-3-3515a_Långsjön_637969-150675.dzi ... upload error (manifest): Invalid key: svar/zips/L_ngsj_n/637969-150675-kartor/web/tiles-3-3515a_Långsjön_637969-150675.dzi
[2003/4303] svar/zips/L_ngsj_n/637969-150675-kartor/web/tiles-3-3515b_Långsjön_637969-150675.dzi ... upload error (manifest): Invalid key: svar/zips/L_ngsj_n/637969-150675-kartor/web/tiles-3-3515b_Långsjön_637969-150675.dzi
[2004/4303] svar/zips/L_ngsj_n/638661-140090-kartor/web/tiles-5-0036_Långsjön_638661-140090.dzi ... upload error (manifest): Invalid key: svar/zips/L_ngsj_n/638661-140090-kartor/web/tiles-5-0036_Långsjön_638661-140090.dzi
[2005/4303] svar/zips/L_ngsj_n/640777-150402-kartor/web/tiles-3-3622_Långsjön_640777-150402.dzi ... upload error (manifest): Invalid key: svar/zips/L_ngsj_n/640777-150402-kartor/web/tiles-3-3622_Långsjön_640777-150402.dzi
[2006/4303] svar/zips/L_ngsj_n/652412-143738-kartor/web/tiles-3-3421_Långsjön_652412-143738.dzi ... upload error (manifest): Invalid key: svar/zips/L_ngsj_n/652412-143738-kartor/web/tiles-3-3421_Långsjön_652412-143738.dzi
[2007/4303] svar/zips/L_ngsj_n/652412-143738-kartor/web/tiles-3-6414_Långsjön_652412-143738a.dzi ... upload error (manifest): Invalid key: svar/zips/L_ngsj_n/652412-143738-kartor/web/tiles-3-6414_Långsjön_652412-143738a.dzi
[2008/4303] svar/zips/L_ngsj_n/652412-143738-kartor/web/tiles-3-6414_Långsjön_652412-143738b.dzi ... upload error (manifest): Invalid key: svar/zips/L_ngsj_n/652412-143738-kartor/web/tiles-3-6414_Långsjön_652412-143738b.dzi
[2009/4303] svar/zips/L_ngsj_n/652412-143738-kartor/web/tiles-3-6414_Långsjön_652412-143738c.dzi ... upload error (manifest): Invalid key: svar/zips/L_ngsj_n/652412-143738-kartor/web/tiles-3-6414_Långsjön_652412-143738c.dzi
[2010/4303] svar/zips/L_ngsj_n/652412-143738-kartor/web/tiles-5-0168_Långsjön_652412-143738.dzi ... upload error (manifest): Invalid key: svar/zips/L_ngsj_n/652412-143738-kartor/web/tiles-5-0168_Långsjön_652412-143738.dzi
[2011/4303] svar/zips/L_ngsj_n/653652-161811-kartor/web/tiles-3-3509_Långsjön_653652-161811.dzi ... upload error (manifest): Invalid key: svar/zips/L_ngsj_n/653652-161811-kartor/web/tiles-3-3509_Långsjön_653652-161811.dzi
[2012/4303] svar/zips/L_ngsj_n/654151-158271-kartor/web/tiles-3-4389_Långsjön_654151-158271.dzi ... upload error (manifest): Invalid key: svar/zips/L_ngsj_n/654151-158271-kartor/web/tiles-3-4389_Långsjön_654151-158271.dzi
[2013/4303] svar/zips/L_ngsj_n/655593-158645-kartor/web/tiles-5-0180_Långsjön_655593-158645.dzi ... upload error (manifest): Invalid key: svar/zips/L_ngsj_n/655593-158645-kartor/web/tiles-5-0180_Långsjön_655593-158645.dzi
[2014/4303] svar/zips/L_ngsj_n/656002-159646-kartor/web/tiles-5-0979_Långsjön_656002-159646.dzi ... upload error (manifest): Invalid key: svar/zips/L_ngsj_n/656002-159646-kartor/web/tiles-5-0979_Långsjön_656002-159646.dzi
[2015/4303] svar/zips/L_ngsj_n/656047-162784-kartor/web/tiles-3-1865_Långsjön_656047-162784.dzi ... upload error (manifest): Invalid key: svar/zips/L_ngsj_n/656047-162784-kartor/web/tiles-3-1865_Långsjön_656047-162784.dzi
[2016/4303] svar/zips/L_ngsj_n/656590-164240-kartor/web/tiles-3-1885_Långsjön_656590-164240.dzi ... upload error (manifest): Invalid key: svar/zips/L_ngsj_n/656590-164240-kartor/web/tiles-3-1885_Långsjön_656590-164240.dzi
[2017/4303] svar/zips/L_ngsj_n/656590-164240-kartor/web/tiles-3-6419_Långsjön_656590-164240.dzi ... upload error (manifest): Invalid key: svar/zips/L_ngsj_n/656590-164240-kartor/web/tiles-3-6419_Långsjön_656590-164240.dzi
[2018/4303] svar/zips/L_ngtj_rn/651659-125659-kartor/web/tiles-3-1919_Långtjärn_651659-125659.dzi ... upload error (manifest): Invalid key: svar/zips/L_ngtj_rn/651659-125659-kartor/web/tiles-3-1919_Långtjärn_651659-125659.dzi
[2019/4303] svar/zips/L_ngtr_sk/654646-164746-kartor/web/tiles-5-0181_Långträsk_654646-164746.dzi ... upload error (manifest): Invalid key: svar/zips/L_ngtr_sk/654646-164746-kartor/web/tiles-5-0181_Långträsk_654646-164746.dzi
[2020/4303] svar/zips/L_ngvattnet/638252-138814-kartor/web/tiles-3-2434_Långvattnet_638252-138814.dzi ... upload error (manifest): Invalid key: svar/zips/L_ngvattnet/638252-138814-kartor/web/tiles-3-2434_Långvattnet_638252-138814.dzi
[2021/4303] svar/zips/L_ngvattnet/653242-125047-kartor/web/tiles-3-1571_Långvattnet_653242-125047.dzi ... upload error (manifest): Invalid key: svar/zips/L_ngvattnet/653242-125047-kartor/web/tiles-3-1571_Långvattnet_653242-125047.dzi
[2022/4303] svar/zips/L_ngvattnet/653242-125047-kartor/web/tiles-3-2490_Långvattnet_653242-125047.dzi ... upload error (manifest): Invalid key: svar/zips/L_ngvattnet/653242-125047-kartor/web/tiles-3-2490_Långvattnet_653242-125047.dzi
[2023/4303] svar/zips/L_ng_ns_Vatten/648510-124062-kartor/web/tiles-3-4205_Långöns vatten_648510-124062.dzi ... upload error (manifest): Invalid key: svar/zips/L_ng_ns_Vatten/648510-124062-kartor/web/tiles-3-4205_Långöns vatten_648510-124062.dzi
[2024/4303] svar/zips/L_ren/655669-153081-kartor/web/tiles-3-5632_Lören_655669-153081.dzi ... upload error (manifest): Invalid key: svar/zips/L_ren/655669-153081-kartor/web/tiles-3-5632_Lören_655669-153081.dzi
[2025/4303] svar/zips/L_rkesholmssj_n/624178-134911-kartor/web/tiles-3-2783_Lärkesholmssjön_624178-134911a.dzi ... upload error (manifest): Invalid key: svar/zips/L_rkesholmssj_n/624178-134911-kartor/web/tiles-3-2783_Lärkesholmssjön_624178-134911a.dzi
[2026/4303] svar/zips/L_rkesholmssj_n/624178-134911-kartor/web/tiles-3-2783_Lärkesholmssjön_624178-134911b.dzi ... upload error (manifest): Invalid key: svar/zips/L_rkesholmssj_n/624178-134911-kartor/web/tiles-3-2783_Lärkesholmssjön_624178-134911b.dzi
[2027/4303] svar/zips/L_sensj_n/623301-149571-kartor/web/tiles-3-0760_Lösensjön_623301-149571.dzi ... upload error (manifest): Invalid key: svar/zips/L_sensj_n/623301-149571-kartor/web/tiles-3-0760_Lösensjön_623301-149571.dzi
[2028/4303] svar/zips/L_sensj_n/623301-149571-kartor/web/tiles-3-2827_Lösensjön_623301-149571.dzi ... upload error (manifest): Invalid key: svar/zips/L_sensj_n/623301-149571-kartor/web/tiles-3-2827_Lösensjön_623301-149571.dzi
[2029/4303] svar/zips/L_ttlamp/652113-143074-kartor/web/tiles-5-0133_Lättlamp_652113-143074.dzi ... upload error (manifest): Invalid key: svar/zips/L_ttlamp/652113-143074-kartor/web/tiles-5-0133_Lättlamp_652113-143074.dzi
[2030/4303] svar/zips/L_v/652129-126593-kartor/web/tiles-3-1738_Löv_652129-126593.dzi ... upload error (manifest): Invalid key: svar/zips/L_v/652129-126593-kartor/web/tiles-3-1738_Löv_652129-126593.dzi
[2031/4303] svar/zips/L_vsj_n/630934-144417-kartor/web/tiles-3-0801_Lövsjön_630934-144417.dzi ... upload error (manifest): Invalid key: svar/zips/L_vsj_n/630934-144417-kartor/web/tiles-3-0801_Lövsjön_630934-144417.dzi
[2032/4303] svar/zips/L_vsj_n/630934-144417-kartor/web/tiles-3-0802_Lövsjön_630934-144417.dzi ... upload error (manifest): Invalid key: svar/zips/L_vsj_n/630934-144417-kartor/web/tiles-3-0802_Lövsjön_630934-144417.dzi
[2033/4303] svar/zips/L_vsj_n/639266-146764-kartor/web/tiles-3-2920_Lövsjön_639266-146764.dzi ... upload error (manifest): Invalid key: svar/zips/L_vsj_n/639266-146764-kartor/web/tiles-3-2920_Lövsjön_639266-146764.dzi
[2034/4303] svar/zips/L_vsj_n/650904-153801-kartor/web/tiles-2-0484_Lövsjön_650904-153801.dzi ... upload error (manifest): Invalid key: svar/zips/L_vsj_n/650904-153801-kartor/web/tiles-2-0484_Lövsjön_650904-153801.dzi
[2035/4303] svar/zips/L_vvikevatten/646905-124990-kartor/web/tiles-3-3524_Lövvikevattnet_646905-124990.dzi ... upload error (manifest): Invalid key: svar/zips/L_vvikevatten/646905-124990-kartor/web/tiles-3-3524_Lövvikevattnet_646905-124990.dzi
[2036/4303] svar/zips/Madesj_sj_n/628790-150288-kartor/web/tiles-3-3845_Madesjösjön_628790-150288a.dzi ... upload error (manifest): Invalid key: svar/zips/Madesj_sj_n/628790-150288-kartor/web/tiles-3-3845_Madesjösjön_628790-150288a.dzi
[2037/4303] svar/zips/Madesj_sj_n/628790-150288-kartor/web/tiles-3-3845_Madesjösjön_628790-150288b.dzi ... upload error (manifest): Invalid key: svar/zips/Madesj_sj_n/628790-150288-kartor/web/tiles-3-3845_Madesjösjön_628790-150288b.dzi
[2038/4303] svar/zips/Madkroken/632867-145547-kartor/web/tiles-2-0560_Madkroken_632867-145547.dzi ... done • ETA ~ 3m 45s
[2039/4303] svar/zips/Madsj_n/640885-132084-kartor/web/tiles-3-5588_Madsjön_640885-132084.dzi ... upload error (manifest): Invalid key: svar/zips/Madsj_n/640885-132084-kartor/web/tiles-3-5588_Madsjön_640885-132084.dzi
[2040/4303] svar/zips/Madsj_n/652482-127718-kartor/web/tiles-3-4839_Madsjön_652482-127718.dzi ... upload error (manifest): Invalid key: svar/zips/Madsj_n/652482-127718-kartor/web/tiles-3-4839_Madsjön_652482-127718.dzi
[2041/4303] svar/zips/Majsj_n/635334-135239-kartor/web/tiles-3-2575_Majsjön_635334-135239a.dzi ... upload error (manifest): Invalid key: svar/zips/Majsj_n/635334-135239-kartor/web/tiles-3-2575_Majsjön_635334-135239a.dzi
[2042/4303] svar/zips/Majsj_n/635334-135239-kartor/web/tiles-3-2575_Majsjön_635334-135239b.dzi ... upload error (manifest): Invalid key: svar/zips/Majsj_n/635334-135239-kartor/web/tiles-3-2575_Majsjön_635334-135239b.dzi
[2043/4303] svar/zips/Majsj_n/635334-135239-kartor/web/tiles-3-2575_Majsjön_635334-135239c.dzi ... upload error (manifest): Invalid key: svar/zips/Majsj_n/635334-135239-kartor/web/tiles-3-2575_Majsjön_635334-135239c.dzi
[2044/4303] svar/zips/Malabergssj_n/630804-140641-kartor/web/tiles-3-6369_Malabergssjön_630804-140641.dzi ... upload error (manifest): Invalid key: svar/zips/Malabergssj_n/630804-140641-kartor/web/tiles-3-6369_Malabergssjön_630804-140641.dzi
[2045/4303] svar/zips/Malevattnet/651578-126127-kartor/web/tiles-3-1953_Malevattnet_651578-126127.dzi ... done • ETA ~ 3m 45s
[2046/4303] svar/zips/Malmsj_n/624588-149908-kartor/web/tiles-2-1101_Malmsjön_624588-149908.dzi ... upload error (manifest): Invalid key: svar/zips/Malmsj_n/624588-149908-kartor/web/tiles-2-1101_Malmsjön_624588-149908.dzi
[2047/4303] svar/zips/Malmsj_n/624588-149908-kartor/web/tiles-3-3850_Malmsjön_624588-149908a.dzi ... upload error (manifest): Invalid key: svar/zips/Malmsj_n/624588-149908-kartor/web/tiles-3-3850_Malmsjön_624588-149908a.dzi
[2048/4303] svar/zips/Malmsj_n/624588-149908-kartor/web/tiles-3-3850_Malmsjön_624588-149908b.dzi ... upload error (manifest): Invalid key: svar/zips/Malmsj_n/624588-149908-kartor/web/tiles-3-3850_Malmsjön_624588-149908b.dzi
[2049/4303] svar/zips/Malmsj_n/650734-148577-kartor/web/tiles-3-2904_Malmsjön_650734-148577.dzi ... upload error (manifest): Invalid key: svar/zips/Malmsj_n/650734-148577-kartor/web/tiles-3-2904_Malmsjön_650734-148577.dzi
[2050/4303] svar/zips/Malmsj_n/652646-152336-kartor/web/tiles-3-5628_Malmsjön_652646-152336.dzi ... upload error (manifest): Invalid key: svar/zips/Malmsj_n/652646-152336-kartor/web/tiles-3-5628_Malmsjön_652646-152336.dzi
[2051/4303] svar/zips/Malmsj_n/656114-161514-kartor/web/tiles-3-4283_Malmsjön_656114-161514.dzi ... upload error (manifest): Invalid key: svar/zips/Malmsj_n/656114-161514-kartor/web/tiles-3-4283_Malmsjön_656114-161514.dzi
[2052/4303] svar/zips/Malmsj_n/656114-161514-kartor/web/tiles-3-6611_Malmsjön_656114-161514.dzi ... upload error (manifest): Invalid key: svar/zips/Malmsj_n/656114-161514-kartor/web/tiles-3-6611_Malmsjön_656114-161514.dzi
[2053/4303] svar/zips/Malsj_/642436-132816-kartor/web/tiles-2-0540_Malsjö_642436-132816.dzi ... upload error (manifest): Invalid key: svar/zips/Malsj_/642436-132816-kartor/web/tiles-2-0540_Malsjö_642436-132816.dzi
[2054/4303] svar/zips/Maren/635091-150305-kartor/web/tiles-3-3795_Maren_635091-150305a.dzi ... done • ETA ~ 3m 44s
[2055/4303] svar/zips/Maren/635091-150305-kartor/web/tiles-3-3795_Maren_635091-150305b.dzi ... done • ETA ~ 3m 44s
[2056/4303] svar/zips/Maren/638343-154195-kartor/web/tiles-0-0118_Maren_638343-154195.dzi ... done • ETA ~ 3m 44s
[2057/4303] svar/zips/Marjebosj_n/637078-135977-kartor/web/tiles-3-4862_Marjebosjön_637078-135977.dzi ... upload error (manifest): Invalid key: svar/zips/Marjebosj_n/637078-135977-kartor/web/tiles-3-4862_Marjebosjön_637078-135977.dzi
[2058/4303] svar/zips/Marsj_n/652638-129125-kartor/web/tiles-1-0146_Marsjön_652638-129125.dzi ... upload error (manifest): Invalid key: svar/zips/Marsj_n/652638-129125-kartor/web/tiles-1-0146_Marsjön_652638-129125.dzi
[2059/4303] svar/zips/Marskogsj_n/632453-148346-kartor/web/tiles-3-6384_Marskogsjön_632453-148346.dzi ... upload error (manifest): Invalid key: svar/zips/Marskogsj_n/632453-148346-kartor/web/tiles-3-6384_Marskogsjön_632453-148346.dzi
[2060/4303] svar/zips/Medjolingen/644964-127774-kartor/web/tiles-3-4241_Medjolingen_644964-127774.dzi ... done • ETA ~ 3m 43s
[2061/4303] svar/zips/Mellan-Kornsj_n/653461-126344-kartor/web/tiles-3-3996_Mellan Kornsjön_653461-126344.dzi ... upload error (manifest): Invalid key: svar/zips/Mellan-Kornsj_n/653461-126344-kartor/web/tiles-3-3996_Mellan Kornsjön_653461-126344.dzi
[2062/4303] svar/zips/Mellan-Marviken/656651-157649-kartor/web/tiles-0-0165_Mellan-Marviken_656651-157649a.dzi ... done • ETA ~ 3m 43s
[2063/4303] svar/zips/Mellan-Marviken/656651-157649-kartor/web/tiles-0-0165_Mellan-Marviken_656651-157649b.dzi ... done • ETA ~ 3m 43s
[2064/4303] svar/zips/Mellan-Svan/656727-131425-kartor/web/tiles-3-1239_Mellan-Svan_656727-131425.dzi ... done • ETA ~ 3m 43s
[2065/4303] svar/zips/Mellanf_rgen/631503-134957-kartor/web/tiles-3-0861_Mellan-Färgen_631503-134957.dzi ... upload error (manifest): Invalid key: svar/zips/Mellanf_rgen/631503-134957-kartor/web/tiles-3-0861_Mellan-Färgen_631503-134957.dzi
[2066/4303] svar/zips/Mellang_len/638184-148366-kartor/web/tiles-3-5740_Mellangölen_638184-148366.dzi ... upload error (manifest): Invalid key: svar/zips/Mellang_len/638184-148366-kartor/web/tiles-3-5740_Mellangölen_638184-148366.dzi
[2067/4303] svar/zips/Mellanmaren/635217-149904-kartor/web/tiles-3-3791_Mellanmaren_635217-149904a.dzi ... done • ETA ~ 3m 43s
[2068/4303] svar/zips/Mellanmaren/635217-149904-kartor/web/tiles-3-3791_Mellanmaren_635217-149904b.dzi ... done • ETA ~ 3m 43s
[2069/4303] svar/zips/Mellansj_n/624925-136666-kartor/web/tiles-3-3715_Mellansjön_624925-136666.dzi ... upload error (manifest): Invalid key: svar/zips/Mellansj_n/624925-136666-kartor/web/tiles-3-3715_Mellansjön_624925-136666.dzi
[2070/4303] svar/zips/Mellansj_n/625106-143273-kartor/web/tiles-3-5987_Mellansjön_625106-143273.dzi ... upload error (manifest): Invalid key: svar/zips/Mellansj_n/625106-143273-kartor/web/tiles-3-5987_Mellansjön_625106-143273.dzi
[2071/4303] svar/zips/Mellansj_n/633200-136200-kartor/web/tiles-3-6529_Mellansjön_633200-136200.dzi ... upload error (manifest): Invalid key: svar/zips/Mellansj_n/633200-136200-kartor/web/tiles-3-6529_Mellansjön_633200-136200.dzi
[2072/4303] svar/zips/Mellansj_n/634105-134252-kartor/web/tiles-3-2072_Mellansjön_634105-134252.dzi ... upload error (manifest): Invalid key: svar/zips/Mellansj_n/634105-134252-kartor/web/tiles-3-2072_Mellansjön_634105-134252.dzi
[2073/4303] svar/zips/Mellansj_n/635705-146189-kartor/web/tiles-3-3566_Mellansjön_635705-146189.dzi ... upload error (manifest): Invalid key: svar/zips/Mellansj_n/635705-146189-kartor/web/tiles-3-3566_Mellansjön_635705-146189.dzi
[2074/4303] svar/zips/Mellansj_n/636835-137429-kartor/web/tiles-3-6294_Mellansjön_636835-137429.dzi ... upload error (manifest): Invalid key: svar/zips/Mellansj_n/636835-137429-kartor/web/tiles-3-6294_Mellansjön_636835-137429.dzi
[2075/4303] svar/zips/Mellansj_n/637275-137923-kartor/web/tiles-3-2069_Mellansjön_637275-137923.dzi ... upload error (manifest): Invalid key: svar/zips/Mellansj_n/637275-137923-kartor/web/tiles-3-2069_Mellansjön_637275-137923.dzi
[2076/4303] svar/zips/Mellansj_n/637275-137923-kartor/web/tiles-5-0037_Mellansjön_637275-137923.dzi ... upload error (manifest): Invalid key: svar/zips/Mellansj_n/637275-137923-kartor/web/tiles-5-0037_Mellansjön_637275-137923.dzi
[2077/4303] svar/zips/Mellansj_n/639863-139767-kartor/web/tiles-3-6306_Mellansjön_639863-139767.dzi ... upload error (manifest): Invalid key: svar/zips/Mellansj_n/639863-139767-kartor/web/tiles-3-6306_Mellansjön_639863-139767.dzi
[2078/4303] svar/zips/Mellan_Sandsj_n/651224-126077-kartor/web/tiles-3-2122_Mellan Sandsjön_651224-126077.dzi ... upload error (manifest): Invalid key: svar/zips/Mellan_Sandsj_n/651224-126077-kartor/web/tiles-3-2122_Mellan Sandsjön_651224-126077.dzi
[2079/4303] svar/zips/Mellan___revatten/643357-127789-kartor/web/tiles-3-1079_Mellan Örevatten_6643357-12778943381-127784.dzi ... upload error (manifest): Invalid key: svar/zips/Mellan___revatten/643357-127789-kartor/web/tiles-3-1079_Mellan Örevatten_6643357-12778943381-127784.dzi
[2080/4303] svar/zips/Mellan___rsj_n/635854-129297-kartor/web/tiles-3-4726_Mellan Ärsjön_635854-129297.dzi ... upload error (manifest): Invalid key: svar/zips/Mellan___rsj_n/635854-129297-kartor/web/tiles-3-4726_Mellan Ärsjön_635854-129297.dzi
[2081/4303] svar/zips/Mellan___rsj_n/635854-129297-kartor/web/tiles-3-6643_Mellan-Ärsjön_635854-129297.dzi ... upload error (manifest): Invalid key: svar/zips/Mellan___rsj_n/635854-129297-kartor/web/tiles-3-6643_Mellan-Ärsjön_635854-129297.dzi
[2082/4303] svar/zips/Mellom-Ulvattnet/655954-126993-kartor/web/tiles-3-4811_Mellom-Ulvattnet_655954-126993.dzi ... done • ETA ~ 3m 41s
[2083/4303] svar/zips/Mellomsj_n/625404-137064-kartor/web/tiles-3-3448_Mellomsjön_625404-137064.dzi ... upload error (manifest): Invalid key: svar/zips/Mellomsj_n/625404-137064-kartor/web/tiles-3-3448_Mellomsjön_625404-137064.dzi
[2084/4303] svar/zips/Mellsj_/638684-127331-kartor/web/tiles-3-0925_Mellsjön_638684-127331.dzi ... upload error (manifest): Invalid key: svar/zips/Mellsj_/638684-127331-kartor/web/tiles-3-0925_Mellsjön_638684-127331.dzi
[2085/4303] svar/zips/Mellsj_n/639727-134164-kartor/web/tiles-3-5825_Mellsjön_639727-134164.dzi ... upload error (manifest): Invalid key: svar/zips/Mellsj_n/639727-134164-kartor/web/tiles-3-5825_Mellsjön_639727-134164.dzi
[2086/4303] svar/zips/Mellsj_n/641340-134166-kartor/web/tiles-3-4880_Mellsjön_641340-134166.dzi ... upload error (manifest): Invalid key: svar/zips/Mellsj_n/641340-134166-kartor/web/tiles-3-4880_Mellsjön_641340-134166.dzi
[2087/4303] svar/zips/Mellumvattnet/651179-125644-kartor/web/tiles-3-2619_Mellumvattnet_651179-125644.dzi ... done • ETA ~ 3m 41s
[2088/4303] svar/zips/Mell_Kvarnsj_n/643389-129269-kartor/web/tiles-3-4826_Mellersta Kvarnsjön_643389-129269.dzi ... upload error (manifest): Invalid key: svar/zips/Mell_Kvarnsj_n/643389-129269-kartor/web/tiles-3-4826_Mellersta Kvarnsjön_643389-129269.dzi
[2089/4303] svar/zips/Melsj_n/636089-149465-kartor/web/tiles-3-3802_Melsjön_636089-149465a.dzi ... upload error (manifest): Invalid key: svar/zips/Melsj_n/636089-149465-kartor/web/tiles-3-3802_Melsjön_636089-149465a.dzi
[2090/4303] svar/zips/Melsj_n/636089-149465-kartor/web/tiles-3-3802_Melsjön_636089-149465b.dzi ... upload error (manifest): Invalid key: svar/zips/Melsj_n/636089-149465-kartor/web/tiles-3-3802_Melsjön_636089-149465b.dzi
[2091/4303] svar/zips/Metesj_n/624943-145440-kartor/web/tiles-3-5501_Metesjön_624943-145440.dzi ... upload error (manifest): Invalid key: svar/zips/Metesj_n/624943-145440-kartor/web/tiles-3-5501_Metesjön_624943-145440.dzi
[2092/4303] svar/zips/Metgylet/624048-144644-kartor/web/tiles-3-5918_Metgylet_624048-144644.dzi ... done • ETA ~ 3m 40s
[2093/4303] svar/zips/Metsj_/648430-126858-kartor/web/tiles-3-3462_Metsjö_648430-126858.dzi ... upload error (manifest): Invalid key: svar/zips/Metsj_/648430-126858-kartor/web/tiles-3-3462_Metsjö_648430-126858.dzi
[2094/4303] svar/zips/Mien/625184-144083-kartor/web/tiles-2-0561_Mien_625184-144083.dzi ... done • ETA ~ 3m 40s
[2095/4303] svar/zips/Mistersj_/635109-148676-kartor/web/tiles-3-3814_Mistersjö_635109-148676a.dzi ... upload error (manifest): Invalid key: svar/zips/Mistersj_/635109-148676-kartor/web/tiles-3-3814_Mistersjö_635109-148676a.dzi
[2096/4303] svar/zips/Mistersj_/635109-148676-kartor/web/tiles-3-3814_Mistersjö_635109-148676b.dzi ... upload error (manifest): Invalid key: svar/zips/Mistersj_/635109-148676-kartor/web/tiles-3-3814_Mistersjö_635109-148676b.dzi
[2097/4303] svar/zips/Mjuasj_n/625738-146986-kartor/web/tiles-3-2847_Mjuasjön_625738-146986.dzi ... upload error (manifest): Invalid key: svar/zips/Mjuasj_n/625738-146986-kartor/web/tiles-3-2847_Mjuasjön_625738-146986.dzi
[2098/4303] svar/zips/Mjuasj_n/625928-147734-kartor/web/tiles-2-0699_Mjuasjön_625928-147734.dzi ... upload error (manifest): Invalid key: svar/zips/Mjuasj_n/625928-147734-kartor/web/tiles-2-0699_Mjuasjön_625928-147734.dzi
[2099/4303] svar/zips/Mjusj_n/627814-148582-kartor/web/tiles-5-0476_Mjusjön_627814-148582.dzi ... upload error (manifest): Invalid key: svar/zips/Mjusj_n/627814-148582-kartor/web/tiles-5-0476_Mjusjön_627814-148582.dzi
[2100/4303] svar/zips/Mj_asj_/625738-139520-kartor/web/tiles-3-5841_Mjöasjö_625738-139520a.dzi ... upload error (manifest): Invalid key: svar/zips/Mj_asj_/625738-139520-kartor/web/tiles-3-5841_Mjöasjö_625738-139520a.dzi
[2101/4303] svar/zips/Mj_asj_/625738-139520-kartor/web/tiles-3-5841_Mjöasjö_625738-139520b.dzi ... upload error (manifest): Invalid key: svar/zips/Mj_asj_/625738-139520-kartor/web/tiles-3-5841_Mjöasjö_625738-139520b.dzi
[2102/4303] svar/zips/Mj_asj_/625738-139520-kartor/web/tiles-3-5841_Mjöasjö_625738-139520c.dzi ... upload error (manifest): Invalid key: svar/zips/Mj_asj_/625738-139520-kartor/web/tiles-3-5841_Mjöasjö_625738-139520c.dzi
[2103/4303] svar/zips/Mj_asj_/625738-139520-kartor/web/tiles-3-5841_Mjöasjö_625738-139520d.dzi ... upload error (manifest): Invalid key: svar/zips/Mj_asj_/625738-139520-kartor/web/tiles-3-5841_Mjöasjö_625738-139520d.dzi
[2104/4303] svar/zips/Mj_asj_/625738-139520-kartor/web/tiles-3-5841_Mjöasjö_625738-139520e.dzi ... upload error (manifest): Invalid key: svar/zips/Mj_asj_/625738-139520-kartor/web/tiles-3-5841_Mjöasjö_625738-139520e.dzi
[2105/4303] svar/zips/Mj_asj_/625738-139520-kartor/web/tiles-3-5841_Mjöasjö_625738-139520f.dzi ... upload error (manifest): Invalid key: svar/zips/Mj_asj_/625738-139520-kartor/web/tiles-3-5841_Mjöasjö_625738-139520f.dzi
[2106/4303] svar/zips/Mj_asj_/625738-139520-kartor/web/tiles-3-5841_Mjöasjö_625738-139520g.dzi ... upload error (manifest): Invalid key: svar/zips/Mj_asj_/625738-139520-kartor/web/tiles-3-5841_Mjöasjö_625738-139520g.dzi
[2107/4303] svar/zips/Mj_asj_n/634586-132136-kartor/web/tiles-2-0617_Mjöasjön_634586-132136a.dzi ... upload error (manifest): Invalid key: svar/zips/Mj_asj_n/634586-132136-kartor/web/tiles-2-0617_Mjöasjön_634586-132136a.dzi
[2108/4303] svar/zips/Mj_asj_n/634586-132136-kartor/web/tiles-2-0617_Mjöasjön_634586-132136b.dzi ... upload error (manifest): Invalid key: svar/zips/Mj_asj_n/634586-132136-kartor/web/tiles-2-0617_Mjöasjön_634586-132136b.dzi
[2109/4303] svar/zips/Mj_asj_n/634586-132136-kartor/web/tiles-2-0617_Mjöasjön_634586-132136c.dzi ... upload error (manifest): Invalid key: svar/zips/Mj_asj_n/634586-132136-kartor/web/tiles-2-0617_Mjöasjön_634586-132136c.dzi
[2110/4303] svar/zips/Mj_asj_n/634586-132136-kartor/web/tiles-2-0617_Mjöasjön_634586-132136d.dzi ... upload error (manifest): Invalid key: svar/zips/Mj_asj_n/634586-132136-kartor/web/tiles-2-0617_Mjöasjön_634586-132136d.dzi
[2111/4303] svar/zips/Mj_asj_n/634586-132136-kartor/web/tiles-2-0617_Mjöasjön_634586-132136e.dzi ... upload error (manifest): Invalid key: svar/zips/Mj_asj_n/634586-132136-kartor/web/tiles-2-0617_Mjöasjön_634586-132136e.dzi
[2112/4303] svar/zips/Mj_asj_n/634586-132136-kartor/web/tiles-3-6562_Mjöasjön_634586-132136.dzi ... upload error (manifest): Invalid key: svar/zips/Mj_asj_n/634586-132136-kartor/web/tiles-3-6562_Mjöasjön_634586-132136.dzi
[2113/4303] svar/zips/Mj_asj_n/634586-132136-kartor/web/tiles-5-1013_Mjöasjön-Älvsered_634586-132136.dzi ... upload error (manifest): Invalid key: svar/zips/Mj_asj_n/634586-132136-kartor/web/tiles-5-1013_Mjöasjön-Älvsered_634586-132136.dzi
[2114/4303] svar/zips/Mj_asj_n/636265-132373-kartor/web/tiles-3-1992_Mjöasjön_636265-132373.dzi ... upload error (manifest): Invalid key: svar/zips/Mj_asj_n/636265-132373-kartor/web/tiles-3-1992_Mjöasjön_636265-132373.dzi
[2115/4303] svar/zips/Mj_asj_n/636265-132373-kartor/web/tiles-3-6563_Mjöasjön_636265-132373.dzi ... upload error (manifest): Invalid key: svar/zips/Mj_asj_n/636265-132373-kartor/web/tiles-3-6563_Mjöasjön_636265-132373.dzi
[2116/4303] svar/zips/Mj_asj_n/636265-132373-kartor/web/tiles-5-1012_Mjöasjön-Överlida_636265-132373.dzi ... upload error (manifest): Invalid key: svar/zips/Mj_asj_n/636265-132373-kartor/web/tiles-5-1012_Mjöasjön-Överlida_636265-132373.dzi
[2117/4303] svar/zips/Mj_gasj_n/638478-131441-kartor/web/tiles-3-4772_Mjögasjön_638478-131441.dzi ... upload error (manifest): Invalid key: svar/zips/Mj_gasj_n/638478-131441-kartor/web/tiles-3-4772_Mjögasjön_638478-131441.dzi
[2118/4303] svar/zips/Mj_lasj_n/631136-134114-kartor/web/tiles-2-0650_Mjälasjön_631136-134114a.dzi ... upload error (manifest): Invalid key: svar/zips/Mj_lasj_n/631136-134114-kartor/web/tiles-2-0650_Mjälasjön_631136-134114a.dzi
[2119/4303] svar/zips/Mj_lasj_n/631136-134114-kartor/web/tiles-2-0650_Mjälasjön_631136-134114b.dzi ... upload error (manifest): Invalid key: svar/zips/Mj_lasj_n/631136-134114-kartor/web/tiles-2-0650_Mjälasjön_631136-134114b.dzi
[2120/4303] svar/zips/Mj_lasj_n/631136-134114-kartor/web/tiles-2-1027_Mjälasjön_631136-134114.dzi ... upload error (manifest): Invalid key: svar/zips/Mj_lasj_n/631136-134114-kartor/web/tiles-2-1027_Mjälasjön_631136-134114.dzi
[2121/4303] svar/zips/Mj_llsj_n/633470-130392-kartor/web/tiles-3-2403a_Mjällsjön_633470-130392.dzi ... upload error (manifest): Invalid key: svar/zips/Mj_llsj_n/633470-130392-kartor/web/tiles-3-2403a_Mjällsjön_633470-130392.dzi
[2122/4303] svar/zips/Mj_llsj_n/633470-130392-kartor/web/tiles-3-2403b_Mjällsjön_633470-130392.dzi ... upload error (manifest): Invalid key: svar/zips/Mj_llsj_n/633470-130392-kartor/web/tiles-3-2403b_Mjällsjön_633470-130392.dzi
[2123/4303] svar/zips/Mj_llsj_n/634056-132437-kartor/web/tiles-3-5186_Mjällsjön_634056-132437a.dzi ... upload error (manifest): Invalid key: svar/zips/Mj_llsj_n/634056-132437-kartor/web/tiles-3-5186_Mjällsjön_634056-132437a.dzi
[2124/4303] svar/zips/Mj_llsj_n/634056-132437-kartor/web/tiles-3-5186_Mjällsjön_634056-132437b.dzi ... upload error (manifest): Invalid key: svar/zips/Mj_llsj_n/634056-132437-kartor/web/tiles-3-5186_Mjällsjön_634056-132437b.dzi
[2125/4303] svar/zips/Mj_rn/642138-130063-kartor/web/tiles-0-0070_Mjörn_642138-130063.dzi ... upload error (manifest): Invalid key: svar/zips/Mj_rn/642138-130063-kartor/web/tiles-0-0070_Mjörn_642138-130063.dzi
[2126/4303] svar/zips/Mj_rn/642138-130063-kartor/web/tiles-2-0199_Mjörn_642138-130063.dzi ... upload error (manifest): Invalid key: svar/zips/Mj_rn/642138-130063-kartor/web/tiles-2-0199_Mjörn_642138-130063.dzi
[2127/4303] svar/zips/Mj_rn/642138-130063-kartor/web/tiles-3-1036_Mjörn_642138-130063.dzi ... upload error (manifest): Invalid key: svar/zips/Mj_rn/642138-130063-kartor/web/tiles-3-1036_Mjörn_642138-130063.dzi
[2128/4303] svar/zips/Mj_sj_n/631722-151110-kartor/web/tiles-5-0440_Mjösjön_631722-151110.dzi ... upload error (manifest): Invalid key: svar/zips/Mj_sj_n/631722-151110-kartor/web/tiles-5-0440_Mjösjön_631722-151110.dzi
[2129/4303] svar/zips/Mj_sj_n/632605-136947-kartor/web/tiles-2-0670_Mjösjön_632605-136947.dzi ... upload error (manifest): Invalid key: svar/zips/Mj_sj_n/632605-136947-kartor/web/tiles-2-0670_Mjösjön_632605-136947.dzi
[2130/4303] svar/zips/Mj_sj_n/636906-129929-kartor/web/tiles-3-5320_Mjösjön_636906-129929.dzi ... upload error (manifest): Invalid key: svar/zips/Mj_sj_n/636906-129929-kartor/web/tiles-3-5320_Mjösjön_636906-129929.dzi
[2131/4303] svar/zips/Mj_sj_n/638862-154060-kartor/web/tiles-3-3396_Mjösjön_638862-154060.dzi ... upload error (manifest): Invalid key: svar/zips/Mj_sj_n/638862-154060-kartor/web/tiles-3-3396_Mjösjön_638862-154060.dzi
[2132/4303] svar/zips/Mj_sj_n/640316-152423-kartor/web/tiles-3-3258_Mjösjön_640316-152423.dzi ... upload error (manifest): Invalid key: svar/zips/Mj_sj_n/640316-152423-kartor/web/tiles-3-3258_Mjösjön_640316-152423.dzi
[2133/4303] svar/zips/Mj_vattenssj_n/648746-126711-kartor/web/tiles-3-2467_Mjövattenssjön_648746-126711.dzi ... upload error (manifest): Invalid key: svar/zips/Mj_vattenssj_n/648746-126711-kartor/web/tiles-3-2467_Mjövattenssjön_648746-126711.dzi
[2134/4303] svar/zips/Mogden/641612-135077-kartor/web/tiles-3-4881_Mogden_641612-135077.dzi ... done • ETA ~ 3m 36s
[2135/4303] svar/zips/Mogsj_n/655728-130108-kartor/web/tiles-3-4798_Mögsjön_655728-130108.dzi ... upload error (manifest): Invalid key: svar/zips/Mogsj_n/655728-130108-kartor/web/tiles-3-4798_Mögsjön_655728-130108.dzi
[2136/4303] svar/zips/Mog_len/625959-147390-kartor/web/tiles-3-5561_Mogölen_625959-147390.dzi ... upload error (manifest): Invalid key: svar/zips/Mog_len/625959-147390-kartor/web/tiles-3-5561_Mogölen_625959-147390.dzi
[2137/4303] svar/zips/Mollasj_n/642612-133643-kartor/web/tiles-3-4779_Mollasjön_642612-133643.dzi ... upload error (manifest): Invalid key: svar/zips/Mollasj_n/642612-133643-kartor/web/tiles-3-4779_Mollasjön_642612-133643.dzi
[2138/4303] svar/zips/Mollsj_n/642158-128150-kartor/web/tiles-3-1049_Mollsjön_642158-128150.dzi ... upload error (manifest): Invalid key: svar/zips/Mollsj_n/642158-128150-kartor/web/tiles-3-1049_Mollsjön_642158-128150.dzi
[2139/4303] svar/zips/Moren/634796-149257-kartor/web/tiles-3-3785_Moren_634796-149257a.dzi ... done • ETA ~ 3m 35s
[2140/4303] svar/zips/Moren/634796-149257-kartor/web/tiles-3-3785_Moren_634796-149257b.dzi ... done • ETA ~ 3m 35s
[2141/4303] svar/zips/Mosj_n/627691-149618-kartor/web/tiles-3-3866_Mosjön_627691-149618a.dzi ... upload error (manifest): Invalid key: svar/zips/Mosj_n/627691-149618-kartor/web/tiles-3-3866_Mosjön_627691-149618a.dzi
[2142/4303] svar/zips/Mosj_n/627691-149618-kartor/web/tiles-3-3866_Mosjön_627691-149618b.dzi ... upload error (manifest): Invalid key: svar/zips/Mosj_n/627691-149618-kartor/web/tiles-3-3866_Mosjön_627691-149618b.dzi
[2143/4303] svar/zips/Mosj_n/636263-138489-kartor/web/tiles-2-1048_Mosjön_636263-138489.dzi ... upload error (manifest): Invalid key: svar/zips/Mosj_n/636263-138489-kartor/web/tiles-2-1048_Mosjön_636263-138489.dzi
[2144/4303] svar/zips/Mosj_n/636263-138489-kartor/web/tiles-3-2432_Mosjön_636263-138489.dzi ... upload error (manifest): Invalid key: svar/zips/Mosj_n/636263-138489-kartor/web/tiles-3-2432_Mosjön_636263-138489.dzi
[2145/4303] svar/zips/Mosj_n/636263-138489-kartor/web/tiles-5-0038_Mosjön_636263-138489.dzi ... upload error (manifest): Invalid key: svar/zips/Mosj_n/636263-138489-kartor/web/tiles-5-0038_Mosjön_636263-138489.dzi
[2146/4303] svar/zips/Mosj_n/636813-152517-kartor/web/tiles-2-0345_Mosjön_636813-152517.dzi ... upload error (manifest): Invalid key: svar/zips/Mosj_n/636813-152517-kartor/web/tiles-2-0345_Mosjön_636813-152517.dzi
[2147/4303] svar/zips/Mosj_n/643102-151764-kartor/web/tiles-3-3387_Mosjön_643102-151764.dzi ... upload error (manifest): Invalid key: svar/zips/Mosj_n/643102-151764-kartor/web/tiles-3-3387_Mosjön_643102-151764.dzi
[2148/4303] svar/zips/Mossasj_n/638143-132789-kartor/web/tiles-3-5578_Mossasjön_638143-132789.dzi ... upload error (manifest): Invalid key: svar/zips/Mossasj_n/638143-132789-kartor/web/tiles-3-5578_Mossasjön_638143-132789.dzi
[2149/4303] svar/zips/Mossj_/634875-142066-kartor/web/tiles-5-0039_Mossjö_634875-142066.dzi ... upload error (manifest): Invalid key: svar/zips/Mossj_/634875-142066-kartor/web/tiles-5-0039_Mossjö_634875-142066.dzi
[2150/4303] svar/zips/Mossj_n/624052-148976-kartor/web/tiles-3-5314_Mossjön_624052-148976.dzi ... upload error (manifest): Invalid key: svar/zips/Mossj_n/624052-148976-kartor/web/tiles-3-5314_Mossjön_624052-148976.dzi
[2151/4303] svar/zips/Mossj_n/638085-138862-kartor/web/tiles-3-4719_Mossjön_638085-138862.dzi ... upload error (manifest): Invalid key: svar/zips/Mossj_n/638085-138862-kartor/web/tiles-3-4719_Mossjön_638085-138862.dzi
[2152/4303] svar/zips/Mossj_n/654088-148832-kartor/web/tiles-2-0494_Mossjön_654088-148832a.dzi ... upload error (manifest): Invalid key: svar/zips/Mossj_n/654088-148832-kartor/web/tiles-2-0494_Mossjön_654088-148832a.dzi
[2153/4303] svar/zips/Mossj_n/654088-148832-kartor/web/tiles-2-0494_Mossjön_654088-148832b.dzi ... upload error (manifest): Invalid key: svar/zips/Mossj_n/654088-148832-kartor/web/tiles-2-0494_Mossjön_654088-148832b.dzi
[2154/4303] svar/zips/Mostorpag_len/638967-146484-kartor/web/tiles-3-5743_Mostorpagölen_638967-146484.dzi ... upload error (manifest): Invalid key: svar/zips/Mostorpag_len/638967-146484-kartor/web/tiles-3-5743_Mostorpagölen_638967-146484.dzi
[2155/4303] svar/zips/Mostorpag_len/639120-144682-kartor/web/tiles-3-2428_Mostorpagölen_639120-144682.dzi ... upload error (manifest): Invalid key: svar/zips/Mostorpag_len/639120-144682-kartor/web/tiles-3-2428_Mostorpagölen_639120-144682.dzi
[2156/4303] svar/zips/Mullsj_n/642253-138558-kartor/web/tiles-0-0160_Mullsjön_642253-138558.dzi ... upload error (manifest): Invalid key: svar/zips/Mullsj_n/642253-138558-kartor/web/tiles-0-0160_Mullsjön_642253-138558.dzi
[2157/4303] svar/zips/Mullsj_n/642253-138558-kartor/web/tiles-3-0727_Mullsjön_642253-138558.dzi ... upload error (manifest): Invalid key: svar/zips/Mullsj_n/642253-138558-kartor/web/tiles-3-0727_Mullsjön_642253-138558.dzi
[2158/4303] svar/zips/Mullsj_n/646681-140779-kartor/web/tiles-3-1463_Mullsjön_646681-140779.dzi ... upload error (manifest): Invalid key: svar/zips/Mullsj_n/646681-140779-kartor/web/tiles-3-1463_Mullsjön_646681-140779.dzi
[2159/4303] svar/zips/Mulserydssj_n/640038-138247-kartor/web/tiles-2-0785_Mulserydssjön_640038-138247.dzi ... upload error (manifest): Invalid key: svar/zips/Mulserydssj_n/640038-138247-kartor/web/tiles-2-0785_Mulserydssjön_640038-138247.dzi
[2160/4303] svar/zips/Mulserydssj_n/640038-138247-kartor/web/tiles-3-1803_Mulserydssjön_640038-138247.dzi ... upload error (manifest): Invalid key: svar/zips/Mulserydssj_n/640038-138247-kartor/web/tiles-3-1803_Mulserydssjön_640038-138247.dzi
[2161/4303] svar/zips/Mulserydssj_n/640038-138247-kartor/web/tiles-3-6460_Mulserydssjön_640038-138247.dzi ... upload error (manifest): Invalid key: svar/zips/Mulserydssj_n/640038-138247-kartor/web/tiles-3-6460_Mulserydssjön_640038-138247.dzi
[2162/4303] svar/zips/Multen/656100-143425-kartor/web/tiles-2-0283_Multen_656100-143425.dzi ... done • ETA ~ 3m 33s
[2163/4303] svar/zips/Munkabosj_n/639706-138571-kartor/web/tiles-3-5732_Munkabosjön_639706-138571.dzi ... upload error (manifest): Invalid key: svar/zips/Munkabosj_n/639706-138571-kartor/web/tiles-3-5732_Munkabosjön_639706-138571.dzi
[2164/4303] svar/zips/Munkabosj_n/639706-138571-kartor/web/tiles-5-0040_Munkabosjön_639706-138571.dzi ... upload error (manifest): Invalid key: svar/zips/Munkabosj_n/639706-138571-kartor/web/tiles-5-0040_Munkabosjön_639706-138571.dzi
[2165/4303] svar/zips/Munkasj_n/626941-149115-kartor/web/tiles-5-0475_Munkasjön_626941-149115.dzi ... upload error (manifest): Invalid key: svar/zips/Munkasj_n/626941-149115-kartor/web/tiles-5-0475_Munkasjön_626941-149115.dzi
[2166/4303] svar/zips/Munksj_n/640746-140268-kartor/web/tiles-3-6432_Munksjön_640746-140268.dzi ... upload error (manifest): Invalid key: svar/zips/Munksj_n/640746-140268-kartor/web/tiles-3-6432_Munksjön_640746-140268.dzi
[2167/4303] svar/zips/Munlug/635929-130707-kartor/web/tiles-3-2246_Munlug_635929-130707.dzi ... done • ETA ~ 3m 32s
[2168/4303] svar/zips/Munnesj_/638282-128372-kartor/web/tiles-3-0894_Munnesjö_638282-128372.dzi ... upload error (manifest): Invalid key: svar/zips/Munnesj_/638282-128372-kartor/web/tiles-3-0894_Munnesjö_638282-128372.dzi
[2169/4303] svar/zips/Muntag_len/634783-147490-kartor/web/tiles-3-3567_Muntagölen_634783-147490.dzi ... upload error (manifest): Invalid key: svar/zips/Muntag_len/634783-147490-kartor/web/tiles-3-3567_Muntagölen_634783-147490.dzi
[2170/4303] svar/zips/Musasj_/633850-131246-kartor/web/tiles-3-5228_Musasjö_633850-131246b.dzi ... upload error (manifest): Invalid key: svar/zips/Musasj_/633850-131246-kartor/web/tiles-3-5228_Musasjö_633850-131246b.dzi
[2171/4303] svar/zips/Muskan/654353-162104-kartor/web/tiles-2-0480_Muskan_ 654353-162104.dzi ... done • ETA ~ 3m 32s
[2172/4303] svar/zips/Myckelmossasj_n/652022-151699-kartor/web/tiles-3-2804_Myckelmossasjön_652022-151699a.dzi ... upload error (manifest): Invalid key: svar/zips/Myckelmossasj_n/652022-151699-kartor/web/tiles-3-2804_Myckelmossasjön_652022-151699a.dzi
[2173/4303] svar/zips/Myckelmossasj_n/652022-151699-kartor/web/tiles-3-2804_Myckelmossasjön_652022-151699b.dzi ... upload error (manifest): Invalid key: svar/zips/Myckelmossasj_n/652022-151699-kartor/web/tiles-3-2804_Myckelmossasjön_652022-151699b.dzi
[2174/4303] svar/zips/Myckelmossasj_n/652022-151699-kartor/web/tiles-3-2996_Myckelmossasjön_652022-151699.dzi ... upload error (manifest): Invalid key: svar/zips/Myckelmossasj_n/652022-151699-kartor/web/tiles-3-2996_Myckelmossasjön_652022-151699.dzi
[2175/4303] svar/zips/Mycklaflon/638146-146910-kartor/web/tiles-3-0752_Mycklaflon_638146-146910.dzi ... done • ETA ~ 3m 31s
[2176/4303] svar/zips/Mycklaflon/638146-146910-kartor/web/tiles-3-3014_Mycklaflon_638146-146910.dzi ... done • ETA ~ 3m 31s
[2177/4303] svar/zips/Myingen/634647-143188-kartor/web/tiles-3-5600_Myingen_634647-143188.dzi ... done • ETA ~ 3m 31s
[2178/4303] svar/zips/Myresj_/636916-147615-kartor/web/tiles-3-3568_Myresjö_636916-147615.dzi ... upload error (manifest): Invalid key: svar/zips/Myresj_/636916-147615-kartor/web/tiles-3-3568_Myresjö_636916-147615.dzi
[2179/4303] svar/zips/Myresj_/642396-133164-kartor/web/tiles-3-3895_Myresjö_642396-133164a.dzi ... upload error (manifest): Invalid key: svar/zips/Myresj_/642396-133164-kartor/web/tiles-3-3895_Myresjö_642396-133164a.dzi
[2180/4303] svar/zips/Myresj_/642396-133164-kartor/web/tiles-3-3895_Myresjö_642396-133164b.dzi ... upload error (manifest): Invalid key: svar/zips/Myresj_/642396-133164-kartor/web/tiles-3-3895_Myresjö_642396-133164b.dzi
[2181/4303] svar/zips/Myresj_n/650694-129238-kartor/web/tiles-3-2480_Myresjön_650694-129238.dzi ... upload error (manifest): Invalid key: svar/zips/Myresj_n/650694-129238-kartor/web/tiles-3-2480_Myresjön_650694-129238.dzi
[2182/4303] svar/zips/M_ckeln/628323-139679-kartor/web/tiles-1-0134_Möckeln_628323-139679.dzi ... upload error (manifest): Invalid key: svar/zips/M_ckeln/628323-139679-kartor/web/tiles-1-0134_Möckeln_628323-139679.dzi
[2183/4303] svar/zips/M_ckeln/628323-139679-kartor/web/tiles-2-0556_Möckeln_628323-139679.dzi ... upload error (manifest): Invalid key: svar/zips/M_ckeln/628323-139679-kartor/web/tiles-2-0556_Möckeln_628323-139679.dzi
[2184/4303] svar/zips/M_ckeln/631249-147673-kartor/web/tiles-2-0558_Möckeln_631249-147673.dzi ... upload error (manifest): Invalid key: svar/zips/M_ckeln/631249-147673-kartor/web/tiles-2-0558_Möckeln_631249-147673.dzi
[2185/4303] svar/zips/M_ckeln/631249-147673-kartor/web/tiles-3-0758_Möckeln_631249-147673.dzi ... upload error (manifest): Invalid key: svar/zips/M_ckeln/631249-147673-kartor/web/tiles-3-0758_Möckeln_631249-147673.dzi
[2186/4303] svar/zips/M_ckeln/638083-151634-kartor/web/tiles-1-0253_Möckeln_638083-151634.dzi ... upload error (manifest): Invalid key: svar/zips/M_ckeln/638083-151634-kartor/web/tiles-1-0253_Möckeln_638083-151634.dzi
[2187/4303] svar/zips/M_cklasj_/632641-150603-kartor/web/tiles-3-2343_Möcklasjö_632641-150603.dzi ... upload error (manifest): Invalid key: svar/zips/M_cklasj_/632641-150603-kartor/web/tiles-3-2343_Möcklasjö_632641-150603.dzi
[2188/4303] svar/zips/M_en/628781-136365-kartor/web/tiles-3-0844_Mäen_628781-136365.dzi ... upload error (manifest): Invalid key: svar/zips/M_en/628781-136365-kartor/web/tiles-3-0844_Mäen_628781-136365.dzi
[2189/4303] svar/zips/M_en/628781-136365-kartor/web/tiles-3-2937_Mäen_628781-136365.dzi ... upload error (manifest): Invalid key: svar/zips/M_en/628781-136365-kartor/web/tiles-3-2937_Mäen_628781-136365.dzi
[2190/4303] svar/zips/M_en/628781-136365-kartor/web/tiles-3-6480_Mäen_628781-136365.dzi ... upload error (manifest): Invalid key: svar/zips/M_en/628781-136365-kartor/web/tiles-3-6480_Mäen_628781-136365.dzi
[2191/4303] svar/zips/M_kevatten/644024-127728-kartor/web/tiles-3-3989_Måkevatten_644024-127728.dzi ... upload error (manifest): Invalid key: svar/zips/M_kevatten/644024-127728-kartor/web/tiles-3-3989_Måkevatten_644024-127728.dzi
[2192/4303] svar/zips/M_larehemsg_len/635677-143459-kartor/web/tiles-3-3342_Målarehemsgölen_635677-143459.dzi ... upload error (manifest): Invalid key: svar/zips/M_larehemsg_len/635677-143459-kartor/web/tiles-3-3342_Målarehemsgölen_635677-143459.dzi
[2193/4303] svar/zips/M_lasj_n/634585-143192-kartor/web/tiles-3-5526_Målasjön_634585-143192.dzi ... upload error (manifest): Invalid key: svar/zips/M_lasj_n/634585-143192-kartor/web/tiles-3-5526_Målasjön_634585-143192.dzi
[2194/4303] svar/zips/M_lasj_n/636578-141450-kartor/web/tiles-3-4158_Målasjön_636578-141450.dzi ... upload error (manifest): Invalid key: svar/zips/M_lasj_n/636578-141450-kartor/web/tiles-3-4158_Målasjön_636578-141450.dzi
[2195/4303] svar/zips/M_llesj_n/624160-135791-kartor/web/tiles-2-1037_Möllesjön_624160-135791.dzi ... upload error (manifest): Invalid key: svar/zips/M_llesj_n/624160-135791-kartor/web/tiles-2-1037_Möllesjön_624160-135791.dzi
[2196/4303] svar/zips/M_llesj_n/625131-141738-kartor/web/tiles-3-2637_Möllesjön_625131-141738.dzi ... upload error (manifest): Invalid key: svar/zips/M_llesj_n/625131-141738-kartor/web/tiles-3-2637_Möllesjön_625131-141738.dzi
[2197/4303] svar/zips/M_llesj_n/631154-132545-kartor/web/tiles-3-5113_Möllesjön_631154-132545.dzi ... upload error (manifest): Invalid key: svar/zips/M_llesj_n/631154-132545-kartor/web/tiles-3-5113_Möllesjön_631154-132545.dzi
[2198/4303] svar/zips/M_llsj_n/624417-146914-kartor/web/tiles-3-2816_Mållsjön_624417-146914.dzi ... upload error (manifest): Invalid key: svar/zips/M_llsj_n/624417-146914-kartor/web/tiles-3-2816_Mållsjön_624417-146914.dzi
[2199/4303] svar/zips/M_llsj_n/648290-127316-kartor/web/tiles-3-3485_Mållsjön_648290-127316.dzi ... upload error (manifest): Invalid key: svar/zips/M_llsj_n/648290-127316-kartor/web/tiles-3-3485_Mållsjön_648290-127316.dzi
[2200/4303] svar/zips/M_nasj_n/624726-143976-kartor/web/tiles-3-5988_Månasjön_624726-143976.dzi ... upload error (manifest): Invalid key: svar/zips/M_nasj_n/624726-143976-kartor/web/tiles-3-5988_Månasjön_624726-143976.dzi
[2201/4303] svar/zips/M_rdk_rret/651104-153739-kartor/web/tiles-3-1765_Mårdkärret_651104-153739.dzi ... upload error (manifest): Invalid key: svar/zips/M_rdk_rret/651104-153739-kartor/web/tiles-3-1765_Mårdkärret_651104-153739.dzi
[2202/4303] svar/zips/M_rebergssj_n/638559-141860-kartor/web/tiles-3-3872_Mörebergssjön_638559-141860a.dzi ... upload error (manifest): Invalid key: svar/zips/M_rebergssj_n/638559-141860-kartor/web/tiles-3-3872_Mörebergssjön_638559-141860a.dzi
[2203/4303] svar/zips/M_rebergssj_n/638559-141860-kartor/web/tiles-3-3872_Mörebergssjön_638559-141860b.dzi ... upload error (manifest): Invalid key: svar/zips/M_rebergssj_n/638559-141860-kartor/web/tiles-3-3872_Mörebergssjön_638559-141860b.dzi
[2204/4303] svar/zips/M_retj_rn/653490-125721-kartor/web/tiles-3-2003_Möretjärn_653490-125721a.dzi ... upload error (manifest): Invalid key: svar/zips/M_retj_rn/653490-125721-kartor/web/tiles-3-2003_Möretjärn_653490-125721a.dzi
[2205/4303] svar/zips/M_rghulte_G_l/640212-153687-kartor/web/tiles-3-3249_Mörghulte Göl_640212-153687.dzi ... upload error (manifest): Invalid key: svar/zips/M_rghulte_G_l/640212-153687-kartor/web/tiles-3-3249_Mörghulte Göl_640212-153687.dzi
[2206/4303] svar/zips/M_rkabosj_n/642499-131762-kartor/web/tiles-3-4744_Mörkabosjön_642499-131762.dzi ... upload error (manifest): Invalid key: svar/zips/M_rkabosj_n/642499-131762-kartor/web/tiles-3-4744_Mörkabosjön_642499-131762.dzi
[2207/4303] svar/zips/M_rke-Malen/636004-135778-kartor/web/tiles-3-4890_Mörke-Malen_636004-135779.dzi ... upload error (manifest): Invalid key: svar/zips/M_rke-Malen/636004-135778-kartor/web/tiles-3-4890_Mörke-Malen_636004-135779.dzi
[2208/4303] svar/zips/M_rker_dtj_rnen/653494-124841-kartor/web/tiles-3-4206_Mörkerödtjärn_653494-124841.dzi ... upload error (manifest): Invalid key: svar/zips/M_rker_dtj_rnen/653494-124841-kartor/web/tiles-3-4206_Mörkerödtjärn_653494-124841.dzi
[2209/4303] svar/zips/M_rksj_n/634607-150255-kartor/web/tiles-3-3804_Mörksjön_634607-150255a.dzi ... upload error (manifest): Invalid key: svar/zips/M_rksj_n/634607-150255-kartor/web/tiles-3-3804_Mörksjön_634607-150255a.dzi
[2210/4303] svar/zips/M_rksj_n/634607-150255-kartor/web/tiles-3-3804_Mörksjön_634607-150255b.dzi ... upload error (manifest): Invalid key: svar/zips/M_rksj_n/634607-150255-kartor/web/tiles-3-3804_Mörksjön_634607-150255b.dzi
[2211/4303] svar/zips/M_rn/649596-150415-kartor/web/tiles-3-5859_Mårn_649596-150415.dzi ... upload error (manifest): Invalid key: svar/zips/M_rn/649596-150415-kartor/web/tiles-3-5859_Mårn_649596-150415.dzi
[2212/4303] svar/zips/M_rsj_n/643142-130536-kartor/web/tiles-3-1023_Mårsjön_643142-130536.dzi ... upload error (manifest): Invalid key: svar/zips/M_rsj_n/643142-130536-kartor/web/tiles-3-1023_Mårsjön_643142-130536.dzi
[2213/4303] svar/zips/M_rtevattnet/652001-126159-kartor/web/tiles-3-1910_Mörtevattnet_652001-126159.dzi ... upload error (manifest): Invalid key: svar/zips/M_rtevattnet/652001-126159-kartor/web/tiles-3-1910_Mörtevattnet_652001-126159.dzi
[2214/4303] svar/zips/M_rtg_len/639382-153600-kartor/web/tiles-3-3239_Mörtgölen_639382-153600.dzi ... upload error (manifest): Invalid key: svar/zips/M_rtg_len/639382-153600-kartor/web/tiles-3-3239_Mörtgölen_639382-153600.dzi
[2215/4303] svar/zips/M_rtsj_n/623891-149344-kartor/web/tiles-3-5315_Mörtsjön_623891-149344.dzi ... upload error (manifest): Invalid key: svar/zips/M_rtsj_n/623891-149344-kartor/web/tiles-3-5315_Mörtsjön_623891-149344.dzi
[2216/4303] svar/zips/M_rtsj_n/639411-129718-kartor/web/tiles-3-0920_Mörtsjön_639411-129718.dzi ... upload error (manifest): Invalid key: svar/zips/M_rtsj_n/639411-129718-kartor/web/tiles-3-0920_Mörtsjön_639411-129718.dzi
[2217/4303] svar/zips/M_rtsj_n/650341-126833-kartor/web/tiles-3-3069_Mörtsjön_650341-126833.dzi ... upload error (manifest): Invalid key: svar/zips/M_rtsj_n/650341-126833-kartor/web/tiles-3-3069_Mörtsjön_650341-126833.dzi
[2218/4303] svar/zips/M_rtsj_n/653509-148902-kartor/web/tiles-3-2908_Mörtsjön_653509-148902.dzi ... upload error (manifest): Invalid key: svar/zips/M_rtsj_n/653509-148902-kartor/web/tiles-3-2908_Mörtsjön_653509-148902.dzi
[2219/4303] svar/zips/M_rtsj_n/655177-159161-kartor/web/tiles-3-1878_Mörtsjön_655177-159161.dzi ... upload error (manifest): Invalid key: svar/zips/M_rtsj_n/655177-159161-kartor/web/tiles-3-1878_Mörtsjön_655177-159161.dzi
[2220/4303] svar/zips/M_rtsj_n/656301-153412-kartor/web/tiles-3-1770_Mörtsjön_656301-153412.dzi ... upload error (manifest): Invalid key: svar/zips/M_rtsj_n/656301-153412-kartor/web/tiles-3-1770_Mörtsjön_656301-153412.dzi
[2221/4303] svar/zips/M_rtsj_n/656747-162731-kartor/web/tiles-3-6512_Mörtsjön_656747-162731.dzi ... upload error (manifest): Invalid key: svar/zips/M_rtsj_n/656747-162731-kartor/web/tiles-3-6512_Mörtsjön_656747-162731.dzi
[2222/4303] svar/zips/M_seln/650899-149534-kartor/web/tiles-2-0133_Mäseln_650899-149534.dzi ... upload error (manifest): Invalid key: svar/zips/M_seln/650899-149534-kartor/web/tiles-2-0133_Mäseln_650899-149534.dzi
[2223/4303] svar/zips/M_sen/635256-130337-kartor/web/tiles-2-0249a_Mäsen_635256-130337.dzi ... upload error (manifest): Invalid key: svar/zips/M_sen/635256-130337-kartor/web/tiles-2-0249a_Mäsen_635256-130337.dzi
[2224/4303] svar/zips/M_sj_/634330-152299-kartor/web/tiles-3-2764_Mösjö_634330-152299.dzi ... upload error (manifest): Invalid key: svar/zips/M_sj_/634330-152299-kartor/web/tiles-3-2764_Mösjö_634330-152299.dzi
[2225/4303] svar/zips/M_sj_n/636390-152195-kartor/web/tiles-2-0328_Mösjön_636390-152195.dzi ... upload error (manifest): Invalid key: svar/zips/M_sj_n/636390-152195-kartor/web/tiles-2-0328_Mösjön_636390-152195.dzi
[2226/4303] svar/zips/M_sj_n/636489-153625-kartor/web/tiles-1-0234_Mösjön_636489-153625.dzi ... upload error (manifest): Invalid key: svar/zips/M_sj_n/636489-153625-kartor/web/tiles-1-0234_Mösjön_636489-153625.dzi
[2227/4303] svar/zips/M_sj_n/636907-150983-kartor/web/tiles-3-3757_Mösjön_636907-150983a.dzi ... upload error (manifest): Invalid key: svar/zips/M_sj_n/636907-150983-kartor/web/tiles-3-3757_Mösjön_636907-150983a.dzi
[2228/4303] svar/zips/M_sj_n/636907-150983-kartor/web/tiles-3-3757_Mösjön_636907-150983b.dzi ... upload error (manifest): Invalid key: svar/zips/M_sj_n/636907-150983-kartor/web/tiles-3-3757_Mösjön_636907-150983b.dzi
[2229/4303] svar/zips/M_sj_n/637261-149321-kartor/web/tiles-3-2311_Mösjön_637261-149321.dzi ... upload error (manifest): Invalid key: svar/zips/M_sj_n/637261-149321-kartor/web/tiles-3-2311_Mösjön_637261-149321.dzi
[2230/4303] svar/zips/M_sj_n/641038-153847-kartor/web/tiles-3-3380_Mösjön_641038-153847.dzi ... upload error (manifest): Invalid key: svar/zips/M_sj_n/641038-153847-kartor/web/tiles-3-3380_Mösjön_641038-153847.dzi
[2231/4303] svar/zips/M_sj_n/651642-150651-kartor/web/tiles-3-2770_Måsjön_651642-150651.dzi ... upload error (manifest): Invalid key: svar/zips/M_sj_n/651642-150651-kartor/web/tiles-3-2770_Måsjön_651642-150651.dzi
[2232/4303] svar/zips/M_sj_n/651791-150536-kartor/web/tiles-3-2770_Mösjön_651791-150536.dzi ... upload error (manifest): Invalid key: svar/zips/M_sj_n/651791-150536-kartor/web/tiles-3-2770_Mösjön_651791-150536.dzi
[2233/4303] svar/zips/M_sj_n/652957-147274-kartor/web/tiles-5-0126_Måsjön_652957-147274.dzi ... upload error (manifest): Invalid key: svar/zips/M_sj_n/652957-147274-kartor/web/tiles-5-0126_Måsjön_652957-147274.dzi
[2234/4303] svar/zips/M_snaren/656092-160258-kartor/web/tiles-1-0179_Måsnaren_656092-160258.dzi ... upload error (manifest): Invalid key: svar/zips/M_snaren/656092-160258-kartor/web/tiles-1-0179_Måsnaren_656092-160258.dzi
[2235/4303] svar/zips/M_ssj_/631886-131576-kartor/web/tiles-2-0625_Måssjö_631886-131576.dzi ... upload error (manifest): Invalid key: svar/zips/M_ssj_/631886-131576-kartor/web/tiles-2-0625_Måssjö_631886-131576.dzi
[2236/4303] svar/zips/M_ssj_/631886-131576-kartor/web/tiles-3-6449_Måssjö_631886-131576.dzi ... upload error (manifest): Invalid key: svar/zips/M_ssj_/631886-131576-kartor/web/tiles-3-6449_Måssjö_631886-131576.dzi
[2237/4303] svar/zips/M_ssj_/631886-131576-kartor/web/tiles-5-1014_Måssjön_631886-131576.dzi ... upload error (manifest): Invalid key: svar/zips/M_ssj_/631886-131576-kartor/web/tiles-5-1014_Måssjön_631886-131576.dzi
[2238/4303] svar/zips/Nackebosj_n/641155-138551-kartor/web/tiles-3-6309_Nackebosjön_641155-138551.dzi ... upload error (manifest): Invalid key: svar/zips/Nackebosj_n/641155-138551-kartor/web/tiles-3-6309_Nackebosjön_641155-138551.dzi
[2239/4303] svar/zips/Naglarpasj_n/637171-144436-kartor/web/tiles-3-3737_Naglarpasjön_637171-144436.dzi ... upload error (manifest): Invalid key: svar/zips/Naglarpasj_n/637171-144436-kartor/web/tiles-3-3737_Naglarpasjön_637171-144436.dzi
[2240/4303] svar/zips/Namnsj_n/643457-130411-kartor/web/tiles-3-1025_Namnsjön_643457-130411.dzi ... upload error (manifest): Invalid key: svar/zips/Namnsj_n/643457-130411-kartor/web/tiles-3-1025_Namnsjön_643457-130411.dzi
[2241/4303] svar/zips/Narebog_len/639890-145878-kartor/web/tiles-3-5291_Narebogölen_639890-145878.dzi ... upload error (manifest): Invalid key: svar/zips/Narebog_len/639890-145878-kartor/web/tiles-3-5291_Narebogölen_639890-145878.dzi
[2242/4303] svar/zips/Narrveten/635910-148373-kartor/web/tiles-3-3569_Narrveten_635910-148373.dzi ... done • ETA ~ 3m 24s
[2243/4303] svar/zips/Narrveten/635910-148373-kartor/web/tiles-3-3818_Narrveten_635910-148373a.dzi ... done • ETA ~ 3m 24s
[2244/4303] svar/zips/Narrveten/635910-148373-kartor/web/tiles-3-3818_Narrveten_635910-148373b.dzi ... done • ETA ~ 3m 24s
[2245/4303] svar/zips/Narven/652781-141631-kartor/web/tiles-5-0134_Narven_652781-141631.dzi ... done • ETA ~ 3m 24s
[2246/4303] svar/zips/Nasan/634754-147657-kartor/web/tiles-3-3570_Nasan_634754-147657.dzi ... done • ETA ~ 3m 24s
[2247/4303] svar/zips/Nedre_Bolsj_n/652689-124892-kartor/web/tiles-0-0075_Nedre Bolsjön_652689-124892.dzi ... upload error (manifest): Invalid key: svar/zips/Nedre_Bolsj_n/652689-124892-kartor/web/tiles-0-0075_Nedre Bolsjön_652689-124892.dzi
[2248/4303] svar/zips/Nedre_Bolsj_n/652689-124892-kartor/web/tiles-3-1595a_Nedre Bolsjön_652689-124892.dzi ... upload error (manifest): Invalid key: svar/zips/Nedre_Bolsj_n/652689-124892-kartor/web/tiles-3-1595a_Nedre Bolsjön_652689-124892.dzi
[2249/4303] svar/zips/Nedre_Bolsj_n/652689-124892-kartor/web/tiles-3-1595b_Nedre Bolsjön_652689-124892.dzi ... upload error (manifest): Invalid key: svar/zips/Nedre_Bolsj_n/652689-124892-kartor/web/tiles-3-1595b_Nedre Bolsjön_652689-124892.dzi
[2250/4303] svar/zips/Nedre_Bolsj_n/652689-124892-kartor/web/tiles-3-1595c_Nedre Bolsjön_652689-124892.dzi ... upload error (manifest): Invalid key: svar/zips/Nedre_Bolsj_n/652689-124892-kartor/web/tiles-3-1595c_Nedre Bolsjön_652689-124892.dzi
[2251/4303] svar/zips/Nedre_Bolsj_n/652689-124892-kartor/web/tiles-3-1595d_Nedre Bolsjön_652689-124892.dzi ... upload error (manifest): Invalid key: svar/zips/Nedre_Bolsj_n/652689-124892-kartor/web/tiles-3-1595d_Nedre Bolsjön_652689-124892.dzi
[2252/4303] svar/zips/Nedre_Bolsj_n/652689-124892-kartor/web/tiles-3-1595e_Nedre Bolsjön_652689-124892.dzi ... upload error (manifest): Invalid key: svar/zips/Nedre_Bolsj_n/652689-124892-kartor/web/tiles-3-1595e_Nedre Bolsjön_652689-124892.dzi
[2253/4303] svar/zips/Nedre_Bolsj_n/652689-124892-kartor/web/tiles-3-1595f_Nedre Bolsjön_652689-124892.dzi ... upload error (manifest): Invalid key: svar/zips/Nedre_Bolsj_n/652689-124892-kartor/web/tiles-3-1595f_Nedre Bolsjön_652689-124892.dzi
[2254/4303] svar/zips/Nedre_F_ringen/654865-123868-kartor/web/tiles-2-0252_Nedre Färingen_654865-123868.dzi ... upload error (manifest): Invalid key: svar/zips/Nedre_F_ringen/654865-123868-kartor/web/tiles-2-0252_Nedre Färingen_654865-123868.dzi
[2255/4303] svar/zips/Nedre_F_ringen/654865-123868-kartor/web/tiles-3-4000_Nedre Färingen_654865-123868.dzi ... upload error (manifest): Invalid key: svar/zips/Nedre_F_ringen/654865-123868-kartor/web/tiles-3-4000_Nedre Färingen_654865-123868.dzi
[2256/4303] svar/zips/Nedre_Glottern/650646-152150-kartor/web/tiles-2-0829_Nedre Glottern_650646-152150.dzi ... done • ETA ~ 3m 23s
[2257/4303] svar/zips/Nedre_Gryten/652808-147454-kartor/web/tiles-5-0127_Nedre Gryten_652808-147454.dzi ... done • ETA ~ 3m 23s
[2258/4303] svar/zips/Nedre_H_gsj_n/653447-129873-kartor/web/tiles-3-1704_Nedre Högsjön_653447-129873.dzi ... upload error (manifest): Invalid key: svar/zips/Nedre_H_gsj_n/653447-129873-kartor/web/tiles-3-1704_Nedre Högsjön_653447-129873.dzi
[2259/4303] svar/zips/Nedre_Kalven/655536-131664-kartor/web/tiles-3-1173a_Nedre Kalven_655536-131664.dzi ... done • ETA ~ 3m 23s
[2260/4303] svar/zips/Nedre_Kalven/655536-131664-kartor/web/tiles-3-1173b_Nedre Kalven_655536-131664.dzi ... done • ETA ~ 3m 23s
[2261/4303] svar/zips/Nedre_Kroksj_n/643560-152081-kartor/web/tiles-3-3369_Nedre Kroksjön_643560-152081.dzi ... upload error (manifest): Invalid key: svar/zips/Nedre_Kroksj_n/643560-152081-kartor/web/tiles-3-3369_Nedre Kroksjön_643560-152081.dzi
[2262/4303] svar/zips/Nedre_Kvarnasj_n/642774-142060-kartor/web/tiles-3-2546_Nedre Kvarnasjön_642774-142060.dzi ... upload error (manifest): Invalid key: svar/zips/Nedre_Kvarnasj_n/642774-142060-kartor/web/tiles-3-2546_Nedre Kvarnasjön_642774-142060.dzi
[2263/4303] svar/zips/Nedre_Kvarnsj_n/643378-129216-kartor/web/tiles-3-4826_Nedre Kvarnsjön_643378-129216.dzi ... upload error (manifest): Invalid key: svar/zips/Nedre_Kvarnsj_n/643378-129216-kartor/web/tiles-3-4826_Nedre Kvarnsjön_643378-129216.dzi
[2264/4303] svar/zips/Nedre_Leksj_n/634155-150738-kartor/web/tiles-3-3771_Nedre Leksjön_634155-150738b.dzi ... upload error (manifest): Invalid key: svar/zips/Nedre_Leksj_n/634155-150738-kartor/web/tiles-3-3771_Nedre Leksjön_634155-150738b.dzi
[2265/4303] svar/zips/Nedre_L_ngevatten/643657-127257-kartor/web/tiles-3-1630_Nedre Långevatten_643657-127257.dzi ... upload error (manifest): Invalid key: svar/zips/Nedre_L_ngevatten/643657-127257-kartor/web/tiles-3-1630_Nedre Långevatten_643657-127257.dzi
[2266/4303] svar/zips/Nedre_N_tsj_n/624320-145714-kartor/web/tiles-3-2975_Nedre Nätsjön_624320-145714.dzi ... upload error (manifest): Invalid key: svar/zips/Nedre_N_tsj_n/624320-145714-kartor/web/tiles-3-2975_Nedre Nätsjön_624320-145714.dzi
[2267/4303] svar/zips/Nedre_Ripplingen/651627-150664-kartor/web/tiles-3-2773_Nedre Ripplingen_651627-150664.dzi ... done • ETA ~ 3m 22s
[2268/4303] svar/zips/Nedre_Rudasj_n/656247-163293-kartor/web/tiles-3-4488_Nedre Rudasjön_656247-163293.dzi ... upload error (manifest): Invalid key: svar/zips/Nedre_Rudasj_n/656247-163293-kartor/web/tiles-3-4488_Nedre Rudasjön_656247-163293.dzi
[2269/4303] svar/zips/Nedre_Sl_n/639618-152168-kartor/web/tiles-3-3262_Nedre Slån_639618-152168.dzi ... upload error (manifest): Invalid key: svar/zips/Nedre_Sl_n/639618-152168-kartor/web/tiles-3-3262_Nedre Slån_639618-152168.dzi
[2270/4303] svar/zips/Nedre_Struss_stj_rnet/651540-129830-kartor/web/tiles-3-2479_Nedre Strussåstjärnet_651540-129830.dzi ... upload error (manifest): Invalid key: svar/zips/Nedre_Struss_stj_rnet/651540-129830-kartor/web/tiles-3-2479_Nedre Strussåstjärnet_651540-129830.dzi
[2271/4303] svar/zips/Nedre_Svartsj_n/636894-148513-kartor/web/tiles-3-2878_Nedre Svartsjön_636894-148513.dzi ... upload error (manifest): Invalid key: svar/zips/Nedre_Svartsj_n/636894-148513-kartor/web/tiles-3-2878_Nedre Svartsjön_636894-148513.dzi
[2272/4303] svar/zips/Nedre_Treh_rningen/633239-141520-kartor/web/tiles-3-2940_Nedre Trehörningen_633239-141520.dzi ... upload error (manifest): Invalid key: svar/zips/Nedre_Treh_rningen/633239-141520-kartor/web/tiles-3-2940_Nedre Trehörningen_633239-141520.dzi
[2273/4303] svar/zips/Nedre_Tr_stickeln/648845-126575-kartor/web/tiles-3-2572_Nedre Trästickeln_648845-126575.dzi ... upload error (manifest): Invalid key: svar/zips/Nedre_Tr_stickeln/648845-126575-kartor/web/tiles-3-2572_Nedre Trästickeln_648845-126575.dzi
[2274/4303] svar/zips/Nedre_Vallsj_n/630416-131621-kartor/web/tiles-3-5109_Nedre Vallsjön_630416-131621.dzi ... upload error (manifest): Invalid key: svar/zips/Nedre_Vallsj_n/630416-131621-kartor/web/tiles-3-5109_Nedre Vallsjön_630416-131621.dzi
[2275/4303] svar/zips/Nedre_Vekmangeln/651080-152027-kartor/web/tiles-2-0847_Nedre Vekmangeln_651080-152027.dzi ... done • ETA ~ 3m 21s
[2276/4303] svar/zips/Nedre_Vekmangeln/651080-152027-kartor/web/tiles-3-0714_Nedre Vekmangeln_651080-152027.dzi ... done • ETA ~ 3m 21s
[2277/4303] svar/zips/Nedre___revatten/643336-127783-kartor/web/tiles-3-1079_Nedre Örevatten_43336-127783.dzi ... upload error (manifest): Invalid key: svar/zips/Nedre___revatten/643336-127783-kartor/web/tiles-3-1079_Nedre Örevatten_43336-127783.dzi
[2278/4303] svar/zips/Nejsj_n/630835-135633-kartor/web/tiles-1-0289_Nejsjön_630835-135633.dzi ... upload error (manifest): Invalid key: svar/zips/Nejsj_n/630835-135633-kartor/web/tiles-1-0289_Nejsjön_630835-135633.dzi
[2279/4303] svar/zips/Nerbj_rken/637223-151155-kartor/web/tiles-2-1091_Nerbjärken_637223-151155.dzi ... upload error (manifest): Invalid key: svar/zips/Nerbj_rken/637223-151155-kartor/web/tiles-2-1091_Nerbjärken_637223-151155.dzi
[2280/4303] svar/zips/Nerbj_rken/637223-151155-kartor/web/tiles-3-3758_Nerbjärken_637223-151155a.dzi ... upload error (manifest): Invalid key: svar/zips/Nerbj_rken/637223-151155-kartor/web/tiles-3-3758_Nerbjärken_637223-151155a.dzi
[2281/4303] svar/zips/Nerbj_rken/637223-151155-kartor/web/tiles-3-3758_Nerbjärken_637223-151155b.dzi ... upload error (manifest): Invalid key: svar/zips/Nerbj_rken/637223-151155-kartor/web/tiles-3-3758_Nerbjärken_637223-151155b.dzi
[2282/4303] svar/zips/Nocker_dvattnet/651435-125867-kartor/web/tiles-3-1909_Nockerödvattnet_651435-125867.dzi ... upload error (manifest): Invalid key: svar/zips/Nocker_dvattnet/651435-125867-kartor/web/tiles-3-1909_Nockerödvattnet_651435-125867.dzi
[2283/4303] svar/zips/Noen/642387-143714-kartor/web/tiles-3-1824_Noen_642387-143714.dzi ... done • ETA ~ 3m 21s
[2284/4303] svar/zips/Norasj_n/653890-160075-kartor/web/tiles-5-0980_Norasjön_653890-160075.dzi ... upload error (manifest): Invalid key: svar/zips/Norasj_n/653890-160075-kartor/web/tiles-5-0980_Norasjön_653890-160075.dzi
[2285/4303] svar/zips/Nord-Vammsj_n/653916-124858-kartor/web/tiles-3-4001_Nord-Vammsjön_653916-124858.dzi ... upload error (manifest): Invalid key: svar/zips/Nord-Vammsj_n/653916-124858-kartor/web/tiles-3-4001_Nord-Vammsjön_653916-124858.dzi
[2286/4303] svar/zips/Nordanskogs_Damm/637237-142137-kartor/web/tiles-3-6274_Nordanskogs damm_637237-142137.dzi ... done • ETA ~ 3m 20s
[2287/4303] svar/zips/Nordre_Boksj_/655520-126317-kartor/web/tiles-2-0514_Nordre Boksjö_655520-126317.dzi ... upload error (manifest): Invalid key: svar/zips/Nordre_Boksj_/655520-126317-kartor/web/tiles-2-0514_Nordre Boksjö_655520-126317.dzi
[2288/4303] svar/zips/Nordsj_n/631206-134111-kartor/web/tiles-2-0650_Nordsjön_631206-134111a.dzi ... upload error (manifest): Invalid key: svar/zips/Nordsj_n/631206-134111-kartor/web/tiles-2-0650_Nordsjön_631206-134111a.dzi
[2289/4303] svar/zips/Nordsj_n/631206-134111-kartor/web/tiles-2-0650_Nordsjön_631206-134111b.dzi ... upload error (manifest): Invalid key: svar/zips/Nordsj_n/631206-134111-kartor/web/tiles-2-0650_Nordsjön_631206-134111b.dzi
[2290/4303] svar/zips/Nordsj_n/639585-128358-kartor/web/tiles-3-1732_Nordsjön_639585-128358.dzi ... upload error (manifest): Invalid key: svar/zips/Nordsj_n/639585-128358-kartor/web/tiles-3-1732_Nordsjön_639585-128358.dzi
[2291/4303] svar/zips/Nordsj_n/641319-136822-kartor/web/tiles-3-4863_Nordsjön_641319-136822.dzi ... upload error (manifest): Invalid key: svar/zips/Nordsj_n/641319-136822-kartor/web/tiles-3-4863_Nordsjön_641319-136822.dzi
[2292/4303] svar/zips/Nordvattnet/651238-125670-kartor/web/tiles-3-1956_Nordvattnet_651238-125670.dzi ... done • ETA ~ 3m 20s
[2293/4303] svar/zips/Nordv_ttnen/643760-139762-kartor/web/tiles-5-1047_Nordvättnen_643760-139762.dzi ... upload error (manifest): Invalid key: svar/zips/Nordv_ttnen/643760-139762-kartor/web/tiles-5-1047_Nordvättnen_643760-139762.dzi
[2294/4303] svar/zips/Norrasj_n/624757-144528-kartor/web/tiles-3-5989_Norrasjön_624757-144528.dzi ... upload error (manifest): Invalid key: svar/zips/Norrasj_n/624757-144528-kartor/web/tiles-3-5989_Norrasjön_624757-144528.dzi
[2295/4303] svar/zips/Norrasj_n/636635-145397-kartor/web/tiles-3-2443_Norrasjön_636635-145397.dzi ... upload error (manifest): Invalid key: svar/zips/Norrasj_n/636635-145397-kartor/web/tiles-3-2443_Norrasjön_636635-145397.dzi
[2296/4303] svar/zips/Norrasj_n/637512-142225-kartor/web/tiles-3-5612_Norrasjön_637512-142225.dzi ... upload error (manifest): Invalid key: svar/zips/Norrasj_n/637512-142225-kartor/web/tiles-3-5612_Norrasjön_637512-142225.dzi
[2297/4303] svar/zips/Norra_Acksj_n/642201-132408-kartor/web/tiles-3-5592_Norra Acksjön_642201-132408.dzi ... upload error (manifest): Invalid key: svar/zips/Norra_Acksj_n/642201-132408-kartor/web/tiles-3-5592_Norra Acksjön_642201-132408.dzi
[2298/4303] svar/zips/Norra_Aspl_ngen/651899-143910-kartor/web/tiles-2-0969_Norra Asplången_651899-143910.dzi ... upload error (manifest): Invalid key: svar/zips/Norra_Aspl_ngen/651899-143910-kartor/web/tiles-2-0969_Norra Asplången_651899-143910.dzi
[2299/4303] svar/zips/Norra_Barnsj_n/638959-127991-kartor/web/tiles-3-1848_Norra Barnsjön_638959-127991.dzi ... upload error (manifest): Invalid key: svar/zips/Norra_Barnsj_n/638959-127991-kartor/web/tiles-3-1848_Norra Barnsjön_638959-127991.dzi
[2300/4303] svar/zips/Norra_Bl_tevattnet/653584-125009-kartor/web/tiles-3-3998_Norra Blötevattnet_653584-125009.dzi ... upload error (manifest): Invalid key: svar/zips/Norra_Bl_tevattnet/653584-125009-kartor/web/tiles-3-3998_Norra Blötevattnet_653584-125009.dzi
[2301/4303] svar/zips/Norra_Bolsj_n/634153-134276-kartor/web/tiles-3-2073_Norra Bolsjön_634153-134276.dzi ... upload error (manifest): Invalid key: svar/zips/Norra_Bolsj_n/634153-134276-kartor/web/tiles-3-2073_Norra Bolsjön_634153-134276.dzi
[2302/4303] svar/zips/Norra_Bullaresj_n/653621-125388-kartor/web/tiles-2-0215_Norra Bullaresjön_653621-125388.dzi ... upload error (manifest): Invalid key: svar/zips/Norra_Bullaresj_n/653621-125388-kartor/web/tiles-2-0215_Norra Bullaresjön_653621-125388.dzi
[2303/4303] svar/zips/Norra_Bullaresj_n/653621-125388-kartor/web/tiles-3-1569_Norra Bullaresjön_653621-125388.dzi ... upload error (manifest): Invalid key: svar/zips/Norra_Bullaresj_n/653621-125388-kartor/web/tiles-3-1569_Norra Bullaresjön_653621-125388.dzi
[2304/4303] svar/zips/Norra_Fyllen/633051-138296-kartor/web/tiles-3-6282_Norra Fyllen_633051-138296.dzi ... done • ETA ~ 3m 19s
[2305/4303] svar/zips/Norra_Gussj_/637089-137096-kartor/web/tiles-3-0863_Norra Gussjö_637089-137096.dzi ... upload error (manifest): Invalid key: svar/zips/Norra_Gussj_/637089-137096-kartor/web/tiles-3-0863_Norra Gussjö_637089-137096.dzi
[2306/4303] svar/zips/Norra_Gussj_/637089-137096-kartor/web/tiles-3-0867_Norra Gussjö (Hammarsjön)_637089-137096.dzi ... upload error (manifest): Invalid key: svar/zips/Norra_Gussj_/637089-137096-kartor/web/tiles-3-0867_Norra Gussjö (Hammarsjön)_637089-137096.dzi
[2307/4303] svar/zips/Norra_Gussj_/637089-137096-kartor/web/tiles-3-1825_Norra Gussjö (och Hammarsjön)_637089-137096.dzi ... upload error (manifest): Invalid key: svar/zips/Norra_Gussj_/637089-137096-kartor/web/tiles-3-1825_Norra Gussjö (och Hammarsjön)_637089-137096.dzi
[2308/4303] svar/zips/Norra_Gussj_/637089-137096-kartor/web/tiles-5-0021_Hammarsjön_(N Gussjö_637089-137096).dzi ... upload error (manifest): Invalid key: svar/zips/Norra_Gussj_/637089-137096-kartor/web/tiles-5-0021_Hammarsjön_(N Gussjö_637089-137096).dzi
[2309/4303] svar/zips/Norra_Gussj_/637089-137096-kartor/web/tiles-5-0041_Norra Gussjö_637089-137096.dzi ... upload error (manifest): Invalid key: svar/zips/Norra_Gussj_/637089-137096-kartor/web/tiles-5-0041_Norra Gussjö_637089-137096.dzi
[2310/4303] svar/zips/Norra_H_llsj_n/641401-153519-kartor/web/tiles-3-3379_Norra Hällsjön_641401-153519.dzi ... upload error (manifest): Invalid key: svar/zips/Norra_H_llsj_n/641401-153519-kartor/web/tiles-3-3379_Norra Hällsjön_641401-153519.dzi
[2311/4303] svar/zips/Norra_Linkaren/640765-149483-kartor/web/tiles-3-3619_Norra Linkaren_640765-149483.dzi ... done • ETA ~ 3m 18s
[2312/4303] svar/zips/Norra_L_ngasj_n/631354-132583-kartor/web/tiles-3-5107_Norra Långasjön_631354-132583.dzi ... upload error (manifest): Invalid key: svar/zips/Norra_L_ngasj_n/631354-132583-kartor/web/tiles-3-5107_Norra Långasjön_631354-132583.dzi
[2313/4303] svar/zips/Norra_Mossebosj_n/638064-137340-kartor/web/tiles-3-5121_Norra Mossebosjön_638064-137340a.dzi ... upload error (manifest): Invalid key: svar/zips/Norra_Mossebosj_n/638064-137340-kartor/web/tiles-3-5121_Norra Mossebosjön_638064-137340a.dzi
[2314/4303] svar/zips/Norra_Mossebosj_n/638064-137340-kartor/web/tiles-3-5121_Norra Mossebosjön_638064-137340b.dzi ... upload error (manifest): Invalid key: svar/zips/Norra_Mossebosj_n/638064-137340-kartor/web/tiles-3-5121_Norra Mossebosjön_638064-137340b.dzi
[2315/4303] svar/zips/Norra_Sk_rsj_n/624044-141165-kartor/web/tiles-3-6464_Norra Skärsjön_624044-141165.dzi ... upload error (manifest): Invalid key: svar/zips/Norra_Sk_rsj_n/624044-141165-kartor/web/tiles-3-6464_Norra Skärsjön_624044-141165.dzi
[2316/4303] svar/zips/Norra_Smedsj_n/625505-141232-kartor/web/tiles-3-6473_Norra Smedsjön_625505-141232.dzi ... upload error (manifest): Invalid key: svar/zips/Norra_Smedsj_n/625505-141232-kartor/web/tiles-3-6473_Norra Smedsjön_625505-141232.dzi
[2317/4303] svar/zips/Norra_Stensj_n/634008-130209-kartor/web/tiles-3-2255_Norra Stensjön_634008-130209.dzi ... upload error (manifest): Invalid key: svar/zips/Norra_Stensj_n/634008-130209-kartor/web/tiles-3-2255_Norra Stensjön_634008-130209.dzi
[2318/4303] svar/zips/Norra_Stensj_n/634008-130209-kartor/web/tiles-3-6545_Norra Stensjön_634008-130209.dzi ... upload error (manifest): Invalid key: svar/zips/Norra_Stensj_n/634008-130209-kartor/web/tiles-3-6545_Norra Stensjön_634008-130209.dzi
[2319/4303] svar/zips/Norra_Stensj_n/643469-152316-kartor/web/tiles-3-3373_Norra Stensjön_643469-152316.dzi ... upload error (manifest): Invalid key: svar/zips/Norra_Stensj_n/643469-152316-kartor/web/tiles-3-3373_Norra Stensjön_643469-152316.dzi
[2320/4303] svar/zips/Norra_Svansj_n/624991-143829-kartor/web/tiles-3-5990_Norra Svansjön_624991-143829.dzi ... upload error (manifest): Invalid key: svar/zips/Norra_Svansj_n/624991-143829-kartor/web/tiles-3-5990_Norra Svansjön_624991-143829.dzi
[2321/4303] svar/zips/Norra_Tv_sj_n/639128-139229-kartor/web/tiles-3-5480_Norra Tväsjön_639128-139229.dzi ... upload error (manifest): Invalid key: svar/zips/Norra_Tv_sj_n/639128-139229-kartor/web/tiles-3-5480_Norra Tväsjön_639128-139229.dzi
[2322/4303] svar/zips/Norra_Vallsj_n/637379-137645-kartor/web/tiles-3-1831_Norra Vallsjön_637379-137645.dzi ... upload error (manifest): Invalid key: svar/zips/Norra_Vallsj_n/637379-137645-kartor/web/tiles-3-1831_Norra Vallsjön_637379-137645.dzi
[2323/4303] svar/zips/Norra_Vallsj_n/637379-137645-kartor/web/tiles-3-2506_Norra Vallsjön_637379-137645.dzi ... upload error (manifest): Invalid key: svar/zips/Norra_Vallsj_n/637379-137645-kartor/web/tiles-3-2506_Norra Vallsjön_637379-137645.dzi
[2324/4303] svar/zips/Norra_Vallsj_n/637379-137645-kartor/web/tiles-5-0042_Norra Vallsjön_637379-137645.dzi ... upload error (manifest): Invalid key: svar/zips/Norra_Vallsj_n/637379-137645-kartor/web/tiles-5-0042_Norra Vallsjön_637379-137645.dzi
[2325/4303] svar/zips/Norra_Virestadsj_n/627729-140872-kartor/web/tiles-2-0300_Norra Virestadsjön_627729-140872.dzi ... upload error (manifest): Invalid key: svar/zips/Norra_Virestadsj_n/627729-140872-kartor/web/tiles-2-0300_Norra Virestadsjön_627729-140872.dzi
[2326/4303] svar/zips/Norra_Vixen/639254-144481-kartor/web/tiles-3-2916_Norra Vixen_639254-144481.dzi ... done • ETA ~ 3m 16s
[2327/4303] svar/zips/Norra_Vixen/639254-144481-kartor/web/tiles-3-6346_Norra Vixen_639254-144481.dzi ... done • ETA ~ 3m 16s
[2328/4303] svar/zips/Norra___lten/633077-141660-kartor/web/tiles-2-0951_Norra Älten_633077-141660.dzi ... upload error (manifest): Invalid key: svar/zips/Norra___lten/633077-141660-kartor/web/tiles-2-0951_Norra Älten_633077-141660.dzi
[2329/4303] svar/zips/Norra___sj_n/625926-147384-kartor/web/tiles-3-3187_Norra Åsjön_625926-147384.dzi ... upload error (manifest): Invalid key: svar/zips/Norra___sj_n/625926-147384-kartor/web/tiles-3-3187_Norra Åsjön_625926-147384.dzi
[2330/4303] svar/zips/Norra___sj_n/636434-153367-kartor/web/tiles-2-0342_Norra Ösjön_636434-153367.dzi ... upload error (manifest): Invalid key: svar/zips/Norra___sj_n/636434-153367-kartor/web/tiles-2-0342_Norra Ösjön_636434-153367.dzi
[2331/4303] svar/zips/Norreg_l/623920-147353-kartor/web/tiles-3-0781_Norregöl_623920-147353.dzi ... upload error (manifest): Invalid key: svar/zips/Norreg_l/623920-147353-kartor/web/tiles-3-0781_Norregöl_623920-147353.dzi
[2332/4303] svar/zips/Norresj_/630480-143556-kartor/web/tiles-2-0157_Norresjö_630480-143556.dzi ... upload error (manifest): Invalid key: svar/zips/Norresj_/630480-143556-kartor/web/tiles-2-0157_Norresjö_630480-143556.dzi
[2333/4303] svar/zips/Norresj_/630480-143556-kartor/web/tiles-3-6623_Norra Bergundasjön_630480-143556.dzi ... upload error (manifest): Invalid key: svar/zips/Norresj_/630480-143556-kartor/web/tiles-3-6623_Norra Bergundasjön_630480-143556.dzi
[2334/4303] svar/zips/Norresj_/637780-141171-kartor/web/tiles-3-5240_Norresjö_637780-141171.dzi ... upload error (manifest): Invalid key: svar/zips/Norresj_/637780-141171-kartor/web/tiles-3-5240_Norresjö_637780-141171.dzi
[2335/4303] svar/zips/Norre_G_l/636080-148075-kartor/web/tiles-3-3344_Norre Göl_636080-148075.dzi ... upload error (manifest): Invalid key: svar/zips/Norre_G_l/636080-148075-kartor/web/tiles-3-3344_Norre Göl_636080-148075.dzi
[2336/4303] svar/zips/Norrsj_n/626313-148095-kartor/web/tiles-5-0465_Norrsjön_626313-148095.dzi ... upload error (manifest): Invalid key: svar/zips/Norrsj_n/626313-148095-kartor/web/tiles-5-0465_Norrsjön_626313-148095.dzi
[2337/4303] svar/zips/Norrsj_n/627728-149184-kartor/web/tiles-5-0487_Norrsjön_627728-149184.dzi ... upload error (manifest): Invalid key: svar/zips/Norrsj_n/627728-149184-kartor/web/tiles-5-0487_Norrsjön_627728-149184.dzi
[2338/4303] svar/zips/Norrsj_n/632223-136317-kartor/web/tiles-3-4715_Norrsjön_632223-136317.dzi ... upload error (manifest): Invalid key: svar/zips/Norrsj_n/632223-136317-kartor/web/tiles-3-4715_Norrsjön_632223-136317.dzi
[2339/4303] svar/zips/Norrsj_n/633177-145970-kartor/web/tiles-2-0562_Norrsjön_633177-145970.dzi ... upload error (manifest): Invalid key: svar/zips/Norrsj_n/633177-145970-kartor/web/tiles-2-0562_Norrsjön_633177-145970.dzi
[2340/4303] svar/zips/Norrsj_n/635820-143247-kartor/web/tiles-3-4017_Norrsjön_635820-143247.dzi ... upload error (manifest): Invalid key: svar/zips/Norrsj_n/635820-143247-kartor/web/tiles-3-4017_Norrsjön_635820-143247.dzi
[2341/4303] svar/zips/Norrsj_n/651577-151632-kartor/web/tiles-2-0845_Norrsjön_651577-151632.dzi ... upload error (manifest): Invalid key: svar/zips/Norrsj_n/651577-151632-kartor/web/tiles-2-0845_Norrsjön_651577-151632.dzi
[2342/4303] svar/zips/Norsj_n/624658-146332-kartor/web/tiles-3-3169_Norsjön_624658-146332.dzi ... upload error (manifest): Invalid key: svar/zips/Norsj_n/624658-146332-kartor/web/tiles-3-3169_Norsjön_624658-146332.dzi
[2343/4303] svar/zips/Nursj_n/635064-141622-kartor/web/tiles-3-6348_Nursjön_635064-141622.dzi ... upload error (manifest): Invalid key: svar/zips/Nursj_n/635064-141622-kartor/web/tiles-3-6348_Nursjön_635064-141622.dzi
[2344/4303] svar/zips/Nyan_sag_len/635204-147309-kartor/web/tiles-3-3739_Nynäsagölen_635204-147309.dzi ... upload error (manifest): Invalid key: svar/zips/Nyan_sag_len/635204-147309-kartor/web/tiles-3-3739_Nynäsagölen_635204-147309.dzi
[2345/4303] svar/zips/Nybysj_n/655609-165190-kartor/web/tiles-3-2182_Nybysjön_655609-165190.dzi ... upload error (manifest): Invalid key: svar/zips/Nybysj_n/655609-165190-kartor/web/tiles-3-2182_Nybysjön_655609-165190.dzi
[2346/4303] svar/zips/Nyckelsj_n/656163-156846-kartor/web/tiles-3-1760_Nyckelsjön_656163-156846.dzi ... upload error (manifest): Invalid key: svar/zips/Nyckelsj_n/656163-156846-kartor/web/tiles-3-1760_Nyckelsjön_656163-156846.dzi
[2347/4303] svar/zips/Nyckelvattnet/650058-128307-kartor/web/tiles-3-4838_Nyckelvattnet_650058-128307.dzi ... done • ETA ~ 3m 14s
[2348/4303] svar/zips/Nyr_dsj_n/649610-126113-kartor/web/tiles-3-2473_Nyrödsjön_649610-126113.dzi ... upload error (manifest): Invalid key: svar/zips/Nyr_dsj_n/649610-126113-kartor/web/tiles-3-2473_Nyrödsjön_649610-126113.dzi
[2349/4303] svar/zips/Nyt_ngen/656124-158126-kartor/web/tiles-3-3273_Nytången_656124-158126.dzi ... upload error (manifest): Invalid key: svar/zips/Nyt_ngen/656124-158126-kartor/web/tiles-3-3273_Nytången_656124-158126.dzi
[2350/4303] svar/zips/N_bbelesj_n/636700-144233-kartor/web/tiles-3-3953_Nöbbelesjön_636700-144233.dzi ... upload error (manifest): Invalid key: svar/zips/N_bbelesj_n/636700-144233-kartor/web/tiles-3-3953_Nöbbelesjön_636700-144233.dzi
[2351/4303] svar/zips/N_cksj_n/636930-145226-kartor/web/tiles-3-3952_Näcksjön_636930-145226.dzi ... upload error (manifest): Invalid key: svar/zips/N_cksj_n/636930-145226-kartor/web/tiles-3-3952_Näcksjön_636930-145226.dzi
[2352/4303] svar/zips/N_dsj_n/642063-127872-kartor/web/tiles-3-4519_Nödsjön_642063-127872.dzi ... upload error (manifest): Invalid key: svar/zips/N_dsj_n/642063-127872-kartor/web/tiles-3-4519_Nödsjön_642063-127872.dzi
[2353/4303] svar/zips/N_jern/636713-152326-kartor/web/tiles-2-0333_Näjern_636713-152326.dzi ... upload error (manifest): Invalid key: svar/zips/N_jern/636713-152326-kartor/web/tiles-2-0333_Näjern_636713-152326.dzi
[2354/4303] svar/zips/N_jern/636792-152028-kartor/web/tiles-3-2884_Näjern_636792-152028.dzi ... upload error (manifest): Invalid key: svar/zips/N_jern/636792-152028-kartor/web/tiles-3-2884_Näjern_636792-152028.dzi
[2355/4303] svar/zips/N_knen/650833-152024-kartor/web/tiles-3-1905_Näknen_650833-152024.dzi ... upload error (manifest): Invalid key: svar/zips/N_knen/650833-152024-kartor/web/tiles-3-1905_Näknen_650833-152024.dzi
[2356/4303] svar/zips/N_mmen/638280-144298-kartor/web/tiles-3-1812_Nömmen_638280-144298.dzi ... upload error (manifest): Invalid key: svar/zips/N_mmen/638280-144298-kartor/web/tiles-3-1812_Nömmen_638280-144298.dzi
[2357/4303] svar/zips/N_ren/651834-130678-kartor/web/tiles-2-0566_Nären_651834-130678.dzi ... upload error (manifest): Invalid key: svar/zips/N_ren/651834-130678-kartor/web/tiles-2-0566_Nären_651834-130678.dzi
[2358/4303] svar/zips/N_ssjag_len/635369-145684-kartor/web/tiles-3-3572_Nässjagölen_635369-145684.dzi ... upload error (manifest): Invalid key: svar/zips/N_ssjag_len/635369-145684-kartor/web/tiles-3-3572_Nässjagölen_635369-145684.dzi
[2359/4303] svar/zips/N_ssjasj_n/639313-147403-kartor/web/tiles-3-2502_Nässjasjön_639313-147403.dzi ... upload error (manifest): Invalid key: svar/zips/N_ssjasj_n/639313-147403-kartor/web/tiles-3-2502_Nässjasjön_639313-147403.dzi
[2360/4303] svar/zips/N_ssj_/636335-137221-kartor/web/tiles-5-0043_Nässjö_636335-137221.dzi ... upload error (manifest): Invalid key: svar/zips/N_ssj_/636335-137221-kartor/web/tiles-5-0043_Nässjö_636335-137221.dzi
[2361/4303] svar/zips/N_ssj_/656377-127113-kartor/web/tiles-3-4729_Nössjö_656377-127113.dzi ... upload error (manifest): Invalid key: svar/zips/N_ssj_/656377-127113-kartor/web/tiles-3-4729_Nössjö_656377-127113.dzi
[2362/4303] svar/zips/N_ssj_n/623289-146219-kartor/web/tiles-3-0788_Nässjön_623289-146219.dzi ... upload error (manifest): Invalid key: svar/zips/N_ssj_n/623289-146219-kartor/web/tiles-3-0788_Nässjön_623289-146219.dzi
[2363/4303] svar/zips/N_ssj_n/623289-146219-kartor/web/tiles-3-2825_Nässjön_623289-146219.dzi ... upload error (manifest): Invalid key: svar/zips/N_ssj_n/623289-146219-kartor/web/tiles-3-2825_Nässjön_623289-146219.dzi
[2364/4303] svar/zips/N_ssj_n/635940-136080-kartor/web/tiles-3-6295_Nässjön_635940-136080.dzi ... upload error (manifest): Invalid key: svar/zips/N_ssj_n/635940-136080-kartor/web/tiles-3-6295_Nässjön_635940-136080.dzi
[2365/4303] svar/zips/N_ssj_n/638919-152317-kartor/web/tiles-3-3712_Nässjön_638919-152317.dzi ... upload error (manifest): Invalid key: svar/zips/N_ssj_n/638919-152317-kartor/web/tiles-3-3712_Nässjön_638919-152317.dzi
[2366/4303] svar/zips/N_ssj_n/641737-138012-kartor/web/tiles-2-0783_Nässjön_641737-138012.dzi ... upload error (manifest): Invalid key: svar/zips/N_ssj_n/641737-138012-kartor/web/tiles-2-0783_Nässjön_641737-138012.dzi
[2367/4303] svar/zips/N_ssj_n/641737-138012-kartor/web/tiles-3-1464_Nässjön_641737-138012.dzi ... upload error (manifest): Invalid key: svar/zips/N_ssj_n/641737-138012-kartor/web/tiles-3-1464_Nässjön_641737-138012.dzi
[2368/4303] svar/zips/N_stasj_n/634342-138677-kartor/web/tiles-2-1054_Nästasjön_634342-138677.dzi ... upload error (manifest): Invalid key: svar/zips/N_stasj_n/634342-138677-kartor/web/tiles-2-1054_Nästasjön_634342-138677.dzi
[2369/4303] svar/zips/N_stasj_n/634342-138677-kartor/web/tiles-3-2923_Nästasjön_634342-138677.dzi ... upload error (manifest): Invalid key: svar/zips/N_stasj_n/634342-138677-kartor/web/tiles-3-2923_Nästasjön_634342-138677.dzi
[2370/4303] svar/zips/N_sten/625130-145084-kartor/web/tiles-3-2966_Nästen_625130-145084.dzi ... upload error (manifest): Invalid key: svar/zips/N_sten/625130-145084-kartor/web/tiles-3-2966_Nästen_625130-145084.dzi
[2371/4303] svar/zips/N_s_len/652090-130335-kartor/web/tiles-3-4778_Näsölen_652090-130335.dzi ... upload error (manifest): Invalid key: svar/zips/N_s_len/652090-130335-kartor/web/tiles-3-4778_Näsölen_652090-130335.dzi
[2372/4303] svar/zips/N_tesj_n/615577-134584-kartor/web/tiles-2-0171_Nötesjön_615577-134584.dzi ... upload error (manifest): Invalid key: svar/zips/N_tesj_n/615577-134584-kartor/web/tiles-2-0171_Nötesjön_615577-134584.dzi
[2373/4303] svar/zips/N_thultag_len/637916-140470-kartor/web/tiles-3-1807_Nöthultagölen_637916-140470.dzi ... upload error (manifest): Invalid key: svar/zips/N_thultag_len/637916-140470-kartor/web/tiles-3-1807_Nöthultagölen_637916-140470.dzi
[2374/4303] svar/zips/N_thultag_len/637916-140470-kartor/web/tiles-3-6389_Nöthultagölen_637916-140470.dzi ... upload error (manifest): Invalid key: svar/zips/N_thultag_len/637916-140470-kartor/web/tiles-3-6389_Nöthultagölen_637916-140470.dzi
[2375/4303] svar/zips/N_tsj_n/624622-142824-kartor/web/tiles-3-2644_Nätsjön_624622-142824.dzi ... upload error (manifest): Invalid key: svar/zips/N_tsj_n/624622-142824-kartor/web/tiles-3-2644_Nätsjön_624622-142824.dzi
[2376/4303] svar/zips/N_tterh_vden/626257-147879-kartor/web/tiles-2-0362_Nätterhövden_626257-147879a.dzi ... upload error (manifest): Invalid key: svar/zips/N_tterh_vden/626257-147879-kartor/web/tiles-2-0362_Nätterhövden_626257-147879a.dzi
[2377/4303] svar/zips/N_tterh_vden/626257-147879-kartor/web/tiles-2-0362_Nätterhövden_626257-147879b.dzi ... upload error (manifest): Invalid key: svar/zips/N_tterh_vden/626257-147879-kartor/web/tiles-2-0362_Nätterhövden_626257-147879b.dzi
[2378/4303] svar/zips/N_t_fj_rden/633640-154122-kartor/web/tiles-3-6498_Nötöfjärden_633640-154122.dzi ... upload error (manifest): Invalid key: svar/zips/N_t_fj_rden/633640-154122-kartor/web/tiles-3-6498_Nötöfjärden_633640-154122.dzi
[2379/4303] svar/zips/N_vrasj_n/624971-148549-kartor/web/tiles-2-0667_Nävrasjön_624971-148549.dzi ... upload error (manifest): Invalid key: svar/zips/N_vrasj_n/624971-148549-kartor/web/tiles-2-0667_Nävrasjön_624971-148549.dzi
[2380/4303] svar/zips/N_vsj_n/650486-155390-kartor/web/tiles-3-2987_Nävsjön_650486-155390.dzi ... upload error (manifest): Invalid key: svar/zips/N_vsj_n/650486-155390-kartor/web/tiles-3-2987_Nävsjön_650486-155390.dzi
[2381/4303] svar/zips/N_vsj_n/650486-155390-kartor/web/tiles-3-6735_Nävsjön_650486-155390.dzi ... upload error (manifest): Invalid key: svar/zips/N_vsj_n/650486-155390-kartor/web/tiles-3-6735_Nävsjön_650486-155390.dzi
[2382/4303] svar/zips/Ogan/655476-159515-kartor/web/tiles-3-1933_Ogan_655476-159515.dzi ... done • ETA ~ 3m 10s
[2383/4303] svar/zips/Okl_ngen/635793-130642-kartor/web/tiles-3-0881_Oklången_635793-130642.dzi ... upload error (manifest): Invalid key: svar/zips/Okl_ngen/635793-130642-kartor/web/tiles-3-0881_Oklången_635793-130642.dzi
[2384/4303] svar/zips/Okl_ngen/635793-130642-kartor/web/tiles-3-2159_Oklången_635793-130642.dzi ... upload error (manifest): Invalid key: svar/zips/Okl_ngen/635793-130642-kartor/web/tiles-3-2159_Oklången_635793-130642.dzi
[2385/4303] svar/zips/Okl_ngen/635793-130642-kartor/web/tiles-3-6625_Oklången_635793-130642.dzi ... upload error (manifest): Invalid key: svar/zips/Okl_ngen/635793-130642-kartor/web/tiles-3-6625_Oklången_635793-130642.dzi
[2386/4303] svar/zips/Olasj_n/629949-141010-kartor/web/tiles-3-4686_Olasjön_629949-141010.dzi ... upload error (manifest): Invalid key: svar/zips/Olasj_n/629949-141010-kartor/web/tiles-3-4686_Olasjön_629949-141010.dzi
[2387/4303] svar/zips/Oppbj_rken/637180-150926-kartor/web/tiles-3-3759_Oppbjärken_637180-150926a.dzi ... upload error (manifest): Invalid key: svar/zips/Oppbj_rken/637180-150926-kartor/web/tiles-3-3759_Oppbjärken_637180-150926a.dzi
[2388/4303] svar/zips/Oppbj_rken/637180-150926-kartor/web/tiles-3-3759_Oppbjärken_637180-150926b.dzi ... upload error (manifest): Invalid key: svar/zips/Oppbj_rken/637180-150926-kartor/web/tiles-3-3759_Oppbjärken_637180-150926b.dzi
[2389/4303] svar/zips/Opperhalen/637107-134618-kartor/web/tiles-3-1990_Opperhalen_637107-134618.dzi ... done • ETA ~ 3m 10s
[2390/4303] svar/zips/Oppmannasj_n/621816-140914-kartor/web/tiles-3-5815a_Oppmannasjön_621816-140914.dzi ... upload error (manifest): Invalid key: svar/zips/Oppmannasj_n/621816-140914-kartor/web/tiles-3-5815a_Oppmannasjön_621816-140914.dzi
[2391/4303] svar/zips/Oppmannasj_n/621816-140914-kartor/web/tiles-3-5815b_Oppmannasjön_621816-140914.dzi ... upload error (manifest): Invalid key: svar/zips/Oppmannasj_n/621816-140914-kartor/web/tiles-3-5815b_Oppmannasjön_621816-140914.dzi
[2392/4303] svar/zips/Oppsj_n/627375-149721-kartor/web/tiles-5-0455_Oppsjön_627375-149721.dzi ... upload error (manifest): Invalid key: svar/zips/Oppsj_n/627375-149721-kartor/web/tiles-5-0455_Oppsjön_627375-149721.dzi
[2393/4303] svar/zips/Oresj_n/624937-136646-kartor/web/tiles-3-3716_Oresjön_624937-136646.dzi ... upload error (manifest): Invalid key: svar/zips/Oresj_n/624937-136646-kartor/web/tiles-3-3716_Oresjön_624937-136646.dzi
[2394/4303] svar/zips/Ornungasj_/643134-132942-kartor/web/tiles-3-1991_Ornungasjö_643134-132942.dzi ... upload error (manifest): Invalid key: svar/zips/Ornungasj_/643134-132942-kartor/web/tiles-3-1991_Ornungasjö_643134-132942.dzi
[2395/4303] svar/zips/Orran_sasj_n/630181-149494-kartor/web/tiles-3-3846_Orranäsasjön_630181-149494a.dzi ... upload error (manifest): Invalid key: svar/zips/Orran_sasj_n/630181-149494-kartor/web/tiles-3-3846_Orranäsasjön_630181-149494a.dzi
[2396/4303] svar/zips/Orran_sasj_n/630181-149494-kartor/web/tiles-3-3846_Orranäsasjön_630181-149494b.dzi ... upload error (manifest): Invalid key: svar/zips/Orran_sasj_n/630181-149494-kartor/web/tiles-3-3846_Orranäsasjön_630181-149494b.dzi
[2397/4303] svar/zips/Orrhammaren/654989-154505-kartor/web/tiles-3-0710_Orrhammaren_654989-154505.dzi ... done • ETA ~ 3m 9s
[2398/4303] svar/zips/Orsj_n/625800-138182-kartor/web/tiles-3-5845_Orsjön_625800-138182a.dzi ... upload error (manifest): Invalid key: svar/zips/Orsj_n/625800-138182-kartor/web/tiles-3-5845_Orsjön_625800-138182a.dzi
[2399/4303] svar/zips/Orsj_n/625800-138182-kartor/web/tiles-3-5845_Orsjön_625800-138182b.dzi ... upload error (manifest): Invalid key: svar/zips/Orsj_n/625800-138182-kartor/web/tiles-3-5845_Orsjön_625800-138182b.dzi
[2400/4303] svar/zips/Orsj_n/625800-138182-kartor/web/tiles-3-5845_Orsjön_625800-138182c.dzi ... upload error (manifest): Invalid key: svar/zips/Orsj_n/625800-138182-kartor/web/tiles-3-5845_Orsjön_625800-138182c.dzi
[2401/4303] svar/zips/Orsj_n/625800-138182-kartor/web/tiles-3-5845_Orsjön_625800-138182d.dzi ... upload error (manifest): Invalid key: svar/zips/Orsj_n/625800-138182-kartor/web/tiles-3-5845_Orsjön_625800-138182d.dzi
[2402/4303] svar/zips/Orsj_n/625800-138182-kartor/web/tiles-3-5845_Orsjön_625800-138182e.dzi ... upload error (manifest): Invalid key: svar/zips/Orsj_n/625800-138182-kartor/web/tiles-3-5845_Orsjön_625800-138182e.dzi
[2403/4303] svar/zips/Orsj_n/625800-138182-kartor/web/tiles-3-5845_Orsjön_625800-138182f.dzi ... upload error (manifest): Invalid key: svar/zips/Orsj_n/625800-138182-kartor/web/tiles-3-5845_Orsjön_625800-138182f.dzi
[2404/4303] svar/zips/Orsj_n/625800-138182-kartor/web/tiles-3-5845_Orsjön_625800-138182g.dzi ... upload error (manifest): Invalid key: svar/zips/Orsj_n/625800-138182-kartor/web/tiles-3-5845_Orsjön_625800-138182g.dzi
[2405/4303] svar/zips/Osbysj_n/624815-138826-kartor/web/tiles-1-0329_Osbysjön_624815-138826.dzi ... upload error (manifest): Invalid key: svar/zips/Osbysj_n/624815-138826-kartor/web/tiles-1-0329_Osbysjön_624815-138826.dzi
[2406/4303] svar/zips/Osbysj_n/624815-138826-kartor/web/tiles-3-0821_Osbysjön_624815-138826.dzi ... upload error (manifest): Invalid key: svar/zips/Osbysj_n/624815-138826-kartor/web/tiles-3-0821_Osbysjön_624815-138826.dzi
[2407/4303] svar/zips/Osj_n/642228-128497-kartor/web/tiles-3-4821_Osjön_642228-128497.dzi ... upload error (manifest): Invalid key: svar/zips/Osj_n/642228-128497-kartor/web/tiles-3-4821_Osjön_642228-128497.dzi
[2408/4303] svar/zips/Ottersj_n/633167-129910-kartor/web/tiles-3-2415_Ottersjön_633167-129910.dzi ... upload error (manifest): Invalid key: svar/zips/Ottersj_n/633167-129910-kartor/web/tiles-3-2415_Ottersjön_633167-129910.dzi
[2409/4303] svar/zips/Ottersj_n/643114-129287-kartor/web/tiles-3-4815_Ottersjön_643114-129287.dzi ... upload error (manifest): Invalid key: svar/zips/Ottersj_n/643114-129287-kartor/web/tiles-3-4815_Ottersjön_643114-129287.dzi
[2410/4303] svar/zips/Ottersj_n/650609-142591-kartor/web/tiles-3-6339_Ottersjön_650609-142591.dzi ... upload error (manifest): Invalid key: svar/zips/Ottersj_n/650609-142591-kartor/web/tiles-3-6339_Ottersjön_650609-142591.dzi
[2411/4303] svar/zips/Oxalasj_n/639570-130697-kartor/web/tiles-3-5249_Oxalasjön_639570-130697.dzi ... upload error (manifest): Invalid key: svar/zips/Oxalasj_n/639570-130697-kartor/web/tiles-3-5249_Oxalasjön_639570-130697.dzi
[2412/4303] svar/zips/Oxalasj_n/640634-131143-kartor/web/tiles-3-4894_Oxalasjön_640634-131143.dzi ... upload error (manifest): Invalid key: svar/zips/Oxalasj_n/640634-131143-kartor/web/tiles-3-4894_Oxalasjön_640634-131143.dzi
[2413/4303] svar/zips/Oxasj_n/639732-136423-kartor/web/tiles-3-4754_Oxasjön_639732-136423.dzi ... upload error (manifest): Invalid key: svar/zips/Oxasj_n/639732-136423-kartor/web/tiles-3-4754_Oxasjön_639732-136423.dzi
[2414/4303] svar/zips/Oxhultasj_n/625909-134297-kartor/web/tiles-1-0201_Oxhultasjön_625909-134297.dzi ... upload error (manifest): Invalid key: svar/zips/Oxhultasj_n/625909-134297-kartor/web/tiles-1-0201_Oxhultasjön_625909-134297.dzi
[2415/4303] svar/zips/Oxhultasj_n/625909-134297-kartor/web/tiles-3-6379_Oxhultasjön_625909-134297.dzi ... upload error (manifest): Invalid key: svar/zips/Oxhultasj_n/625909-134297-kartor/web/tiles-3-6379_Oxhultasjön_625909-134297.dzi
[2416/4303] svar/zips/Oxsj_n/638894-129290-kartor/web/tiles-3-1833_Oxsjön_638894-129290.dzi ... upload error (manifest): Invalid key: svar/zips/Oxsj_n/638894-129290-kartor/web/tiles-3-1833_Oxsjön_638894-129290.dzi
[2417/4303] svar/zips/Oxsj_n/639329-127074-kartor/web/tiles-3-1628_Oxsjön_639329-127074.dzi ... upload error (manifest): Invalid key: svar/zips/Oxsj_n/639329-127074-kartor/web/tiles-3-1628_Oxsjön_639329-127074.dzi
[2418/4303] svar/zips/Paddingetorpasj_n/635344-144965-kartor/web/tiles-3-2951_Paddingetorpasjön_635344-144965.dzi ... upload error (manifest): Invalid key: svar/zips/Paddingetorpasj_n/635344-144965-kartor/web/tiles-3-2951_Paddingetorpasjön_635344-144965.dzi
[2419/4303] svar/zips/Paraklen/625885-147032-kartor/web/tiles-3-5453_Paraklen_625885-147032.dzi ... done • ETA ~ 3m 6s
[2420/4303] svar/zips/Passlem_lag_len/639795-145871-kartor/web/tiles-3-5292_Passlemålagölen_639795-145871.dzi ... upload error (manifest): Invalid key: svar/zips/Passlem_lag_len/639795-145871-kartor/web/tiles-3-5292_Passlemålagölen_639795-145871.dzi
[2421/4303] svar/zips/Penan/636063-148039-kartor/web/tiles-3-3344_Penan_636063-148039.dzi ... done • ETA ~ 3m 6s
[2422/4303] svar/zips/Persg_l/634290-141636-kartor/web/tiles-3-5598_Persgöl_634290-141636.dzi ... upload error (manifest): Invalid key: svar/zips/Persg_l/634290-141636-kartor/web/tiles-3-5598_Persgöl_634290-141636.dzi
[2423/4303] svar/zips/Pickelsj_n/624922-136739-kartor/web/tiles-3-3714_Pickelsjön_624922-136739.dzi ... upload error (manifest): Invalid key: svar/zips/Pickelsj_n/624922-136739-kartor/web/tiles-3-3714_Pickelsjön_624922-136739.dzi
[2424/4303] svar/zips/Pickesj_n/640128-132565-kartor/web/tiles-0-0067_Pickesjön_640128-132565.dzi ... upload error (manifest): Invalid key: svar/zips/Pickesj_n/640128-132565-kartor/web/tiles-0-0067_Pickesjön_640128-132565.dzi
[2425/4303] svar/zips/Pickesj_n/640128-132565-kartor/web/tiles-3-3897_Pickesjön_640128-132565a.dzi ... upload error (manifest): Invalid key: svar/zips/Pickesj_n/640128-132565-kartor/web/tiles-3-3897_Pickesjön_640128-132565a.dzi
[2426/4303] svar/zips/Pickesj_n/640128-132565-kartor/web/tiles-3-3897_Pickesjön_640128-132565b.dzi ... upload error (manifest): Invalid key: svar/zips/Pickesj_n/640128-132565-kartor/web/tiles-3-3897_Pickesjön_640128-132565b.dzi
[2427/4303] svar/zips/Pipsj_n/638424-152537-kartor/web/tiles-3-3638_Pipsjön_638424-152537.dzi ... upload error (manifest): Invalid key: svar/zips/Pipsj_n/638424-152537-kartor/web/tiles-3-3638_Pipsjön_638424-152537.dzi
[2428/4303] svar/zips/Pjukasj_n/636824-135003-kartor/web/tiles-3-4755_Pjukasjön_636824-135003.dzi ... upload error (manifest): Invalid key: svar/zips/Pjukasj_n/636824-135003-kartor/web/tiles-3-4755_Pjukasjön_636824-135003.dzi
[2429/4303] svar/zips/Planag_l/632998-141537-kartor/web/tiles-2-0952_Planagöl_632998-141537.dzi ... upload error (manifest): Invalid key: svar/zips/Planag_l/632998-141537-kartor/web/tiles-2-0952_Planagöl_632998-141537.dzi
[2430/4303] svar/zips/Plogfoten/641110-128010-kartor/web/tiles-3-4182_Plogfoten_641110-128010.dzi ... done • ETA ~ 3m 5s
[2431/4303] svar/zips/Porssj_n/643080-129487-kartor/web/tiles-1-0295_Porssjön_643080-129487.dzi ... upload error (manifest): Invalid key: svar/zips/Porssj_n/643080-129487-kartor/web/tiles-1-0295_Porssjön_643080-129487.dzi
[2432/4303] svar/zips/Portg_larna_Nr_2/638432-139490-kartor/web/tiles-3-5403_Portgölarna Nr 2_638432-139490.dzi ... upload error (manifest): Invalid key: svar/zips/Portg_larna_Nr_2/638432-139490-kartor/web/tiles-3-5403_Portgölarna Nr 2_638432-139490.dzi
[2433/4303] svar/zips/Prinsasj_n/637058-143870-kartor/web/tiles-3-3870_Prinsasjön_637058-143870a.dzi ... upload error (manifest): Invalid key: svar/zips/Prinsasj_n/637058-143870-kartor/web/tiles-3-3870_Prinsasjön_637058-143870a.dzi
[2434/4303] svar/zips/Prinsasj_n/637058-143870-kartor/web/tiles-3-3870_Prinsasjön_637058-143870b.dzi ... upload error (manifest): Invalid key: svar/zips/Prinsasj_n/637058-143870-kartor/web/tiles-3-3870_Prinsasjön_637058-143870b.dzi
[2435/4303] svar/zips/Prostsj_n/634164-139394-kartor/web/tiles-2-1108_Prostsjön_634164-139394.dzi ... upload error (manifest): Invalid key: svar/zips/Prostsj_n/634164-139394-kartor/web/tiles-2-1108_Prostsjön_634164-139394.dzi
[2436/4303] svar/zips/Pr_stabosj_n/636099-145222-kartor/web/tiles-3-3954_Prästabosjön_636099-145222.dzi ... upload error (manifest): Invalid key: svar/zips/Pr_stabosj_n/636099-145222-kartor/web/tiles-3-3954_Prästabosjön_636099-145222.dzi
[2437/4303] svar/zips/Pr_stasj_n/635006-147547-kartor/web/tiles-3-3573_Prästasjön_635006-147547.dzi ... upload error (manifest): Invalid key: svar/zips/Pr_stasj_n/635006-147547-kartor/web/tiles-3-3573_Prästasjön_635006-147547.dzi
[2438/4303] svar/zips/Pr_sttj_rn/640591-128053-kartor/web/tiles-3-1046_Prästtjärn_640591-128053.dzi ... upload error (manifest): Invalid key: svar/zips/Pr_sttj_rn/640591-128053-kartor/web/tiles-3-1046_Prästtjärn_640591-128053.dzi
[2439/4303] svar/zips/Pr_stvattnet/655137-124266-kartor/web/tiles-3-4211_Prästevattnet_655137-124266.dzi ... upload error (manifest): Invalid key: svar/zips/Pr_stvattnet/655137-124266-kartor/web/tiles-3-4211_Prästevattnet_655137-124266.dzi
[2440/4303] svar/zips/Pukag_l/635064-147084-kartor/web/tiles-3-3742_Pukagöl_635064-147084.dzi ... upload error (manifest): Invalid key: svar/zips/Pukag_l/635064-147084-kartor/web/tiles-3-3742_Pukagöl_635064-147084.dzi
[2441/4303] svar/zips/Pukasj_n/641444-141642-kartor/web/tiles-3-6462_Pukasjön_641444-141642.dzi ... upload error (manifest): Invalid key: svar/zips/Pukasj_n/641444-141642-kartor/web/tiles-3-6462_Pukasjön_641444-141642.dzi
[2442/4303] svar/zips/Pukullasj_n/639423-147153-kartor/web/tiles-3-5293_Pukullasjön_639423-147153.dzi ... upload error (manifest): Invalid key: svar/zips/Pukullasj_n/639423-147153-kartor/web/tiles-3-5293_Pukullasjön_639423-147153.dzi
[2443/4303] svar/zips/Pulsemosj_n/651506-126086-kartor/web/tiles-3-1950_Pulsemosjön_651506-126086.dzi ... upload error (manifest): Invalid key: svar/zips/Pulsemosj_n/651506-126086-kartor/web/tiles-3-1950_Pulsemosjön_651506-126086.dzi
[2444/4303] svar/zips/P_bosj_n/640039-136426-kartor/web/tiles-3-4756_Påbosjön_640039-136426.dzi ... upload error (manifest): Invalid key: svar/zips/P_bosj_n/640039-136426-kartor/web/tiles-3-4756_Påbosjön_640039-136426.dzi
[2445/4303] svar/zips/P_lsbosj_n/640639-131958-kartor/web/tiles-3-5323_Pålsbosjön_640639-131958.dzi ... upload error (manifest): Invalid key: svar/zips/P_lsbosj_n/640639-131958-kartor/web/tiles-3-5323_Pålsbosjön_640639-131958.dzi
[2446/4303] svar/zips/P_lsbotj_rn/640811-132031-kartor/web/tiles-2-0842_Pålsbotjärn_640811-132031.dzi ... upload error (manifest): Invalid key: svar/zips/P_lsbotj_rn/640811-132031-kartor/web/tiles-2-0842_Pålsbotjärn_640811-132031.dzi
[2447/4303] svar/zips/Ragnerudsj_n/650889-128513-kartor/web/tiles-3-4837_Ragnerudsjön_650889-128513.dzi ... upload error (manifest): Invalid key: svar/zips/Ragnerudsj_n/650889-128513-kartor/web/tiles-3-4837_Ragnerudsjön_650889-128513.dzi
[2448/4303] svar/zips/Rakalven/638271-138427-kartor/web/tiles-3-5672_Rakalven_638271-138427.dzi ... done • ETA ~ 3m 3s
[2449/4303] svar/zips/Ral_ngen/642136-144141-kartor/web/tiles-3-1794_Ralången_642136-144141.dzi ... upload error (manifest): Invalid key: svar/zips/Ral_ngen/642136-144141-kartor/web/tiles-3-1794_Ralången_642136-144141.dzi
[2450/4303] svar/zips/Ral_ngen/642136-144141-kartor/web/tiles-3-2448_Ralången_642136-144141.dzi ... upload error (manifest): Invalid key: svar/zips/Ral_ngen/642136-144141-kartor/web/tiles-3-2448_Ralången_642136-144141.dzi
[2451/4303] svar/zips/Rammsj_n/623298-142139-kartor/web/tiles-3-1830_Rammsjön_623298-142139.dzi ... upload error (manifest): Invalid key: svar/zips/Rammsj_n/623298-142139-kartor/web/tiles-3-1830_Rammsjön_623298-142139.dzi
[2452/4303] svar/zips/Rammsj_n/623298-142139-kartor/web/tiles-3-6572_Rammsjön_623298-142139.dzi ... upload error (manifest): Invalid key: svar/zips/Rammsj_n/623298-142139-kartor/web/tiles-3-6572_Rammsjön_623298-142139.dzi
[2453/4303] svar/zips/Rammsj_n/623521-140260-kartor/web/tiles-3-5838_Rammsjön_623521-140260a.dzi ... upload error (manifest): Invalid key: svar/zips/Rammsj_n/623521-140260-kartor/web/tiles-3-5838_Rammsjön_623521-140260a.dzi
[2454/4303] svar/zips/Rammsj_n/623521-140260-kartor/web/tiles-3-5838_Rammsjön_623521-140260b.dzi ... upload error (manifest): Invalid key: svar/zips/Rammsj_n/623521-140260-kartor/web/tiles-3-5838_Rammsjön_623521-140260b.dzi
[2455/4303] svar/zips/Rammsj_n/623521-140260-kartor/web/tiles-3-5838_Rammsjön_623521-140260c.dzi ... upload error (manifest): Invalid key: svar/zips/Rammsj_n/623521-140260-kartor/web/tiles-3-5838_Rammsjön_623521-140260c.dzi
[2456/4303] svar/zips/Rammsj_n/623521-140260-kartor/web/tiles-3-5838_Rammsjön_623521-140260d.dzi ... upload error (manifest): Invalid key: svar/zips/Rammsj_n/623521-140260-kartor/web/tiles-3-5838_Rammsjön_623521-140260d.dzi
[2457/4303] svar/zips/Rammsj_n/623521-140260-kartor/web/tiles-3-5838_Rammsjön_623521-140260e.dzi ... upload error (manifest): Invalid key: svar/zips/Rammsj_n/623521-140260-kartor/web/tiles-3-5838_Rammsjön_623521-140260e.dzi
[2458/4303] svar/zips/Rammsj_n/623521-140260-kartor/web/tiles-3-5838_Rammsjön_623521-140260f.dzi ... upload error (manifest): Invalid key: svar/zips/Rammsj_n/623521-140260-kartor/web/tiles-3-5838_Rammsjön_623521-140260f.dzi
[2459/4303] svar/zips/Rammsj_n/623521-140260-kartor/web/tiles-3-5838_Rammsjön_623521-140260g.dzi ... upload error (manifest): Invalid key: svar/zips/Rammsj_n/623521-140260-kartor/web/tiles-3-5838_Rammsjön_623521-140260g.dzi
[2460/4303] svar/zips/Rammsj_n/635015-151934-kartor/web/tiles-3-3508_Rammsjön_635015-151934.dzi ... upload error (manifest): Invalid key: svar/zips/Rammsj_n/635015-151934-kartor/web/tiles-3-3508_Rammsjön_635015-151934.dzi
[2461/4303] svar/zips/Rammsj_n/638126-129414-kartor/web/tiles-2-0859_Rammsjön_638126-129414.dzi ... upload error (manifest): Invalid key: svar/zips/Rammsj_n/638126-129414-kartor/web/tiles-2-0859_Rammsjön_638126-129414.dzi
[2462/4303] svar/zips/Rammsj_n/639794-130303-kartor/web/tiles-3-0895_Rammsjön_639794-130303a.dzi ... upload error (manifest): Invalid key: svar/zips/Rammsj_n/639794-130303-kartor/web/tiles-3-0895_Rammsjön_639794-130303a.dzi
[2463/4303] svar/zips/Rammsj_n/639794-130303-kartor/web/tiles-3-0895_Rammsjön_639794-130303b.dzi ... upload error (manifest): Invalid key: svar/zips/Rammsj_n/639794-130303-kartor/web/tiles-3-0895_Rammsjön_639794-130303b.dzi
[2464/4303] svar/zips/Rammsj_n/639940-134574-kartor/web/tiles-2-0701_Rammsjön_639940-134574.dzi ... upload error (manifest): Invalid key: svar/zips/Rammsj_n/639940-134574-kartor/web/tiles-2-0701_Rammsjön_639940-134574.dzi
[2465/4303] svar/zips/Rammsj_n/639940-134574-kartor/web/tiles-3-0877_Rammsjön_639940-134574.dzi ... upload error (manifest): Invalid key: svar/zips/Rammsj_n/639940-134574-kartor/web/tiles-3-0877_Rammsjön_639940-134574.dzi
[2466/4303] svar/zips/Rammsj_n/640937-148738-kartor/web/tiles-3-3635_Rammsjön_640937-148738.dzi ... upload error (manifest): Invalid key: svar/zips/Rammsj_n/640937-148738-kartor/web/tiles-3-3635_Rammsjön_640937-148738.dzi
[2467/4303] svar/zips/Rammsj_n/654956-128715-kartor/web/tiles-3-4797_Rammsjön_654956-128715.dzi ... upload error (manifest): Invalid key: svar/zips/Rammsj_n/654956-128715-kartor/web/tiles-3-4797_Rammsjön_654956-128715.dzi
[2468/4303] svar/zips/Rammtj_rnen/653144-124725-kartor/web/tiles-3-4258_Rammtjärnen_653144-124725.dzi ... upload error (manifest): Invalid key: svar/zips/Rammtj_rnen/653144-124725-kartor/web/tiles-3-4258_Rammtjärnen_653144-124725.dzi
[2469/4303] svar/zips/Rammtr_sk/635782-165670-kartor/web/tiles-3-3006_Rammträsk_635782-165670.dzi ... upload error (manifest): Invalid key: svar/zips/Rammtr_sk/635782-165670-kartor/web/tiles-3-3006_Rammträsk_635782-165670.dzi
[2470/4303] svar/zips/Ramnag_l/635921-147615-kartor/web/tiles-3-3744_Ramnagöl_635921-147615.dzi ... upload error (manifest): Invalid key: svar/zips/Ramnag_l/635921-147615-kartor/web/tiles-3-3744_Ramnagöl_635921-147615.dzi
[2471/4303] svar/zips/Ramnasj_n/640330-132834-kartor/web/tiles-3-5577_Ramnasjön_640330-132834.dzi ... upload error (manifest): Invalid key: svar/zips/Ramnasj_n/640330-132834-kartor/web/tiles-3-5577_Ramnasjön_640330-132834.dzi
[2472/4303] svar/zips/Ramsebosj_n/635070-148966-kartor/web/tiles-3-3433_Ramsebosjön_635070-148966.dzi ... upload error (manifest): Invalid key: svar/zips/Ramsebosj_n/635070-148966-kartor/web/tiles-3-3433_Ramsebosjön_635070-148966.dzi
[2473/4303] svar/zips/Ramsen/637072-148216-kartor/web/tiles-2-0293_Ramsen_637072-148216.dzi ... done • ETA ~ 3m 0s
[2474/4303] svar/zips/Ramsj_n/624101-145646-kartor/web/tiles-3-2976_Ramsjön_624101-145646.dzi ... upload error (manifest): Invalid key: svar/zips/Ramsj_n/624101-145646-kartor/web/tiles-3-2976_Ramsjön_624101-145646.dzi
[2475/4303] svar/zips/Ramsj_n/634279-144807-kartor/web/tiles-3-3745_Ramsjön_634279-144807.dzi ... upload error (manifest): Invalid key: svar/zips/Ramsj_n/634279-144807-kartor/web/tiles-3-3745_Ramsjön_634279-144807.dzi
[2476/4303] svar/zips/Ramsj_n/641404-141800-kartor/web/tiles-3-1802_Ramsjön_641404-141800.dzi ... upload error (manifest): Invalid key: svar/zips/Ramsj_n/641404-141800-kartor/web/tiles-3-1802_Ramsjön_641404-141800.dzi
[2477/4303] svar/zips/Rangen/631351-135732-kartor/web/tiles-2-0653_Rangen_631351-135732.dzi ... done • ETA ~ 3m 0s
[2478/4303] svar/zips/Rangen/631351-135732-kartor/web/tiles-3-6535_Rangen_631351-135732.dzi ... done • ETA ~ 3m 0s
[2479/4303] svar/zips/Rann_sa_Sj_/633650-138207-kartor/web/tiles-2-1109_Rannäsa sjö_633650-138207.dzi ... upload error (manifest): Invalid key: svar/zips/Rann_sa_Sj_/633650-138207-kartor/web/tiles-2-1109_Rannäsa sjö_633650-138207.dzi
[2480/4303] svar/zips/Rasj_n/638409-138549-kartor/web/tiles-2-0184_Rasjön_638409-138549.dzi ... upload error (manifest): Invalid key: svar/zips/Rasj_n/638409-138549-kartor/web/tiles-2-0184_Rasjön_638409-138549.dzi
[2481/4303] svar/zips/Rasj_n/638409-138549-kartor/web/tiles-2-0779_Rasjön_638409-138549.dzi ... upload error (manifest): Invalid key: svar/zips/Rasj_n/638409-138549-kartor/web/tiles-2-0779_Rasjön_638409-138549.dzi
[2482/4303] svar/zips/Rasj_n/638409-138549-kartor/web/tiles-3-1826_Rasjön_638409-138549.dzi ... upload error (manifest): Invalid key: svar/zips/Rasj_n/638409-138549-kartor/web/tiles-3-1826_Rasjön_638409-138549.dzi
[2483/4303] svar/zips/Rasl_ngen/623815-141620-kartor/web/tiles-3-5816a_Raslången_623815-141620.dzi ... upload error (manifest): Invalid key: svar/zips/Rasl_ngen/623815-141620-kartor/web/tiles-3-5816a_Raslången_623815-141620.dzi
[2484/4303] svar/zips/Rasl_ngen/623815-141620-kartor/web/tiles-3-5816b_Raslången_623815-141620.dzi ... upload error (manifest): Invalid key: svar/zips/Rasl_ngen/623815-141620-kartor/web/tiles-3-5816b_Raslången_623815-141620.dzi
[2485/4303] svar/zips/Rassen/651270-126311-kartor/web/tiles-3-4261_Rassen_651270-126311.dzi ... done • ETA ~ 2m 59s
[2486/4303] svar/zips/Rensj_n/636508-150748-kartor/web/tiles-3-2880_Rensjön_636508-150748.dzi ... upload error (manifest): Invalid key: svar/zips/Rensj_n/636508-150748-kartor/web/tiles-3-2880_Rensjön_636508-150748.dzi
[2487/4303] svar/zips/Restad_L_ngevatten/651401-126334-kartor/web/tiles-1-0205_Restad Långevatten_651401-126334.dzi ... upload error (manifest): Invalid key: svar/zips/Restad_L_ngevatten/651401-126334-kartor/web/tiles-1-0205_Restad Långevatten_651401-126334.dzi
[2488/4303] svar/zips/Restevattnet/646859-127533-kartor/web/tiles-3-1540_Restevattnet_646859-127533.dzi ... done • ETA ~ 2m 59s
[2489/4303] svar/zips/Restevattnet/646859-127533-kartor/web/tiles-3-3479_Restevattnet_646859-127533.dzi ... done • ETA ~ 2m 59s
[2490/4303] svar/zips/Ribbingsn_ssj_n/640188-142483-kartor/web/tiles-3-4020_Ribbingsnässjön_640188-142483.dzi ... upload error (manifest): Invalid key: svar/zips/Ribbingsn_ssj_n/640188-142483-kartor/web/tiles-3-4020_Ribbingsnässjön_640188-142483.dzi
[2491/4303] svar/zips/Rickelsbodasj_n/633084-141388-kartor/web/tiles-2-1011_Rickelsbodasjön_633084-141388.dzi ... upload error (manifest): Invalid key: svar/zips/Rickelsbodasj_n/633084-141388-kartor/web/tiles-2-1011_Rickelsbodasjön_633084-141388.dzi
[2492/4303] svar/zips/Ringestorpeg_len/643693-153958-kartor/web/tiles-3-3234_Ringestorpegölen_643693-153958a.dzi ... upload error (manifest): Invalid key: svar/zips/Ringestorpeg_len/643693-153958-kartor/web/tiles-3-3234_Ringestorpegölen_643693-153958a.dzi
[2493/4303] svar/zips/Ringestorpeg_len/643693-153958-kartor/web/tiles-3-3234_Ringestorpegölen_643693-153958b.dzi ... upload error (manifest): Invalid key: svar/zips/Ringestorpeg_len/643693-153958-kartor/web/tiles-3-3234_Ringestorpegölen_643693-153958b.dzi
[2494/4303] svar/zips/Rinnevattnet/645820-127680-kartor/web/tiles-3-3457_Rinnevattnet_645820-127680.dzi ... done • ETA ~ 2m 58s
[2495/4303] svar/zips/Risborn/633721-133948-kartor/web/tiles-3-2075_Risborn_633721-133948.dzi ... done • ETA ~ 2m 58s
[2496/4303] svar/zips/Risbysj_n/642306-128459-kartor/web/tiles-3-1051_Risbysjön_642306-128459.dzi ... upload error (manifest): Invalid key: svar/zips/Risbysj_n/642306-128459-kartor/web/tiles-3-1051_Risbysjön_642306-128459.dzi
[2497/4303] svar/zips/Risen/643437-151848-kartor/web/tiles-3-3382_Risen_643437-151848.dzi ... done • ETA ~ 2m 58s
[2498/4303] svar/zips/Risevattnet/655152-128027-kartor/web/tiles-3-4796_Risevattnet_655152-128027.dzi ... done • ETA ~ 2m 58s
[2499/4303] svar/zips/Rishager_d_Vatten/645218-127649-kartor/web/tiles-2-0957_Rishageröd vatten_645218-127649.dzi ... upload error (manifest): Invalid key: svar/zips/Rishager_d_Vatten/645218-127649-kartor/web/tiles-2-0957_Rishageröd vatten_645218-127649.dzi
[2500/4303] svar/zips/Rishager_d_Vatten/645218-127649-kartor/web/tiles-3-4226_Rishageröd Vatten_645218-127649.dzi ... upload error (manifest): Invalid key: svar/zips/Rishager_d_Vatten/645218-127649-kartor/web/tiles-3-4226_Rishageröd Vatten_645218-127649.dzi
[2501/4303] svar/zips/Risten/646005-151934-kartor/web/tiles-0-0111a_Risten_646005-151934.dzi ... done • ETA ~ 2m 58s
[2502/4303] svar/zips/Risten/646005-151934-kartor/web/tiles-0-0111b_Risten_646005-151934.dzi ... done • ETA ~ 2m 58s
[2503/4303] svar/zips/Risten/646005-151934-kartor/web/tiles-0-0111c_Risten_646005-151934.dzi ... done • ETA ~ 2m 57s
[2504/4303] svar/zips/Risten/646005-151934-kartor/web/tiles-0-0111d_Risten_646005-151934.dzi ... done • ETA ~ 2m 57s
[2505/4303] svar/zips/Risten/646005-151934-kartor/web/tiles-0-0111e_Risten_646005-151934.dzi ... done • ETA ~ 2m 57s
[2506/4303] svar/zips/Risten/650823-151043-kartor/web/tiles-3-5846_Risten_650823-151043.dzi ... done • ETA ~ 2m 57s
[2507/4303] svar/zips/Robr_tasj_n/634548-144847-kartor/web/tiles-3-3746_Robråtasjön_634548-144847.dzi ... upload error (manifest): Invalid key: svar/zips/Robr_tasj_n/634548-144847-kartor/web/tiles-3-3746_Robråtasjön_634548-144847.dzi
[2508/4303] svar/zips/Rocksj_n/640627-140342-kartor/web/tiles-2-0136_Rocksjön_640627-140342.dzi ... upload error (manifest): Invalid key: svar/zips/Rocksj_n/640627-140342-kartor/web/tiles-2-0136_Rocksjön_640627-140342.dzi
[2509/4303] svar/zips/Rogbergasj_n/640217-140809-kartor/web/tiles-3-1821_Rogbergasjön_640217-140809.dzi ... upload error (manifest): Invalid key: svar/zips/Rogbergasj_n/640217-140809-kartor/web/tiles-3-1821_Rogbergasjön_640217-140809.dzi
[2510/4303] svar/zips/Rogbergasj_n/640217-140809-kartor/web/tiles-3-3043_Rogbergasjön_640217-140809.dzi ... upload error (manifest): Invalid key: svar/zips/Rogbergasj_n/640217-140809-kartor/web/tiles-3-3043_Rogbergasjön_640217-140809.dzi
[2511/4303] svar/zips/Rolsmosj_n/628109-146025-kartor/web/tiles-2-0148_Rolsmosjön_628109-146025.dzi ... upload error (manifest): Invalid key: svar/zips/Rolsmosj_n/628109-146025-kartor/web/tiles-2-0148_Rolsmosjön_628109-146025.dzi
[2512/4303] svar/zips/Rolstorpssj_n/624625-140318-kartor/web/tiles-1-0175_Rolstorpssjön_624625-140318a.dzi ... upload error (manifest): Invalid key: svar/zips/Rolstorpssj_n/624625-140318-kartor/web/tiles-1-0175_Rolstorpssjön_624625-140318a.dzi
[2513/4303] svar/zips/Rolstorpssj_n/624625-140318-kartor/web/tiles-1-0175_Rolstorpssjön_624625-140318b.dzi ... upload error (manifest): Invalid key: svar/zips/Rolstorpssj_n/624625-140318-kartor/web/tiles-1-0175_Rolstorpssjön_624625-140318b.dzi
[2514/4303] svar/zips/Romesj_n/642956-127456-kartor/web/tiles-3-4225_Romesjön_642956-127456.dzi ... upload error (manifest): Invalid key: svar/zips/Romesj_n/642956-127456-kartor/web/tiles-3-4225_Romesjön_642956-127456.dzi
[2515/4303] svar/zips/Roms_Vatten/649527-125099-kartor/web/tiles-3-2563_Roms vatten_649527-125099.dzi ... done • ETA ~ 2m 56s
[2516/4303] svar/zips/Rosj_n/640103-144811-kartor/web/tiles-5-1039_Rosjön_640103-144811.dzi ... upload error (manifest): Invalid key: svar/zips/Rosj_n/640103-144811-kartor/web/tiles-5-1039_Rosjön_640103-144811.dzi
[2517/4303] svar/zips/Rostockasj_n/627931-148622-kartor/web/tiles-2-0141_Rostockasjön_627931-148622.dzi ... upload error (manifest): Invalid key: svar/zips/Rostockasj_n/627931-148622-kartor/web/tiles-2-0141_Rostockasjön_627931-148622.dzi
[2518/4303] svar/zips/Rostorpesj_n/638668-149705-kartor/web/tiles-3-3632_Rostorpesjön_638668-149705.dzi ... upload error (manifest): Invalid key: svar/zips/Rostorpesj_n/638668-149705-kartor/web/tiles-3-3632_Rostorpesjön_638668-149705.dzi
[2519/4303] svar/zips/Rotehogstj_rnen/652902-125783-kartor/web/tiles-3-2006_Rotehogstjärnen_652902-125783a.dzi ... upload error (manifest): Invalid key: svar/zips/Rotehogstj_rnen/652902-125783-kartor/web/tiles-3-2006_Rotehogstjärnen_652902-125783a.dzi
[2520/4303] svar/zips/Rotehogstj_rnen/652902-125783-kartor/web/tiles-3-2006_Rotehogstjärnen_652902-125783b.dzi ... upload error (manifest): Invalid key: svar/zips/Rotehogstj_rnen/652902-125783-kartor/web/tiles-3-2006_Rotehogstjärnen_652902-125783b.dzi
[2521/4303] svar/zips/Rotehogstj_rnen/652902-125783-kartor/web/tiles-5-1054_Rotehogstjärnen_652902-125783.dzi ... upload error (manifest): Invalid key: svar/zips/Rotehogstj_rnen/652902-125783-kartor/web/tiles-5-1054_Rotehogstjärnen_652902-125783.dzi
[2522/4303] svar/zips/Rottnen/629022-146127-kartor/web/tiles-2-0557_Rottnen_629022-146127.dzi ... done • ETA ~ 2m 56s
[2523/4303] svar/zips/Rubbesj_/638256-127297-kartor/web/tiles-3-2724_Rubbesjö_638256-127297.dzi ... upload error (manifest): Invalid key: svar/zips/Rubbesj_/638256-127297-kartor/web/tiles-3-2724_Rubbesjö_638256-127297.dzi
[2524/4303] svar/zips/Rudegyl/623708-143908-kartor/web/tiles-3-5991_Rudegyl_623708-143908.dzi ... done • ETA ~ 2m 56s
[2525/4303] svar/zips/Rudegyl/624447-145160-kartor/web/tiles-3-5926_Rudegyl_624447-145160.dzi ... done • ETA ~ 2m 56s
[2526/4303] svar/zips/Ruggen/649729-148798-kartor/web/tiles-3-3003_Ruggen_649729-148798.dzi ... done • ETA ~ 2m 55s
[2527/4303] svar/zips/Rumpegylet/624230-143509-kartor/web/tiles-3-5927_Rumpegylet_624230-143509.dzi ... done • ETA ~ 2m 55s
[2528/4303] svar/zips/Rumsj_n/639669-149678-kartor/web/tiles-3-3703_Rumsjön_639669-149678.dzi ... upload error (manifest): Invalid key: svar/zips/Rumsj_n/639669-149678-kartor/web/tiles-3-3703_Rumsjön_639669-149678.dzi
[2529/4303] svar/zips/Rundbosj_n/652177-159038-kartor/web/tiles-5-0987_Rundbosjön_652177-159038.dzi ... upload error (manifest): Invalid key: svar/zips/Rundbosj_n/652177-159038-kartor/web/tiles-5-0987_Rundbosjön_652177-159038.dzi
[2530/4303] svar/zips/Rungeln/635344-153772-kartor/web/tiles-2-0344_Rungeln_635344-153772.dzi ... done • ETA ~ 2m 55s
[2531/4303] svar/zips/Runnerydsj_n/639298-143288-kartor/web/tiles-3-1800_Runnerydssjön_639298-143288.dzi ... upload error (manifest): Invalid key: svar/zips/Runnerydsj_n/639298-143288-kartor/web/tiles-3-1800_Runnerydssjön_639298-143288.dzi
[2532/4303] svar/zips/Runnviken/652857-157591-kartor/web/tiles-0-0051_Runnviken_652857-157591.dzi ... done • ETA ~ 2m 55s
[2533/4303] svar/zips/Rusken/634172-141113-kartor/web/tiles-3-0845_Rusken_634172-141113.dzi ... done • ETA ~ 2m 55s
[2534/4303] svar/zips/Rusken/634172-141113-kartor/web/tiles-3-2544_Rusken_634172-141113.dzi ... done • ETA ~ 2m 55s
[2535/4303] svar/zips/Ryasj_/634618-129098-kartor/web/tiles-3-2247_Ryasjö_634618-129098.dzi ... upload error (manifest): Invalid key: svar/zips/Ryasj_/634618-129098-kartor/web/tiles-3-2247_Ryasjö_634618-129098.dzi
[2536/4303] svar/zips/Ryasj_n/633574-132961-kartor/web/tiles-3-6710_Ryasjön_633574-132961.dzi ... upload error (manifest): Invalid key: svar/zips/Ryasj_n/633574-132961-kartor/web/tiles-3-6710_Ryasjön_633574-132961.dzi
[2537/4303] svar/zips/Ryasj_n/637505-139197-kartor/web/tiles-3-5334_Ryasjön_637505-139197a.dzi ... upload error (manifest): Invalid key: svar/zips/Ryasj_n/637505-139197-kartor/web/tiles-3-5334_Ryasjön_637505-139197a.dzi
[2538/4303] svar/zips/Ryasj_n/637505-139197-kartor/web/tiles-3-5334_Ryasjön_637505-139197b.dzi ... upload error (manifest): Invalid key: svar/zips/Ryasj_n/637505-139197-kartor/web/tiles-3-5334_Ryasjön_637505-139197b.dzi
[2539/4303] svar/zips/Ryasj_n/638483-133619-kartor/web/tiles-2-0574_Ryasjön_638483-133619.dzi ... upload error (manifest): Invalid key: svar/zips/Ryasj_n/638483-133619-kartor/web/tiles-2-0574_Ryasjön_638483-133619.dzi
[2540/4303] svar/zips/Ryatj_rn/637976-129135-kartor/web/tiles-3-2746_Ryatjärn_637976-129135.dzi ... upload error (manifest): Invalid key: svar/zips/Ryatj_rn/637976-129135-kartor/web/tiles-3-2746_Ryatjärn_637976-129135.dzi
[2541/4303] svar/zips/Rydasj_n/634905-142438-kartor/web/tiles-5-1040_Rydasjön_634905-142438.dzi ... upload error (manifest): Invalid key: svar/zips/Rydasj_n/634905-142438-kartor/web/tiles-5-1040_Rydasjön_634905-142438.dzi
[2542/4303] svar/zips/Rydbosj_n/641946-130369-kartor/web/tiles-3-1037_Rydbosjön_641946-130369a.dzi ... upload error (manifest): Invalid key: svar/zips/Rydbosj_n/641946-130369-kartor/web/tiles-3-1037_Rydbosjön_641946-130369a.dzi
[2543/4303] svar/zips/Rydbosj_n/641946-130369-kartor/web/tiles-3-1037_Rydbosjön_641946-130369b.dzi ... upload error (manifest): Invalid key: svar/zips/Rydbosj_n/641946-130369-kartor/web/tiles-3-1037_Rydbosjön_641946-130369b.dzi
[2544/4303] svar/zips/Rydingen/634930-145990-kartor/web/tiles-3-3347_Rydingen_634930-145990.dzi ... done • ETA ~ 2m 54s
[2545/4303] svar/zips/Rydssj_n/636569-139061-kartor/web/tiles-3-5332_Rydssjön_636569-139061a.dzi ... upload error (manifest): Invalid key: svar/zips/Rydssj_n/636569-139061-kartor/web/tiles-3-5332_Rydssjön_636569-139061a.dzi
[2546/4303] svar/zips/Rydssj_n/636569-139061-kartor/web/tiles-3-5332_Rydssjön_636569-139061b.dzi ... upload error (manifest): Invalid key: svar/zips/Rydssj_n/636569-139061-kartor/web/tiles-3-5332_Rydssjön_636569-139061b.dzi
[2547/4303] svar/zips/Rydssj_n/640525-137289-kartor/web/tiles-3-4864_Rydssjön_640525-137289.dzi ... upload error (manifest): Invalid key: svar/zips/Rydssj_n/640525-137289-kartor/web/tiles-3-4864_Rydssjön_640525-137289.dzi
[2548/4303] svar/zips/Rymmen/633038-141057-kartor/web/tiles-2-0182_Rymmen_633038-141057.dzi ... done • ETA ~ 2m 53s
[2549/4303] svar/zips/Rymmen/633038-141057-kartor/web/tiles-3-0846_Rymmen_633038-141057.dzi ... done • ETA ~ 2m 53s
[2550/4303] svar/zips/Ryrsj_n/644900-128548-kartor/web/tiles-2-1013_Ryrsjön_644900-128548.dzi ... upload error (manifest): Invalid key: svar/zips/Ryrsj_n/644900-128548-kartor/web/tiles-2-1013_Ryrsjön_644900-128548.dzi
[2551/4303] svar/zips/Ryrsj_n/644900-128548-kartor/web/tiles-3-4820_Ryrsjön_644900-128548.dzi ... upload error (manifest): Invalid key: svar/zips/Ryrsj_n/644900-128548-kartor/web/tiles-3-4820_Ryrsjön_644900-128548.dzi
[2552/4303] svar/zips/Ryssbysj_n/630069-140009-kartor/web/tiles-3-0822_Ryssbysjön_630069-140009.dzi ... upload error (manifest): Invalid key: svar/zips/Ryssbysj_n/630069-140009-kartor/web/tiles-3-0822_Ryssbysjön_630069-140009.dzi
[2553/4303] svar/zips/Ryssj_n/622615-145531-kartor/web/tiles-3-5475_Ryssjön_622615-145531.dzi ... upload error (manifest): Invalid key: svar/zips/Ryssj_n/622615-145531-kartor/web/tiles-3-5475_Ryssjön_622615-145531.dzi
[2554/4303] svar/zips/Ryven/642736-153465-kartor/web/tiles-5-0419_Ryven_642736-153465.dzi ... done • ETA ~ 2m 53s
[2555/4303] svar/zips/R_bel_vsj_n/621766-140032-kartor/web/tiles-3-5817_Råbelövssjön_621766-140032a.dzi ... upload error (manifest): Invalid key: svar/zips/R_bel_vsj_n/621766-140032-kartor/web/tiles-3-5817_Råbelövssjön_621766-140032a.dzi
[2556/4303] svar/zips/R_bel_vsj_n/621766-140032-kartor/web/tiles-3-5817_Råbelövssjön_621766-140032b.dzi ... upload error (manifest): Invalid key: svar/zips/R_bel_vsj_n/621766-140032-kartor/web/tiles-3-5817_Råbelövssjön_621766-140032b.dzi
[2557/4303] svar/zips/R_dasj_n/639929-127630-kartor/web/tiles-0-0071_Rådasjön_639929-127630.dzi ... upload error (manifest): Invalid key: svar/zips/R_dasj_n/639929-127630-kartor/web/tiles-0-0071_Rådasjön_639929-127630.dzi
[2558/4303] svar/zips/R_dasj_n/639929-127630-kartor/web/tiles-2-0202_Rådasjön_639929-127630.dzi ... upload error (manifest): Invalid key: svar/zips/R_dasj_n/639929-127630-kartor/web/tiles-2-0202_Rådasjön_639929-127630.dzi
[2559/4303] svar/zips/R_dasj_n/639929-127630-kartor/web/tiles-3-1081_Rådasjön_639929-127630.dzi ... upload error (manifest): Invalid key: svar/zips/R_dasj_n/639929-127630-kartor/web/tiles-3-1081_Rådasjön_639929-127630.dzi
[2560/4303] svar/zips/R_dasj_n/639929-127630-kartor/web/tiles-3-1090_Rådasjön_639929-127630.dzi ... upload error (manifest): Invalid key: svar/zips/R_dasj_n/639929-127630-kartor/web/tiles-3-1090_Rådasjön_639929-127630.dzi
[2561/4303] svar/zips/R_dbysj_n/623689-145806-kartor/web/tiles-3-3918_Rödbysjön_623689-145806a.dzi ... upload error (manifest): Invalid key: svar/zips/R_dbysj_n/623689-145806-kartor/web/tiles-3-3918_Rödbysjön_623689-145806a.dzi
[2562/4303] svar/zips/R_dbysj_n/623689-145806-kartor/web/tiles-3-3918_Rödbysjön_623689-145806b.dzi ... upload error (manifest): Invalid key: svar/zips/R_dbysj_n/623689-145806-kartor/web/tiles-3-3918_Rödbysjön_623689-145806b.dzi
[2563/4303] svar/zips/R_den/637860-150593-kartor/web/tiles-3-2877_Råden_637860-150593.dzi ... upload error (manifest): Invalid key: svar/zips/R_den/637860-150593-kartor/web/tiles-3-2877_Råden_637860-150593.dzi
[2564/4303] svar/zips/R_djessj_n/644175-144590-kartor/web/tiles-3-3690_Rödjesjön_644175-144590.dzi ... upload error (manifest): Invalid key: svar/zips/R_djessj_n/644175-144590-kartor/web/tiles-3-3690_Rödjesjön_644175-144590.dzi
[2565/4303] svar/zips/R_dsj_n/643746-140074-kartor/web/tiles-5-1048_Rödsjön_643746-140074.dzi ... upload error (manifest): Invalid key: svar/zips/R_dsj_n/643746-140074-kartor/web/tiles-5-1048_Rödsjön_643746-140074.dzi
[2566/4303] svar/zips/R_dsvatten/646075-125124-kartor/web/tiles-3-4255_Rödsvatten_646075-125124.dzi ... upload error (manifest): Invalid key: svar/zips/R_dsvatten/646075-125124-kartor/web/tiles-3-4255_Rödsvatten_646075-125124.dzi
[2567/4303] svar/zips/R_dvatten/644529-127782-kartor/web/tiles-2-0960_Rödvatten_644529-127782.dzi ... upload error (manifest): Invalid key: svar/zips/R_dvatten/644529-127782-kartor/web/tiles-2-0960_Rödvatten_644529-127782.dzi
[2568/4303] svar/zips/R_dvatten/644529-127782-kartor/web/tiles-3-4227_Rödvatten_644529-127782.dzi ... upload error (manifest): Invalid key: svar/zips/R_dvatten/644529-127782-kartor/web/tiles-3-4227_Rödvatten_644529-127782.dzi
[2569/4303] svar/zips/R_dvattnet/638161-138847-kartor/web/tiles-3-5333_Rödvattnet_638161-138847.dzi ... upload error (manifest): Invalid key: svar/zips/R_dvattnet/638161-138847-kartor/web/tiles-3-5333_Rödvattnet_638161-138847.dzi
[2570/4303] svar/zips/R_mningen/627451-138444-kartor/web/tiles-2-0219_Römningen_627451-138444.dzi ... upload error (manifest): Invalid key: svar/zips/R_mningen/627451-138444-kartor/web/tiles-2-0219_Römningen_627451-138444.dzi
[2571/4303] svar/zips/R_mningen/627451-138444-kartor/web/tiles-3-0823_Römningen_627451-138444.dzi ... upload error (manifest): Invalid key: svar/zips/R_mningen/627451-138444-kartor/web/tiles-3-0823_Römningen_627451-138444.dzi
[2572/4303] svar/zips/R_nnav_gssj_n/639568-136101-kartor/web/tiles-3-4865_Rånnavägssjön_639568-136101.dzi ... upload error (manifest): Invalid key: svar/zips/R_nnav_gssj_n/639568-136101-kartor/web/tiles-3-4865_Rånnavägssjön_639568-136101.dzi
[2573/4303] svar/zips/R_nnebergssj_n/638273-142262-kartor/web/tiles-3-6496_Rönnebergssjön_638273-142262.dzi ... upload error (manifest): Invalid key: svar/zips/R_nnebergssj_n/638273-142262-kartor/web/tiles-3-6496_Rönnebergssjön_638273-142262.dzi
[2574/4303] svar/zips/R_nnen/652822-129972-kartor/web/tiles-3-4795_Rännen_652822-129972.dzi ... upload error (manifest): Invalid key: svar/zips/R_nnen/652822-129972-kartor/web/tiles-3-4795_Rännen_652822-129972.dzi
[2575/4303] svar/zips/R_nnesj_/639441-132555-kartor/web/tiles-3-3659_Rönnesjö_639441-132555.dzi ... upload error (manifest): Invalid key: svar/zips/R_nnesj_/639441-132555-kartor/web/tiles-3-3659_Rönnesjö_639441-132555.dzi
[2576/4303] svar/zips/R_nnesj_n/625612-141770-kartor/web/tiles-2-0254_Rönnesjön_625612-141770.dzi ... upload error (manifest): Invalid key: svar/zips/R_nnesj_n/625612-141770-kartor/web/tiles-2-0254_Rönnesjön_625612-141770.dzi
[2577/4303] svar/zips/R_nnesj_n/625612-141770-kartor/web/tiles-3-6573_Rönnesjön_625612-141770.dzi ... upload error (manifest): Invalid key: svar/zips/R_nnesj_n/625612-141770-kartor/web/tiles-3-6573_Rönnesjön_625612-141770.dzi
[2578/4303] svar/zips/R_nningevattnet/649170-124823-kartor/web/tiles-3-4201_Rönningevattnet_649170-124823.dzi ... upload error (manifest): Invalid key: svar/zips/R_nningevattnet/649170-124823-kartor/web/tiles-3-4201_Rönningevattnet_649170-124823.dzi
[2579/4303] svar/zips/R_rsj_n/633555-130018-kartor/web/tiles-3-2837_Rörsjön_633555-130018.dzi ... upload error (manifest): Invalid key: svar/zips/R_rsj_n/633555-130018-kartor/web/tiles-3-2837_Rörsjön_633555-130018.dzi
[2580/4303] svar/zips/R_rsj_n/640159-138282-kartor/web/tiles-3-6461_Rörsjön_640159-138282.dzi ... upload error (manifest): Invalid key: svar/zips/R_rsj_n/640159-138282-kartor/web/tiles-3-6461_Rörsjön_640159-138282.dzi
[2581/4303] svar/zips/R_sasj_n/626288-145119-kartor/web/tiles-2-0155_Råsasjön_626288-145119.dzi ... upload error (manifest): Invalid key: svar/zips/R_sasj_n/626288-145119-kartor/web/tiles-2-0155_Råsasjön_626288-145119.dzi
[2582/4303] svar/zips/R_sj_/638793-127598-kartor/web/tiles-3-4181_Råsjö_638793-127598.dzi ... upload error (manifest): Invalid key: svar/zips/R_sj_/638793-127598-kartor/web/tiles-3-4181_Råsjö_638793-127598.dzi
[2583/4303] svar/zips/R_sj_n/634537-147612-kartor/web/tiles-3-3582_Rösjön_634537-147612.dzi ... upload error (manifest): Invalid key: svar/zips/R_sj_n/634537-147612-kartor/web/tiles-3-3582_Rösjön_634537-147612.dzi
[2584/4303] svar/zips/R_sj_n/636205-151320-kartor/web/tiles-3-3760_Rösjön_636205-151320a.dzi ... upload error (manifest): Invalid key: svar/zips/R_sj_n/636205-151320-kartor/web/tiles-3-3760_Rösjön_636205-151320a.dzi
[2585/4303] svar/zips/R_sj_n/636205-151320-kartor/web/tiles-3-3760_Rösjön_636205-151320b.dzi ... upload error (manifest): Invalid key: svar/zips/R_sj_n/636205-151320-kartor/web/tiles-3-3760_Rösjön_636205-151320b.dzi
[2586/4303] svar/zips/R_sj_n/639447-148026-kartor/web/tiles-3-3623_Rösjön_639447-148026.dzi ... upload error (manifest): Invalid key: svar/zips/R_sj_n/639447-148026-kartor/web/tiles-3-3623_Rösjön_639447-148026.dzi
[2587/4303] svar/zips/R_sj_n/650126-148683-kartor/web/tiles-3-2909_Rösjön_650126-148683.dzi ... upload error (manifest): Invalid key: svar/zips/R_sj_n/650126-148683-kartor/web/tiles-3-2909_Rösjön_650126-148683.dzi
[2588/4303] svar/zips/R_sj_n/651802-143769-kartor/web/tiles-2-0974_Rösjön_651802-143769.dzi ... upload error (manifest): Invalid key: svar/zips/R_sj_n/651802-143769-kartor/web/tiles-2-0974_Rösjön_651802-143769.dzi
[2589/4303] svar/zips/R_ssj_n/624598-133125-kartor/web/tiles-1-0353_Rössjön_624598-133125.dzi ... upload error (manifest): Invalid key: svar/zips/R_ssj_n/624598-133125-kartor/web/tiles-1-0353_Rössjön_624598-133125.dzi
[2590/4303] svar/zips/R_ssj_n/624598-133125-kartor/web/tiles-3-0834_Rössjön_624598-133125.dzi ... upload error (manifest): Invalid key: svar/zips/R_ssj_n/624598-133125-kartor/web/tiles-3-0834_Rössjön_624598-133125.dzi
[2591/4303] svar/zips/R_statj_rnet/652672-126216-kartor/web/tiles-3-3198_Svartkastjärnet_652672-126216.dzi ... upload error (manifest): Invalid key: svar/zips/R_statj_rnet/652672-126216-kartor/web/tiles-3-3198_Svartkastjärnet_652672-126216.dzi
[2592/4303] svar/zips/R_stesj_n/641418-135409-kartor/web/tiles-3-4882_Röstesjön_641418-135409.dzi ... upload error (manifest): Invalid key: svar/zips/R_stesj_n/641418-135409-kartor/web/tiles-3-4882_Röstesjön_641418-135409.dzi
[2593/4303] svar/zips/R_svattnet/655139-127176-kartor/web/tiles-3-4794_Rösvattnet_655139-127176.dzi ... upload error (manifest): Invalid key: svar/zips/R_svattnet/655139-127176-kartor/web/tiles-3-4794_Rösvattnet_655139-127176.dzi
[2594/4303] svar/zips/R_tj_rn/656536-128433-kartor/web/tiles-3-1722_Rötjärn_656536-128433.dzi ... upload error (manifest): Invalid key: svar/zips/R_tj_rn/656536-128433-kartor/web/tiles-3-1722_Rötjärn_656536-128433.dzi
[2595/4303] svar/zips/R_varp/653088-130343-kartor/web/tiles-2-0565_Råvarp_653088-130343.dzi ... upload error (manifest): Invalid key: svar/zips/R_varp/653088-130343-kartor/web/tiles-2-0565_Råvarp_653088-130343.dzi
[2596/4303] svar/zips/R_vsj_n/623872-149477-kartor/web/tiles-2-0671_Rävsjön_623872-149477.dzi ... upload error (manifest): Invalid key: svar/zips/R_vsj_n/623872-149477-kartor/web/tiles-2-0671_Rävsjön_623872-149477.dzi
[2597/4303] svar/zips/Sagsj_n/639117-127657-kartor/web/tiles-3-4180_Sagsjön_639117-127657.dzi ... upload error (manifest): Invalid key: svar/zips/Sagsj_n/639117-127657-kartor/web/tiles-3-4180_Sagsjön_639117-127657.dzi
[2598/4303] svar/zips/Salen/629786-142525-kartor/web/tiles-0-0078_Salen_629786-142525.dzi ... done • ETA ~ 2m 48s
[2599/4303] svar/zips/Salen/634039-149580-kartor/web/tiles-2-0359_Salen_634039-149580a.dzi ... done • ETA ~ 2m 48s
[2600/4303] svar/zips/Salen/634039-149580-kartor/web/tiles-2-0359_Salen_634039-149580b.dzi ... done • ETA ~ 2m 48s
[2601/4303] svar/zips/Saljen/635746-147808-kartor/web/tiles-1-0211_Saljen_635746-147808.dzi ... done • ETA ~ 2m 48s
[2602/4303] svar/zips/Salshultasj_n/635629-146230-kartor/web/tiles-3-3348_Salshultasjön_635629-146230.dzi ... upload error (manifest): Invalid key: svar/zips/Salshultasj_n/635629-146230-kartor/web/tiles-3-3348_Salshultasjön_635629-146230.dzi
[2603/4303] svar/zips/Salsj_n/623248-145926-kartor/web/tiles-3-5461_Salsjön_623248-145926.dzi ... upload error (manifest): Invalid key: svar/zips/Salsj_n/623248-145926-kartor/web/tiles-3-5461_Salsjön_623248-145926.dzi
[2604/4303] svar/zips/Samserydssj_n/633981-134913-kartor/web/tiles-2-0138_Flen_637382-148784.dzi ... done • ETA ~ 2m 48s
[2605/4303] svar/zips/Samserydssj_n/633981-134913-kartor/web/tiles-3-2512_Samserydssjön_633981-134913.dzi ... upload error (manifest): Invalid key: svar/zips/Samserydssj_n/633981-134913-kartor/web/tiles-3-2512_Samserydssjön_633981-134913.dzi
[2606/4303] svar/zips/Sandhemssj_n/643143-138037-kartor/web/tiles-3-1465_Sandhemssjön_643143-138037.dzi ... upload error (manifest): Invalid key: svar/zips/Sandhemssj_n/643143-138037-kartor/web/tiles-3-1465_Sandhemssjön_643143-138037.dzi
[2607/4303] svar/zips/Sandsj_/636712-131335-kartor/web/tiles-3-4530_Sandsjö_636712-131335.dzi ... upload error (manifest): Invalid key: svar/zips/Sandsj_/636712-131335-kartor/web/tiles-3-4530_Sandsjö_636712-131335.dzi
[2608/4303] svar/zips/Sandsj_/638700-127393-kartor/web/tiles-3-0926_Sandsjön_638700-127393.dzi ... upload error (manifest): Invalid key: svar/zips/Sandsj_/638700-127393-kartor/web/tiles-3-0926_Sandsjön_638700-127393.dzi
[2609/4303] svar/zips/Sandsj_n/629700-135327-kartor/web/tiles-1-0136_Sandsjön_629700-135327.dzi ... upload error (manifest): Invalid key: svar/zips/Sandsj_n/629700-135327-kartor/web/tiles-1-0136_Sandsjön_629700-135327.dzi
[2610/4303] svar/zips/Sandsj_n/630703-133707-kartor/web/tiles-3-5097_Sandsjön_630703-133707.dzi ... upload error (manifest): Invalid key: svar/zips/Sandsj_n/630703-133707-kartor/web/tiles-3-5097_Sandsjön_630703-133707.dzi
[2611/4303] svar/zips/Sandsj_n/630747-147145-kartor/web/tiles-3-6334_Sandsjön_630747-147145.dzi ... upload error (manifest): Invalid key: svar/zips/Sandsj_n/630747-147145-kartor/web/tiles-3-6334_Sandsjön_630747-147145.dzi
[2612/4303] svar/zips/Sandsj_n/633762-150120-kartor/web/tiles-3-3773_Sandsjön_633762-150120a.dzi ... upload error (manifest): Invalid key: svar/zips/Sandsj_n/633762-150120-kartor/web/tiles-3-3773_Sandsjön_633762-150120a.dzi
[2613/4303] svar/zips/Sandsj_n/633762-150120-kartor/web/tiles-3-3773_Sandsjön_633762-150120b.dzi ... upload error (manifest): Invalid key: svar/zips/Sandsj_n/633762-150120-kartor/web/tiles-3-3773_Sandsjön_633762-150120b.dzi
[2614/4303] svar/zips/Sandsj_n/637106-143817-kartor/web/tiles-3-4035_Sandsjön_637106-143817.dzi ... upload error (manifest): Invalid key: svar/zips/Sandsj_n/637106-143817-kartor/web/tiles-3-4035_Sandsjön_637106-143817.dzi
[2615/4303] svar/zips/Sandsj_n/637990-140480-kartor/web/tiles-3-1817_Sandsjön_637990-140480.dzi ... upload error (manifest): Invalid key: svar/zips/Sandsj_n/637990-140480-kartor/web/tiles-3-1817_Sandsjön_637990-140480.dzi
[2616/4303] svar/zips/Sandsj_n/638569-153373-kartor/web/tiles-3-3395_Sandsjön_638569-153373.dzi ... upload error (manifest): Invalid key: svar/zips/Sandsj_n/638569-153373-kartor/web/tiles-3-3395_Sandsjön_638569-153373.dzi
[2617/4303] svar/zips/Sandsj_n/639609-129371-kartor/web/tiles-3-0922_Sandsjön_639609-129371.dzi ... upload error (manifest): Invalid key: svar/zips/Sandsj_n/639609-129371-kartor/web/tiles-3-0922_Sandsjön_639609-129371.dzi
[2618/4303] svar/zips/Sandsj_n/640497-128906-kartor/web/tiles-3-1044_Sandsjön_640497-128906.dzi ... upload error (manifest): Invalid key: svar/zips/Sandsj_n/640497-128906-kartor/web/tiles-3-1044_Sandsjön_640497-128906.dzi
[2619/4303] svar/zips/Sandsj_n/642376-132240-kartor/web/tiles-3-3898_Sandsjön_642376-132240a.dzi ... upload error (manifest): Invalid key: svar/zips/Sandsj_n/642376-132240-kartor/web/tiles-3-3898_Sandsjön_642376-132240a.dzi
[2620/4303] svar/zips/Sandsj_n/642376-132240-kartor/web/tiles-3-3898_Sandsjön_642376-132240b.dzi ... upload error (manifest): Invalid key: svar/zips/Sandsj_n/642376-132240-kartor/web/tiles-3-3898_Sandsjön_642376-132240b.dzi
[2621/4303] svar/zips/Sandsj_n/655284-127984-kartor/web/tiles-3-1720_Sandsjön_655284-127984.dzi ... upload error (manifest): Invalid key: svar/zips/Sandsj_n/655284-127984-kartor/web/tiles-3-1720_Sandsjön_655284-127984.dzi
[2622/4303] svar/zips/Sandsken/642734-134336-kartor/web/tiles-3-4780_Sandsken_642734-134336.dzi ... done • ETA ~ 2m 46s
[2623/4303] svar/zips/Sandvatten/654747-124966-kartor/web/tiles-3-1756_Sandvatten_654747-124966.dzi ... done • ETA ~ 2m 46s
[2624/4303] svar/zips/Sand_ren/626218-141764-kartor/web/tiles-3-0815_Sandören_626218-141764.dzi ... upload error (manifest): Invalid key: svar/zips/Sand_ren/626218-141764-kartor/web/tiles-3-0815_Sandören_626218-141764.dzi
[2625/4303] svar/zips/Sannesj_n/651205-127171-kartor/web/tiles-3-2569_Sannesjön_651205-127171.dzi ... upload error (manifest): Invalid key: svar/zips/Sannesj_n/651205-127171-kartor/web/tiles-3-2569_Sannesjön_651205-127171.dzi
[2626/4303] svar/zips/Segen/634403-147298-kartor/web/tiles-3-3349_Segen_634403-147298.dzi ... done • ETA ~ 2m 45s
[2627/4303] svar/zips/Serarpasj_n/634797-147347-kartor/web/tiles-2-0311_Serarpasjön_634797-147347.dzi ... upload error (manifest): Invalid key: svar/zips/Serarpasj_n/634797-147347-kartor/web/tiles-2-0311_Serarpasjön_634797-147347.dzi
[2628/4303] svar/zips/Sibrissen/652830-125716-kartor/web/tiles-3-1995_Sibrissen_652830-125716.dzi ... done • ETA ~ 2m 45s
[2629/4303] svar/zips/Sidl_ngen/626082-148159-kartor/web/tiles-2-0363_Sidlången_626082-148159a.dzi ... upload error (manifest): Invalid key: svar/zips/Sidl_ngen/626082-148159-kartor/web/tiles-2-0363_Sidlången_626082-148159a.dzi
[2630/4303] svar/zips/Sidl_ngen/626082-148159-kartor/web/tiles-2-0363_Sidlången_626082-148159b.dzi ... upload error (manifest): Invalid key: svar/zips/Sidl_ngen/626082-148159-kartor/web/tiles-2-0363_Sidlången_626082-148159b.dzi
[2631/4303] svar/zips/Sigvaldetr_sk/636053-166363-kartor/web/tiles-3-3006_Sigvaldeträsk_636053-166363.dzi ... upload error (manifest): Invalid key: svar/zips/Sigvaldetr_sk/636053-166363-kartor/web/tiles-3-3006_Sigvaldeträsk_636053-166363.dzi
[2632/4303] svar/zips/Siktj_rn/652907-125103-kartor/web/tiles-3-2019_Sikttjärn_652907-125103.dzi ... upload error (manifest): Invalid key: svar/zips/Siktj_rn/652907-125103-kartor/web/tiles-3-2019_Sikttjärn_652907-125103.dzi
[2633/4303] svar/zips/Sillen/653703-159331-kartor/web/tiles-0-0054_Sillen_653703-159331.dzi ... done • ETA ~ 2m 45s
[2634/4303] svar/zips/Sillen/653703-159331-kartor/web/tiles-5-0981_Sillen_653703-159331.dzi ... done • ETA ~ 2m 45s
[2635/4303] svar/zips/Sillh_vden/625259-148449-kartor/web/tiles-3-2827_Sillhövden_625259-148449.dzi ... upload error (manifest): Invalid key: svar/zips/Sillh_vden/625259-148449-kartor/web/tiles-3-2827_Sillhövden_625259-148449.dzi
[2636/4303] svar/zips/Sillsj_n/641941-149382-kartor/web/tiles-2-0137_Sillsjön_641941-149382.dzi ... upload error (manifest): Invalid key: svar/zips/Sillsj_n/641941-149382-kartor/web/tiles-2-0137_Sillsjön_641941-149382.dzi
[2637/4303] svar/zips/Siml_ngen/629123-133697-kartor/web/tiles-3-0855_Simlången_629123-133697.dzi ... upload error (manifest): Invalid key: svar/zips/Siml_ngen/629123-133697-kartor/web/tiles-3-0855_Simlången_629123-133697.dzi
[2638/4303] svar/zips/Simsj_n/647133-138139-kartor/web/tiles-3-1511_Simsjön_647133-138139.dzi ... upload error (manifest): Invalid key: svar/zips/Simsj_n/647133-138139-kartor/web/tiles-3-1511_Simsjön_647133-138139.dzi
[2639/4303] svar/zips/Sirsj_n/642182-128498-kartor/web/tiles-3-4821_Sirsjön_642182-128498a.dzi ... upload error (manifest): Invalid key: svar/zips/Sirsj_n/642182-128498-kartor/web/tiles-3-4821_Sirsjön_642182-128498a.dzi
[2640/4303] svar/zips/Sirsj_n/642182-128498-kartor/web/tiles-3-4821_Sirsjön_642182-128498b.dzi ... upload error (manifest): Invalid key: svar/zips/Sirsj_n/642182-128498-kartor/web/tiles-3-4821_Sirsjön_642182-128498b.dzi
[2641/4303] svar/zips/Sirsj_n/655400-142520-kartor/web/tiles-3-3423_Sirsjön_656100-143425a.dzi ... upload error (manifest): Invalid key: svar/zips/Sirsj_n/655400-142520-kartor/web/tiles-3-3423_Sirsjön_656100-143425a.dzi
[2642/4303] svar/zips/Sirsj_n/655400-142520-kartor/web/tiles-3-3423_Sirsjön_656100-143425b.dzi ... upload error (manifest): Invalid key: svar/zips/Sirsj_n/655400-142520-kartor/web/tiles-3-3423_Sirsjön_656100-143425b.dzi
[2643/4303] svar/zips/Sisj_n/639564-127089-kartor/web/tiles-3-2163_Sisjön_639564-127089.dzi ... upload error (manifest): Invalid key: svar/zips/Sisj_n/639564-127089-kartor/web/tiles-3-2163_Sisjön_639564-127089.dzi
[2644/4303] svar/zips/Sjundasj_n/655147-158951-kartor/web/tiles-3-6744_Sjundasjön_655147-158951.dzi ... upload error (manifest): Invalid key: svar/zips/Sjundasj_n/655147-158951-kartor/web/tiles-3-6744_Sjundasjön_655147-158951.dzi
[2645/4303] svar/zips/Sjunnendammen/636808-146178-kartor/web/tiles-3-3956_Sjunnendammen_636808-146178.dzi ... done • ETA ~ 2m 43s
[2646/4303] svar/zips/Sj_altesj_n/625072-133939-kartor/web/tiles-3-3036_Sjöaltesjön_625072-133939.dzi ... upload error (manifest): Invalid key: svar/zips/Sj_altesj_n/625072-133939-kartor/web/tiles-3-3036_Sjöaltesjön_625072-133939.dzi
[2647/4303] svar/zips/Sj_arpasj_n/635864-137352-kartor/web/tiles-3-5247_Sjöarpasjön_635864-137352.dzi ... upload error (manifest): Invalid key: svar/zips/Sj_arpasj_n/635864-137352-kartor/web/tiles-3-5247_Sjöarpasjön_635864-137352.dzi
[2648/4303] svar/zips/Sj_arpasj_n/635864-137352-kartor/web/tiles-5-0044_Sjöarpasjön_635864-137352.dzi ... upload error (manifest): Invalid key: svar/zips/Sj_arpasj_n/635864-137352-kartor/web/tiles-5-0044_Sjöarpasjön_635864-137352.dzi
[2649/4303] svar/zips/Sj_atorpasj_n/630989-141761-kartor/web/tiles-3-6485_Sjöatorpasjön_630989-141761.dzi ... upload error (manifest): Invalid key: svar/zips/Sj_atorpasj_n/630989-141761-kartor/web/tiles-3-6485_Sjöatorpasjön_630989-141761.dzi
[2650/4303] svar/zips/Sj_bergasj_n/620580-136631-kartor/web/tiles-3-0824_Sjöbergasjön_620580-136631.dzi ... upload error (manifest): Invalid key: svar/zips/Sj_bergasj_n/620580-136631-kartor/web/tiles-3-0824_Sjöbergasjön_620580-136631.dzi
[2651/4303] svar/zips/Sj_bosj_n/639833-148052-kartor/web/tiles-3-3630_Sjöbosjön_639833-148052.dzi ... upload error (manifest): Invalid key: svar/zips/Sj_bosj_n/639833-148052-kartor/web/tiles-3-3630_Sjöbosjön_639833-148052.dzi
[2652/4303] svar/zips/Sj_g_rdssj_n/631758-133428-kartor/web/tiles-3-5271_Sjögårdssjön_631758-133428a.dzi ... upload error (manifest): Invalid key: svar/zips/Sj_g_rdssj_n/631758-133428-kartor/web/tiles-3-5271_Sjögårdssjön_631758-133428a.dzi
[2653/4303] svar/zips/Sj_g_rdssj_n/631758-133428-kartor/web/tiles-3-5271_Sjögårdssjön_631758-133428b.dzi ... upload error (manifest): Invalid key: svar/zips/Sj_g_rdssj_n/631758-133428-kartor/web/tiles-3-5271_Sjögårdssjön_631758-133428b.dzi
[2654/4303] svar/zips/Sj_g_rdssj_n/631758-133428-kartor/web/tiles-3-5271_Sjögårdssjön_631758-133428c.dzi ... upload error (manifest): Invalid key: svar/zips/Sj_g_rdssj_n/631758-133428-kartor/web/tiles-3-5271_Sjögårdssjön_631758-133428c.dzi
[2655/4303] svar/zips/Sj_g_rdssj_n/639863-134147-kartor/web/tiles-2-0839_Sjögårdssjön_639863-134147.dzi ... upload error (manifest): Invalid key: svar/zips/Sj_g_rdssj_n/639863-134147-kartor/web/tiles-2-0839_Sjögårdssjön_639863-134147.dzi
[2656/4303] svar/zips/Sj_krokasj_n/622922-133645-kartor/web/tiles-3-2592_Sjökrokasjön_622922-133645.dzi ... upload error (manifest): Invalid key: svar/zips/Sj_krokasj_n/622922-133645-kartor/web/tiles-3-2592_Sjökrokasjön_622922-133645.dzi
[2657/4303] svar/zips/Sj_k_rrssj_n/652319-126326-kartor/web/tiles-3-1748_Sjökärrssjön_652319-126326.dzi ... upload error (manifest): Invalid key: svar/zips/Sj_k_rrssj_n/652319-126326-kartor/web/tiles-3-1748_Sjökärrssjön_652319-126326.dzi
[2658/4303] svar/zips/Sj_lidssj_n/635190-132109-kartor/web/tiles-2-0613_Sjölidssjön_635190-132109a.dzi ... upload error (manifest): Invalid key: svar/zips/Sj_lidssj_n/635190-132109-kartor/web/tiles-2-0613_Sjölidssjön_635190-132109a.dzi
[2659/4303] svar/zips/Sj_lidssj_n/635190-132109-kartor/web/tiles-2-0613_Sjölidssjön_635190-132109b.dzi ... upload error (manifest): Invalid key: svar/zips/Sj_lidssj_n/635190-132109-kartor/web/tiles-2-0613_Sjölidssjön_635190-132109b.dzi
[2660/4303] svar/zips/Sj_lidssj_n/635190-132109-kartor/web/tiles-2-0613_Sjölidssjön_635190-132109c.dzi ... upload error (manifest): Invalid key: svar/zips/Sj_lidssj_n/635190-132109-kartor/web/tiles-2-0613_Sjölidssjön_635190-132109c.dzi
[2661/4303] svar/zips/Sj_nevadssj_n/632176-131370-kartor/web/tiles-2-0627_Sjönevadssjön_632176-131370a.dzi ... upload error (manifest): Invalid key: svar/zips/Sj_nevadssj_n/632176-131370-kartor/web/tiles-2-0627_Sjönevadssjön_632176-131370a.dzi
[2662/4303] svar/zips/Sj_nevadssj_n/632176-131370-kartor/web/tiles-2-0627_Sjönevadssjön_632176-131370b.dzi ... upload error (manifest): Invalid key: svar/zips/Sj_nevadssj_n/632176-131370-kartor/web/tiles-2-0627_Sjönevadssjön_632176-131370b.dzi
[2663/4303] svar/zips/Sj_nevadssj_n/632176-131370-kartor/web/tiles-2-0627_Sjönevadssjön_632176-131370c.dzi ... upload error (manifest): Invalid key: svar/zips/Sj_nevadssj_n/632176-131370-kartor/web/tiles-2-0627_Sjönevadssjön_632176-131370c.dzi
[2664/4303] svar/zips/Sj_nevadssj_n/632176-131370-kartor/web/tiles-2-0627_Sjönevadssjön_632176-131370d.dzi ... upload error (manifest): Invalid key: svar/zips/Sj_nevadssj_n/632176-131370-kartor/web/tiles-2-0627_Sjönevadssjön_632176-131370d.dzi
[2665/4303] svar/zips/Sj_nevadssj_n/632176-131370-kartor/web/tiles-2-0627_Sjönevadssjön_632176-131370e.dzi ... upload error (manifest): Invalid key: svar/zips/Sj_nevadssj_n/632176-131370-kartor/web/tiles-2-0627_Sjönevadssjön_632176-131370e.dzi
[2666/4303] svar/zips/Sj_nevadssj_n/632176-131370-kartor/web/tiles-3-6450_Sjönevadssjön_632176-131370.dzi ... upload error (manifest): Invalid key: svar/zips/Sj_nevadssj_n/632176-131370-kartor/web/tiles-3-6450_Sjönevadssjön_632176-131370.dzi
[2667/4303] svar/zips/Sj_nevadssj_n/632176-131370-kartor/web/tiles-5-1015_Sjönevadssjön_632176-131370.dzi ... upload error (manifest): Invalid key: svar/zips/Sj_nevadssj_n/632176-131370-kartor/web/tiles-5-1015_Sjönevadssjön_632176-131370.dzi
[2668/4303] svar/zips/Sj_nsj_/656612-132996-kartor/web/tiles-3-1236_Sjönsjö_656612-132996.dzi ... upload error (manifest): Invalid key: svar/zips/Sj_nsj_/656612-132996-kartor/web/tiles-3-1236_Sjönsjö_656612-132996.dzi
[2669/4303] svar/zips/Sj_sg_rdessj_n/632085-131735-kartor/web/tiles-3-5218_Sjösgärdessjön_632085-131735a.dzi ... upload error (manifest): Invalid key: svar/zips/Sj_sg_rdessj_n/632085-131735-kartor/web/tiles-3-5218_Sjösgärdessjön_632085-131735a.dzi
[2670/4303] svar/zips/Sj_sg_rdessj_n/632085-131735-kartor/web/tiles-3-5218_Sjösgärdessjön_632085-131735b.dzi ... upload error (manifest): Invalid key: svar/zips/Sj_sg_rdessj_n/632085-131735-kartor/web/tiles-3-5218_Sjösgärdessjön_632085-131735b.dzi
[2671/4303] svar/zips/Sj_sg_rdessj_n/632085-131735-kartor/web/tiles-3-5218_Sjösgärdessjön_632085-131735c.dzi ... upload error (manifest): Invalid key: svar/zips/Sj_sg_rdessj_n/632085-131735-kartor/web/tiles-3-5218_Sjösgärdessjön_632085-131735c.dzi
[2672/4303] svar/zips/Sj_sg_rdessj_n/632085-131735-kartor/web/tiles-3-5218_Sjösgärdessjön_632085-131735d.dzi ... upload error (manifest): Invalid key: svar/zips/Sj_sg_rdessj_n/632085-131735-kartor/web/tiles-3-5218_Sjösgärdessjön_632085-131735d.dzi
[2673/4303] svar/zips/Sj_sg_rdessj_n/632085-131735-kartor/web/tiles-3-5218_Sjösgärdessjön_632085-131735e.dzi ... upload error (manifest): Invalid key: svar/zips/Sj_sg_rdessj_n/632085-131735-kartor/web/tiles-3-5218_Sjösgärdessjön_632085-131735e.dzi
[2674/4303] svar/zips/Sj_sg_rdessj_n/632085-131735-kartor/web/tiles-3-5218_Sjösgärdessjön_632085-131735f.dzi ... upload error (manifest): Invalid key: svar/zips/Sj_sg_rdessj_n/632085-131735-kartor/web/tiles-3-5218_Sjösgärdessjön_632085-131735f.dzi
[2675/4303] svar/zips/Sj_sg_rdessj_n/632085-131735-kartor/web/tiles-3-6451_Sjösgärdessjön_632085-131735.dzi ... upload error (manifest): Invalid key: svar/zips/Sj_sg_rdessj_n/632085-131735-kartor/web/tiles-3-6451_Sjösgärdessjön_632085-131735.dzi
[2676/4303] svar/zips/Sj_sg_rdessj_n/632085-131735-kartor/web/tiles-5-1016_Sjösgärdessjön_632085-131735.dzi ... upload error (manifest): Invalid key: svar/zips/Sj_sg_rdessj_n/632085-131735-kartor/web/tiles-5-1016_Sjösgärdessjön_632085-131735.dzi
[2677/4303] svar/zips/Sj_stugusj_n/634959-146353-kartor/web/tiles-3-3574_Sjöstugusjön_634959-146353.dzi ... upload error (manifest): Invalid key: svar/zips/Sj_stugusj_n/634959-146353-kartor/web/tiles-3-3574_Sjöstugusjön_634959-146353.dzi
[2678/4303] svar/zips/Sj_stugusj_n/635022-146631-kartor/web/tiles-3-3351_Sjöstugusjön_635022-146631.dzi ... upload error (manifest): Invalid key: svar/zips/Sj_stugusj_n/635022-146631-kartor/web/tiles-3-3351_Sjöstugusjön_635022-146631.dzi
[2679/4303] svar/zips/Sj_torpasj_n/644831-136156-kartor/web/tiles-3-1512_Sjötorpssjön_644831-136156.dzi ... upload error (manifest): Invalid key: svar/zips/Sj_torpasj_n/644831-136156-kartor/web/tiles-3-1512_Sjötorpssjön_644831-136156.dzi
[2680/4303] svar/zips/Sj_torpasj_n/647075-138530-kartor/web/tiles-3-1466_Sjötorpasjön_647075-138530.dzi ... upload error (manifest): Invalid key: svar/zips/Sj_torpasj_n/647075-138530-kartor/web/tiles-3-1466_Sjötorpasjön_647075-138530.dzi
[2681/4303] svar/zips/Sj_vikssj_n/641409-139581-kartor/web/tiles-3-0728_Sjöviksjön_641409-139581.dzi ... upload error (manifest): Invalid key: svar/zips/Sj_vikssj_n/641409-139581-kartor/web/tiles-3-0728_Sjöviksjön_641409-139581.dzi
[2682/4303] svar/zips/Skagern/654174-140266-kartor/web/tiles-3-1440_Skagern_654174-140266a.dzi ... done • ETA ~ 2m 39s
[2683/4303] svar/zips/Skagern/654174-140266-kartor/web/tiles-3-1440_Skagern_654174-140266b.dzi ... done • ETA ~ 2m 39s
[2684/4303] svar/zips/Skagern/654174-140266-kartor/web/tiles-3-1458_Skagern_654174-140266.dzi ... done • ETA ~ 2m 39s
[2685/4303] svar/zips/Skallebygda_Sj_/636832-142312-kartor/web/tiles-3-5539_Skallebygda sjö_636832-142312.dzi ... upload error (manifest): Invalid key: svar/zips/Skallebygda_Sj_/636832-142312-kartor/web/tiles-3-5539_Skallebygda sjö_636832-142312.dzi
[2686/4303] svar/zips/Skaller_dsj_n/651959-124882-kartor/web/tiles-3-2018_Skallerödssjön_651959-124882.dzi ... upload error (manifest): Invalid key: svar/zips/Skaller_dsj_n/651959-124882-kartor/web/tiles-3-2018_Skallerödssjön_651959-124882.dzi
[2687/4303] svar/zips/Skansasj_n/639613-133534-kartor/web/tiles-3-3669_Skansasjön_639613-133534.dzi ... upload error (manifest): Invalid key: svar/zips/Skansasj_n/639613-133534-kartor/web/tiles-3-3669_Skansasjön_639613-133534.dzi
[2688/4303] svar/zips/Skarnh_llesj_n/648736-126361-kartor/web/tiles-3-2010_Skarnhällesjön_648736-126361.dzi ... upload error (manifest): Invalid key: svar/zips/Skarnh_llesj_n/648736-126361-kartor/web/tiles-3-2010_Skarnhällesjön_648736-126361.dzi
[2689/4303] svar/zips/Skateredsj_n/634957-132069-kartor/web/tiles-3-5175_Skateredsjön_634957-132069a.dzi ... upload error (manifest): Invalid key: svar/zips/Skateredsj_n/634957-132069-kartor/web/tiles-3-5175_Skateredsjön_634957-132069a.dzi
[2690/4303] svar/zips/Skateredsj_n/634957-132069-kartor/web/tiles-3-5175_Skateredsjön_634957-132069b.dzi ... upload error (manifest): Invalid key: svar/zips/Skateredsj_n/634957-132069-kartor/web/tiles-3-5175_Skateredsjön_634957-132069b.dzi
[2691/4303] svar/zips/Skateredsj_n/634957-132069-kartor/web/tiles-3-5175_Skateredsjön_634957-132069c.dzi ... upload error (manifest): Invalid key: svar/zips/Skateredsj_n/634957-132069-kartor/web/tiles-3-5175_Skateredsjön_634957-132069c.dzi
[2692/4303] svar/zips/Skateredsj_n/634957-132069-kartor/web/tiles-3-5175_Skateredsjön_634957-132069d.dzi ... upload error (manifest): Invalid key: svar/zips/Skateredsj_n/634957-132069-kartor/web/tiles-3-5175_Skateredsjön_634957-132069d.dzi
[2693/4303] svar/zips/Skateredsj_n/634957-132069-kartor/web/tiles-3-5175_Skateredsjön_634957-132069e.dzi ... upload error (manifest): Invalid key: svar/zips/Skateredsj_n/634957-132069-kartor/web/tiles-3-5175_Skateredsjön_634957-132069e.dzi
[2694/4303] svar/zips/Skatsj_n/637559-150818-kartor/web/tiles-3-2879_Skatsjön_637559-150818.dzi ... upload error (manifest): Invalid key: svar/zips/Skatsj_n/637559-150818-kartor/web/tiles-3-2879_Skatsjön_637559-150818.dzi
[2695/4303] svar/zips/Skavsj_n/630320-134146-kartor/web/tiles-3-0856_Skavsjön_630320-134146.dzi ... upload error (manifest): Invalid key: svar/zips/Skavsj_n/630320-134146-kartor/web/tiles-3-0856_Skavsjön_630320-134146.dzi
[2696/4303] svar/zips/Skavsj_n/630320-134146-kartor/web/tiles-3-5274_Skavsjön_630320-134146.dzi ... upload error (manifest): Invalid key: svar/zips/Skavsj_n/630320-134146-kartor/web/tiles-3-5274_Skavsjön_630320-134146.dzi
[2697/4303] svar/zips/Skedesj_n/638513-146360-kartor/web/tiles-3-3045_Skedesjön_638513-146360.dzi ... upload error (manifest): Invalid key: svar/zips/Skedesj_n/638513-146360-kartor/web/tiles-3-3045_Skedesjön_638513-146360.dzi
[2698/4303] svar/zips/Skedtj_rnet/651454-129763-kartor/web/tiles-3-2481_Skedtjärnet_651454-129763.dzi ... upload error (manifest): Invalid key: svar/zips/Skedtj_rnet/651454-129763-kartor/web/tiles-3-2481_Skedtjärnet_651454-129763.dzi
[2699/4303] svar/zips/Skepen/626256-147766-kartor/web/tiles-1-0320_Skepen_626256-147766.dzi ... done • ETA ~ 2m 37s
[2700/4303] svar/zips/Skepen/626256-147766-kartor/web/tiles-3-3863_Skepen_626256-147766a.dzi ... done • ETA ~ 2m 37s
[2701/4303] svar/zips/Skepen/626256-147766-kartor/web/tiles-3-3863_Skepen_626256-147766b.dzi ... done • ETA ~ 2m 37s
[2702/4303] svar/zips/Skeppsj_n/652485-146319-kartor/web/tiles-3-4444_Skeppsjön_652485-146319.dzi ... upload error (manifest): Invalid key: svar/zips/Skeppsj_n/652485-146319-kartor/web/tiles-3-4444_Skeppsjön_652485-146319.dzi
[2703/4303] svar/zips/Skill_tsj_n/654847-158874-kartor/web/tiles-5-0982_Skillötsjön_654847-158874.dzi ... upload error (manifest): Invalid key: svar/zips/Skill_tsj_n/654847-158874-kartor/web/tiles-5-0982_Skillötsjön_654847-158874.dzi
[2704/4303] svar/zips/Skinnsj_n/639373-152879-kartor/web/tiles-2-0315_Skinnsjön_639373-152879.dzi ... upload error (manifest): Invalid key: svar/zips/Skinnsj_n/639373-152879-kartor/web/tiles-2-0315_Skinnsjön_639373-152879.dzi
[2705/4303] svar/zips/Skinnsj_n/639373-152879-kartor/web/tiles-3-1936_Skinnsjön_639373-152879.dzi ... upload error (manifest): Invalid key: svar/zips/Skinnsj_n/639373-152879-kartor/web/tiles-3-1936_Skinnsjön_639373-152879.dzi
[2706/4303] svar/zips/Skipaltasj_n/632466-136087-kartor/web/tiles-3-6536_Skipaltasjön_632466-136087.dzi ... upload error (manifest): Invalid key: svar/zips/Skipaltasj_n/632466-136087-kartor/web/tiles-3-6536_Skipaltasjön_632466-136087.dzi
[2707/4303] svar/zips/Skirasj_n/654152-148687-kartor/web/tiles-2-0489_Skirasjön_654152-148687a.dzi ... upload error (manifest): Invalid key: svar/zips/Skirasj_n/654152-148687-kartor/web/tiles-2-0489_Skirasjön_654152-148687a.dzi
[2708/4303] svar/zips/Skirasj_n/654152-148687-kartor/web/tiles-2-0489_Skirasjön_654152-148687b.dzi ... upload error (manifest): Invalid key: svar/zips/Skirasj_n/654152-148687-kartor/web/tiles-2-0489_Skirasjön_654152-148687b.dzi
[2709/4303] svar/zips/Skiren/634280-152209-kartor/web/tiles-3-3803_Skiren_634280-152209a.dzi ... done • ETA ~ 2m 37s
[2710/4303] svar/zips/Skiren/634280-152209-kartor/web/tiles-3-3803_Skiren_634280-152209b.dzi ... done • ETA ~ 2m 36s
[2711/4303] svar/zips/Skiren/634550-149165-kartor/web/tiles-3-3788_Skiren_634550-149165a.dzi ... done • ETA ~ 2m 36s
[2712/4303] svar/zips/Skiren/634550-149165-kartor/web/tiles-3-3788_Skiren_634550-149165b.dzi ... done • ETA ~ 2m 36s
[2713/4303] svar/zips/Skiren/635795-148991-kartor/web/tiles-3-3796_Skiren_635795-148991a.dzi ... done • ETA ~ 2m 36s
[2714/4303] svar/zips/Skiren/635795-148991-kartor/web/tiles-3-3796_Skiren_635795-148991b.dzi ... done • ETA ~ 2m 36s
[2715/4303] svar/zips/Skiren/649118-148632-kartor/web/tiles-3-6426_Skiren_649118-148632.dzi ... done • ETA ~ 2m 36s
[2716/4303] svar/zips/Skiren/650581-152471-kartor/web/tiles-2-0857_Skiren_650581-152471.dzi ... done • ETA ~ 2m 36s
[2717/4303] svar/zips/Skiren/651102-153566-kartor/web/tiles-2-0483_Skiren_651102-153566.dzi ... done • ETA ~ 2m 36s
[2718/4303] svar/zips/Skirsj_n/637843-152651-kartor/web/tiles-3-3640_Skirsjön_637843-152651.dzi ... upload error (manifest): Invalid key: svar/zips/Skirsj_n/637843-152651-kartor/web/tiles-3-3640_Skirsjön_637843-152651.dzi
[2719/4303] svar/zips/Skirsj_n/655073-159152-kartor/web/tiles-3-2336_Skirsjön_655073-159152.dzi ... upload error (manifest): Invalid key: svar/zips/Skirsj_n/655073-159152-kartor/web/tiles-3-2336_Skirsjön_655073-159152.dzi
[2720/4303] svar/zips/Skirsj_n/655694-160061-kartor/web/tiles-3-1924_Skirsjön_655694-160061.dzi ... upload error (manifest): Invalid key: svar/zips/Skirsj_n/655694-160061-kartor/web/tiles-3-1924_Skirsjön_655694-160061.dzi
[2721/4303] svar/zips/Skir_sj_n/635919-147488-kartor/web/tiles-2-0291_Skirösjön_635919-147488.dzi ... upload error (manifest): Invalid key: svar/zips/Skir_sj_n/635919-147488-kartor/web/tiles-2-0291_Skirösjön_635919-147488.dzi
[2722/4303] svar/zips/Skir_sj_n/635919-147488-kartor/web/tiles-3-2429_Skirösjön_635919-147488.dzi ... upload error (manifest): Invalid key: svar/zips/Skir_sj_n/635919-147488-kartor/web/tiles-3-2429_Skirösjön_635919-147488.dzi
[2723/4303] svar/zips/Skivebosj_n/634642-135010-kartor/web/tiles-3-6642_Skivebosjön_634642-135010.dzi ... upload error (manifest): Invalid key: svar/zips/Skivebosj_n/634642-135010-kartor/web/tiles-3-6642_Skivebosjön_634642-135010.dzi
[2724/4303] svar/zips/Skjutsebosj_n/636701-136255-kartor/web/tiles-3-4585_Skjutsebosjön_636701-136255.dzi ... upload error (manifest): Invalid key: svar/zips/Skjutsebosj_n/636701-136255-kartor/web/tiles-3-4585_Skjutsebosjön_636701-136255.dzi
[2725/4303] svar/zips/Skogasj_n/635669-132535-kartor/web/tiles-5-1017_Skogasjön_635669-132535.dzi ... upload error (manifest): Invalid key: svar/zips/Skogasj_n/635669-132535-kartor/web/tiles-5-1017_Skogasjön_635669-132535.dzi
[2726/4303] svar/zips/Skogshyltasj_n/637514-139679-kartor/web/tiles-3-4578_Skogshyltasjön_637514-139679a.dzi ... upload error (manifest): Invalid key: svar/zips/Skogshyltasj_n/637514-139679-kartor/web/tiles-3-4578_Skogshyltasjön_637514-139679a.dzi
[2727/4303] svar/zips/Skogshyltasj_n/637514-139679-kartor/web/tiles-3-4578_Skogshyltasjön_637514-139679b.dzi ... upload error (manifest): Invalid key: svar/zips/Skogshyltasj_n/637514-139679-kartor/web/tiles-3-4578_Skogshyltasjön_637514-139679b.dzi
[2728/4303] svar/zips/Skogsrydssj_n/628382-146287-kartor/web/tiles-3-4707_Skogsrydssjön_628382-146287.dzi ... upload error (manifest): Invalid key: svar/zips/Skogsrydssj_n/628382-146287-kartor/web/tiles-3-4707_Skogsrydssjön_628382-146287.dzi
[2729/4303] svar/zips/Skottesj_n/653837-126678-kartor/web/tiles-3-4836_Skottesjön_653837-126678.dzi ... upload error (manifest): Invalid key: svar/zips/Skottesj_n/653837-126678-kartor/web/tiles-3-4836_Skottesjön_653837-126678.dzi
[2730/4303] svar/zips/Skrikgallen/638664-153406-kartor/web/tiles-1-0213_Skrikgallen_638664-153406.dzi ... done • ETA ~ 2m 35s
[2731/4303] svar/zips/Skriksj_n/637405-149367-kartor/web/tiles-3-2297_Skriksjön_637405-149367.dzi ... upload error (manifest): Invalid key: svar/zips/Skriksj_n/637405-149367-kartor/web/tiles-3-2297_Skriksjön_637405-149367.dzi
[2732/4303] svar/zips/Skrimsj_/639175-131508-kartor/web/tiles-3-5860_Skrimsjön_639175-131508.dzi ... upload error (manifest): Invalid key: svar/zips/Skrimsj_/639175-131508-kartor/web/tiles-3-5860_Skrimsjön_639175-131508.dzi
[2733/4303] svar/zips/Skrovsj_n/651914-151841-kartor/web/tiles-3-2646_Skrovsjön_651914-151841.dzi ... upload error (manifest): Invalid key: svar/zips/Skrovsj_n/651914-151841-kartor/web/tiles-3-2646_Skrovsjön_651914-151841.dzi
[2734/4303] svar/zips/Skrovvatten/643299-127378-kartor/web/tiles-3-1522_Skrovvatten_643299-127378.dzi ... done • ETA ~ 2m 34s
[2735/4303] svar/zips/Skrovvatten/643299-127378-kartor/web/tiles-3-1524_Skrovvatten_643299-127378.dzi ... done • ETA ~ 2m 34s
[2736/4303] svar/zips/Skr_len/651335-152705-kartor/web/tiles-3-2774_Skrålen_651335-152705.dzi ... upload error (manifest): Invalid key: svar/zips/Skr_len/651335-152705-kartor/web/tiles-3-2774_Skrålen_651335-152705.dzi
[2737/4303] svar/zips/Skr_len/651335-152705-kartor/web/tiles-3-2994_Skrålen_651335-152705.dzi ... upload error (manifest): Invalid key: svar/zips/Skr_len/651335-152705-kartor/web/tiles-3-2994_Skrålen_651335-152705.dzi
[2738/4303] svar/zips/Skultarpasj_n/638642-147026-kartor/web/tiles-3-5192_Skultarpasjön_638642-147026.dzi ... upload error (manifest): Invalid key: svar/zips/Skultarpasj_n/638642-147026-kartor/web/tiles-3-5192_Skultarpasjön_638642-147026.dzi
[2739/4303] svar/zips/Skurusj_n/639607-148338-kartor/web/tiles-3-3629_Skurusjön_639607-148338.dzi ... upload error (manifest): Invalid key: svar/zips/Skurusj_n/639607-148338-kartor/web/tiles-3-3629_Skurusjön_639607-148338.dzi
[2740/4303] svar/zips/Skyrsj_n/641793-127896-kartor/web/tiles-3-1001_Skyrsjön_641793-127896.dzi ... upload error (manifest): Invalid key: svar/zips/Skyrsj_n/641793-127896-kartor/web/tiles-3-1001_Skyrsjön_641793-127896.dzi
[2741/4303] svar/zips/Sk_fthultssj_n/643153-129517-kartor/web/tiles-2-0511_Skäfthultssjön_643153-129517.dzi ... upload error (manifest): Invalid key: svar/zips/Sk_fthultssj_n/643153-129517-kartor/web/tiles-2-0511_Skäfthultssjön_643153-129517.dzi
[2742/4303] svar/zips/Sk_lag_len/623473-148453-kartor/web/tiles-3-5322_Skälagölen_623473-148453.dzi ... upload error (manifest): Invalid key: svar/zips/Sk_lag_len/623473-148453-kartor/web/tiles-3-5322_Skälagölen_623473-148453.dzi
[2743/4303] svar/zips/Sk_llesj_/638544-128774-kartor/web/tiles-3-0896_Skållesjö_638544-128774.dzi ... upload error (manifest): Invalid key: svar/zips/Sk_llesj_/638544-128774-kartor/web/tiles-3-0896_Skållesjö_638544-128774.dzi
[2744/4303] svar/zips/Sk_llingesj_/634467-129859-kartor/web/tiles-3-2160_Skällingesjö_634467-129859.dzi ... upload error (manifest): Invalid key: svar/zips/Sk_llingesj_/634467-129859-kartor/web/tiles-3-2160_Skällingesjö_634467-129859.dzi
[2745/4303] svar/zips/Sk_llsj_n/639871-128731-kartor/web/tiles-3-3974_Skällsjön_639871-128731.dzi ... upload error (manifest): Invalid key: svar/zips/Sk_llsj_n/639871-128731-kartor/web/tiles-3-3974_Skällsjön_639871-128731.dzi
[2746/4303] svar/zips/Sk_ll_sasj_n/629017-133590-kartor/web/tiles-3-5086_Skällåsasjön_629017-133590.dzi ... upload error (manifest): Invalid key: svar/zips/Sk_ll_sasj_n/629017-133590-kartor/web/tiles-3-5086_Skällåsasjön_629017-133590.dzi
[2747/4303] svar/zips/Sk_lsj_n/636975-153631-kartor/web/tiles-1-0231_Skälsjön_636975-153631.dzi ... upload error (manifest): Invalid key: svar/zips/Sk_lsj_n/636975-153631-kartor/web/tiles-1-0231_Skälsjön_636975-153631.dzi
[2748/4303] svar/zips/Sk_ravattnet/624486-141154-kartor/web/tiles-3-3451_Skäravattnet_624486-141154.dzi ... upload error (manifest): Invalid key: svar/zips/Sk_ravattnet/624486-141154-kartor/web/tiles-3-3451_Skäravattnet_624486-141154.dzi
[2749/4303] svar/zips/Sk_ravattnet/624814-147962-kartor/web/tiles-2-0663_Skäravattnet_624814-147962.dzi ... upload error (manifest): Invalid key: svar/zips/Sk_ravattnet/624814-147962-kartor/web/tiles-2-0663_Skäravattnet_624814-147962.dzi
[2750/4303] svar/zips/Sk_ravattnet/625182-146796-kartor/web/tiles-3-2815_Skäravattnet_625182-146796.dzi ... upload error (manifest): Invalid key: svar/zips/Sk_ravattnet/625182-146796-kartor/web/tiles-3-2815_Skäravattnet_625182-146796.dzi
[2751/4303] svar/zips/Sk_ravattnet/625182-146796-kartor/web/tiles-3-2822_Skäravattnet_625182-146796.dzi ... upload error (manifest): Invalid key: svar/zips/Sk_ravattnet/625182-146796-kartor/web/tiles-3-2822_Skäravattnet_625182-146796.dzi
[2752/4303] svar/zips/Sk_ravattnet/625490-148247-kartor/web/tiles-3-2401_Skäravattnet_625490-148247.dzi ... upload error (manifest): Invalid key: svar/zips/Sk_ravattnet/625490-148247-kartor/web/tiles-3-2401_Skäravattnet_625490-148247.dzi
[2753/4303] svar/zips/Sk_reg_l/634191-150583-kartor/web/tiles-3-3806_Sköregöl_634191-150583a.dzi ... upload error (manifest): Invalid key: svar/zips/Sk_reg_l/634191-150583-kartor/web/tiles-3-3806_Sköregöl_634191-150583a.dzi
[2754/4303] svar/zips/Sk_reg_l/634191-150583-kartor/web/tiles-3-3806_Sköregöl_634191-150583b.dzi ... upload error (manifest): Invalid key: svar/zips/Sk_reg_l/634191-150583-kartor/web/tiles-3-3806_Sköregöl_634191-150583b.dzi
[2755/4303] svar/zips/Sk_remosj_n/635987-134222-kartor/web/tiles-3-0878_Skäremosjön_635987-134222.dzi ... upload error (manifest): Invalid key: svar/zips/Sk_remosj_n/635987-134222-kartor/web/tiles-3-0878_Skäremosjön_635987-134222.dzi
[2756/4303] svar/zips/Sk_ren/650788-148501-kartor/web/tiles-3-2903_Skären_650788-148501.dzi ... upload error (manifest): Invalid key: svar/zips/Sk_ren/650788-148501-kartor/web/tiles-3-2903_Skären_650788-148501.dzi
[2757/4303] svar/zips/Sk_resj_n/640814-131614-kartor/web/tiles-2-0382_Skäresjön_640814-131614a.dzi ... upload error (manifest): Invalid key: svar/zips/Sk_resj_n/640814-131614-kartor/web/tiles-2-0382_Skäresjön_640814-131614a.dzi
[2758/4303] svar/zips/Sk_resj_n/640814-131614-kartor/web/tiles-2-0382_Skäresjön_640814-131614b.dzi ... upload error (manifest): Invalid key: svar/zips/Sk_resj_n/640814-131614-kartor/web/tiles-2-0382_Skäresjön_640814-131614b.dzi
[2759/4303] svar/zips/Sk_rg_l/638453-152736-kartor/web/tiles-3-3238_Skärgöl_638453-152736.dzi ... upload error (manifest): Invalid key: svar/zips/Sk_rg_l/638453-152736-kartor/web/tiles-3-3238_Skärgöl_638453-152736.dzi
[2760/4303] svar/zips/Sk_rg_len/640609-148673-kartor/web/tiles-5-0988_Skärgölen_640609-148673.dzi ... upload error (manifest): Invalid key: svar/zips/Sk_rg_len/640609-148673-kartor/web/tiles-5-0988_Skärgölen_640609-148673.dzi
[2761/4303] svar/zips/Sk_rg_len/651573-152481-kartor/web/tiles-5-1063_Skärgölen_651573-152481.dzi ... upload error (manifest): Invalid key: svar/zips/Sk_rg_len/651573-152481-kartor/web/tiles-5-1063_Skärgölen_651573-152481.dzi
[2762/4303] svar/zips/Sk_rlen/633959-144217-kartor/web/tiles-1-0251_Skärlen_633959-144217.dzi ... upload error (manifest): Invalid key: svar/zips/Sk_rlen/633959-144217-kartor/web/tiles-1-0251_Skärlen_633959-144217.dzi
[2763/4303] svar/zips/Sk_rlen/633959-144217-kartor/web/tiles-3-0803_Skärlen_633959-144217.dzi ... upload error (manifest): Invalid key: svar/zips/Sk_rlen/633959-144217-kartor/web/tiles-3-0803_Skärlen_633959-144217.dzi
[2764/4303] svar/zips/Sk_rshultasj_n/634450-141923-kartor/web/tiles-3-5554_Skärshultasjön_634450-141923.dzi ... upload error (manifest): Invalid key: svar/zips/Sk_rshultasj_n/634450-141923-kartor/web/tiles-3-5554_Skärshultasjön_634450-141923.dzi
[2765/4303] svar/zips/Sk_rsj_/632671-131742-kartor/web/tiles-2-0610_Skärsjö_632671-131742a.dzi ... upload error (manifest): Invalid key: svar/zips/Sk_rsj_/632671-131742-kartor/web/tiles-2-0610_Skärsjö_632671-131742a.dzi
[2766/4303] svar/zips/Sk_rsj_/632671-131742-kartor/web/tiles-2-0610_Skärsjö_632671-131742b.dzi ... upload error (manifest): Invalid key: svar/zips/Sk_rsj_/632671-131742-kartor/web/tiles-2-0610_Skärsjö_632671-131742b.dzi
[2767/4303] svar/zips/Sk_rsj_/632671-131742-kartor/web/tiles-2-0610_Skärsjö_632671-131742c.dzi ... upload error (manifest): Invalid key: svar/zips/Sk_rsj_/632671-131742-kartor/web/tiles-2-0610_Skärsjö_632671-131742c.dzi
[2768/4303] svar/zips/Sk_rsj_/632671-131742-kartor/web/tiles-2-0610_Skärsjö_632671-131742d.dzi ... upload error (manifest): Invalid key: svar/zips/Sk_rsj_/632671-131742-kartor/web/tiles-2-0610_Skärsjö_632671-131742d.dzi
[2769/4303] svar/zips/Sk_rsj_/632671-131742-kartor/web/tiles-2-0610_Skärsjö_632671-131742e.dzi ... upload error (manifest): Invalid key: svar/zips/Sk_rsj_/632671-131742-kartor/web/tiles-2-0610_Skärsjö_632671-131742e.dzi
[2770/4303] svar/zips/Sk_rsj_/632671-131742-kartor/web/tiles-2-0610_Skärsjö_632671-131742f.dzi ... upload error (manifest): Invalid key: svar/zips/Sk_rsj_/632671-131742-kartor/web/tiles-2-0610_Skärsjö_632671-131742f.dzi
[2771/4303] svar/zips/Sk_rsj_/632671-131742-kartor/web/tiles-2-0610_Skärsjö_632671-131742g.dzi ... upload error (manifest): Invalid key: svar/zips/Sk_rsj_/632671-131742-kartor/web/tiles-2-0610_Skärsjö_632671-131742g.dzi
[2772/4303] svar/zips/Sk_rsj_/632671-131742-kartor/web/tiles-3-6452_Skärsjö_632671-131742.dzi ... upload error (manifest): Invalid key: svar/zips/Sk_rsj_/632671-131742-kartor/web/tiles-3-6452_Skärsjö_632671-131742.dzi
[2773/4303] svar/zips/Sk_rsj_/632671-131742-kartor/web/tiles-5-1018_Skärsjö_632671-131742.dzi ... upload error (manifest): Invalid key: svar/zips/Sk_rsj_/632671-131742-kartor/web/tiles-5-1018_Skärsjö_632671-131742.dzi
[2774/4303] svar/zips/Sk_rsj_gylen/624594-145225-kartor/web/tiles-3-2983_Skärsjögylen_624594-145225.dzi ... upload error (manifest): Invalid key: svar/zips/Sk_rsj_gylen/624594-145225-kartor/web/tiles-3-2983_Skärsjögylen_624594-145225.dzi
[2775/4303] svar/zips/Sk_rsj_n/623248-146827-kartor/web/tiles-3-3186_Skärsjön_623248-146827.dzi ... upload error (manifest): Invalid key: svar/zips/Sk_rsj_n/623248-146827-kartor/web/tiles-3-3186_Skärsjön_623248-146827.dzi
[2776/4303] svar/zips/Sk_rsj_n/623715-143983-kartor/web/tiles-3-5992_Skärsjön_623715-143983.dzi ... upload error (manifest): Invalid key: svar/zips/Sk_rsj_n/623715-143983-kartor/web/tiles-3-5992_Skärsjön_623715-143983.dzi
[2777/4303] svar/zips/Sk_rsj_n/624317-144658-kartor/web/tiles-3-5993_Skärsjön_624317-144658.dzi ... upload error (manifest): Invalid key: svar/zips/Sk_rsj_n/624317-144658-kartor/web/tiles-3-5993_Skärsjön_624317-144658.dzi
[2778/4303] svar/zips/Sk_rsj_n/624324-147903-kartor/web/tiles-2-0668_Skärsjön_624324-147903.dzi ... upload error (manifest): Invalid key: svar/zips/Sk_rsj_n/624324-147903-kartor/web/tiles-2-0668_Skärsjön_624324-147903.dzi
[2779/4303] svar/zips/Sk_rsj_n/624543-145186-kartor/web/tiles-3-5497_Skärsjön_624543-145186.dzi ... upload error (manifest): Invalid key: svar/zips/Sk_rsj_n/624543-145186-kartor/web/tiles-3-5497_Skärsjön_624543-145186.dzi
[2780/4303] svar/zips/Sk_rsj_n/624799-145312-kartor/web/tiles-3-2927_Skärsjön_624799-145312.dzi ... upload error (manifest): Invalid key: svar/zips/Sk_rsj_n/624799-145312-kartor/web/tiles-3-2927_Skärsjön_624799-145312.dzi
[2781/4303] svar/zips/Sk_rsj_n/627337-139097-kartor/web/tiles-3-0825_Skärsjön_627337-139097.dzi ... upload error (manifest): Invalid key: svar/zips/Sk_rsj_n/627337-139097-kartor/web/tiles-3-0825_Skärsjön_627337-139097.dzi
[2782/4303] svar/zips/Sk_rsj_n/628111-149232-kartor/web/tiles-2-0364_Skärsjön_628111-149232a.dzi ... upload error (manifest): Invalid key: svar/zips/Sk_rsj_n/628111-149232-kartor/web/tiles-2-0364_Skärsjön_628111-149232a.dzi
[2783/4303] svar/zips/Sk_rsj_n/628111-149232-kartor/web/tiles-2-0364_Skärsjön_628111-149232b.dzi ... upload error (manifest): Invalid key: svar/zips/Sk_rsj_n/628111-149232-kartor/web/tiles-2-0364_Skärsjön_628111-149232b.dzi
[2784/4303] svar/zips/Sk_rsj_n/628881-136095-kartor/web/tiles-2-1004_Skärsjön_628881-136095.dzi ... upload error (manifest): Invalid key: svar/zips/Sk_rsj_n/628881-136095-kartor/web/tiles-2-1004_Skärsjön_628881-136095.dzi
[2785/4303] svar/zips/Sk_rsj_n/632558-140721-kartor/web/tiles-2-1021_Skärsjön_632558-140721.dzi ... upload error (manifest): Invalid key: svar/zips/Sk_rsj_n/632558-140721-kartor/web/tiles-2-1021_Skärsjön_632558-140721.dzi
[2786/4303] svar/zips/Sk_rsj_n/632632-147274-kartor/web/tiles-3-4708_Skärsjön_632632-147274.dzi ... upload error (manifest): Invalid key: svar/zips/Sk_rsj_n/632632-147274-kartor/web/tiles-3-4708_Skärsjön_632632-147274.dzi
[2787/4303] svar/zips/Sk_rsj_n/632768-134735-kartor/web/tiles-2-1029_Skärsjön_632768-134735.dzi ... upload error (manifest): Invalid key: svar/zips/Sk_rsj_n/632768-134735-kartor/web/tiles-2-1029_Skärsjön_632768-134735.dzi
[2788/4303] svar/zips/Sk_rsj_n/632979-135766-kartor/web/tiles-3-4900_Skärsjön_632979-135766.dzi ... upload error (manifest): Invalid key: svar/zips/Sk_rsj_n/632979-135766-kartor/web/tiles-3-4900_Skärsjön_632979-135766.dzi
[2789/4303] svar/zips/Sk_rsj_n/632979-135766-kartor/web/tiles-3-6539_Skärsjön_632979-135766.dzi ... upload error (manifest): Invalid key: svar/zips/Sk_rsj_n/632979-135766-kartor/web/tiles-3-6539_Skärsjön_632979-135766.dzi
[2790/4303] svar/zips/Sk_rsj_n/633164-144128-kartor/web/tiles-3-0804_Skärsjön_633164-144128.dzi ... upload error (manifest): Invalid key: svar/zips/Sk_rsj_n/633164-144128-kartor/web/tiles-3-0804_Skärsjön_633164-144128.dzi
[2791/4303] svar/zips/Sk_rsj_n/633344-130068-kartor/web/tiles-3-2413_Skärsjön_633344-130068.dzi ... upload error (manifest): Invalid key: svar/zips/Sk_rsj_n/633344-130068-kartor/web/tiles-3-2413_Skärsjön_633344-130068.dzi
[2792/4303] svar/zips/Sk_rsj_n/633344-130068-kartor/web/tiles-5-1064_Skärsjön_633344-130068.dzi ... upload error (manifest): Invalid key: svar/zips/Sk_rsj_n/633344-130068-kartor/web/tiles-5-1064_Skärsjön_633344-130068.dzi
[2793/4303] svar/zips/Sk_rsj_n/633654-142889-kartor/web/tiles-3-4709_Skärsjön_633654-142889.dzi ... upload error (manifest): Invalid key: svar/zips/Sk_rsj_n/633654-142889-kartor/web/tiles-3-4709_Skärsjön_633654-142889.dzi
[2794/4303] svar/zips/Sk_rsj_n/634752-140753-kartor/web/tiles-3-6373_Skärsjön_634752-140753.dzi ... upload error (manifest): Invalid key: svar/zips/Sk_rsj_n/634752-140753-kartor/web/tiles-3-6373_Skärsjön_634752-140753.dzi
[2795/4303] svar/zips/Sk_rsj_n/634979-144241-kartor/web/tiles-2-0290_Skärsjön_634979-144241.dzi ... upload error (manifest): Invalid key: svar/zips/Sk_rsj_n/634979-144241-kartor/web/tiles-2-0290_Skärsjön_634979-144241.dzi
[2796/4303] svar/zips/Sk_rsj_n/634979-144241-kartor/web/tiles-3-2603_Skärsjön_634979-144241.dzi ... upload error (manifest): Invalid key: svar/zips/Sk_rsj_n/634979-144241-kartor/web/tiles-3-2603_Skärsjön_634979-144241.dzi
[2797/4303] svar/zips/Sk_rsj_n/635198-130537-kartor/web/tiles-3-2158_Skärsjön_635198-130537.dzi ... upload error (manifest): Invalid key: svar/zips/Sk_rsj_n/635198-130537-kartor/web/tiles-3-2158_Skärsjön_635198-130537.dzi
[2798/4303] svar/zips/Sk_rsj_n/635198-130537-kartor/web/tiles-3-6435_Skärsjön_635198-130537.dzi ... upload error (manifest): Invalid key: svar/zips/Sk_rsj_n/635198-130537-kartor/web/tiles-3-6435_Skärsjön_635198-130537.dzi
[2799/4303] svar/zips/Sk_rsj_n/635760-143571-kartor/web/tiles-3-0847_Skärsjön_635760-143571.dzi ... upload error (manifest): Invalid key: svar/zips/Sk_rsj_n/635760-143571-kartor/web/tiles-3-0847_Skärsjön_635760-143571.dzi
[2800/4303] svar/zips/Sk_rsj_n/635760-143571-kartor/web/tiles-3-2953_Skärsjön_635760-143571.dzi ... upload error (manifest): Invalid key: svar/zips/Sk_rsj_n/635760-143571-kartor/web/tiles-3-2953_Skärsjön_635760-143571.dzi
[2801/4303] svar/zips/Sk_rsj_n/636418-138623-kartor/web/tiles-2-1063_Skärsjön_636418-138623.dzi ... upload error (manifest): Invalid key: svar/zips/Sk_rsj_n/636418-138623-kartor/web/tiles-2-1063_Skärsjön_636418-138623.dzi
[2802/4303] svar/zips/Sk_rsj_n/637260-128728-kartor/web/tiles-3-1633_Skärsjön_637260-128728.dzi ... upload error (manifest): Invalid key: svar/zips/Sk_rsj_n/637260-128728-kartor/web/tiles-3-1633_Skärsjön_637260-128728.dzi
[2803/4303] svar/zips/Sk_rsj_n/637473-137070-kartor/web/tiles-3-0871_Skärsjön_637473-137070.dzi ... upload error (manifest): Invalid key: svar/zips/Sk_rsj_n/637473-137070-kartor/web/tiles-3-0871_Skärsjön_637473-137070.dzi
[2804/4303] svar/zips/Sk_rsj_n/637617-138697-kartor/web/tiles-3-4159_Skärsjön_637617-138697.dzi ... upload error (manifest): Invalid key: svar/zips/Sk_rsj_n/637617-138697-kartor/web/tiles-3-4159_Skärsjön_637617-138697.dzi
[2805/4303] svar/zips/Sk_rsj_n/638568-127679-kartor/web/tiles-3-0923_Skårsjön_638568-127679.dzi ... upload error (manifest): Invalid key: svar/zips/Sk_rsj_n/638568-127679-kartor/web/tiles-3-0923_Skårsjön_638568-127679.dzi
[2806/4303] svar/zips/Sk_rsj_n/638822-131805-kartor/web/tiles-3-5864_Skärsjön_638822-131805.dzi ... upload error (manifest): Invalid key: svar/zips/Sk_rsj_n/638822-131805-kartor/web/tiles-3-5864_Skärsjön_638822-131805.dzi
[2807/4303] svar/zips/Sk_rsj_n/639566-128728-kartor/web/tiles-3-1854_Skärsjön_639566-128728.dzi ... upload error (manifest): Invalid key: svar/zips/Sk_rsj_n/639566-128728-kartor/web/tiles-3-1854_Skärsjön_639566-128728.dzi
[2808/4303] svar/zips/Sk_rsj_n/640328-142402-kartor/web/tiles-3-4009_Skärsjön_640328-142402.dzi ... upload error (manifest): Invalid key: svar/zips/Sk_rsj_n/640328-142402-kartor/web/tiles-3-4009_Skärsjön_640328-142402.dzi
[2809/4303] svar/zips/Sk_rsj_n/640529-143024-kartor/web/tiles-3-1795_Skärsjön_640529-143024.dzi ... upload error (manifest): Invalid key: svar/zips/Sk_rsj_n/640529-143024-kartor/web/tiles-3-1795_Skärsjön_640529-143024.dzi
[2810/4303] svar/zips/Sk_rval_ngen/647843-137307-kartor/web/tiles-3-1513_Skärvalången_647843-137307.dzi ... upload error (manifest): Invalid key: svar/zips/Sk_rval_ngen/647843-137307-kartor/web/tiles-3-1513_Skärvalången_647843-137307.dzi
[2811/4303] svar/zips/Sk_rvsj_/636438-138132-kartor/web/tiles-2-1049_Skärvsjö_636438-138132.dzi ... upload error (manifest): Invalid key: svar/zips/Sk_rvsj_/636438-138132-kartor/web/tiles-2-1049_Skärvsjö_636438-138132.dzi
[2812/4303] svar/zips/Sk_rvsj_/636438-138132-kartor/web/tiles-3-2539_Skärvsjö_636438-138132.dzi ... upload error (manifest): Invalid key: svar/zips/Sk_rvsj_/636438-138132-kartor/web/tiles-3-2539_Skärvsjö_636438-138132.dzi
[2813/4303] svar/zips/Sk_rvsj_/636438-138132-kartor/web/tiles-5-0045_Skärvsjö_636438-138132.dzi ... upload error (manifest): Invalid key: svar/zips/Sk_rvsj_/636438-138132-kartor/web/tiles-5-0045_Skärvsjö_636438-138132.dzi
[2814/4303] svar/zips/Sk_rvsj_sj_n/627215-150116-kartor/web/tiles-5-0448a_Skärvsjösjön_627215-150116.dzi ... upload error (manifest): Invalid key: svar/zips/Sk_rvsj_sj_n/627215-150116-kartor/web/tiles-5-0448a_Skärvsjösjön_627215-150116.dzi
[2815/4303] svar/zips/Sk_rvsj_sj_n/627215-150116-kartor/web/tiles-5-0448b_Skärvsjösjön_627215-150116.dzi ... upload error (manifest): Invalid key: svar/zips/Sk_rvsj_sj_n/627215-150116-kartor/web/tiles-5-0448b_Skärvsjösjön_627215-150116.dzi
[2816/4303] svar/zips/Sladtj_rn/652929-126237-kartor/web/tiles-3-2495_Sladtjärn_652929-126237.dzi ... upload error (manifest): Invalid key: svar/zips/Sladtj_rn/652929-126237-kartor/web/tiles-3-2495_Sladtjärn_652929-126237.dzi
[2817/4303] svar/zips/Slagesn_ssj_n/624821-142167-kartor/web/tiles-3-2629_Slagesnässjön_624821-142167.dzi ... upload error (manifest): Invalid key: svar/zips/Slagesn_ssj_n/624821-142167-kartor/web/tiles-3-2629_Slagesnässjön_624821-142167.dzi
[2818/4303] svar/zips/Slisj_n/631711-132656-kartor/web/tiles-3-6444_Slisjön_631711-132656.dzi ... upload error (manifest): Invalid key: svar/zips/Slisj_n/631711-132656-kartor/web/tiles-3-6444_Slisjön_631711-132656.dzi
[2819/4303] svar/zips/Slisj_n/631711-132656-kartor/web/tiles-5-1020_Slisjön_631711-132656.dzi ... upload error (manifest): Invalid key: svar/zips/Slisj_n/631711-132656-kartor/web/tiles-5-1020_Slisjön_631711-132656.dzi
[2820/4303] svar/zips/Slisj_n/643970-129734-kartor/web/tiles-3-4818_Slisjön_643970-129734.dzi ... upload error (manifest): Invalid key: svar/zips/Slisj_n/643970-129734-kartor/web/tiles-3-4818_Slisjön_643970-129734.dzi
[2821/4303] svar/zips/Slissj_n/637345-153515-kartor/web/tiles-0-0117_Slissjön_637345-153515.dzi ... upload error (manifest): Invalid key: svar/zips/Slissj_n/637345-153515-kartor/web/tiles-0-0117_Slissjön_637345-153515.dzi
[2822/4303] svar/zips/Slissj_n/637345-153515-kartor/web/tiles-3-1940_Slissjön_637345-153515.dzi ... upload error (manifest): Invalid key: svar/zips/Slissj_n/637345-153515-kartor/web/tiles-3-1940_Slissjön_637345-153515.dzi
[2823/4303] svar/zips/Sl_thultskyllen/634205-152025-kartor/web/tiles-3-3780_Släthultskyllen_634205-152025a.dzi ... upload error (manifest): Invalid key: svar/zips/Sl_thultskyllen/634205-152025-kartor/web/tiles-3-3780_Släthultskyllen_634205-152025a.dzi
[2824/4303] svar/zips/Sl_thultskyllen/634205-152025-kartor/web/tiles-3-3780_Släthultskyllen_634205-152025b.dzi ... upload error (manifest): Invalid key: svar/zips/Sl_thultskyllen/634205-152025-kartor/web/tiles-3-3780_Släthultskyllen_634205-152025b.dzi
[2825/4303] svar/zips/Smedagyl/624440-145842-kartor/web/tiles-3-5455_Smedagyl_624440-145842.dzi ... done • ETA ~ 2m 25s
[2826/4303] svar/zips/Smedegylet/624792-141257-kartor/web/tiles-2-1040_Smedegylet_624792-141257.dzi ... done • ETA ~ 2m 25s
[2827/4303] svar/zips/Smedsj_n/627451-149554-kartor/web/tiles-5-0454_Smedsjön_627451-149554a.dzi ... upload error (manifest): Invalid key: svar/zips/Smedsj_n/627451-149554-kartor/web/tiles-5-0454_Smedsjön_627451-149554a.dzi
[2828/4303] svar/zips/Smedsj_n/627451-149554-kartor/web/tiles-5-0454_Smedsjön_627451-149554b.dzi ... upload error (manifest): Invalid key: svar/zips/Smedsj_n/627451-149554-kartor/web/tiles-5-0454_Smedsjön_627451-149554b.dzi
[2829/4303] svar/zips/Smedstorpasj_n/635705-143436-kartor/web/tiles-3-3353_Smedstorpasjön_635705-143436.dzi ... upload error (manifest): Invalid key: svar/zips/Smedstorpasj_n/635705-143436-kartor/web/tiles-3-3353_Smedstorpasjön_635705-143436.dzi
[2830/4303] svar/zips/Smedstorpasj_n/638018-152642-kartor/web/tiles-3-3648_Smedstorpasjön_638018-152642.dzi ... upload error (manifest): Invalid key: svar/zips/Smedstorpasj_n/638018-152642-kartor/web/tiles-3-3648_Smedstorpasjön_638018-152642.dzi
[2831/4303] svar/zips/Smedvattnet/648001-126721-kartor/web/tiles-3-1552_Smedvattnet_648001-126721a.dzi ... done • ETA ~ 2m 24s
[2832/4303] svar/zips/Smedvattnet/648001-126721-kartor/web/tiles-3-1552_Smedvattnet_648001-126721b.dzi ... done • ETA ~ 2m 24s
[2833/4303] svar/zips/Smedvattnet/648001-126721-kartor/web/tiles-3-3492_Smedvattnet_648001-126721.dzi ... done • ETA ~ 2m 24s
[2834/4303] svar/zips/Smedvattnet/652298-126555-kartor/web/tiles-3-1745_Smedvattnet_652298-126555.dzi ... done • ETA ~ 2m 24s
[2835/4303] svar/zips/Sm_lten/634915-152719-kartor/web/tiles-1-0228_Smälten_634915-152719.dzi ... upload error (manifest): Invalid key: svar/zips/Sm_lten/634915-152719-kartor/web/tiles-1-0228_Smälten_634915-152719.dzi
[2836/4303] svar/zips/Sm_lten/634915-152719-kartor/web/tiles-3-1937_Smälten_634915-152719.dzi ... upload error (manifest): Invalid key: svar/zips/Sm_lten/634915-152719-kartor/web/tiles-3-1937_Smälten_634915-152719.dzi
[2837/4303] svar/zips/Sm_rhultasj_n/635652-136015-kartor/web/tiles-3-5669_Smörhultasjön_635652-136015.dzi ... upload error (manifest): Invalid key: svar/zips/Sm_rhultasj_n/635652-136015-kartor/web/tiles-3-5669_Smörhultasjön_635652-136015.dzi
[2838/4303] svar/zips/Sm_rvattnet/641186-128017-kartor/web/tiles-3-2164_Smörvattnet_641186-128017.dzi ... upload error (manifest): Invalid key: svar/zips/Sm_rvattnet/641186-128017-kartor/web/tiles-3-2164_Smörvattnet_641186-128017.dzi
[2839/4303] svar/zips/Sm_sj_arna__Norra_/649786-126850-kartor/web/tiles-3-2573_Småsjöarna (Norra)_649786-126850.dzi ... upload error (manifest): Invalid key: svar/zips/Sm_sj_arna__Norra_/649786-126850-kartor/web/tiles-3-2573_Småsjöarna (Norra)_649786-126850.dzi
[2840/4303] svar/zips/Sm_vattnet/645936-129008-kartor/web/tiles-3-1706_Småvattnet_645936-129008.dzi ... upload error (manifest): Invalid key: svar/zips/Sm_vattnet/645936-129008-kartor/web/tiles-3-1706_Småvattnet_645936-129008.dzi
[2841/4303] svar/zips/Snaggen_ssj_n/656507-128245-kartor/web/tiles-3-1709_Snaggenässjön_656507-128245.dzi ... upload error (manifest): Invalid key: svar/zips/Snaggen_ssj_n/656507-128245-kartor/web/tiles-3-1709_Snaggenässjön_656507-128245.dzi
[2842/4303] svar/zips/Snogeholmssj_n/616267-136857-kartor/web/tiles-2-0174_Snogeholmssjön_616267-136857.dzi ... upload error (manifest): Invalid key: svar/zips/Snogeholmssj_n/616267-136857-kartor/web/tiles-2-0174_Snogeholmssjön_616267-136857.dzi
[2843/4303] svar/zips/Snogeholmssj_n/616267-136857-kartor/web/tiles-3-4675_Snogeholmssjön_616267-136857.dzi ... upload error (manifest): Invalid key: svar/zips/Snogeholmssj_n/616267-136857-kartor/web/tiles-3-4675_Snogeholmssjön_616267-136857.dzi
[2844/4303] svar/zips/Sn_rsj_n/653842-145941-kartor/web/tiles-3-0711_Snårsjön_653842-145941.dzi ... upload error (manifest): Invalid key: svar/zips/Sn_rsj_n/653842-145941-kartor/web/tiles-3-0711_Snårsjön_653842-145941.dzi
[2845/4303] svar/zips/Sn_v_len/636475-151872-kartor/web/tiles-3-2881_Snövålen_636475-151872.dzi ... upload error (manifest): Invalid key: svar/zips/Sn_v_len/636475-151872-kartor/web/tiles-3-2881_Snövålen_636475-151872.dzi
[2846/4303] svar/zips/Solgen/638011-145865-kartor/web/tiles-1-0193_Solgen_638011-145865.dzi ... done • ETA ~ 2m 23s
[2847/4303] svar/zips/Sollums_L_ng/645911-127980-kartor/web/tiles-2-1126_Sollums Lång_645911-127980.dzi ... upload error (manifest): Invalid key: svar/zips/Sollums_L_ng/645911-127980-kartor/web/tiles-2-1126_Sollums Lång_645911-127980.dzi
[2848/4303] svar/zips/Sommen-__stra/644727-145497-kartor/web/tiles-0-0060_Sommen_644727-145497a.dzi ... done • ETA ~ 2m 22s
[2849/4303] svar/zips/Sommen-__stra/644727-145497-kartor/web/tiles-0-0060_Sommen_644727-145497b.dzi ... done • ETA ~ 2m 22s
[2850/4303] svar/zips/Sopper_dvattnet/655018-123915-kartor/web/tiles-2-0250_Sopperödvattnet_655018-123915.dzi ... upload error (manifest): Invalid key: svar/zips/Sopper_dvattnet/655018-123915-kartor/web/tiles-2-0250_Sopperödvattnet_655018-123915.dzi
[2851/4303] svar/zips/Sottern/654370-148479-kartor/web/tiles-1-0164_Sottern_654370-148479.dzi ... done • ETA ~ 2m 22s
[2852/4303] svar/zips/So_sasj_n/639524-144786-kartor/web/tiles-3-0753_Soåsasjön_639524-144786.dzi ... upload error (manifest): Invalid key: svar/zips/So_sasj_n/639524-144786-kartor/web/tiles-3-0753_Soåsasjön_639524-144786.dzi
[2853/4303] svar/zips/So_sasj_n/639524-144786-kartor/web/tiles-3-2438_Soåsasjön_639524-144786.dzi ... upload error (manifest): Invalid key: svar/zips/So_sasj_n/639524-144786-kartor/web/tiles-3-2438_Soåsasjön_639524-144786.dzi
[2854/4303] svar/zips/Spaden/634861-134201-kartor/web/tiles-3-6630_Spaden_634861-134201.dzi ... done • ETA ~ 2m 22s
[2855/4303] svar/zips/Spetsj_n/636724-151137-kartor/web/tiles-5-0423_Spetsjön_636724-151137.dzi ... upload error (manifest): Invalid key: svar/zips/Spetsj_n/636724-151137-kartor/web/tiles-5-0423_Spetsjön_636724-151137.dzi
[2856/4303] svar/zips/Spexhultasj_n/638925-143297-kartor/web/tiles-3-2540_Spexhultasjön_638925-143297.dzi ... upload error (manifest): Invalid key: svar/zips/Spexhultasj_n/638925-143297-kartor/web/tiles-3-2540_Spexhultasjön_638925-143297.dzi
[2857/4303] svar/zips/Spjuten/641597-152006-kartor/web/tiles-3-3246_Spjuten_641597-152006.dzi ... done • ETA ~ 2m 22s
[2858/4303] svar/zips/Sp_nen/630806-142789-kartor/web/tiles-2-0162_Spånen_630806-142789.dzi ... upload error (manifest): Invalid key: svar/zips/Sp_nen/630806-142789-kartor/web/tiles-2-0162_Spånen_630806-142789.dzi
[2859/4303] svar/zips/Sp_nsj_n/633881-136265-kartor/web/tiles-3-5120_Spånsjön_633881-136265a.dzi ... upload error (manifest): Invalid key: svar/zips/Sp_nsj_n/633881-136265-kartor/web/tiles-3-5120_Spånsjön_633881-136265a.dzi
[2860/4303] svar/zips/Sp_nsj_n/633881-136265-kartor/web/tiles-3-5120_Spånsjön_633881-136265b.dzi ... upload error (manifest): Invalid key: svar/zips/Sp_nsj_n/633881-136265-kartor/web/tiles-3-5120_Spånsjön_633881-136265b.dzi
[2861/4303] svar/zips/Staffansbosj_n/630603-140195-kartor/web/tiles-3-4710_Staffansbosjön_630603-140195.dzi ... upload error (manifest): Invalid key: svar/zips/Staffansbosj_n/630603-140195-kartor/web/tiles-3-4710_Staffansbosjön_630603-140195.dzi
[2862/4303] svar/zips/Stampasj_n/629906-147666-kartor/web/tiles-5-0474_Stampasjön_629906-147666.dzi ... upload error (manifest): Invalid key: svar/zips/Stampasj_n/629906-147666-kartor/web/tiles-5-0474_Stampasjön_629906-147666.dzi
[2863/4303] svar/zips/Stamsj_/634837-129253-kartor/web/tiles-3-2262_Stamsjö_634837-129253.dzi ... upload error (manifest): Invalid key: svar/zips/Stamsj_/634837-129253-kartor/web/tiles-3-2262_Stamsjö_634837-129253.dzi
[2864/4303] svar/zips/Stamsj_/634837-129253-kartor/web/tiles-3-6439_Stamsjö_634837-129253.dzi ... upload error (manifest): Invalid key: svar/zips/Stamsj_/634837-129253-kartor/web/tiles-3-6439_Stamsjö_634837-129253.dzi
[2865/4303] svar/zips/Starrsj_n/632297-136270-kartor/web/tiles-2-0938_Starrsjön_632297-136270.dzi ... upload error (manifest): Invalid key: svar/zips/Starrsj_n/632297-136270-kartor/web/tiles-2-0938_Starrsjön_632297-136270.dzi
[2866/4303] svar/zips/Starrsj_n/652839-151898-kartor/web/tiles-3-5627_Starrsjön_652839-151898.dzi ... upload error (manifest): Invalid key: svar/zips/Starrsj_n/652839-151898-kartor/web/tiles-3-5627_Starrsjön_652839-151898.dzi
[2867/4303] svar/zips/Stavsj_n/628086-136430-kartor/web/tiles-3-6361_Stavsjön_628086-136430.dzi ... upload error (manifest): Invalid key: svar/zips/Stavsj_n/628086-136430-kartor/web/tiles-3-6361_Stavsjön_628086-136430.dzi
[2868/4303] svar/zips/Stavsj_n/638902-141451-kartor/web/tiles-3-4030_Stavsjön_638902-141451.dzi ... upload error (manifest): Invalid key: svar/zips/Stavsj_n/638902-141451-kartor/web/tiles-3-4030_Stavsjön_638902-141451.dzi
[2869/4303] svar/zips/Stavsj_n/644418-129962-kartor/web/tiles-3-1052_Stavsjön_644418-129962.dzi ... upload error (manifest): Invalid key: svar/zips/Stavsj_n/644418-129962-kartor/web/tiles-3-1052_Stavsjön_644418-129962.dzi
[2870/4303] svar/zips/Stavsj_n/651243-153593-kartor/web/tiles-3-1761_Stavsjön_651243-153593.dzi ... upload error (manifest): Invalid key: svar/zips/Stavsj_n/651243-153593-kartor/web/tiles-3-1761_Stavsjön_651243-153593.dzi
[2871/4303] svar/zips/Stegsj_n/654652-159513-kartor/web/tiles-3-2187_Stegsjön_654652-159513.dzi ... upload error (manifest): Invalid key: svar/zips/Stegsj_n/654652-159513-kartor/web/tiles-3-2187_Stegsjön_654652-159513.dzi
[2872/4303] svar/zips/Stenabrosj_n/625034-141566-kartor/web/tiles-3-2634_Stenabrosjön_625034-141566.dzi ... upload error (manifest): Invalid key: svar/zips/Stenabrosj_n/625034-141566-kartor/web/tiles-3-2634_Stenabrosjön_625034-141566.dzi
[2873/4303] svar/zips/Stenasj_/634261-149113-kartor/web/tiles-3-3778_Stenasjö_634261-149113a.dzi ... upload error (manifest): Invalid key: svar/zips/Stenasj_/634261-149113-kartor/web/tiles-3-3778_Stenasjö_634261-149113a.dzi
[2874/4303] svar/zips/Stenb_ckesj_n/634220-153138-kartor/web/tiles-3-3110_Stenbäckesjön_634220-153138.dzi ... upload error (manifest): Invalid key: svar/zips/Stenb_ckesj_n/634220-153138-kartor/web/tiles-3-3110_Stenbäckesjön_634220-153138.dzi
[2875/4303] svar/zips/Stendammen/644056-128151-kartor/web/tiles-2-1012_Stendammen_644056-128151.dzi ... done • ETA ~ 2m 20s
[2876/4303] svar/zips/Stendammen/644056-128151-kartor/web/tiles-3-4817_Stendammen_644056-128151.dzi ... done • ETA ~ 2m 20s
[2877/4303] svar/zips/Steng_rdshultasj_n/638317-138010-kartor/web/tiles-3-6416_Stengårdshultasjön_638317-138010.dzi ... upload error (manifest): Invalid key: svar/zips/Steng_rdshultasj_n/638317-138010-kartor/web/tiles-3-6416_Stengårdshultasjön_638317-138010.dzi
[2878/4303] svar/zips/Stensj_/637706-139092-kartor/web/tiles-3-0848_Stensjö_637706-139092.dzi ... upload error (manifest): Invalid key: svar/zips/Stensj_/637706-139092-kartor/web/tiles-3-0848_Stensjö_637706-139092.dzi
[2879/4303] svar/zips/Stensj_/638030-128212-kartor/web/tiles-2-0188_Stensjö_638030-128212.dzi ... upload error (manifest): Invalid key: svar/zips/Stensj_/638030-128212-kartor/web/tiles-2-0188_Stensjö_638030-128212.dzi
[2880/4303] svar/zips/Stensj_/638030-128212-kartor/web/tiles-3-2892_Stensjön_638030-128212.dzi ... upload error (manifest): Invalid key: svar/zips/Stensj_/638030-128212-kartor/web/tiles-3-2892_Stensjön_638030-128212.dzi
[2881/4303] svar/zips/Stensj_n/624621-147049-kartor/web/tiles-3-2858_Stensjön_624621-147049.dzi ... upload error (manifest): Invalid key: svar/zips/Stensj_n/624621-147049-kartor/web/tiles-3-2858_Stensjön_624621-147049.dzi
[2882/4303] svar/zips/Stensj_n/625127-140425-kartor/web/tiles-3-2161_Stensjön_625127-140425.dzi ... upload error (manifest): Invalid key: svar/zips/Stensj_n/625127-140425-kartor/web/tiles-3-2161_Stensjön_625127-140425.dzi
[2883/4303] svar/zips/Stensj_n/625392-144817-kartor/web/tiles-3-2960_Stensjön_625392-144817.dzi ... upload error (manifest): Invalid key: svar/zips/Stensj_n/625392-144817-kartor/web/tiles-3-2960_Stensjön_625392-144817.dzi
[2884/4303] svar/zips/Stensj_n/625910-146948-kartor/web/tiles-2-0280_Stensjön_625910-146948.dzi ... upload error (manifest): Invalid key: svar/zips/Stensj_n/625910-146948-kartor/web/tiles-2-0280_Stensjön_625910-146948.dzi
[2885/4303] svar/zips/Stensj_n/629520-139912-kartor/web/tiles-3-0826_Stensjön_629520-139912.dzi ... upload error (manifest): Invalid key: svar/zips/Stensj_n/629520-139912-kartor/web/tiles-3-0826_Stensjön_629520-139912.dzi
[2886/4303] svar/zips/Stensj_n/630746-150410-kartor/web/tiles-3-3868_Stensjön_630746-150410a.dzi ... upload error (manifest): Invalid key: svar/zips/Stensj_n/630746-150410-kartor/web/tiles-3-3868_Stensjön_630746-150410a.dzi
[2887/4303] svar/zips/Stensj_n/630746-150410-kartor/web/tiles-3-3868_Stensjön_630746-150410b.dzi ... upload error (manifest): Invalid key: svar/zips/Stensj_n/630746-150410-kartor/web/tiles-3-3868_Stensjön_630746-150410b.dzi
[2888/4303] svar/zips/Stensj_n/631743-151801-kartor/web/tiles-3-2365_Stensjön_631743-151801.dzi ... upload error (manifest): Invalid key: svar/zips/Stensj_n/631743-151801-kartor/web/tiles-3-2365_Stensjön_631743-151801.dzi
[2889/4303] svar/zips/Stensj_n/631743-151801-kartor/web/tiles-3-3831_Stensjön_631743-151801a.dzi ... upload error (manifest): Invalid key: svar/zips/Stensj_n/631743-151801-kartor/web/tiles-3-3831_Stensjön_631743-151801a.dzi
[2890/4303] svar/zips/Stensj_n/631743-151801-kartor/web/tiles-3-3831_Stensjön_631743-151801b.dzi ... upload error (manifest): Invalid key: svar/zips/Stensj_n/631743-151801-kartor/web/tiles-3-3831_Stensjön_631743-151801b.dzi
[2891/4303] svar/zips/Stensj_n/632678-133049-kartor/web/tiles-3-6445_Stensjön_632678-133049.dzi ... upload error (manifest): Invalid key: svar/zips/Stensj_n/632678-133049-kartor/web/tiles-3-6445_Stensjön_632678-133049.dzi
[2892/4303] svar/zips/Stensj_n/632678-133049-kartor/web/tiles-5-1027_Stensjön_632678-133049.dzi ... upload error (manifest): Invalid key: svar/zips/Stensj_n/632678-133049-kartor/web/tiles-5-1027_Stensjön_632678-133049.dzi
[2893/4303] svar/zips/Stensj_n/633113-133146-kartor/web/tiles-3-5178_Stensjön_633113-133146a.dzi ... upload error (manifest): Invalid key: svar/zips/Stensj_n/633113-133146-kartor/web/tiles-3-5178_Stensjön_633113-133146a.dzi
[2894/4303] svar/zips/Stensj_n/633113-133146-kartor/web/tiles-3-5178_Stensjön_633113-133146b.dzi ... upload error (manifest): Invalid key: svar/zips/Stensj_n/633113-133146-kartor/web/tiles-3-5178_Stensjön_633113-133146b.dzi
[2895/4303] svar/zips/Stensj_n/633113-133146-kartor/web/tiles-3-5178_Stensjön_633113-133146c.dzi ... upload error (manifest): Invalid key: svar/zips/Stensj_n/633113-133146-kartor/web/tiles-3-5178_Stensjön_633113-133146c.dzi
[2896/4303] svar/zips/Stensj_n/633113-133146-kartor/web/tiles-3-5178_Stensjön_633113-133146d.dzi ... upload error (manifest): Invalid key: svar/zips/Stensj_n/633113-133146-kartor/web/tiles-3-5178_Stensjön_633113-133146d.dzi
[2897/4303] svar/zips/Stensj_n/633113-133146-kartor/web/tiles-3-6705_Stensjön_633113-133146.dzi ... upload error (manifest): Invalid key: svar/zips/Stensj_n/633113-133146-kartor/web/tiles-3-6705_Stensjön_633113-133146.dzi
[2898/4303] svar/zips/Stensj_n/634242-152903-kartor/web/tiles-3-2762_Stensjön_634242-152903.dzi ... upload error (manifest): Invalid key: svar/zips/Stensj_n/634242-152903-kartor/web/tiles-3-2762_Stensjön_634242-152903.dzi
[2899/4303] svar/zips/Stensj_n/634807-146779-kartor/web/tiles-3-3960_Stensjön_634807-146779.dzi ... upload error (manifest): Invalid key: svar/zips/Stensj_n/634807-146779-kartor/web/tiles-3-3960_Stensjön_634807-146779.dzi
[2900/4303] svar/zips/Stensj_n/636053-151379-kartor/web/tiles-1-0236_Stensjön_636053-151379.dzi ... upload error (manifest): Invalid key: svar/zips/Stensj_n/636053-151379-kartor/web/tiles-1-0236_Stensjön_636053-151379.dzi
[2901/4303] svar/zips/Stensj_n/636242-150961-kartor/web/tiles-3-2882_Stensjön_636242-150961.dzi ... upload error (manifest): Invalid key: svar/zips/Stensj_n/636242-150961-kartor/web/tiles-3-2882_Stensjön_636242-150961.dzi
[2902/4303] svar/zips/Stensj_n/636511-149667-kartor/web/tiles-3-2295_Stensjön_636511-149667.dzi ... upload error (manifest): Invalid key: svar/zips/Stensj_n/636511-149667-kartor/web/tiles-3-2295_Stensjön_636511-149667.dzi
[2903/4303] svar/zips/Stensj_n/637184-144848-kartor/web/tiles-3-3961_Stensjön_637184-144848.dzi ... upload error (manifest): Invalid key: svar/zips/Stensj_n/637184-144848-kartor/web/tiles-3-3961_Stensjön_637184-144848.dzi
[2904/4303] svar/zips/Stensj_n/637688-138716-kartor/web/tiles-3-4160_Stensjön_637688-138716.dzi ... upload error (manifest): Invalid key: svar/zips/Stensj_n/637688-138716-kartor/web/tiles-3-4160_Stensjön_637688-138716.dzi
[2905/4303] svar/zips/Stensj_n/639651-131292-kartor/web/tiles-2-0860_Stensjön_639651-131292.dzi ... upload error (manifest): Invalid key: svar/zips/Stensj_n/639651-131292-kartor/web/tiles-2-0860_Stensjön_639651-131292.dzi
[2906/4303] svar/zips/Stensj_n/639849-127544-kartor/web/tiles-0-0071_Stensjön_639849-127544.dzi ... upload error (manifest): Invalid key: svar/zips/Stensj_n/639849-127544-kartor/web/tiles-0-0071_Stensjön_639849-127544.dzi
[2907/4303] svar/zips/Stensj_n/639849-127544-kartor/web/tiles-2-0202_Stensjön_639849-127544.dzi ... upload error (manifest): Invalid key: svar/zips/Stensj_n/639849-127544-kartor/web/tiles-2-0202_Stensjön_639849-127544.dzi
[2908/4303] svar/zips/Stensj_n/639849-127544-kartor/web/tiles-3-1081_Stensjön_639849-127544.dzi ... upload error (manifest): Invalid key: svar/zips/Stensj_n/639849-127544-kartor/web/tiles-3-1081_Stensjön_639849-127544.dzi
[2909/4303] svar/zips/Stensj_n/639849-127544-kartor/web/tiles-3-1089_Stensjön_639849-127544.dzi ... upload error (manifest): Invalid key: svar/zips/Stensj_n/639849-127544-kartor/web/tiles-3-1089_Stensjön_639849-127544.dzi
[2910/4303] svar/zips/Stensj_n/639856-145787-kartor/web/tiles-3-4591_Stensjön_639856-145787.dzi ... upload error (manifest): Invalid key: svar/zips/Stensj_n/639856-145787-kartor/web/tiles-3-4591_Stensjön_639856-145787.dzi
[2911/4303] svar/zips/Stensj_n/640333-141495-kartor/web/tiles-3-0729_Stensjön_640333-141495.dzi ... upload error (manifest): Invalid key: svar/zips/Stensj_n/640333-141495-kartor/web/tiles-3-0729_Stensjön_640333-141495.dzi
[2912/4303] svar/zips/Stensj_n/640333-141495-kartor/web/tiles-3-2577_Stensjön_640333-141495.dzi ... upload error (manifest): Invalid key: svar/zips/Stensj_n/640333-141495-kartor/web/tiles-3-2577_Stensjön_640333-141495.dzi
[2913/4303] svar/zips/Stensj_n/640333-141495-kartor/web/tiles-3-6676_Stensjön_640333-141495.dzi ... upload error (manifest): Invalid key: svar/zips/Stensj_n/640333-141495-kartor/web/tiles-3-6676_Stensjön_640333-141495.dzi
[2914/4303] svar/zips/Stensj_n/640634-148167-kartor/web/tiles-3-3637_Stensjön_640634-148167.dzi ... upload error (manifest): Invalid key: svar/zips/Stensj_n/640634-148167-kartor/web/tiles-3-3637_Stensjön_640634-148167.dzi
[2915/4303] svar/zips/Stensj_n/640723-148880-kartor/web/tiles-5-0418_Stensjön_640723-148880.dzi ... upload error (manifest): Invalid key: svar/zips/Stensj_n/640723-148880-kartor/web/tiles-5-0418_Stensjön_640723-148880.dzi
[2916/4303] svar/zips/Stensj_n/640930-129556-kartor/web/tiles-3-4813_Stensjön_640930-129556.dzi ... upload error (manifest): Invalid key: svar/zips/Stensj_n/640930-129556-kartor/web/tiles-3-4813_Stensjön_640930-129556.dzi
[2917/4303] svar/zips/Stensj_n/641925-131971-kartor/web/tiles-3-5287_Stensjön_641925-131971.dzi ... upload error (manifest): Invalid key: svar/zips/Stensj_n/641925-131971-kartor/web/tiles-3-5287_Stensjön_641925-131971.dzi
[2918/4303] svar/zips/Stensj_n/643868-151591-kartor/web/tiles-3-3263_Stensjön_643868-151591.dzi ... upload error (manifest): Invalid key: svar/zips/Stensj_n/643868-151591-kartor/web/tiles-3-3263_Stensjön_643868-151591.dzi
[2919/4303] svar/zips/Stensj_n/651703-150497-kartor/web/tiles-3-2769_Stensjön_651703-150497.dzi ... upload error (manifest): Invalid key: svar/zips/Stensj_n/651703-150497-kartor/web/tiles-3-2769_Stensjön_651703-150497.dzi
[2920/4303] svar/zips/Stensj_n/652572-152505-kartor/web/tiles-3-5629_Stensjön_652572-152505.dzi ... upload error (manifest): Invalid key: svar/zips/Stensj_n/652572-152505-kartor/web/tiles-3-5629_Stensjön_652572-152505.dzi
[2921/4303] svar/zips/Stensj_n/656419-164404-kartor/web/tiles-3-1887_Lanan_656419-164404.dzi ... done • ETA ~ 2m 15s
[2922/4303] svar/zips/Stensj_n/656419-164404-kartor/web/tiles-3-1888_Stensjön_656419-164404.dzi ... upload error (manifest): Invalid key: svar/zips/Stensj_n/656419-164404-kartor/web/tiles-3-1888_Stensjön_656419-164404.dzi
[2923/4303] svar/zips/Stensj_n/656419-164404-kartor/web/tiles-3-6418_Stensjön_656419-164404.dzi ... upload error (manifest): Invalid key: svar/zips/Stensj_n/656419-164404-kartor/web/tiles-3-6418_Stensjön_656419-164404.dzi
[2924/4303] svar/zips/Sticksj_n/653928-158187-kartor/web/tiles-2-0377_Sticksjön_653928-158187a.dzi ... upload error (manifest): Invalid key: svar/zips/Sticksj_n/653928-158187-kartor/web/tiles-2-0377_Sticksjön_653928-158187a.dzi
[2925/4303] svar/zips/Sticksj_n/653928-158187-kartor/web/tiles-2-0377_Sticksjön_653928-158187b.dzi ... upload error (manifest): Invalid key: svar/zips/Sticksj_n/653928-158187-kartor/web/tiles-2-0377_Sticksjön_653928-158187b.dzi
[2926/4303] svar/zips/Stigag_l/635816-147705-kartor/web/tiles-3-3962_Stigagöl_635816-147705.dzi ... upload error (manifest): Invalid key: svar/zips/Stigag_l/635816-147705-kartor/web/tiles-3-3962_Stigagöl_635816-147705.dzi
[2927/4303] svar/zips/Stigtorpeg_len/651492-148887-kartor/web/tiles-3-2895_Stigstorpegölen_651492-148887.dzi ... upload error (manifest): Invalid key: svar/zips/Stigtorpeg_len/651492-148887-kartor/web/tiles-3-2895_Stigstorpegölen_651492-148887.dzi
[2928/4303] svar/zips/Stockarydsg_len/635464-142794-kartor/web/tiles-3-5535_Stockarydsgölen_635464-142794.dzi ... upload error (manifest): Invalid key: svar/zips/Stockarydsg_len/635464-142794-kartor/web/tiles-3-5535_Stockarydsgölen_635464-142794.dzi
[2929/4303] svar/zips/Stockasj_n/639408-130366-kartor/web/tiles-3-3976_Stockasjön_639408-130366.dzi ... upload error (manifest): Invalid key: svar/zips/Stockasj_n/639408-130366-kartor/web/tiles-3-3976_Stockasjön_639408-130366.dzi
[2930/4303] svar/zips/Stockasj_n/640477-131413-kartor/web/tiles-3-5117_Stockasjön_640477-131413.dzi ... upload error (manifest): Invalid key: svar/zips/Stockasj_n/640477-131413-kartor/web/tiles-3-5117_Stockasjön_640477-131413.dzi
[2931/4303] svar/zips/Stockerydsj_n/639710-145370-kartor/web/tiles-3-5198_Stockerydsjön_639710-145370.dzi ... upload error (manifest): Invalid key: svar/zips/Stockerydsj_n/639710-145370-kartor/web/tiles-3-5198_Stockerydsjön_639710-145370.dzi
[2932/4303] svar/zips/Stockg_l/635611-145366-kartor/web/tiles-3-3355_Stocksgöl_635611-145366.dzi ... upload error (manifest): Invalid key: svar/zips/Stockg_l/635611-145366-kartor/web/tiles-3-3355_Stocksgöl_635611-145366.dzi
[2933/4303] svar/zips/Stocksj_n/650874-151419-kartor/web/tiles-2-0848_Stocksjön_650874-151419.dzi ... upload error (manifest): Invalid key: svar/zips/Stocksj_n/650874-151419-kartor/web/tiles-2-0848_Stocksjön_650874-151419.dzi
[2934/4303] svar/zips/Stomsj_/642416-133244-kartor/web/tiles-3-3896_Stomsjön_642416-133244a.dzi ... upload error (manifest): Invalid key: svar/zips/Stomsj_/642416-133244-kartor/web/tiles-3-3896_Stomsjön_642416-133244a.dzi
[2935/4303] svar/zips/Stomsj_/642416-133244-kartor/web/tiles-3-3896_Stomsjön_642416-133244b.dzi ... upload error (manifest): Invalid key: svar/zips/Stomsj_/642416-133244-kartor/web/tiles-3-3896_Stomsjön_642416-133244b.dzi
[2936/4303] svar/zips/Stor-Bj_rken/655695-142624-kartor/web/tiles-1-0162_Stor-Björken_655695-142624.dzi ... upload error (manifest): Invalid key: svar/zips/Stor-Bj_rken/655695-142624-kartor/web/tiles-1-0162_Stor-Björken_655695-142624.dzi
[2937/4303] svar/zips/Storarydsdammen/622184-134637-kartor/web/tiles-3-3456_Storarydsdammen norra delen_622184-134637.dzi ... done • ETA ~ 2m 13s
[2938/4303] svar/zips/Storarydsdammen/622184-134637-kartor/web/tiles-3-3456_Storarydsdammen södra delen_622184-134637.dzi ... upload error (manifest): Invalid key: svar/zips/Storarydsdammen/622184-134637-kartor/web/tiles-3-3456_Storarydsdammen södra delen_622184-134637.dzi
[2939/4303] svar/zips/Storasj_n/634965-132822-kartor/web/tiles-3-4866_Storasjön_634965-132822a.dzi ... upload error (manifest): Invalid key: svar/zips/Storasj_n/634965-132822-kartor/web/tiles-3-4866_Storasjön_634965-132822a.dzi
[2940/4303] svar/zips/Storasj_n/634965-132822-kartor/web/tiles-3-4866_Storasjön_634965-132822b.dzi ... upload error (manifest): Invalid key: svar/zips/Storasj_n/634965-132822-kartor/web/tiles-3-4866_Storasjön_634965-132822b.dzi
[2941/4303] svar/zips/Storasj_n/634965-132822-kartor/web/tiles-3-6672_Storasjön_634965-132822.dzi ... upload error (manifest): Invalid key: svar/zips/Storasj_n/634965-132822-kartor/web/tiles-3-6672_Storasjön_634965-132822.dzi
[2942/4303] svar/zips/Storasj_n/635010-134905-kartor/web/tiles-3-2550_Storasjön_635010-134905.dzi ... upload error (manifest): Invalid key: svar/zips/Storasj_n/635010-134905-kartor/web/tiles-3-2550_Storasjön_635010-134905.dzi
[2943/4303] svar/zips/Stora_Abborrasj_n/638437-132494-kartor/web/tiles-2-0858_Stora Abborrasjön_638437-132494.dzi ... upload error (manifest): Invalid key: svar/zips/Stora_Abborrasj_n/638437-132494-kartor/web/tiles-2-0858_Stora Abborrasjön_638437-132494.dzi
[2944/4303] svar/zips/Stora_Agnsj_n/636557-129868-kartor/web/tiles-3-4872_Stora Agnsjön_636557-129868.dzi ... upload error (manifest): Invalid key: svar/zips/Stora_Agnsj_n/636557-129868-kartor/web/tiles-3-4872_Stora Agnsjön_636557-129868.dzi
[2945/4303] svar/zips/Stora_Alek_rrsvattnet/646614-128069-kartor/web/tiles-3-3537_Stora Alekärrsvattnet_646614-128069.dzi ... upload error (manifest): Invalid key: svar/zips/Stora_Alek_rrsvattnet/646614-128069-kartor/web/tiles-3-3537_Stora Alekärrsvattnet_646614-128069.dzi
[2946/4303] svar/zips/Stora_Allgunnen/631042-134482-kartor/web/tiles-1-0319_Stora Allgunnen_631042-134482.dzi ... done • ETA ~ 2m 13s
[2947/4303] svar/zips/Stora_Allgunnen/631042-134482-kartor/web/tiles-3-6534_Stora Allgunnen_631042-134482.dzi ... done • ETA ~ 2m 12s
[2948/4303] svar/zips/Stora_Alljungen/624926-148106-kartor/web/tiles-3-2826_Stora Alljungen_624926-148106.dzi ... done • ETA ~ 2m 12s
[2949/4303] svar/zips/Stora_Alsj_n/655469-159188-kartor/web/tiles-3-1882_Stora Alsjön_655469-159188.dzi ... upload error (manifest): Invalid key: svar/zips/Stora_Alsj_n/655469-159188-kartor/web/tiles-3-1882_Stora Alsjön_655469-159188.dzi
[2950/4303] svar/zips/Stora_Angsj_n/624631-146208-kartor/web/tiles-3-2824_Stora Angsjön_624631-146208.dzi ... upload error (manifest): Invalid key: svar/zips/Stora_Angsj_n/624631-146208-kartor/web/tiles-3-2824_Stora Angsjön_624631-146208.dzi
[2951/4303] svar/zips/Stora_Angsj_n/624631-146208-kartor/web/tiles-3-3170_Stora Angsjön_624631-146208.dzi ... upload error (manifest): Invalid key: svar/zips/Stora_Angsj_n/624631-146208-kartor/web/tiles-3-3170_Stora Angsjön_624631-146208.dzi
[2952/4303] svar/zips/Stora_Angsj_n/633291-131140-kartor/web/tiles-3-5185_Stora Angsjön_633291-131140a.dzi ... upload error (manifest): Invalid key: svar/zips/Stora_Angsj_n/633291-131140-kartor/web/tiles-3-5185_Stora Angsjön_633291-131140a.dzi
[2953/4303] svar/zips/Stora_Angsj_n/633291-131140-kartor/web/tiles-3-5185_Stora Angsjön_633291-131140b.dzi ... upload error (manifest): Invalid key: svar/zips/Stora_Angsj_n/633291-131140-kartor/web/tiles-3-5185_Stora Angsjön_633291-131140b.dzi
[2954/4303] svar/zips/Stora_Angsj_n/633291-131140-kartor/web/tiles-3-5185_Stora Angsjön_633291-131140c.dzi ... upload error (manifest): Invalid key: svar/zips/Stora_Angsj_n/633291-131140-kartor/web/tiles-3-5185_Stora Angsjön_633291-131140c.dzi
[2955/4303] svar/zips/Stora_Angsj_n/633291-131140-kartor/web/tiles-3-5185_Stora Angsjön_633291-131140d.dzi ... upload error (manifest): Invalid key: svar/zips/Stora_Angsj_n/633291-131140-kartor/web/tiles-3-5185_Stora Angsjön_633291-131140d.dzi
[2956/4303] svar/zips/Stora_Asj_n/633731-130485-kartor/web/tiles-3-2252_Stora Asjön_633731-130485.dzi ... upload error (manifest): Invalid key: svar/zips/Stora_Asj_n/633731-130485-kartor/web/tiles-3-2252_Stora Asjön_633731-130485.dzi
[2957/4303] svar/zips/Stora_Asj_n/633731-130485-kartor/web/tiles-3-6604_Stora Asjön_633731-130485.dzi ... upload error (manifest): Invalid key: svar/zips/Stora_Asj_n/633731-130485-kartor/web/tiles-3-6604_Stora Asjön_633731-130485.dzi
[2958/4303] svar/zips/Stora_Asj_n/634522-130777-kartor/web/tiles-3-3548_Stora Asjön_634522-130777.dzi ... upload error (manifest): Invalid key: svar/zips/Stora_Asj_n/634522-130777-kartor/web/tiles-3-3548_Stora Asjön_634522-130777.dzi
[2959/4303] svar/zips/Stora_Askaken/634075-134103-kartor/web/tiles-3-5662_Stora Askaken_634075-134103.dzi ... done • ETA ~ 2m 11s
[2960/4303] svar/zips/Stora_Ballagyl/624478-144188-kartor/web/tiles-3-5932_Stora Ballagyl_624478-144188.dzi ... done • ETA ~ 2m 11s
[2961/4303] svar/zips/Stora_Barrsj_n/638312-131340-kartor/web/tiles-3-4873_Stora Barrsjön_638312-131340.dzi ... upload error (manifest): Invalid key: svar/zips/Stora_Barrsj_n/638312-131340-kartor/web/tiles-3-4873_Stora Barrsjön_638312-131340.dzi
[2962/4303] svar/zips/Stora_Bastan/623863-147160-kartor/web/tiles-3-0771_Stora Bastan_623863-147160.dzi ... done • ETA ~ 2m 11s
[2963/4303] svar/zips/Stora_Bellen/637794-147338-kartor/web/tiles-3-0746_Stora Bellen_637794-147338.dzi ... done • ETA ~ 2m 11s
[2964/4303] svar/zips/Stora_Bellen/637794-147338-kartor/web/tiles-3-3044_Stora Bellen_637794-147338.dzi ... done • ETA ~ 2m 11s
[2965/4303] svar/zips/Stora_Bjurevattnet/644061-127578-kartor/web/tiles-3-3988_Stora Bjurevattnet_644061-127578.dzi ... done • ETA ~ 2m 11s
[2966/4303] svar/zips/Stora_Bj_rken/641975-134943-kartor/web/tiles-3-4875_Stora Björken_641975-134943.dzi ... upload error (manifest): Invalid key: svar/zips/Stora_Bj_rken/641975-134943-kartor/web/tiles-3-4875_Stora Björken_641975-134943.dzi
[2967/4303] svar/zips/Stora_Bj_rk_rr/643617-127715-kartor/web/tiles-3-0939_Stora Björkärr_643617-127715.dzi ... upload error (manifest): Invalid key: svar/zips/Stora_Bj_rk_rr/643617-127715-kartor/web/tiles-3-0939_Stora Björkärr_643617-127715.dzi
[2968/4303] svar/zips/Stora_Bj_rsj_n/641990-128017-kartor/web/tiles-3-0969_Björsjön_641990-128017.dzi ... upload error (manifest): Invalid key: svar/zips/Stora_Bj_rsj_n/641990-128017-kartor/web/tiles-3-0969_Björsjön_641990-128017.dzi
[2969/4303] svar/zips/Stora_Blanken/625446-147349-kartor/web/tiles-3-0763_Stora Blanken_625446-147349.dzi ... done • ETA ~ 2m 10s
[2970/4303] svar/zips/Stora_Bodasj_n/643305-130453-kartor/web/tiles-3-1005_Stora Bodasjön_643305-130453.dzi ... upload error (manifest): Invalid key: svar/zips/Stora_Bodasj_n/643305-130453-kartor/web/tiles-3-1005_Stora Bodasjön_643305-130453.dzi
[2971/4303] svar/zips/Stora_B_ckasj_n/625290-142236-kartor/web/tiles-3-2638_Stora Bäckasjön_625290-142236.dzi ... upload error (manifest): Invalid key: svar/zips/Stora_B_ckasj_n/625290-142236-kartor/web/tiles-3-2638_Stora Bäckasjön_625290-142236.dzi
[2972/4303] svar/zips/Stora_B_lgsj_n/633255-131619-kartor/web/tiles-3-5214_Stora Bälgsjön_633255-131619a.dzi ... upload error (manifest): Invalid key: svar/zips/Stora_B_lgsj_n/633255-131619-kartor/web/tiles-3-5214_Stora Bälgsjön_633255-131619a.dzi
[2973/4303] svar/zips/Stora_B_lgsj_n/633255-131619-kartor/web/tiles-3-5214_Stora Bälgsjön_633255-131619b.dzi ... upload error (manifest): Invalid key: svar/zips/Stora_B_lgsj_n/633255-131619-kartor/web/tiles-3-5214_Stora Bälgsjön_633255-131619b.dzi
[2974/4303] svar/zips/Stora_B_lgsj_n/633255-131619-kartor/web/tiles-3-5214_Stora Bälgsjön_633255-131619c.dzi ... upload error (manifest): Invalid key: svar/zips/Stora_B_lgsj_n/633255-131619-kartor/web/tiles-3-5214_Stora Bälgsjön_633255-131619c.dzi
[2975/4303] svar/zips/Stora_Dalsj_n/640240-133965-kartor/web/tiles-2-0543_Stora Dalsjön_640240-133965.dzi ... upload error (manifest): Invalid key: svar/zips/Stora_Dalsj_n/640240-133965-kartor/web/tiles-2-0543_Stora Dalsjön_640240-133965.dzi
[2976/4303] svar/zips/Stora_Dalsj_n/640240-133965-kartor/web/tiles-3-0879_Stora Dalsjön_640240-133965.dzi ... upload error (manifest): Invalid key: svar/zips/Stora_Dalsj_n/640240-133965-kartor/web/tiles-3-0879_Stora Dalsjön_640240-133965.dzi
[2977/4303] svar/zips/Stora_Delsj_n/640259-127546-kartor/web/tiles-0-0077_Stora Delsjön_640259-127546.dzi ... upload error (manifest): Invalid key: svar/zips/Stora_Delsj_n/640259-127546-kartor/web/tiles-0-0077_Stora Delsjön_640259-127546.dzi
[2978/4303] svar/zips/Stora_Delsj_n/640259-127546-kartor/web/tiles-3-0973_Stora Delsjön_640259-127546.dzi ... upload error (manifest): Invalid key: svar/zips/Stora_Delsj_n/640259-127546-kartor/web/tiles-3-0973_Stora Delsjön_640259-127546.dzi
[2979/4303] svar/zips/Stora_Delsj_n/640259-127546-kartor/web/tiles-3-0975_Stora Delsjön västra delen_640259-127546.dzi ... upload error (manifest): Invalid key: svar/zips/Stora_Delsj_n/640259-127546-kartor/web/tiles-3-0975_Stora Delsjön västra delen_640259-127546.dzi
[2980/4303] svar/zips/Stora_Delsj_n/640259-127546-kartor/web/tiles-3-0976_Stora Delsjön östra delen_640259-127546.dzi ... upload error (manifest): Invalid key: svar/zips/Stora_Delsj_n/640259-127546-kartor/web/tiles-3-0976_Stora Delsjön östra delen_640259-127546.dzi
[2981/4303] svar/zips/Stora_Delsj_n/640259-127546-kartor/web/tiles-3-0977_Stora Delsjön_640259-127546.dzi ... upload error (manifest): Invalid key: svar/zips/Stora_Delsj_n/640259-127546-kartor/web/tiles-3-0977_Stora Delsjön_640259-127546.dzi
[2982/4303] svar/zips/Stora_Djup/646504-127612-kartor/web/tiles-3-1520_Stora Djup_646504-127612.dzi ... done • ETA ~ 2m 9s
[2983/4303] svar/zips/Stora_Djup/646504-127612-kartor/web/tiles-3-3469_Stora Djup_646504-127612.dzi ... done • ETA ~ 2m 9s
[2984/4303] svar/zips/Stora_Djupasj_n/636282-132788-kartor/web/tiles-3-4748_Stora Djupasjön_636282-132788.dzi ... upload error (manifest): Invalid key: svar/zips/Stora_Djupasj_n/636282-132788-kartor/web/tiles-3-4748_Stora Djupasjön_636282-132788.dzi
[2985/4303] svar/zips/Stora_Djupasj_n/636282-132788-kartor/web/tiles-3-6397_Stora Djupasjön_636282-132788a.dzi ... upload error (manifest): Invalid key: svar/zips/Stora_Djupasj_n/636282-132788-kartor/web/tiles-3-6397_Stora Djupasjön_636282-132788a.dzi
[2986/4303] svar/zips/Stora_Djupasj_n/636282-132788-kartor/web/tiles-3-6397_Stora Djupasjön_636282-132788b.dzi ... upload error (manifest): Invalid key: svar/zips/Stora_Djupasj_n/636282-132788-kartor/web/tiles-3-6397_Stora Djupasjön_636282-132788b.dzi
[2987/4303] svar/zips/Stora_Djupasj_n/636282-132788-kartor/web/tiles-5-1021_Stora Djupasjön_636282-132788.dzi ... upload error (manifest): Invalid key: svar/zips/Stora_Djupasj_n/636282-132788-kartor/web/tiles-5-1021_Stora Djupasjön_636282-132788.dzi
[2988/4303] svar/zips/Stora_Djursj_n/638720-128350-kartor/web/tiles-3-0909_Stora Djursjön_638720-128350.dzi ... upload error (manifest): Invalid key: svar/zips/Stora_Djursj_n/638720-128350-kartor/web/tiles-3-0909_Stora Djursjön_638720-128350.dzi
[2989/4303] svar/zips/Stora_Dj_knasj_n/650435-142799-kartor/web/tiles-3-6600_Stora Djäknasjön_650435-142799.dzi ... upload error (manifest): Invalid key: svar/zips/Stora_Dj_knasj_n/650435-142799-kartor/web/tiles-3-6600_Stora Djäknasjön_650435-142799.dzi
[2990/4303] svar/zips/Stora_Ekevattnet/650172-127021-kartor/web/tiles-3-2477_Stora Ekevattnet_650172-127021.dzi ... done • ETA ~ 2m 8s
[2991/4303] svar/zips/Stora_Eksj_/635521-129661-kartor/web/tiles-3-2256_Stora Eksjö_635521-129661.dzi ... upload error (manifest): Invalid key: svar/zips/Stora_Eksj_/635521-129661-kartor/web/tiles-3-2256_Stora Eksjö_635521-129661.dzi
[2992/4303] svar/zips/Stora_Env_ttern/655587-158869-kartor/web/tiles-1-0154_Stora Envättern_655587-158869.dzi ... upload error (manifest): Invalid key: svar/zips/Stora_Env_ttern/655587-158869-kartor/web/tiles-1-0154_Stora Envättern_655587-158869.dzi
[2993/4303] svar/zips/Stora_Env_ttern/655587-158869-kartor/web/tiles-5-1065_Stora Envättern_655587-158869.dzi ... upload error (manifest): Invalid key: svar/zips/Stora_Env_ttern/655587-158869-kartor/web/tiles-5-1065_Stora Envättern_655587-158869.dzi
[2994/4303] svar/zips/Stora_Fagersj_n/640147-148729-kartor/web/tiles-3-3631_Stora Fagersjön_640147-148729.dzi ... upload error (manifest): Invalid key: svar/zips/Stora_Fagersj_n/640147-148729-kartor/web/tiles-3-3631_Stora Fagersjön_640147-148729.dzi
[2995/4303] svar/zips/Stora_Fallsj_n/625442-142204-kartor/web/tiles-3-2643_Stora Fallsjön_625442-142204.dzi ... upload error (manifest): Invalid key: svar/zips/Stora_Fallsj_n/625442-142204-kartor/web/tiles-3-2643_Stora Fallsjön_625442-142204.dzi
[2996/4303] svar/zips/Stora_Fj_llsj_n/643005-130354-kartor/web/tiles-3-1009_Stora Fjällsjön_643005-130354.dzi ... upload error (manifest): Invalid key: svar/zips/Stora_Fj_llsj_n/643005-130354-kartor/web/tiles-3-1009_Stora Fjällsjön_643005-130354.dzi
[2997/4303] svar/zips/Stora_Fj_rsj_n/636746-150839-kartor/web/tiles-3-3762_Stora Fjärsjön_636746-150839a.dzi ... upload error (manifest): Invalid key: svar/zips/Stora_Fj_rsj_n/636746-150839-kartor/web/tiles-3-3762_Stora Fjärsjön_636746-150839a.dzi
[2998/4303] svar/zips/Stora_Fj_rsj_n/636746-150839-kartor/web/tiles-3-3762_Stora Fjärsjön_636746-150839b.dzi ... upload error (manifest): Invalid key: svar/zips/Stora_Fj_rsj_n/636746-150839-kartor/web/tiles-3-3762_Stora Fjärsjön_636746-150839b.dzi
[2999/4303] svar/zips/Stora_Flaten/632391-149866-kartor/web/tiles-3-2342_Store Flaten_632391-149866a.dzi ... done • ETA ~ 2m 7s
[3000/4303] svar/zips/Stora_Flaten/632391-149866-kartor/web/tiles-3-3841_Store Flaten_632391-149866a.dzi ... done • ETA ~ 2m 7s
[3001/4303] svar/zips/Stora_Flaten/632391-149866-kartor/web/tiles-3-3841_Store Flaten_632391-149866b.dzi ... done • ETA ~ 2m 7s
[3002/4303] svar/zips/Stora_F_bodsj_n/643226-130483-kartor/web/tiles-3-1011_Stora Fäbodsjön_643226-130483.dzi ... upload error (manifest): Invalid key: svar/zips/Stora_F_bodsj_n/643226-130483-kartor/web/tiles-3-1011_Stora Fäbodsjön_643226-130483.dzi
[3003/4303] svar/zips/Stora_F_rgen/632043-134980-kartor/web/tiles-3-0860_Stora Färgen_632043-134980.dzi ... upload error (manifest): Invalid key: svar/zips/Stora_F_rgen/632043-134980-kartor/web/tiles-3-0860_Stora Färgen_632043-134980.dzi
[3004/4303] svar/zips/Stora_F_rgen/642262-130589-kartor/web/tiles-3-1589_Stora Färgen_642262-130589.dzi ... upload error (manifest): Invalid key: svar/zips/Stora_F_rgen/642262-130589-kartor/web/tiles-3-1589_Stora Färgen_642262-130589.dzi
[3005/4303] svar/zips/Stora_F_sj_n/643830-131073-kartor/web/tiles-3-4745_Stora Fäsjön_643830-131073.dzi ... upload error (manifest): Invalid key: svar/zips/Stora_F_sj_n/643830-131073-kartor/web/tiles-3-4745_Stora Fäsjön_643830-131073.dzi
[3006/4303] svar/zips/Stora_Galten/646395-127963-kartor/web/tiles-3-1587_Stora Galten_646395-127963.dzi ... done • ETA ~ 2m 7s
[3007/4303] svar/zips/Stora_Galten/646395-127963-kartor/web/tiles-3-4256_Stora Galten_646395-127963.dzi ... done • ETA ~ 2m 7s
[3008/4303] svar/zips/Stora_Galtsj_n/625061-144827-kartor/web/tiles-3-3163_Stora Galtsjön_625061-144827.dzi ... upload error (manifest): Invalid key: svar/zips/Stora_Galtsj_n/625061-144827-kartor/web/tiles-3-3163_Stora Galtsjön_625061-144827.dzi
[3009/4303] svar/zips/Stora_Gang/643069-151404-kartor/web/tiles-3-3250_Stora Gang_643069-151404.dzi ... done • ETA ~ 2m 7s
[3010/4303] svar/zips/Stora_Garsj_n/633526-133700-kartor/web/tiles-3-5125_Stora Garsjön_633526-133700a.dzi ... upload error (manifest): Invalid key: svar/zips/Stora_Garsj_n/633526-133700-kartor/web/tiles-3-5125_Stora Garsjön_633526-133700a.dzi
[3011/4303] svar/zips/Stora_Garsj_n/633526-133700-kartor/web/tiles-3-5125_Stora Garsjön_633526-133700b.dzi ... upload error (manifest): Invalid key: svar/zips/Stora_Garsj_n/633526-133700-kartor/web/tiles-3-5125_Stora Garsjön_633526-133700b.dzi
[3012/4303] svar/zips/Stora_Gissletj_rn/640358-131022-kartor/web/tiles-3-3899_Stora Gissletjärn_640358-131022a.dzi ... upload error (manifest): Invalid key: svar/zips/Stora_Gissletj_rn/640358-131022-kartor/web/tiles-3-3899_Stora Gissletjärn_640358-131022a.dzi
[3013/4303] svar/zips/Stora_Gissletj_rn/640358-131022-kartor/web/tiles-3-3899_Stora Gissletjärn_640358-131022b.dzi ... upload error (manifest): Invalid key: svar/zips/Stora_Gissletj_rn/640358-131022-kartor/web/tiles-3-3899_Stora Gissletjärn_640358-131022b.dzi
[3014/4303] svar/zips/Stora_Granesj_n/635144-148040-kartor/web/tiles-3-3726_Stora Granesjön_635144-148040.dzi ... upload error (manifest): Invalid key: svar/zips/Stora_Granesj_n/635144-148040-kartor/web/tiles-3-3726_Stora Granesjön_635144-148040.dzi
[3015/4303] svar/zips/Stora_Gryten/652840-151589-kartor/web/tiles-3-6503_Stora Gryten_652840-151589.dzi ... done • ETA ~ 2m 6s
[3016/4303] svar/zips/Stora_Grytg_len/634586-153391-kartor/web/tiles-2-0340_Stora Grytgölen_634586-153391.dzi ... upload error (manifest): Invalid key: svar/zips/Stora_Grytg_len/634586-153391-kartor/web/tiles-2-0340_Stora Grytgölen_634586-153391.dzi
[3017/4303] svar/zips/Stora_Gr_g_s_Vattnet/648260-126853-kartor/web/tiles-3-3491_Stora Grågåsvattnet_648260-126853.dzi ... upload error (manifest): Invalid key: svar/zips/Stora_Gr_g_s_Vattnet/648260-126853-kartor/web/tiles-3-3491_Stora Grågåsvattnet_648260-126853.dzi
[3018/4303] svar/zips/Stora_Gr_nsj_n/639169-153664-kartor/web/tiles-3-3259_Stora Grönsjön_639169-153664.dzi ... upload error (manifest): Invalid key: svar/zips/Stora_Gr_nsj_n/639169-153664-kartor/web/tiles-3-3259_Stora Grönsjön_639169-153664.dzi
[3019/4303] svar/zips/Stora_Gr_ssj_n/631454-132695-kartor/web/tiles-3-5111_Stora Grässjön_631454-132695.dzi ... upload error (manifest): Invalid key: svar/zips/Stora_Gr_ssj_n/631454-132695-kartor/web/tiles-3-5111_Stora Grässjön_631454-132695.dzi
[3020/4303] svar/zips/Stora_Gr_tevatten/643780-127892-kartor/web/tiles-3-0956_Stora Grötevatten_643780-127892.dzi ... upload error (manifest): Invalid key: svar/zips/Stora_Gr_tevatten/643780-127892-kartor/web/tiles-3-0956_Stora Grötevatten_643780-127892.dzi
[3021/4303] svar/zips/Stora_Gullskivan/634443-132136-kartor/web/tiles-3-5174_Stora Gullskivan_634443-132136a.dzi ... done • ETA ~ 2m 5s
[3022/4303] svar/zips/Stora_Gullskivan/634443-132136-kartor/web/tiles-3-5174_Stora Gullskivan_634443-132136b.dzi ... done • ETA ~ 2m 5s
[3023/4303] svar/zips/Stora_Gullskivan/634443-132136-kartor/web/tiles-3-5174_Stora Gullskivan_634443-132136c.dzi ... done • ETA ~ 2m 5s
[3024/4303] svar/zips/Stora_Gunnarsvattnet/645222-127910-kartor/web/tiles-2-1016_Stora Gunnarsvattnet_645222-127910.dzi ... done • ETA ~ 2m 5s
[3025/4303] svar/zips/Stora_Gunnarsvattnet/645222-127910-kartor/web/tiles-3-4737_Stora Gunnarsvattnet_645222-127910.dzi ... done • ETA ~ 2m 5s
[3026/4303] svar/zips/Stora_Gunnesj_n/625072-147239-kartor/web/tiles-3-2852_Stora Gunnesjön_625072-147239.dzi ... upload error (manifest): Invalid key: svar/zips/Stora_Gunnesj_n/625072-147239-kartor/web/tiles-3-2852_Stora Gunnesjön_625072-147239.dzi
[3027/4303] svar/zips/Stora_G_ddevattenstj_r/652056-126103-kartor/web/tiles-3-1952_Stora Gäddevattenstjärn_652056-126103.dzi ... upload error (manifest): Invalid key: svar/zips/Stora_G_ddevattenstj_r/652056-126103-kartor/web/tiles-3-1952_Stora Gäddevattenstjärn_652056-126103.dzi
[3028/4303] svar/zips/Stora_G_ddg_len/624017-147153-kartor/web/tiles-3-0775_Stora Gäddgölen_624017-147153.dzi ... upload error (manifest): Invalid key: svar/zips/Stora_G_ddg_len/624017-147153-kartor/web/tiles-3-0775_Stora Gäddgölen_624017-147153.dzi
[3029/4303] svar/zips/Stora_G_l/633963-153392-kartor/web/tiles-5-0430_Stora Göl_633963-153392.dzi ... upload error (manifest): Invalid key: svar/zips/Stora_G_l/633963-153392-kartor/web/tiles-5-0430_Stora Göl_633963-153392.dzi
[3030/4303] svar/zips/Stora_Hagasj_/638416-132958-kartor/web/tiles-3-5116_Stora Hagasjö_638416-132958.dzi ... upload error (manifest): Invalid key: svar/zips/Stora_Hagasj_/638416-132958-kartor/web/tiles-3-5116_Stora Hagasjö_638416-132958.dzi
[3031/4303] svar/zips/Stora_Hallesj_n/641031-130764-kartor/web/tiles-3-0944_Stora Hallesjön_641031-130764a.dzi ... upload error (manifest): Invalid key: svar/zips/Stora_Hallesj_n/641031-130764-kartor/web/tiles-3-0944_Stora Hallesjön_641031-130764a.dzi
[3032/4303] svar/zips/Stora_Hallesj_n/641031-130764-kartor/web/tiles-3-0944_Stora Hallesjön_641031-130764b.dzi ... upload error (manifest): Invalid key: svar/zips/Stora_Hallesj_n/641031-130764-kartor/web/tiles-3-0944_Stora Hallesjön_641031-130764b.dzi
[3033/4303] svar/zips/Stora_Hall_ngen/635936-132488-kartor/web/tiles-2-0567_Stora Hallången_635936-132488.dzi ... upload error (manifest): Invalid key: svar/zips/Stora_Hall_ngen/635936-132488-kartor/web/tiles-2-0567_Stora Hallången_635936-132488.dzi
[3034/4303] svar/zips/Stora_Hall_ngen/635936-132488-kartor/web/tiles-3-6560_Stora Hallången_635936-132488.dzi ... upload error (manifest): Invalid key: svar/zips/Stora_Hall_ngen/635936-132488-kartor/web/tiles-3-6560_Stora Hallången_635936-132488.dzi
[3035/4303] svar/zips/Stora_Hall_ngen/635936-132488-kartor/web/tiles-5-1022_Stora Hallången_635936-132488.dzi ... upload error (manifest): Invalid key: svar/zips/Stora_Hall_ngen/635936-132488-kartor/web/tiles-5-1022_Stora Hallången_635936-132488.dzi
[3036/4303] svar/zips/Stora_Harsj_n/634532-144912-kartor/web/tiles-3-3730_Stora Harsjön_634532-144912.dzi ... upload error (manifest): Invalid key: svar/zips/Stora_Harsj_n/634532-144912-kartor/web/tiles-3-3730_Stora Harsjön_634532-144912.dzi
[3037/4303] svar/zips/Stora_Hasj_n/630285-133992-kartor/web/tiles-3-5093_Stora Hasjön_630285-133992.dzi ... upload error (manifest): Invalid key: svar/zips/Stora_Hasj_n/630285-133992-kartor/web/tiles-3-5093_Stora Hasjön_630285-133992.dzi
[3038/4303] svar/zips/Stora_Hassungaredssj_n/638944-128075-kartor/web/tiles-3-0912_Stora Hassungaredssjön_638944-128075.dzi ... upload error (manifest): Invalid key: svar/zips/Stora_Hassungaredssj_n/638944-128075-kartor/web/tiles-3-0912_Stora Hassungaredssjön_638944-128075.dzi
[3039/4303] svar/zips/Stora_Havsj_n/623931-149463-kartor/web/tiles-2-0659_Stora Havsjön_623931-149463.dzi ... upload error (manifest): Invalid key: svar/zips/Stora_Havsj_n/623931-149463-kartor/web/tiles-2-0659_Stora Havsjön_623931-149463.dzi
[3040/4303] svar/zips/Stora_Hemsj_n/655899-143216-kartor/web/tiles-2-0487_Stora Hemsjön_655899-143216a.dzi ... upload error (manifest): Invalid key: svar/zips/Stora_Hemsj_n/655899-143216-kartor/web/tiles-2-0487_Stora Hemsjön_655899-143216a.dzi
[3041/4303] svar/zips/Stora_Hemsj_n/655899-143216-kartor/web/tiles-2-0487_Stora Hemsjön_655899-143216b.dzi ... upload error (manifest): Invalid key: svar/zips/Stora_Hemsj_n/655899-143216-kartor/web/tiles-2-0487_Stora Hemsjön_655899-143216b.dzi
[3042/4303] svar/zips/Stora_Hensj_n/626258-145514-kartor/web/tiles-2-0147_Stora Hensjön_626258-145514.dzi ... upload error (manifest): Invalid key: svar/zips/Stora_Hensj_n/626258-145514-kartor/web/tiles-2-0147_Stora Hensjön_626258-145514.dzi
[3043/4303] svar/zips/Stora_Hissj_n/636525-133107-kartor/web/tiles-3-4877_Stora Hissjön_636525-133107.dzi ... upload error (manifest): Invalid key: svar/zips/Stora_Hissj_n/636525-133107-kartor/web/tiles-3-4877_Stora Hissjön_636525-133107.dzi
[3044/4303] svar/zips/Stora_Hjortsj_n/636855-149063-kartor/web/tiles-5-0431_Stora Hjortsjön_636855-149063.dzi ... upload error (manifest): Invalid key: svar/zips/Stora_Hjortsj_n/636855-149063-kartor/web/tiles-5-0431_Stora Hjortsjön_636855-149063.dzi
[3045/4303] svar/zips/Stora_Holmevatten/643572-127044-kartor/web/tiles-3-1539_Stora Holmevatten_643572-127044.dzi ... done • ETA ~ 2m 3s
[3046/4303] svar/zips/Stora_Holmevatten/651960-126392-kartor/web/tiles-3-1735_Stora Holmevatten_651960-126392.dzi ... done • ETA ~ 2m 3s
[3047/4303] svar/zips/Stora_Holmevattnet/646198-127700-kartor/web/tiles-3-3520_Stora Holmevattnet_646198-127700.dzi ... done • ETA ~ 2m 3s
[3048/4303] svar/zips/Stora_Hornsj_n/636512-129668-kartor/web/tiles-2-0564_Stora Hornsjön_636512-129668.dzi ... upload error (manifest): Invalid key: svar/zips/Stora_Hornsj_n/636512-129668-kartor/web/tiles-2-0564_Stora Hornsjön_636512-129668.dzi
[3049/4303] svar/zips/Stora_Hulesj_n/633332-136486-kartor/web/tiles-3-4587_Stora Hulesjön_633332-136486.dzi ... upload error (manifest): Invalid key: svar/zips/Stora_Hulesj_n/633332-136486-kartor/web/tiles-3-4587_Stora Hulesjön_633332-136486.dzi
[3050/4303] svar/zips/Stora_Hultag_len/627029-149536-kartor/web/tiles-5-0458_Stora Hultagölen_627029-149536.dzi ... upload error (manifest): Invalid key: svar/zips/Stora_Hultag_len/627029-149536-kartor/web/tiles-5-0458_Stora Hultagölen_627029-149536.dzi
[3051/4303] svar/zips/Stora_H_levatten/638970-128597-kartor/web/tiles-3-1846_Stora Hålevatten_638970-128597.dzi ... upload error (manifest): Invalid key: svar/zips/Stora_H_levatten/638970-128597-kartor/web/tiles-3-1846_Stora Hålevatten_638970-128597.dzi
[3052/4303] svar/zips/Stora_H_llesj_n/634605-152278-kartor/web/tiles-1-0243_Stora Hällesjön_634605-152278.dzi ... upload error (manifest): Invalid key: svar/zips/Stora_H_llesj_n/634605-152278-kartor/web/tiles-1-0243_Stora Hällesjön_634605-152278.dzi
[3053/4303] svar/zips/Stora_H_llungen/645239-127241-kartor/web/tiles-3-1527_Stora Hällungen_645239-127241.dzi ... upload error (manifest): Invalid key: svar/zips/Stora_H_llungen/645239-127241-kartor/web/tiles-3-1527_Stora Hällungen_645239-127241.dzi
[3054/4303] svar/zips/Stora_H_llungen/645239-127241-kartor/web/tiles-3-1529_Stora Hällungen_645239-127241.dzi ... upload error (manifest): Invalid key: svar/zips/Stora_H_llungen/645239-127241-kartor/web/tiles-3-1529_Stora Hällungen_645239-127241.dzi
[3055/4303] svar/zips/Stora_H_lsj_n/638694-131285-kartor/web/tiles-2-0189_Stora Hålsjön_638694-131285a.dzi ... upload error (manifest): Invalid key: svar/zips/Stora_H_lsj_n/638694-131285-kartor/web/tiles-2-0189_Stora Hålsjön_638694-131285a.dzi
[3056/4303] svar/zips/Stora_H_lsj_n/638694-131285-kartor/web/tiles-2-0189_Stora Hålsjön_638694-131285b.dzi ... upload error (manifest): Invalid key: svar/zips/Stora_H_lsj_n/638694-131285-kartor/web/tiles-2-0189_Stora Hålsjön_638694-131285b.dzi
[3057/4303] svar/zips/Stora_H_lsj_n/638694-131285-kartor/web/tiles-2-0189_Stora Hålsjön_638694-131285c.dzi ... upload error (manifest): Invalid key: svar/zips/Stora_H_lsj_n/638694-131285-kartor/web/tiles-2-0189_Stora Hålsjön_638694-131285c.dzi
[3058/4303] svar/zips/Stora_H_lsj_n/638694-131285-kartor/web/tiles-3-0882_Stora Hålsjön_638694-131285.dzi ... upload error (manifest): Invalid key: svar/zips/Stora_H_lsj_n/638694-131285-kartor/web/tiles-3-0882_Stora Hålsjön_638694-131285.dzi
[3059/4303] svar/zips/Stora_H_lsj_n/640164-127987-kartor/web/tiles-3-0982_Stora Hålsjön_640164-127987.dzi ... upload error (manifest): Invalid key: svar/zips/Stora_H_lsj_n/640164-127987-kartor/web/tiles-3-0982_Stora Hålsjön_640164-127987.dzi
[3060/4303] svar/zips/Stora_H_rsj_n/640364-129240-kartor/web/tiles-3-0952_Stora Härsjön_640364-129240.dzi ... upload error (manifest): Invalid key: svar/zips/Stora_H_rsj_n/640364-129240-kartor/web/tiles-3-0952_Stora Härsjön_640364-129240.dzi
[3061/4303] svar/zips/Stora_H_rsj_n/640364-129240-kartor/web/tiles-3-0953_Stora Härsjön_640364-129240.dzi ... upload error (manifest): Invalid key: svar/zips/Stora_H_rsj_n/640364-129240-kartor/web/tiles-3-0953_Stora Härsjön_640364-129240.dzi
[3062/4303] svar/zips/Stora_H_rsj_n/640364-129240-kartor/web/tiles-3-6415_Stora Härsjön_640364-129240.dzi ... upload error (manifest): Invalid key: svar/zips/Stora_H_rsj_n/640364-129240-kartor/web/tiles-3-6415_Stora Härsjön_640364-129240.dzi
[3063/4303] svar/zips/Stora_H_sj_/633700-140333-kartor/web/tiles-3-6486_Stora Hösjö_633700-140333.dzi ... upload error (manifest): Invalid key: svar/zips/Stora_H_sj_/633700-140333-kartor/web/tiles-3-6486_Stora Hösjö_633700-140333.dzi
[3064/4303] svar/zips/Stora_H_stefjorden/648665-128770-kartor/web/tiles-0-0145_Stora Hästefjorden_648665-128770.dzi ... upload error (manifest): Invalid key: svar/zips/Stora_H_stefjorden/648665-128770-kartor/web/tiles-0-0145_Stora Hästefjorden_648665-128770.dzi
[3065/4303] svar/zips/Stora_H_stevatten/644306-127730-kartor/web/tiles-3-4235_Stora Hästevatten_644306-127730.dzi ... upload error (manifest): Invalid key: svar/zips/Stora_H_stevatten/644306-127730-kartor/web/tiles-3-4235_Stora Hästevatten_644306-127730.dzi
[3066/4303] svar/zips/Stora_Iglak_rr/638120-128247-kartor/web/tiles-3-0901_Stora Iglakärr_638120-128247.dzi ... upload error (manifest): Invalid key: svar/zips/Stora_Iglak_rr/638120-128247-kartor/web/tiles-3-0901_Stora Iglakärr_638120-128247.dzi
[3067/4303] svar/zips/Stora_Iglasj_n/633919-135973-kartor/web/tiles-3-5119_Stora Iglasjön_633919-135973a.dzi ... upload error (manifest): Invalid key: svar/zips/Stora_Iglasj_n/633919-135973-kartor/web/tiles-3-5119_Stora Iglasjön_633919-135973a.dzi
[3068/4303] svar/zips/Stora_Iglasj_n/633919-135973-kartor/web/tiles-3-5119_Stora Iglasjön_633919-135973b.dzi ... upload error (manifest): Invalid key: svar/zips/Stora_Iglasj_n/633919-135973-kartor/web/tiles-3-5119_Stora Iglasjön_633919-135973b.dzi
[3069/4303] svar/zips/Stora_Iglasj_n/633919-135973-kartor/web/tiles-3-5119_Stora Iglasjön_633919-135973c.dzi ... upload error (manifest): Invalid key: svar/zips/Stora_Iglasj_n/633919-135973-kartor/web/tiles-3-5119_Stora Iglasjön_633919-135973c.dzi
[3070/4303] svar/zips/Stora_Illersj_n/651094-143610-kartor/web/tiles-3-6601_Stora Illersjön_651094-143610.dzi ... upload error (manifest): Invalid key: svar/zips/Stora_Illersj_n/651094-143610-kartor/web/tiles-3-6601_Stora Illersjön_651094-143610.dzi
[3071/4303] svar/zips/Stora_Issj_n/639521-128933-kartor/web/tiles-2-0190_Stora Issjön_639521-128933.dzi ... upload error (manifest): Invalid key: svar/zips/Stora_Issj_n/639521-128933-kartor/web/tiles-2-0190_Stora Issjön_639521-128933.dzi
[3072/4303] svar/zips/Stora_Karsg_l/638239-153326-kartor/web/tiles-3-3231_Stora Karsgöl_638239-153326a.dzi ... upload error (manifest): Invalid key: svar/zips/Stora_Karsg_l/638239-153326-kartor/web/tiles-3-3231_Stora Karsgöl_638239-153326a.dzi
[3073/4303] svar/zips/Stora_Karsg_l/638239-153326-kartor/web/tiles-3-3231_Stora Karsgöl_638239-153326b.dzi ... upload error (manifest): Invalid key: svar/zips/Stora_Karsg_l/638239-153326-kartor/web/tiles-3-3231_Stora Karsgöl_638239-153326b.dzi
[3074/4303] svar/zips/Stora_Kleven/641461-134162-kartor/web/tiles-3-4879_Stora Kleven_641461-134162.dzi ... done • ETA ~ 2m 0s
[3075/4303] svar/zips/Stora_Klevsj_n/643301-129640-kartor/web/tiles-2-0512_Stora Klevsjön_643301-129640.dzi ... upload error (manifest): Invalid key: svar/zips/Stora_Klevsj_n/643301-129640-kartor/web/tiles-2-0512_Stora Klevsjön_643301-129640.dzi
[3076/4303] svar/zips/Stora_Klevsj_n/643301-129640-kartor/web/tiles-3-6631_Stora Klevsjön_643301-129640.dzi ... upload error (manifest): Invalid key: svar/zips/Stora_Klevsj_n/643301-129640-kartor/web/tiles-3-6631_Stora Klevsjön_643301-129640.dzi
[3077/4303] svar/zips/Stora_Kolsj_n/640000-131951-kartor/web/tiles-2-1117_Stora Kolsjön_640000-131951.dzi ... upload error (manifest): Invalid key: svar/zips/Stora_Kolsj_n/640000-131951-kartor/web/tiles-2-1117_Stora Kolsjön_640000-131951.dzi
[3078/4303] svar/zips/Stora_Kringsj_n/653581-148411-kartor/web/tiles-5-0172_Stora Kringsjön_653581-148411.dzi ... upload error (manifest): Invalid key: svar/zips/Stora_Kringsj_n/653581-148411-kartor/web/tiles-5-0172_Stora Kringsjön_653581-148411.dzi
[3079/4303] svar/zips/Stora_Kroksj_n/623533-144115-kartor/web/tiles-3-5994_Stora Kroksjön_623533-144115.dzi ... upload error (manifest): Invalid key: svar/zips/Stora_Kroksj_n/623533-144115-kartor/web/tiles-3-5994_Stora Kroksjön_623533-144115.dzi
[3080/4303] svar/zips/Stora_Kroksj_n/625137-142692-kartor/web/tiles-3-2640_Stora Kroksjön_625137-142692.dzi ... upload error (manifest): Invalid key: svar/zips/Stora_Kroksj_n/625137-142692-kartor/web/tiles-3-2640_Stora Kroksjön_625137-142692.dzi
[3081/4303] svar/zips/Stora_Kroksj_n/630902-133865-kartor/web/tiles-3-5105_Stora Kroksjön_630902-133865.dzi ... upload error (manifest): Invalid key: svar/zips/Stora_Kroksj_n/630902-133865-kartor/web/tiles-3-5105_Stora Kroksjön_630902-133865.dzi
[3082/4303] svar/zips/Stora_Kroksj_n/635195-131602-kartor/web/tiles-3-5213_Stora Kroksjön_635195-131602a.dzi ... upload error (manifest): Invalid key: svar/zips/Stora_Kroksj_n/635195-131602-kartor/web/tiles-3-5213_Stora Kroksjön_635195-131602a.dzi
[3083/4303] svar/zips/Stora_Kroksj_n/635195-131602-kartor/web/tiles-3-5213_Stora Kroksjön_635195-131602b.dzi ... upload error (manifest): Invalid key: svar/zips/Stora_Kroksj_n/635195-131602-kartor/web/tiles-3-5213_Stora Kroksjön_635195-131602b.dzi
[3084/4303] svar/zips/Stora_Kroksj_n/635195-131602-kartor/web/tiles-3-5213_Stora Kroksjön_635195-131602c.dzi ... upload error (manifest): Invalid key: svar/zips/Stora_Kroksj_n/635195-131602-kartor/web/tiles-3-5213_Stora Kroksjön_635195-131602c.dzi
[3085/4303] svar/zips/Stora_Kroksj_n/635195-131602-kartor/web/tiles-3-5213_Stora Kroksjön_635195-131602d.dzi ... upload error (manifest): Invalid key: svar/zips/Stora_Kroksj_n/635195-131602-kartor/web/tiles-3-5213_Stora Kroksjön_635195-131602d.dzi
[3086/4303] svar/zips/Stora_Kroksj_n/635195-131602-kartor/web/tiles-3-5213_Stora Kroksjön_635195-131602e.dzi ... upload error (manifest): Invalid key: svar/zips/Stora_Kroksj_n/635195-131602-kartor/web/tiles-3-5213_Stora Kroksjön_635195-131602e.dzi
[3087/4303] svar/zips/Stora_Kroksj_n/635195-131602-kartor/web/tiles-3-5213_Stora Kroksjön_635195-131602f.dzi ... upload error (manifest): Invalid key: svar/zips/Stora_Kroksj_n/635195-131602-kartor/web/tiles-3-5213_Stora Kroksjön_635195-131602f.dzi
[3088/4303] svar/zips/Stora_Kroksj_n/635195-131602-kartor/web/tiles-3-6569_Stora Kroksjön_635195-131602.dzi ... upload error (manifest): Invalid key: svar/zips/Stora_Kroksj_n/635195-131602-kartor/web/tiles-3-6569_Stora Kroksjön_635195-131602.dzi
[3089/4303] svar/zips/Stora_Kroksj_n/635195-131602-kartor/web/tiles-5-1023_Stora Kroksjön_635195-131602.dzi ... upload error (manifest): Invalid key: svar/zips/Stora_Kroksj_n/635195-131602-kartor/web/tiles-5-1023_Stora Kroksjön_635195-131602.dzi
[3090/4303] svar/zips/Stora_Kroksj_n/637465-135417-kartor/web/tiles-3-6555_Stora Kroksjön_637465-135417.dzi ... upload error (manifest): Invalid key: svar/zips/Stora_Kroksj_n/637465-135417-kartor/web/tiles-3-6555_Stora Kroksjön_637465-135417.dzi
[3091/4303] svar/zips/Stora_Kroksj_n/641709-127999-kartor/web/tiles-3-1001_Stora Kroksjön_641709-127999.dzi ... upload error (manifest): Invalid key: svar/zips/Stora_Kroksj_n/641709-127999-kartor/web/tiles-3-1001_Stora Kroksjön_641709-127999.dzi
[3092/4303] svar/zips/Stora_Kroksj_n/643159-129165-kartor/web/tiles-3-0979_Stora Kroksjön_643159-129165.dzi ... upload error (manifest): Invalid key: svar/zips/Stora_Kroksj_n/643159-129165-kartor/web/tiles-3-0979_Stora Kroksjön_643159-129165.dzi
[3093/4303] svar/zips/Stora_Krusegyl/624799-144345-kartor/web/tiles-3-5936_Stora Krusegyl_624799-144345.dzi ... done • ETA ~ 1m 58s
[3094/4303] svar/zips/Stora_Kr_kingen/643349-130629-kartor/web/tiles-3-1018_Stora Krökingen_643349-130629.dzi ... upload error (manifest): Invalid key: svar/zips/Stora_Kr_kingen/643349-130629-kartor/web/tiles-3-1018_Stora Krökingen_643349-130629.dzi
[3095/4303] svar/zips/Stora_Kulltj_rn/638651-128261-kartor/web/tiles-3-2739_Stora Kulltjärn_638651-128261.dzi ... upload error (manifest): Invalid key: svar/zips/Stora_Kulltj_rn/638651-128261-kartor/web/tiles-3-2739_Stora Kulltjärn_638651-128261.dzi
[3096/4303] svar/zips/Stora_Kvarnevattnet/646215-128331-kartor/web/tiles-3-4827_Stora Kvarnevattnet_646215-128331.dzi ... done • ETA ~ 1m 58s
[3097/4303] svar/zips/Stora_Kvarnsj_n/637198-133504-kartor/web/tiles-3-1721_Stora Kvarnsjön_637198-133504.dzi ... upload error (manifest): Invalid key: svar/zips/Stora_Kvarnsj_n/637198-133504-kartor/web/tiles-3-1721_Stora Kvarnsjön_637198-133504.dzi
[3098/4303] svar/zips/Stora_Kyllen/634033-152032-kartor/web/tiles-3-3805_Stora Kyllen_634033-152032a.dzi ... done • ETA ~ 1m 58s
[3099/4303] svar/zips/Stora_Kyllen/634033-152032-kartor/web/tiles-3-3805_Stora Kyllen_634033-152032b.dzi ... done • ETA ~ 1m 57s
[3100/4303] svar/zips/Stora_K_llebergsvattnet/646675-128131-kartor/web/tiles-3-3529_Stora Källebergsvattnet_646675-128131.dzi ... upload error (manifest): Invalid key: svar/zips/Stora_K_llebergsvattnet/646675-128131-kartor/web/tiles-3-3529_Stora Källebergsvattnet_646675-128131.dzi
[3101/4303] svar/zips/Stora_K_llesj_n/639406-131157-kartor/web/tiles-2-0862_Stora Kållesjön_639406-131157.dzi ... upload error (manifest): Invalid key: svar/zips/Stora_K_llesj_n/639406-131157-kartor/web/tiles-2-0862_Stora Kållesjön_639406-131157.dzi
[3102/4303] svar/zips/Stora_K_lnevattnet/648210-126895-kartor/web/tiles-3-3542_Stora Kölnevattnet_648210-126895.dzi ... upload error (manifest): Invalid key: svar/zips/Stora_K_lnevattnet/648210-126895-kartor/web/tiles-3-3542_Stora Kölnevattnet_648210-126895.dzi
[3103/4303] svar/zips/Stora_K_per_dssj_n/647697-127861-kartor/web/tiles-3-3539_Stora Köperödssjön_647697-127861.dzi ... upload error (manifest): Invalid key: svar/zips/Stora_K_per_dssj_n/647697-127861-kartor/web/tiles-3-3539_Stora Köperödssjön_647697-127861.dzi
[3104/4303] svar/zips/Stora_K_ren/637264-153621-kartor/web/tiles-0-0117_Stora Kåren_637264-153621.dzi ... upload error (manifest): Invalid key: svar/zips/Stora_K_ren/637264-153621-kartor/web/tiles-0-0117_Stora Kåren_637264-153621.dzi
[3105/4303] svar/zips/Stora_K_sj_n/640421-128188-kartor/web/tiles-2-0195_Stora Kåsjön_640421-128188.dzi ... upload error (manifest): Invalid key: svar/zips/Stora_K_sj_n/640421-128188-kartor/web/tiles-2-0195_Stora Kåsjön_640421-128188.dzi
[3106/4303] svar/zips/Stora_K_sj_n/640421-128188-kartor/web/tiles-3-0985_Kåsjön_640421-128188.dzi ... upload error (manifest): Invalid key: svar/zips/Stora_K_sj_n/640421-128188-kartor/web/tiles-3-0985_Kåsjön_640421-128188.dzi
[3107/4303] svar/zips/Stora_Ljungsj_n/648311-137447-kartor/web/tiles-3-1470_Stora Ljungsjön_648311-137447.dzi ... upload error (manifest): Invalid key: svar/zips/Stora_Ljungsj_n/648311-137447-kartor/web/tiles-3-1470_Stora Ljungsjön_648311-137447.dzi
[3108/4303] svar/zips/Stora_Ljusevatten/643362-129536-kartor/web/tiles-3-0987_Stora Ljusevattnet_643362-129536a.dzi ... done • ETA ~ 1m 57s
[3109/4303] svar/zips/Stora_Ljusevatten/643362-129536-kartor/web/tiles-3-0987_Stora Ljusevattnet_643362-129536b.dzi ... done • ETA ~ 1m 56s
[3110/4303] svar/zips/Stora_Ljusevatten/643362-129536-kartor/web/tiles-3-0987_Stora Ljusevattnet_643362-129536_text.dzi ... done • ETA ~ 1m 56s
[3111/4303] svar/zips/Stora_Ljusevattnet/644084-129757-kartor/web/tiles-3-4825_Stora Ljusevattnet_644084-129757.dzi ... done • ETA ~ 1m 56s
[3112/4303] svar/zips/Stora_Lyssg_len/651633-151527-kartor/web/tiles-3-2914_Stora Lyssgölen_651633-151527.dzi ... upload error (manifest): Invalid key: svar/zips/Stora_Lyssg_len/651633-151527-kartor/web/tiles-3-2914_Stora Lyssgölen_651633-151527.dzi
[3113/4303] svar/zips/Stora_L_ngetj_rn/640919-129234-kartor/web/tiles-3-4071_Stora Långetjärn_640919-129234.dzi ... upload error (manifest): Invalid key: svar/zips/Stora_L_ngetj_rn/640919-129234-kartor/web/tiles-3-4071_Stora Långetjärn_640919-129234.dzi
[3114/4303] svar/zips/Stora_L_vsj_n/642039-128819-kartor/web/tiles-3-0990_Stora Lövsjön_642039-128819.dzi ... upload error (manifest): Invalid key: svar/zips/Stora_L_vsj_n/642039-128819-kartor/web/tiles-3-0990_Stora Lövsjön_642039-128819.dzi
[3115/4303] svar/zips/Stora_L_vsj_n/642039-128819-kartor/web/tiles-3-0994_Stora Lövsjön_642039-128819.dzi ... upload error (manifest): Invalid key: svar/zips/Stora_L_vsj_n/642039-128819-kartor/web/tiles-3-0994_Stora Lövsjön_642039-128819.dzi
[3116/4303] svar/zips/Stora_Maresj_/633294-131284-kartor/web/tiles-3-5204_Stora Maresjö_633294-131284a.dzi ... upload error (manifest): Invalid key: svar/zips/Stora_Maresj_/633294-131284-kartor/web/tiles-3-5204_Stora Maresjö_633294-131284a.dzi
[3117/4303] svar/zips/Stora_Maresj_/633294-131284-kartor/web/tiles-3-5204_Stora Maresjö_633294-131284b.dzi ... upload error (manifest): Invalid key: svar/zips/Stora_Maresj_/633294-131284-kartor/web/tiles-3-5204_Stora Maresjö_633294-131284b.dzi
[3118/4303] svar/zips/Stora_Maresj_/633294-131284-kartor/web/tiles-3-5204_Stora Maresjö_633294-131284c.dzi ... upload error (manifest): Invalid key: svar/zips/Stora_Maresj_/633294-131284-kartor/web/tiles-3-5204_Stora Maresjö_633294-131284c.dzi
[3119/4303] svar/zips/Stora_Maresj_/633294-131284-kartor/web/tiles-3-5204_Stora Maresjö_633294-131284d.dzi ... upload error (manifest): Invalid key: svar/zips/Stora_Maresj_/633294-131284-kartor/web/tiles-3-5204_Stora Maresjö_633294-131284d.dzi
[3120/4303] svar/zips/Stora_Maresj_/633294-131284-kartor/web/tiles-3-5204_Stora Maresjö_633294-131284e.dzi ... upload error (manifest): Invalid key: svar/zips/Stora_Maresj_/633294-131284-kartor/web/tiles-3-5204_Stora Maresjö_633294-131284e.dzi
[3121/4303] svar/zips/Stora_Maresj_/633294-131284-kartor/web/tiles-3-5204_Stora Maresjö_633294-131284f.dzi ... upload error (manifest): Invalid key: svar/zips/Stora_Maresj_/633294-131284-kartor/web/tiles-3-5204_Stora Maresjö_633294-131284f.dzi
[3122/4303] svar/zips/Stora_Mellsj_n/624818-144414-kartor/web/tiles-3-5995_Stora Mellsjön_624818-144414.dzi ... upload error (manifest): Invalid key: svar/zips/Stora_Mellsj_n/624818-144414-kartor/web/tiles-3-5995_Stora Mellsjön_624818-144414.dzi
[3123/4303] svar/zips/Stora_Moasj_/634229-136804-kartor/web/tiles-3-4580_Stora Moasjö_634229-136804.dzi ... upload error (manifest): Invalid key: svar/zips/Stora_Moasj_/634229-136804-kartor/web/tiles-3-4580_Stora Moasjö_634229-136804.dzi
[3124/4303] svar/zips/Stora_Moasj_/634229-136804-kartor/web/tiles-3-6289_Stora Moasjö_634229-136804.dzi ... upload error (manifest): Invalid key: svar/zips/Stora_Moasj_/634229-136804-kartor/web/tiles-3-6289_Stora Moasjö_634229-136804.dzi
[3125/4303] svar/zips/Stora_M_kevatten/644030-127477-kartor/web/tiles-3-4229_Stora Måkevatten_644030-127477.dzi ... upload error (manifest): Invalid key: svar/zips/Stora_M_kevatten/644030-127477-kartor/web/tiles-3-4229_Stora Måkevatten_644030-127477.dzi
[3126/4303] svar/zips/Stora_M_rtevattnet/646215-127913-kartor/web/tiles-3-3522_Stora Mörtevattnet_646215-127913.dzi ... upload error (manifest): Invalid key: svar/zips/Stora_M_rtevattnet/646215-127913-kartor/web/tiles-3-3522_Stora Mörtevattnet_646215-127913.dzi
[3127/4303] svar/zips/Stora_M_rtsj_n/635994-153532-kartor/web/tiles-1-0224_Stora Mörtsjön_635994-153532.dzi ... upload error (manifest): Invalid key: svar/zips/Stora_M_rtsj_n/635994-153532-kartor/web/tiles-1-0224_Stora Mörtsjön_635994-153532.dzi
[3128/4303] svar/zips/Stora_Neten/634378-130353-kartor/web/tiles-3-2410_Stora Neten_634378-130353a.dzi ... done • ETA ~ 1m 55s
[3129/4303] svar/zips/Stora_Neten/634378-130353-kartor/web/tiles-3-2410_Stora Neten_634378-130353b.dzi ... done • ETA ~ 1m 54s
[3130/4303] svar/zips/Stora_Neten/634378-130353-kartor/web/tiles-3-3545_Stora Neten_634378-130353a.dzi ... done • ETA ~ 1m 54s
[3131/4303] svar/zips/Stora_Neten/634378-130353-kartor/web/tiles-3-3545_Stora Neten_634378-130353b.dzi ... done • ETA ~ 1m 54s
[3132/4303] svar/zips/Stora_Noren/639741-149403-kartor/web/tiles-3-3704_Stora Noren_639741-149403.dzi ... done • ETA ~ 1m 54s
[3133/4303] svar/zips/Stora_Nosta/625470-137088-kartor/web/tiles-3-6472_Stora Nosta_625470-137088.dzi ... done • ETA ~ 1m 54s
[3134/4303] svar/zips/Stora_Nycklatj_rn/638555-128556-kartor/web/tiles-3-2736_Stora Nycklatjärn_638555-128556.dzi ... upload error (manifest): Invalid key: svar/zips/Stora_Nycklatj_rn/638555-128556-kartor/web/tiles-3-2736_Stora Nycklatjärn_638555-128556.dzi
[3135/4303] svar/zips/Stora_N_sg_len/635786-145015-kartor/web/tiles-3-3354_Stora Näsgölen_635786-145015.dzi ... upload error (manifest): Invalid key: svar/zips/Stora_N_sg_len/635786-145015-kartor/web/tiles-3-3354_Stora Näsgölen_635786-145015.dzi
[3136/4303] svar/zips/Stora_N_taren/641089-142422-kartor/web/tiles-2-0964_Stora Nätaren_641089-142422.dzi ... upload error (manifest): Invalid key: svar/zips/Stora_N_taren/641089-142422-kartor/web/tiles-2-0964_Stora Nätaren_641089-142422.dzi
[3137/4303] svar/zips/Stora_Olevattnet/654141-130587-kartor/web/tiles-3-1717_Stora Olevattnet_654141-130587.dzi ... done • ETA ~ 1m 54s
[3138/4303] svar/zips/Stora_Porsl_sen/625250-146193-kartor/web/tiles-3-3164_Stora Porslösen_625250-146193.dzi ... upload error (manifest): Invalid key: svar/zips/Stora_Porsl_sen/625250-146193-kartor/web/tiles-3-3164_Stora Porslösen_625250-146193.dzi
[3139/4303] svar/zips/Stora_Ramm/637700-153915-kartor/web/tiles-2-0323_Stora Ramm_637700-153915.dzi ... done • ETA ~ 1m 54s
[3140/4303] svar/zips/Stora_Ramm/637700-153915-kartor/web/tiles-3-1941_Stora Ramm_637700-153915.dzi ... done • ETA ~ 1m 53s
[3141/4303] svar/zips/Stora_Rammsj_/636926-129139-kartor/web/tiles-3-0889_Stora Rammsjö_636926-129139.dzi ... upload error (manifest): Invalid key: svar/zips/Stora_Rammsj_/636926-129139-kartor/web/tiles-3-0889_Stora Rammsjö_636926-129139.dzi
[3142/4303] svar/zips/Stora_Ramsj_n/640977-128498-kartor/web/tiles-3-4218_Stora Ramsjön_640977-128498.dzi ... upload error (manifest): Invalid key: svar/zips/Stora_Ramsj_n/640977-128498-kartor/web/tiles-3-4218_Stora Ramsjön_640977-128498.dzi
[3143/4303] svar/zips/Stora_Reusvattnet/651388-125800-kartor/web/tiles-3-1918_Stora Reusvattnet_651388-125800.dzi ... done • ETA ~ 1m 53s
[3144/4303] svar/zips/Stora_Rotevattnet/651233-125988-kartor/web/tiles-3-2116_Stora Rotevattnet_651233-125988.dzi ... done • ETA ~ 1m 53s
[3145/4303] svar/zips/Stora_Rullesj_n/643475-129327-kartor/web/tiles-3-4521_Stora Rullesjön_643475-129327.dzi ... upload error (manifest): Invalid key: svar/zips/Stora_Rullesj_n/643475-129327-kartor/web/tiles-3-4521_Stora Rullesjön_643475-129327.dzi
[3146/4303] svar/zips/Stora_R_sg_l/631524-151548-kartor/web/tiles-3-3835_Stora Råsgöl_631524-151548a.dzi ... upload error (manifest): Invalid key: svar/zips/Stora_R_sg_l/631524-151548-kartor/web/tiles-3-3835_Stora Råsgöl_631524-151548a.dzi
[3147/4303] svar/zips/Stora_R_sg_l/631524-151548-kartor/web/tiles-3-3835_Stora Råsgöl_631524-151548b.dzi ... upload error (manifest): Invalid key: svar/zips/Stora_R_sg_l/631524-151548-kartor/web/tiles-3-3835_Stora Råsgöl_631524-151548b.dzi
[3148/4303] svar/zips/Stora_Sinnern/633034-151273-kartor/web/tiles-3-2369_Stora Sinnern_633034-151273.dzi ... done • ETA ~ 1m 53s
[3149/4303] svar/zips/Stora_Sinnern/633034-151273-kartor/web/tiles-3-3823_Stora Sinnern_633034-151273a.dzi ... done • ETA ~ 1m 53s
[3150/4303] svar/zips/Stora_Sinnern/633034-151273-kartor/web/tiles-3-3823_Stora Sinnern_633034-151273b.dzi ... done • ETA ~ 1m 53s
[3151/4303] svar/zips/Stora_Sirsj_n/656388-143597-kartor/web/tiles-3-4060_Stora Sirsjön_656388-143597a.dzi ... upload error (manifest): Invalid key: svar/zips/Stora_Sirsj_n/656388-143597-kartor/web/tiles-3-4060_Stora Sirsjön_656388-143597a.dzi
[3152/4303] svar/zips/Stora_Sirsj_n/656388-143597-kartor/web/tiles-3-4060_Stora Sirsjön_656388-143597b.dzi ... upload error (manifest): Invalid key: svar/zips/Stora_Sirsj_n/656388-143597-kartor/web/tiles-3-4060_Stora Sirsjön_656388-143597b.dzi
[3153/4303] svar/zips/Stora_Skarsj_n/646146-127403-kartor/web/tiles-2-0213_Stora Skarsjön_646146-127403.dzi ... upload error (manifest): Invalid key: svar/zips/Stora_Skarsj_n/646146-127403-kartor/web/tiles-2-0213_Stora Skarsjön_646146-127403.dzi
[3154/4303] svar/zips/Stora_Skarsj_n/646146-127403-kartor/web/tiles-3-1541_Stora Skarsjön_646146-127403.dzi ... upload error (manifest): Invalid key: svar/zips/Stora_Skarsj_n/646146-127403-kartor/web/tiles-3-1541_Stora Skarsjön_646146-127403.dzi
[3155/4303] svar/zips/Stora_Skarsj_n/646146-127403-kartor/web/tiles-3-3465_Stora Skarsjön_646146-127403.dzi ... upload error (manifest): Invalid key: svar/zips/Stora_Skarsj_n/646146-127403-kartor/web/tiles-3-3465_Stora Skarsjön_646146-127403.dzi
[3156/4303] svar/zips/Stora_Skireg_len/634602-146694-kartor/web/tiles-3-3958_Stora Skiregölen_634602-146694.dzi ... upload error (manifest): Invalid key: svar/zips/Stora_Skireg_len/634602-146694-kartor/web/tiles-3-3958_Stora Skiregölen_634602-146694.dzi
[3157/4303] svar/zips/Stora_Skiren/651623-149896-kartor/web/tiles-3-2808_Stora Skiren_651623-149896.dzi ... done • ETA ~ 1m 52s
[3158/4303] svar/zips/Stora_Skiren/651623-149896-kartor/web/tiles-3-2894_Stora Skiren_651623-149896.dzi ... done • ETA ~ 1m 52s
[3159/4303] svar/zips/Stora_Skogssj_n/655930-162013-kartor/web/tiles-3-6610_Stora Skogssjön_655930-162013.dzi ... upload error (manifest): Invalid key: svar/zips/Stora_Skogssj_n/655930-162013-kartor/web/tiles-3-6610_Stora Skogssjön_655930-162013.dzi
[3160/4303] svar/zips/Stora_Skottsj_/634851-129813-kartor/web/tiles-3-4725_Stora Skottsjö_634851-129813.dzi ... upload error (manifest): Invalid key: svar/zips/Stora_Skottsj_/634851-129813-kartor/web/tiles-3-4725_Stora Skottsjö_634851-129813.dzi
[3161/4303] svar/zips/Stora_Skottsj_/634851-129813-kartor/web/tiles-3-6645_Stora Skottsjö_634851-129813.dzi ... upload error (manifest): Invalid key: svar/zips/Stora_Skottsj_/634851-129813-kartor/web/tiles-3-6645_Stora Skottsjö_634851-129813.dzi
[3162/4303] svar/zips/Stora_Sk_len/625057-147491-kartor/web/tiles-2-0143_Stora Skälen_625057-147491.dzi ... upload error (manifest): Invalid key: svar/zips/Stora_Sk_len/625057-147491-kartor/web/tiles-2-0143_Stora Skälen_625057-147491.dzi
[3163/4303] svar/zips/Stora_Sk_rjesj_n/624605-145842-kartor/web/tiles-3-3166_Stora Skörjesjön_624605-145842.dzi ... upload error (manifest): Invalid key: svar/zips/Stora_Sk_rjesj_n/624605-145842-kartor/web/tiles-3-3166_Stora Skörjesjön_624605-145842.dzi
[3164/4303] svar/zips/Stora_Sk_rshultasj_n/632658-134675-kartor/web/tiles-2-1033_Stora Skärshultasjön_632658-134675.dzi ... upload error (manifest): Invalid key: svar/zips/Stora_Sk_rshultasj_n/632658-134675-kartor/web/tiles-2-1033_Stora Skärshultasjön_632658-134675.dzi
[3165/4303] svar/zips/Stora_Sk_rshultasj_n/632658-134675-kartor/web/tiles-3-4897_Stora Skärhultasjön_632658-134675.dzi ... upload error (manifest): Invalid key: svar/zips/Stora_Sk_rshultasj_n/632658-134675-kartor/web/tiles-3-4897_Stora Skärhultasjön_632658-134675.dzi
[3166/4303] svar/zips/Stora_Sk_rsj_n/628606-133205-kartor/web/tiles-3-4693_Stora Skärsjön_628606-133205.dzi ... upload error (manifest): Invalid key: svar/zips/Stora_Sk_rsj_n/628606-133205-kartor/web/tiles-3-4693_Stora Skärsjön_628606-133205.dzi
[3167/4303] svar/zips/Stora_Sk_rsj_n/628606-133205-kartor/web/tiles-5-1052_Stora Skärsjön_628606-133205.dzi ... upload error (manifest): Invalid key: svar/zips/Stora_Sk_rsj_n/628606-133205-kartor/web/tiles-5-1052_Stora Skärsjön_628606-133205.dzi
[3168/4303] svar/zips/Stora_Sk_rsj_n/633738-142203-kartor/web/tiles-3-1701_Stora Skärsjön_633738-142203.dzi ... upload error (manifest): Invalid key: svar/zips/Stora_Sk_rsj_n/633738-142203-kartor/web/tiles-3-1701_Stora Skärsjön_633738-142203.dzi
[3169/4303] svar/zips/Stora_Sk_rsj_n/634258-131842-kartor/web/tiles-3-5180_Stora Skärsjön_634258-131842a.dzi ... upload error (manifest): Invalid key: svar/zips/Stora_Sk_rsj_n/634258-131842-kartor/web/tiles-3-5180_Stora Skärsjön_634258-131842a.dzi
[3170/4303] svar/zips/Stora_Sk_rsj_n/634258-131842-kartor/web/tiles-3-5180_Stora Skärsjön_634258-131842b.dzi ... upload error (manifest): Invalid key: svar/zips/Stora_Sk_rsj_n/634258-131842-kartor/web/tiles-3-5180_Stora Skärsjön_634258-131842b.dzi
[3171/4303] svar/zips/Stora_Sk_rsj_n/634258-131842-kartor/web/tiles-3-5180_Stora Skärsjön_634258-131842c.dzi ... upload error (manifest): Invalid key: svar/zips/Stora_Sk_rsj_n/634258-131842-kartor/web/tiles-3-5180_Stora Skärsjön_634258-131842c.dzi
[3172/4303] svar/zips/Stora_Sk_rsj_n/634258-131842-kartor/web/tiles-3-5180_Stora Skärsjön_634258-131842d.dzi ... upload error (manifest): Invalid key: svar/zips/Stora_Sk_rsj_n/634258-131842-kartor/web/tiles-3-5180_Stora Skärsjön_634258-131842d.dzi
[3173/4303] svar/zips/Stora_Slissj_n/640118-153294-kartor/web/tiles-3-3254_Stora Slissjön_640118-153294.dzi ... upload error (manifest): Invalid key: svar/zips/Stora_Slissj_n/640118-153294-kartor/web/tiles-3-3254_Stora Slissjön_640118-153294.dzi
[3174/4303] svar/zips/Stora_Sl_tten/631769-136737-kartor/web/tiles-0-0150_Stora Slätten_631769-136737.dzi ... upload error (manifest): Invalid key: svar/zips/Stora_Sl_tten/631769-136737-kartor/web/tiles-0-0150_Stora Slätten_631769-136737.dzi
[3175/4303] svar/zips/Stora_Sl_tten/631769-136737-kartor/web/tiles-3-6533_Stora Slätten_631769-136737.dzi ... upload error (manifest): Invalid key: svar/zips/Stora_Sl_tten/631769-136737-kartor/web/tiles-3-6533_Stora Slätten_631769-136737.dzi
[3176/4303] svar/zips/Stora_Sp_ngasj_n/637448-136686-kartor/web/tiles-3-5663_Stora Spångasjön_637448-136686.dzi ... upload error (manifest): Invalid key: svar/zips/Stora_Sp_ngasj_n/637448-136686-kartor/web/tiles-3-5663_Stora Spångasjön_637448-136686.dzi
[3177/4303] svar/zips/Stora_Stamsj_n/640680-128957-kartor/web/tiles-2-0194_Stora Stamsjön_640680-128957.dzi ... upload error (manifest): Invalid key: svar/zips/Stora_Stamsj_n/640680-128957-kartor/web/tiles-2-0194_Stora Stamsjön_640680-128957.dzi
[3178/4303] svar/zips/Stora_Stamsj_n/640680-128957-kartor/web/tiles-3-1041_Stora Stamsjön_640680-128957.dzi ... upload error (manifest): Invalid key: svar/zips/Stora_Stamsj_n/640680-128957-kartor/web/tiles-3-1041_Stora Stamsjön_640680-128957.dzi
[3179/4303] svar/zips/Stora_Stamsj_n/640680-128957-kartor/web/tiles-3-1734_Stora Stamsjön_640680-128957.dzi ... upload error (manifest): Invalid key: svar/zips/Stora_Stamsj_n/640680-128957-kartor/web/tiles-3-1734_Stora Stamsjön_640680-128957.dzi
[3180/4303] svar/zips/Stora_Stavsj_n/653617-143749-kartor/web/tiles-5-0120_Stora Stavsjön_653617-143749.dzi ... upload error (manifest): Invalid key: svar/zips/Stora_Stavsj_n/653617-143749-kartor/web/tiles-5-0120_Stora Stavsjön_653617-143749.dzi
[3181/4303] svar/zips/Stora_Stensj_n/633590-140259-kartor/web/tiles-2-1059_Stora Stensjön_633590-140259.dzi ... upload error (manifest): Invalid key: svar/zips/Stora_Stensj_n/633590-140259-kartor/web/tiles-2-1059_Stora Stensjön_633590-140259.dzi
[3182/4303] svar/zips/Stora_Stentj_rnen/641589-127817-kartor/web/tiles-3-1001_Stora Stentjärnen_641589-127817.dzi ... upload error (manifest): Invalid key: svar/zips/Stora_Stentj_rnen/641589-127817-kartor/web/tiles-3-1001_Stora Stentjärnen_641589-127817.dzi
[3183/4303] svar/zips/Stora_Str_ksj_/635128-130973-kartor/web/tiles-3-2254_Stora Stråksjö_635128-130973.dzi ... upload error (manifest): Invalid key: svar/zips/Stora_Str_ksj_/635128-130973-kartor/web/tiles-3-2254_Stora Stråksjö_635128-130973.dzi
[3184/4303] svar/zips/Stora_Str_ksj_/635128-130973-kartor/web/tiles-5-1024_Stora Stråksjö_635128-130973.dzi ... upload error (manifest): Invalid key: svar/zips/Stora_Str_ksj_/635128-130973-kartor/web/tiles-5-1024_Stora Stråksjö_635128-130973.dzi
[3185/4303] svar/zips/Stora_Sturven/640619-129618-kartor/web/tiles-3-1038_Stora Sturven_640619-129618.dzi ... done • ETA ~ 1m 49s
[3186/4303] svar/zips/Stora_Sundsj_n/624535-144592-kartor/web/tiles-3-5938_Stora Sundsjön_624535-144592.dzi ... upload error (manifest): Invalid key: svar/zips/Stora_Sundsj_n/624535-144592-kartor/web/tiles-3-5938_Stora Sundsjön_624535-144592.dzi
[3187/4303] svar/zips/Stora_Sundsj_n/641735-146617-kartor/web/tiles-3-2831_Stora Sundsjön_641735-146617.dzi ... upload error (manifest): Invalid key: svar/zips/Stora_Sundsj_n/641735-146617-kartor/web/tiles-3-2831_Stora Sundsjön_641735-146617.dzi
[3188/4303] svar/zips/Stora_Svansj_/638308-129370-kartor/web/tiles-2-0188_Stora Svansjö_638308-129370.dzi ... upload error (manifest): Invalid key: svar/zips/Stora_Svansj_/638308-129370-kartor/web/tiles-2-0188_Stora Svansjö_638308-129370.dzi
[3189/4303] svar/zips/Stora_Svansj_/638308-129370-kartor/web/tiles-3-1987_Stora Svansjö_638308-129370.dzi ... upload error (manifest): Invalid key: svar/zips/Stora_Svansj_/638308-129370-kartor/web/tiles-3-1987_Stora Svansjö_638308-129370.dzi
[3190/4303] svar/zips/Stora_Svansj_/638308-129370-kartor/web/tiles-3-6671_Stora Svansjö_638308-129370.dzi ... upload error (manifest): Invalid key: svar/zips/Stora_Svansj_/638308-129370-kartor/web/tiles-3-6671_Stora Svansjö_638308-129370.dzi
[3191/4303] svar/zips/Stora_S_lgsj_n/639775-134111-kartor/web/tiles-2-0841_Store Sälgsjön_639775-134111.dzi ... upload error (manifest): Invalid key: svar/zips/Stora_S_lgsj_n/639775-134111-kartor/web/tiles-2-0841_Store Sälgsjön_639775-134111.dzi
[3192/4303] svar/zips/Stora_S_vsj_/635836-131017-kartor/web/tiles-3-6440_Stora Sävsjö_635836-131017.dzi ... upload error (manifest): Invalid key: svar/zips/Stora_S_vsj_/635836-131017-kartor/web/tiles-3-6440_Stora Sävsjö_635836-131017.dzi
[3193/4303] svar/zips/Stora_S_vsj_n/633770-135837-kartor/web/tiles-3-5118_Stora Sävsjön_633770-135837a.dzi ... upload error (manifest): Invalid key: svar/zips/Stora_S_vsj_n/633770-135837-kartor/web/tiles-3-5118_Stora Sävsjön_633770-135837a.dzi
[3194/4303] svar/zips/Stora_S_vsj_n/633770-135837-kartor/web/tiles-3-5118_Stora Sävsjön_633770-135837b.dzi ... upload error (manifest): Invalid key: svar/zips/Stora_S_vsj_n/633770-135837-kartor/web/tiles-3-5118_Stora Sävsjön_633770-135837b.dzi
[3195/4303] svar/zips/Stora_S_vsj_n/633770-135837-kartor/web/tiles-5-1049_Stora Sävsjön_633770-135837.dzi ... upload error (manifest): Invalid key: svar/zips/Stora_S_vsj_n/633770-135837-kartor/web/tiles-5-1049_Stora Sävsjön_633770-135837.dzi
[3196/4303] svar/zips/Stora_Tingsj_n/650187-142481-kartor/web/tiles-3-6434_Stora Tingsjön_650187-142481.dzi ... upload error (manifest): Invalid key: svar/zips/Stora_Tingsj_n/650187-142481-kartor/web/tiles-3-6434_Stora Tingsjön_650187-142481.dzi
[3197/4303] svar/zips/Stora_Tof_singen/638749-131681-kartor/web/tiles-3-5869_Stora Tofösingen_638749-131681.dzi ... upload error (manifest): Invalid key: svar/zips/Stora_Tof_singen/638749-131681-kartor/web/tiles-3-5869_Stora Tofösingen_638749-131681.dzi
[3198/4303] svar/zips/Stora_Tokevattnet/646752-127980-kartor/web/tiles-3-3467_Stora Tokevattnet_646752-127980.dzi ... done • ETA ~ 1m 48s
[3199/4303] svar/zips/Stora_Tomtsj_n/654153-158337-kartor/web/tiles-3-4392_Stora Tomtsjön_654153-158337.dzi ... upload error (manifest): Invalid key: svar/zips/Stora_Tomtsj_n/654153-158337-kartor/web/tiles-3-4392_Stora Tomtsjön_654153-158337.dzi
[3200/4303] svar/zips/Stora_Trans_ssj_n/639988-132949-kartor/web/tiles-3-3650_Stora Tranåssjön_639988-132949.dzi ... upload error (manifest): Invalid key: svar/zips/Stora_Trans_ssj_n/639988-132949-kartor/web/tiles-3-3650_Stora Tranåssjön_639988-132949.dzi
[3201/4303] svar/zips/Stora_Treh_rningen/651099-142774-kartor/web/tiles-2-0218_Stora Trehörningen_651099-142774.dzi ... upload error (manifest): Invalid key: svar/zips/Stora_Treh_rningen/651099-142774-kartor/web/tiles-2-0218_Stora Trehörningen_651099-142774.dzi
[3202/4303] svar/zips/Stora_Treh_rningen/651099-142774-kartor/web/tiles-2-0408_Stora Trehörningen_651099-142774a.dzi ... upload error (manifest): Invalid key: svar/zips/Stora_Treh_rningen/651099-142774-kartor/web/tiles-2-0408_Stora Trehörningen_651099-142774a.dzi
[3203/4303] svar/zips/Stora_Treh_rningen/651099-142774-kartor/web/tiles-2-0408_Stora Trehörningen_651099-142774b.dzi ... upload error (manifest): Invalid key: svar/zips/Stora_Treh_rningen/651099-142774-kartor/web/tiles-2-0408_Stora Trehörningen_651099-142774b.dzi
[3204/4303] svar/zips/Stora_Tr_nningen/642059-132162-kartor/web/tiles-2-0383_Stora Tränningen_642059-132162a.dzi ... upload error (manifest): Invalid key: svar/zips/Stora_Tr_nningen/642059-132162-kartor/web/tiles-2-0383_Stora Tränningen_642059-132162a.dzi
[3205/4303] svar/zips/Stora_Tr_nningen/642059-132162-kartor/web/tiles-2-0383_Stora Tränningen_642059-132162b.dzi ... upload error (manifest): Invalid key: svar/zips/Stora_Tr_nningen/642059-132162-kartor/web/tiles-2-0383_Stora Tränningen_642059-132162b.dzi
[3206/4303] svar/zips/Stora_Tr_nningen/642059-132162-kartor/web/tiles-3-6617_Stora Tränningen_642059-132162.dzi ... upload error (manifest): Invalid key: svar/zips/Stora_Tr_nningen/642059-132162-kartor/web/tiles-3-6617_Stora Tränningen_642059-132162.dzi
[3207/4303] svar/zips/Stora_Tr_nnsj_n/632885-131462-kartor/web/tiles-3-6736_Stora Trännsjön_632885-131462.dzi ... upload error (manifest): Invalid key: svar/zips/Stora_Tr_nnsj_n/632885-131462-kartor/web/tiles-3-6736_Stora Trännsjön_632885-131462.dzi
[3208/4303] svar/zips/Stora_Tr_nnsj_n/632885-131462-kartor/web/tiles-5-1025_Stora Trännsjön_632885-131462.dzi ... upload error (manifest): Invalid key: svar/zips/Stora_Tr_nnsj_n/632885-131462-kartor/web/tiles-5-1025_Stora Trännsjön_632885-131462.dzi
[3209/4303] svar/zips/Stora_Ullasj_n/629667-133459-kartor/web/tiles-3-5083_Stora Ullasjön_629667-133459.dzi ... upload error (manifest): Invalid key: svar/zips/Stora_Ullasj_n/629667-133459-kartor/web/tiles-3-5083_Stora Ullasjön_629667-133459.dzi
[3210/4303] svar/zips/Stora_Ulvattnet/656180-126861-kartor/web/tiles-3-4812_Stora Ulvattnet_656180-126861.dzi ... done • ETA ~ 1m 46s
[3211/4303] svar/zips/Stora_Ulvsj_n/634751-131053-kartor/web/tiles-3-6403_Stora Ulvsjön_634751-131053.dzi ... upload error (manifest): Invalid key: svar/zips/Stora_Ulvsj_n/634751-131053-kartor/web/tiles-3-6403_Stora Ulvsjön_634751-131053.dzi
[3212/4303] svar/zips/Stora_Ulvsj_n/634751-131053-kartor/web/tiles-5-1026_Stora Ulvsjön_634751-131053.dzi ... upload error (manifest): Invalid key: svar/zips/Stora_Ulvsj_n/634751-131053-kartor/web/tiles-5-1026_Stora Ulvsjön_634751-131053.dzi
[3213/4303] svar/zips/Stora_Valsj_n/650981-141924-kartor/web/tiles-3-6395_Stora Valsjön_650981-141924.dzi ... upload error (manifest): Invalid key: svar/zips/Stora_Valsj_n/650981-141924-kartor/web/tiles-3-6395_Stora Valsjön_650981-141924.dzi
[3214/4303] svar/zips/Stora_Valsj_n/650981-141924-kartor/web/tiles-3-6395_Stora Valsjön_650981-141924a.dzi ... upload error (manifest): Invalid key: svar/zips/Stora_Valsj_n/650981-141924-kartor/web/tiles-3-6395_Stora Valsjön_650981-141924a.dzi
[3215/4303] svar/zips/Stora_Valsj_n/650981-141924-kartor/web/tiles-3-6395_Stora Valsjön_650981-141924b.dzi ... upload error (manifest): Invalid key: svar/zips/Stora_Valsj_n/650981-141924-kartor/web/tiles-3-6395_Stora Valsjön_650981-141924b.dzi
[3216/4303] svar/zips/Stora_V_dern/635599-151694-kartor/web/tiles-1-0246_Stora Vädern_635599-151694.dzi ... upload error (manifest): Invalid key: svar/zips/Stora_V_dern/635599-151694-kartor/web/tiles-1-0246_Stora Vädern_635599-151694.dzi
[3217/4303] svar/zips/Stora_V_rhuvudsj_n/644219-129845-kartor/web/tiles-3-4522_Stora Värhuvudsjön_644219-129845.dzi ... upload error (manifest): Invalid key: svar/zips/Stora_V_rhuvudsj_n/644219-129845-kartor/web/tiles-3-4522_Stora Värhuvudsjön_644219-129845.dzi
[3218/4303] svar/zips/Stora_V_rmen/634076-142599-kartor/web/tiles-3-4296a_Värmen_634076-142599.dzi ... upload error (manifest): Invalid key: svar/zips/Stora_V_rmen/634076-142599-kartor/web/tiles-3-4296a_Värmen_634076-142599.dzi
[3219/4303] svar/zips/Stora_V_rmen/634076-142599-kartor/web/tiles-3-4296b_Värmen_634076-142599.dzi ... upload error (manifest): Invalid key: svar/zips/Stora_V_rmen/634076-142599-kartor/web/tiles-3-4296b_Värmen_634076-142599.dzi
[3220/4303] svar/zips/Stora_V_rmen/634076-142599-kartor/web/tiles-3-4296c_Värmen_634076-142599.dzi ... upload error (manifest): Invalid key: svar/zips/Stora_V_rmen/634076-142599-kartor/web/tiles-3-4296c_Värmen_634076-142599.dzi
[3221/4303] svar/zips/Stora_V_rsj_/635323-129758-kartor/web/tiles-3-2236_Stora Värsjö_635323-129758.dzi ... upload error (manifest): Invalid key: svar/zips/Stora_V_rsj_/635323-129758-kartor/web/tiles-3-2236_Stora Värsjö_635323-129758.dzi
[3222/4303] svar/zips/Stora_V_rsj_/635323-129758-kartor/web/tiles-3-6605_Stora Värsjö_635323-129758.dzi ... upload error (manifest): Invalid key: svar/zips/Stora_V_rsj_/635323-129758-kartor/web/tiles-3-6605_Stora Värsjö_635323-129758.dzi
[3223/4303] svar/zips/Stora___ggdalssj_n/643839-127730-kartor/web/tiles-3-1545_Stora Äggdalssjön_643839-127730.dzi ... upload error (manifest): Invalid key: svar/zips/Stora___ggdalssj_n/643839-127730-kartor/web/tiles-3-1545_Stora Äggdalssjön_643839-127730.dzi
[3224/4303] svar/zips/Stora___jasj_n/634558-149095-kartor/web/tiles-3-3786_Stora Öjasjön_634558-149095a.dzi ... upload error (manifest): Invalid key: svar/zips/Stora___jasj_n/634558-149095-kartor/web/tiles-3-3786_Stora Öjasjön_634558-149095a.dzi
[3225/4303] svar/zips/Stora___jasj_n/634558-149095-kartor/web/tiles-3-3786_Stora Öjasjön_634558-149095b.dzi ... upload error (manifest): Invalid key: svar/zips/Stora___jasj_n/634558-149095-kartor/web/tiles-3-3786_Stora Öjasjön_634558-149095b.dzi
[3226/4303] svar/zips/Stora___len/652072-144308-kartor/web/tiles-2-0976_Stora Ölen_652072-144308.dzi ... upload error (manifest): Invalid key: svar/zips/Stora___len/652072-144308-kartor/web/tiles-2-0976_Stora Ölen_652072-144308.dzi
[3227/4303] svar/zips/Stora___lgasj_/634118-149668-kartor/web/tiles-3-3782_Stora Älgasjö_634118-149668a.dzi ... upload error (manifest): Invalid key: svar/zips/Stora___lgasj_/634118-149668-kartor/web/tiles-3-3782_Stora Älgasjö_634118-149668a.dzi
[3228/4303] svar/zips/Stora___lgasj_/634118-149668-kartor/web/tiles-3-3782_Stora Älgasjö_634118-149668b.dzi ... upload error (manifest): Invalid key: svar/zips/Stora___lgasj_/634118-149668-kartor/web/tiles-3-3782_Stora Älgasjö_634118-149668b.dzi
[3229/4303] svar/zips/Stora___lgsj_n/651189-152757-kartor/web/tiles-2-0851_Stora Älgsjön_651189-152757.dzi ... upload error (manifest): Invalid key: svar/zips/Stora___lgsj_n/651189-152757-kartor/web/tiles-2-0851_Stora Älgsjön_651189-152757.dzi
[3230/4303] svar/zips/Stora___lgsj_n/651189-152757-kartor/web/tiles-3-2807_Stora Älgsjön_651189-152757a.dzi ... upload error (manifest): Invalid key: svar/zips/Stora___lgsj_n/651189-152757-kartor/web/tiles-3-2807_Stora Älgsjön_651189-152757a.dzi
[3231/4303] svar/zips/Stora___lgsj_n/651189-152757-kartor/web/tiles-3-2807_Stora Älgsjön_651189-152757b.dzi ... upload error (manifest): Invalid key: svar/zips/Stora___lgsj_n/651189-152757-kartor/web/tiles-3-2807_Stora Älgsjön_651189-152757b.dzi
[3232/4303] svar/zips/Stora___lsj_n/639705-132408-kartor/web/tiles-3-3655_Stora Älsjön_639705-132408.dzi ... upload error (manifest): Invalid key: svar/zips/Stora___lsj_n/639705-132408-kartor/web/tiles-3-3655_Stora Älsjön_639705-132408.dzi
[3233/4303] svar/zips/Stora___ntetj_rn/639714-128767-kartor/web/tiles-3-1840_Stora Äntetjärn_639714-128767.dzi ... upload error (manifest): Invalid key: svar/zips/Stora___ntetj_rn/639714-128767-kartor/web/tiles-3-1840_Stora Äntetjärn_639714-128767.dzi
[3234/4303] svar/zips/Stora___resj_n/638590-129348-kartor/web/tiles-3-4886_Stora Öresjön_638590-129348.dzi ... upload error (manifest): Invalid key: svar/zips/Stora___resj_n/638590-129348-kartor/web/tiles-3-4886_Stora Öresjön_638590-129348.dzi
[3235/4303] svar/zips/Stora___resj_n/638590-129348-kartor/web/tiles-3-6674_Stora Öresjön_638590-129348.dzi ... upload error (manifest): Invalid key: svar/zips/Stora___resj_n/638590-129348-kartor/web/tiles-3-6674_Stora Öresjön_638590-129348.dzi
[3236/4303] svar/zips/Stora___retj_rn/653371-125951-kartor/web/tiles-3-2001_Stora Öretjärn_653371-125951a.dzi ... upload error (manifest): Invalid key: svar/zips/Stora___retj_rn/653371-125951-kartor/web/tiles-3-2001_Stora Öretjärn_653371-125951a.dzi
[3237/4303] svar/zips/Stora___retj_rn/653371-125951-kartor/web/tiles-3-2001_Stora Öretjärn_653371-125951b.dzi ... upload error (manifest): Invalid key: svar/zips/Stora___retj_rn/653371-125951-kartor/web/tiles-3-2001_Stora Öretjärn_653371-125951b.dzi
[3238/4303] svar/zips/Stora___revattnet/648126-126732-kartor/web/tiles-3-1553_Stora Örevattnet_648126-126732a.dzi ... upload error (manifest): Invalid key: svar/zips/Stora___revattnet/648126-126732-kartor/web/tiles-3-1553_Stora Örevattnet_648126-126732a.dzi
[3239/4303] svar/zips/Stora___revattnet/648126-126732-kartor/web/tiles-3-1553_Stora Örevattnet_648126-126732b.dzi ... upload error (manifest): Invalid key: svar/zips/Stora___revattnet/648126-126732-kartor/web/tiles-3-1553_Stora Örevattnet_648126-126732b.dzi
[3240/4303] svar/zips/Stora___revattnet/648126-126732-kartor/web/tiles-3-3489_Stora Örevattnet_648126-126732.dzi ... upload error (manifest): Invalid key: svar/zips/Stora___revattnet/648126-126732-kartor/web/tiles-3-3489_Stora Örevattnet_648126-126732.dzi
[3241/4303] svar/zips/Stora___rsj_n/624550-145373-kartor/web/tiles-3-2980_Stora Örsjön_624550-145373.dzi ... upload error (manifest): Invalid key: svar/zips/Stora___rsj_n/624550-145373-kartor/web/tiles-3-2980_Stora Örsjön_624550-145373.dzi
[3242/4303] svar/zips/Stora___rsj_n/635857-129335-kartor/web/tiles-3-4727_Stora Ärsjön_635857-129335.dzi ... upload error (manifest): Invalid key: svar/zips/Stora___rsj_n/635857-129335-kartor/web/tiles-3-4727_Stora Ärsjön_635857-129335.dzi
[3243/4303] svar/zips/Stora___rsj_n/635857-129335-kartor/web/tiles-3-6644_Stora Ärsjön_635857-129335.dzi ... upload error (manifest): Invalid key: svar/zips/Stora___rsj_n/635857-129335-kartor/web/tiles-3-6644_Stora Ärsjön_635857-129335.dzi
[3244/4303] svar/zips/Stora___rtasj_n/639953-131810-kartor/web/tiles-3-5573_Stora Ärtasjön_639953-131810.dzi ... upload error (manifest): Invalid key: svar/zips/Stora___rtasj_n/639953-131810-kartor/web/tiles-3-5573_Stora Ärtasjön_639953-131810.dzi
[3245/4303] svar/zips/Stora___rttj_rn/639467-130745-kartor/web/tiles-3-5587_Stora Ärttjärn_639467-130745.dzi ... upload error (manifest): Invalid key: svar/zips/Stora___rttj_rn/639467-130745-kartor/web/tiles-3-5587_Stora Ärttjärn_639467-130745.dzi
[3246/4303] svar/zips/Stora___sj_n/623890-149419-kartor/web/tiles-2-0672_Stora Åsjön_623890-149419.dzi ... upload error (manifest): Invalid key: svar/zips/Stora___sj_n/623890-149419-kartor/web/tiles-2-0672_Stora Åsjön_623890-149419.dzi
[3247/4303] svar/zips/Stora___ssj_/637492-132460-kartor/web/tiles-3-6637_Stora Ässjö_637492-132460.dzi ... upload error (manifest): Invalid key: svar/zips/Stora___ssj_/637492-132460-kartor/web/tiles-3-6637_Stora Ässjö_637492-132460.dzi
[3248/4303] svar/zips/Stora___vattnet/639915-129401-kartor/web/tiles-3-1076_Stora Övattnet_639915-129401.dzi ... upload error (manifest): Invalid key: svar/zips/Stora___vattnet/639915-129401-kartor/web/tiles-3-1076_Stora Övattnet_639915-129401.dzi
[3249/4303] svar/zips/Storbr_/635637-152669-kartor/web/tiles-0-0119_Storbrå_635637-152669.dzi ... upload error (manifest): Invalid key: svar/zips/Storbr_/635637-152669-kartor/web/tiles-0-0119_Storbrå_635637-152669.dzi
[3250/4303] svar/zips/Store-Malen/636195-135723-kartor/web/tiles-3-4891_Store-Malen_636195-135723.dzi ... done • ETA ~ 1m 42s
[3251/4303] svar/zips/Store-N_ren/641734-130806-kartor/web/tiles-2-0568_Store-Nären_641734-130806.dzi ... upload error (manifest): Invalid key: svar/zips/Store-N_ren/641734-130806-kartor/web/tiles-2-0568_Store-Nären_641734-130806.dzi
[3252/4303] svar/zips/Store-Tr_n/643270-130760-kartor/web/tiles-3-1030_Store-Trän_643270-130760.dzi ... upload error (manifest): Invalid key: svar/zips/Store-Tr_n/643270-130760-kartor/web/tiles-3-1030_Store-Trän_643270-130760.dzi
[3253/4303] svar/zips/Store-V_ktor/645919-127873-kartor/web/tiles-2-1124_Store-Väktor_645919-127873.dzi ... upload error (manifest): Invalid key: svar/zips/Store-V_ktor/645919-127873-kartor/web/tiles-2-1124_Store-Väktor_645919-127873.dzi
[3254/4303] svar/zips/Store-V_ktor/645919-127873-kartor/web/tiles-3-1094_Store-Väktor_645919-127873.dzi ... upload error (manifest): Invalid key: svar/zips/Store-V_ktor/645919-127873-kartor/web/tiles-3-1094_Store-Väktor_645919-127873.dzi
[3255/4303] svar/zips/Store-V_ktor/645919-127873-kartor/web/tiles-3-3461_Store-Väktor_645919-127873.dzi ... upload error (manifest): Invalid key: svar/zips/Store-V_ktor/645919-127873-kartor/web/tiles-3-3461_Store-Väktor_645919-127873.dzi
[3256/4303] svar/zips/Storebro_Damm/638443-150188-kartor/web/tiles-2-0353_Storebro Damm_638443-150188.dzi ... done • ETA ~ 1m 42s
[3257/4303] svar/zips/Storeg_l/635369-147724-kartor/web/tiles-3-3749_Store göl_635369-147724.dzi ... upload error (manifest): Invalid key: svar/zips/Storeg_l/635369-147724-kartor/web/tiles-3-3749_Store göl_635369-147724.dzi
[3258/4303] svar/zips/Storeg_l/638178-141023-kartor/web/tiles-3-5384_Storegöl_638178-141023.dzi ... upload error (manifest): Invalid key: svar/zips/Storeg_l/638178-141023-kartor/web/tiles-3-5384_Storegöl_638178-141023.dzi
[3259/4303] svar/zips/Storeputt/651471-125866-kartor/web/tiles-3-1949_Storeputt_651471-125866.dzi ... done • ETA ~ 1m 41s
[3260/4303] svar/zips/Storesj_n/637788-143448-kartor/web/tiles-3-4036_Storesjön_637788-143448.dzi ... upload error (manifest): Invalid key: svar/zips/Storesj_n/637788-143448-kartor/web/tiles-3-4036_Storesjön_637788-143448.dzi
[3261/4303] svar/zips/Storesj_n/650291-126725-kartor/web/tiles-3-3098_Storesjön_650291-126725.dzi ... upload error (manifest): Invalid key: svar/zips/Storesj_n/650291-126725-kartor/web/tiles-3-3098_Storesjön_650291-126725.dzi
[3262/4303] svar/zips/Storetj_rnet/656100-129552-kartor/web/tiles-3-1726_Storetjärnet_656100-129552.dzi ... upload error (manifest): Invalid key: svar/zips/Storetj_rnet/656100-129552-kartor/web/tiles-3-1726_Storetjärnet_656100-129552.dzi
[3263/4303] svar/zips/Store_Damm/622349-135317-kartor/web/tiles-2-1042_Store Damm_622349-135317.dzi ... done • ETA ~ 1m 41s
[3264/4303] svar/zips/Store_Glan/643649-143070-kartor/web/tiles-3-2602_Store Glan_643649-143070.dzi ... done • ETA ~ 1m 41s
[3265/4303] svar/zips/Store_G_rvattnet/643776-127195-kartor/web/tiles-3-4188_Store Gårvattnet_643776-127195.dzi ... upload error (manifest): Invalid key: svar/zips/Store_G_rvattnet/643776-127195-kartor/web/tiles-3-4188_Store Gårvattnet_643776-127195.dzi
[3266/4303] svar/zips/Store_Hindsj_n/631222-150636-kartor/web/tiles-3-2360_Store Hindsjön_631222-150636a.dzi ... upload error (manifest): Invalid key: svar/zips/Store_Hindsj_n/631222-150636-kartor/web/tiles-3-2360_Store Hindsjön_631222-150636a.dzi
[3267/4303] svar/zips/Store_Hindsj_n/631222-150636-kartor/web/tiles-3-2360_Store Hindsjön_631222-150636b.dzi ... upload error (manifest): Invalid key: svar/zips/Store_Hindsj_n/631222-150636-kartor/web/tiles-3-2360_Store Hindsjön_631222-150636b.dzi
[3268/4303] svar/zips/Store_Hindsj_n/631222-150636-kartor/web/tiles-3-3832_Store Hindsjön_631222-150636a.dzi ... upload error (manifest): Invalid key: svar/zips/Store_Hindsj_n/631222-150636-kartor/web/tiles-3-3832_Store Hindsjön_631222-150636a.dzi
[3269/4303] svar/zips/Store_Hindsj_n/631222-150636-kartor/web/tiles-3-3832_Store Hindsjön_631222-150636b.dzi ... upload error (manifest): Invalid key: svar/zips/Store_Hindsj_n/631222-150636-kartor/web/tiles-3-3832_Store Hindsjön_631222-150636b.dzi
[3270/4303] svar/zips/Store_Sj_/625752-135351-kartor/web/tiles-3-2648_Store sjö_625752-135351.dzi ... upload error (manifest): Invalid key: svar/zips/Store_Sj_/625752-135351-kartor/web/tiles-3-2648_Store sjö_625752-135351.dzi
[3271/4303] svar/zips/Store_Sj_/625752-135351-kartor/web/tiles-3-6471_Store sjö_625752-135351.dzi ... upload error (manifest): Invalid key: svar/zips/Store_Sj_/625752-135351-kartor/web/tiles-3-6471_Store sjö_625752-135351.dzi
[3272/4303] svar/zips/Store_Sj_n/634877-131945-kartor/web/tiles-3-5220_Store sjön_634877-131945a.dzi ... upload error (manifest): Invalid key: svar/zips/Store_Sj_n/634877-131945-kartor/web/tiles-3-5220_Store sjön_634877-131945a.dzi
[3273/4303] svar/zips/Store_Sj_n/634877-131945-kartor/web/tiles-3-5220_Store sjön_634877-131945b.dzi ... upload error (manifest): Invalid key: svar/zips/Store_Sj_n/634877-131945-kartor/web/tiles-3-5220_Store sjön_634877-131945b.dzi
[3274/4303] svar/zips/Store_Sj_n/634877-131945-kartor/web/tiles-3-5220_Store sjön_634877-131945c.dzi ... upload error (manifest): Invalid key: svar/zips/Store_Sj_n/634877-131945-kartor/web/tiles-3-5220_Store sjön_634877-131945c.dzi
[3275/4303] svar/zips/Store_Sj_n/634877-131945-kartor/web/tiles-3-5220_Store sjön_634877-131945d.dzi ... upload error (manifest): Invalid key: svar/zips/Store_Sj_n/634877-131945-kartor/web/tiles-3-5220_Store sjön_634877-131945d.dzi
[3276/4303] svar/zips/Storg_l/636684-150081-kartor/web/tiles-3-2274_Storgöl_636684-150081.dzi ... upload error (manifest): Invalid key: svar/zips/Storg_l/636684-150081-kartor/web/tiles-3-2274_Storgöl_636684-150081.dzi
[3277/4303] svar/zips/Storsj_n/627244-149801-kartor/web/tiles-5-0449_Storsjön_627244-149801.dzi ... upload error (manifest): Invalid key: svar/zips/Storsj_n/627244-149801-kartor/web/tiles-5-0449_Storsjön_627244-149801.dzi
[3278/4303] svar/zips/Storsj_n/627244-149801-kartor/web/tiles-5-0459_Storsjön_627244-149801.dzi ... upload error (manifest): Invalid key: svar/zips/Storsj_n/627244-149801-kartor/web/tiles-5-0459_Storsjön_627244-149801.dzi
[3279/4303] svar/zips/Storsj_n/629058-134396-kartor/web/tiles-3-0857_Storsjön_629058-134396.dzi ... upload error (manifest): Invalid key: svar/zips/Storsj_n/629058-134396-kartor/web/tiles-3-0857_Storsjön_629058-134396.dzi
[3280/4303] svar/zips/Storsj_n/639330-132199-kartor/web/tiles-2-0458_Storsjön_639330-132199a.dzi ... upload error (manifest): Invalid key: svar/zips/Storsj_n/639330-132199-kartor/web/tiles-2-0458_Storsjön_639330-132199a.dzi
[3281/4303] svar/zips/Storsj_n/639330-132199-kartor/web/tiles-2-0458_Storsjön_639330-132199b.dzi ... upload error (manifest): Invalid key: svar/zips/Storsj_n/639330-132199-kartor/web/tiles-2-0458_Storsjön_639330-132199b.dzi
[3282/4303] svar/zips/Storsj_n/639722-152504-kartor/web/tiles-2-0316_Storsjön_639722-152504.dzi ... upload error (manifest): Invalid key: svar/zips/Storsj_n/639722-152504-kartor/web/tiles-2-0316_Storsjön_639722-152504.dzi
[3283/4303] svar/zips/Storsj_n/640044-142202-kartor/web/tiles-3-1793_Storsjön_640044-142202.dzi ... upload error (manifest): Invalid key: svar/zips/Storsj_n/640044-142202-kartor/web/tiles-3-1793_Storsjön_640044-142202.dzi
[3284/4303] svar/zips/Storsj_n/642967-131775-kartor/web/tiles-3-4743_Storsjön_642967-131775.dzi ... upload error (manifest): Invalid key: svar/zips/Storsj_n/642967-131775-kartor/web/tiles-3-4743_Storsjön_642967-131775.dzi
[3285/4303] svar/zips/Storsj_n/653015-152780-kartor/web/tiles-3-5630_Storsjön_653015-152780.dzi ... upload error (manifest): Invalid key: svar/zips/Storsj_n/653015-152780-kartor/web/tiles-3-5630_Storsjön_653015-152780.dzi
[3286/4303] svar/zips/Storsj_n/653641-149159-kartor/web/tiles-3-2913_Storsjön_653641-149159.dzi ... upload error (manifest): Invalid key: svar/zips/Storsj_n/653641-149159-kartor/web/tiles-3-2913_Storsjön_653641-149159.dzi
[3287/4303] svar/zips/Storsj_n__V_stra_/643595-127791-kartor/web/tiles-3-0931_Västra Storsjön_643595-127791.dzi ... upload error (manifest): Invalid key: svar/zips/Storsj_n__V_stra_/643595-127791-kartor/web/tiles-3-0931_Västra Storsjön_643595-127791.dzi
[3288/4303] svar/zips/Storsj_n__V_stra_/643595-127791-kartor/web/tiles-3-1060_Storsjön (Västra)_643595-127791.dzi ... upload error (manifest): Invalid key: svar/zips/Storsj_n__V_stra_/643595-127791-kartor/web/tiles-3-1060_Storsjön (Västra)_643595-127791.dzi
[3289/4303] svar/zips/Storsj_n____stra_/643594-127853-kartor/web/tiles-3-0931_Östra Storsjön_643594-127853.dzi ... upload error (manifest): Invalid key: svar/zips/Storsj_n____stra_/643594-127853-kartor/web/tiles-3-0931_Östra Storsjön_643594-127853.dzi
[3290/4303] svar/zips/Storsj_n____stra_/643594-127853-kartor/web/tiles-3-1060_Storsjön (Östra)_643594-127853.dzi ... upload error (manifest): Invalid key: svar/zips/Storsj_n____stra_/643594-127853-kartor/web/tiles-3-1060_Storsjön (Östra)_643594-127853.dzi
[3291/4303] svar/zips/Storyttern/636680-153161-kartor/web/tiles-2-0336_Storyttern_636680-153161.dzi ... done • ETA ~ 1m 38s
[3292/4303] svar/zips/Strandsj_n/650802-127141-kartor/web/tiles-3-4835_Strandsjön_650802-127141.dzi ... upload error (manifest): Invalid key: svar/zips/Strandsj_n/650802-127141-kartor/web/tiles-3-4835_Strandsjön_650802-127141.dzi
[3293/4303] svar/zips/Str_ken/632688-142513-kartor/web/tiles-0-0106_Stråken_632688-142513.dzi ... upload error (manifest): Invalid key: svar/zips/Str_ken/632688-142513-kartor/web/tiles-0-0106_Stråken_632688-142513.dzi
[3294/4303] svar/zips/Str_ken/632688-142513-kartor/web/tiles-1-0291_Stråken_632688-142513.dzi ... upload error (manifest): Invalid key: svar/zips/Str_ken/632688-142513-kartor/web/tiles-1-0291_Stråken_632688-142513.dzi
[3295/4303] svar/zips/Str_ken/632688-142513-kartor/web/tiles-3-6475_Stråken_632688-142513.dzi ... upload error (manifest): Invalid key: svar/zips/Str_ken/632688-142513-kartor/web/tiles-3-6475_Stråken_632688-142513.dzi
[3296/4303] svar/zips/Str_ken/642933-138293-kartor/web/tiles-2-0212_Stråken_642933-138293.dzi ... upload error (manifest): Invalid key: svar/zips/Str_ken/642933-138293-kartor/web/tiles-2-0212_Stråken_642933-138293.dzi
[3297/4303] svar/zips/Str_msj_n/625069-144747-kartor/web/tiles-3-3504_Strömsjön_625069-144747.dzi ... upload error (manifest): Invalid key: svar/zips/Str_msj_n/625069-144747-kartor/web/tiles-3-3504_Strömsjön_625069-144747.dzi
[3298/4303] svar/zips/Str_msvattnet/654455-123369-kartor/web/tiles-3-1562_Strömsvattnet_654455-123369.dzi ... upload error (manifest): Invalid key: svar/zips/Str_msvattnet/654455-123369-kartor/web/tiles-3-1562_Strömsvattnet_654455-123369.dzi
[3299/4303] svar/zips/Str_msvattnet/654455-123369-kartor/web/tiles-3-2494_Strömsvattnet_654455-123369.dzi ... upload error (manifest): Invalid key: svar/zips/Str_msvattnet/654455-123369-kartor/web/tiles-3-2494_Strömsvattnet_654455-123369.dzi
[3300/4303] svar/zips/Str_nasj_n/625358-141299-kartor/web/tiles-2-0995_Strönasjön_625358-141299.dzi ... upload error (manifest): Invalid key: svar/zips/Str_nasj_n/625358-141299-kartor/web/tiles-2-0995_Strönasjön_625358-141299.dzi
[3301/4303] svar/zips/Str_nasj_n/625358-141299-kartor/web/tiles-3-5818_Strönasjön_625358-141299a.dzi ... upload error (manifest): Invalid key: svar/zips/Str_nasj_n/625358-141299-kartor/web/tiles-3-5818_Strönasjön_625358-141299a.dzi
[3302/4303] svar/zips/Str_nasj_n/625358-141299-kartor/web/tiles-3-5818_Strönasjön_625358-141299b.dzi ... upload error (manifest): Invalid key: svar/zips/Str_nasj_n/625358-141299-kartor/web/tiles-3-5818_Strönasjön_625358-141299b.dzi
[3303/4303] svar/zips/Str_ngseredsj_n/640979-137287-kartor/web/tiles-3-4784_Strändseredssjön_640979-137287.dzi ... upload error (manifest): Invalid key: svar/zips/Str_ngseredsj_n/640979-137287-kartor/web/tiles-3-4784_Strändseredssjön_640979-137287.dzi
[3304/4303] svar/zips/Str_nnesj_n/643760-145073-kartor/web/tiles-3-2597_Strånnesjön_643760-145073.dzi ... upload error (manifest): Invalid key: svar/zips/Str_nnesj_n/643760-145073-kartor/web/tiles-3-2597_Strånnesjön_643760-145073.dzi
[3305/4303] svar/zips/Str_ttsj_n/643104-129688-kartor/web/tiles-3-4529_Strättjön_643104-129688.dzi ... upload error (manifest): Invalid key: svar/zips/Str_ttsj_n/643104-129688-kartor/web/tiles-3-4529_Strättjön_643104-129688.dzi
[3306/4303] svar/zips/Stumsj_n/633127-136804-kartor/web/tiles-3-5317_Stumsjön_633127-136804.dzi ... upload error (manifest): Invalid key: svar/zips/Stumsj_n/633127-136804-kartor/web/tiles-3-5317_Stumsjön_633127-136804.dzi
[3307/4303] svar/zips/Stunntr_sk/654766-164737-kartor/web/tiles-3-2317_Stunnträsk_654766-164737.dzi ... upload error (manifest): Invalid key: svar/zips/Stunntr_sk/654766-164737-kartor/web/tiles-3-2317_Stunnträsk_654766-164737.dzi
[3308/4303] svar/zips/St_Hammarsj_/636850-149669-kartor/web/tiles-2-0256_St Hammarsjö_636850-149669.dzi ... upload error (manifest): Invalid key: svar/zips/St_Hammarsj_/636850-149669-kartor/web/tiles-2-0256_St Hammarsjö_636850-149669.dzi
[3309/4303] svar/zips/St_Hammarsj_/636850-149669-kartor/web/tiles-2-1094_Stora Hammarsjön_636850-149669.dzi ... upload error (manifest): Invalid key: svar/zips/St_Hammarsj_/636850-149669-kartor/web/tiles-2-1094_Stora Hammarsjön_636850-149669.dzi
[3310/4303] svar/zips/St_msj_n/651072-126296-kartor/web/tiles-3-3087_Stämsjön_651072-126296.dzi ... upload error (manifest): Invalid key: svar/zips/St_msj_n/651072-126296-kartor/web/tiles-3-3087_Stämsjön_651072-126296.dzi
[3311/4303] svar/zips/St_njasj_n/629634-135792-kartor/web/tiles-3-0849_Stönjasjön_629634-135792.dzi ... upload error (manifest): Invalid key: svar/zips/St_njasj_n/629634-135792-kartor/web/tiles-3-0849_Stönjasjön_629634-135792.dzi
[3312/4303] svar/zips/St_rringen/635720-154010-kartor/web/tiles-2-0330_Stärringen_635720-154010.dzi ... upload error (manifest): Invalid key: svar/zips/St_rringen/635720-154010-kartor/web/tiles-2-0330_Stärringen_635720-154010.dzi
[3313/4303] svar/zips/Sulebosj_n/638354-139457-kartor/web/tiles-3-4579_Sulebosjön_638354-139457.dzi ... upload error (manifest): Invalid key: svar/zips/Sulebosj_n/638354-139457-kartor/web/tiles-3-4579_Sulebosjön_638354-139457.dzi
[3314/4303] svar/zips/Sundasj_n/642511-129230-kartor/web/tiles-3-1039_Sundasjön_642511-129230.dzi ... upload error (manifest): Invalid key: svar/zips/Sundasj_n/642511-129230-kartor/web/tiles-3-1039_Sundasjön_642511-129230.dzi
[3315/4303] svar/zips/Sundsj_n/625122-144808-kartor/web/tiles-3-3505_Sundsjön_625122-144808.dzi ... upload error (manifest): Invalid key: svar/zips/Sundsj_n/625122-144808-kartor/web/tiles-3-3505_Sundsjön_625122-144808.dzi
[3316/4303] svar/zips/Sundsj_n/637933-128626-kartor/web/tiles-2-0188_Sundsjön_637933-128626.dzi ... upload error (manifest): Invalid key: svar/zips/Sundsj_n/637933-128626-kartor/web/tiles-2-0188_Sundsjön_637933-128626.dzi
[3317/4303] svar/zips/Sundsj_n/637933-128626-kartor/web/tiles-3-2888_Sundsjön_637933-128626.dzi ... upload error (manifest): Invalid key: svar/zips/Sundsj_n/637933-128626-kartor/web/tiles-3-2888_Sundsjön_637933-128626.dzi
[3318/4303] svar/zips/Sunnerbosj_n/635531-137538-kartor/web/tiles-3-6285_Sunnerbosjön_635531-137538.dzi ... upload error (manifest): Invalid key: svar/zips/Sunnerbosj_n/635531-137538-kartor/web/tiles-3-6285_Sunnerbosjön_635531-137538.dzi
[3319/4303] svar/zips/Sunnerbosj_n/635531-137538-kartor/web/tiles-5-0046_Sunnerbosjön_635531-137538.dzi ... upload error (manifest): Invalid key: svar/zips/Sunnerbosj_n/635531-137538-kartor/web/tiles-5-0046_Sunnerbosjön_635531-137538.dzi
[3320/4303] svar/zips/Surstr_mmasj_n/639645-136455-kartor/web/tiles-3-4757_Surströmmasjön_639645-136455.dzi ... upload error (manifest): Invalid key: svar/zips/Surstr_mmasj_n/639645-136455-kartor/web/tiles-3-4757_Surströmmasjön_639645-136455.dzi
[3321/4303] svar/zips/Surtesj_n/641768-127580-kartor/web/tiles-3-1000_Surtesjön_641768-127580a.dzi ... upload error (manifest): Invalid key: svar/zips/Surtesj_n/641768-127580-kartor/web/tiles-3-1000_Surtesjön_641768-127580a.dzi
[3322/4303] svar/zips/Surtesj_n/641768-127580-kartor/web/tiles-3-1000_Surtesjön_641768-127580b.dzi ... upload error (manifest): Invalid key: svar/zips/Surtesj_n/641768-127580-kartor/web/tiles-3-1000_Surtesjön_641768-127580b.dzi
[3323/4303] svar/zips/Survesj_n/639756-128524-kartor/web/tiles-3-4263_Survesjön_639756-128524.dzi ... upload error (manifest): Invalid key: svar/zips/Survesj_n/639756-128524-kartor/web/tiles-3-4263_Survesjön_639756-128524.dzi
[3324/4303] svar/zips/Svallesj_n/643994-127264-kartor/web/tiles-3-4446_Svallesjön_643994-127264.dzi ... upload error (manifest): Invalid key: svar/zips/Svallesj_n/643994-127264-kartor/web/tiles-3-4446_Svallesjön_643994-127264.dzi
[3325/4303] svar/zips/Svalsj_n/652947-130435-kartor/web/tiles-3-2486_Svalsjön_652947-130435.dzi ... upload error (manifest): Invalid key: svar/zips/Svalsj_n/652947-130435-kartor/web/tiles-3-2486_Svalsjön_652947-130435.dzi
[3326/4303] svar/zips/Svanarydssj_n/634754-140340-kartor/web/tiles-3-6371_Svanarydssjön_634754-140340.dzi ... upload error (manifest): Invalid key: svar/zips/Svanarydssj_n/634754-140340-kartor/web/tiles-3-6371_Svanarydssjön_634754-140340.dzi
[3327/4303] svar/zips/Svaneholmssj_n/615480-135323-kartor/web/tiles-2-0223_Svaneholmssjön_615480-135323.dzi ... upload error (manifest): Invalid key: svar/zips/Svaneholmssj_n/615480-135323-kartor/web/tiles-2-0223_Svaneholmssjön_615480-135323.dzi
[3328/4303] svar/zips/Svanshalssj_n/625612-138546-kartor/web/tiles-3-3452_Svanshalssjön_625612-138546.dzi ... upload error (manifest): Invalid key: svar/zips/Svanshalssj_n/625612-138546-kartor/web/tiles-3-3452_Svanshalssjön_625612-138546.dzi
[3329/4303] svar/zips/Svanshalssj_n/625612-138546-kartor/web/tiles-3-6469_Svanshalssjön_625612-138546.dzi ... upload error (manifest): Invalid key: svar/zips/Svanshalssj_n/625612-138546-kartor/web/tiles-3-6469_Svanshalssjön_625612-138546.dzi
[3330/4303] svar/zips/Svansj_n/638913-138061-kartor/web/tiles-3-2507_Svansjön_638913-138061.dzi ... upload error (manifest): Invalid key: svar/zips/Svansj_n/638913-138061-kartor/web/tiles-3-2507_Svansjön_638913-138061.dzi
[3331/4303] svar/zips/Svansj_n/638983-132981-kartor/web/tiles-2-0390_Svansjön_638983-132981a.dzi ... upload error (manifest): Invalid key: svar/zips/Svansj_n/638983-132981-kartor/web/tiles-2-0390_Svansjön_638983-132981a.dzi
[3332/4303] svar/zips/Svansj_n/638983-132981-kartor/web/tiles-2-0390_Svansjön_638983-132981b.dzi ... upload error (manifest): Invalid key: svar/zips/Svansj_n/638983-132981-kartor/web/tiles-2-0390_Svansjön_638983-132981b.dzi
[3333/4303] svar/zips/Svansj_n/639200-144675-kartor/web/tiles-3-5191_Svansjön_639200-144675.dzi ... upload error (manifest): Invalid key: svar/zips/Svansj_n/639200-144675-kartor/web/tiles-3-5191_Svansjön_639200-144675.dzi
[3334/4303] svar/zips/Svansj_n/641175-137986-kartor/web/tiles-3-5723_Svansjön_641175-137986.dzi ... upload error (manifest): Invalid key: svar/zips/Svansj_n/641175-137986-kartor/web/tiles-3-5723_Svansjön_641175-137986.dzi
[3335/4303] svar/zips/Svartasj_n/623254-144748-kartor/web/tiles-3-5996_Svartasjön_623254-144748.dzi ... upload error (manifest): Invalid key: svar/zips/Svartasj_n/623254-144748-kartor/web/tiles-3-5996_Svartasjön_623254-144748.dzi
[3336/4303] svar/zips/Svartasj_n/623851-145342-kartor/web/tiles-3-5476_Svartasjön_623851-145342.dzi ... upload error (manifest): Invalid key: svar/zips/Svartasj_n/623851-145342-kartor/web/tiles-3-5476_Svartasjön_623851-145342.dzi
[3337/4303] svar/zips/Svartasj_n/624913-145391-kartor/web/tiles-3-5500_Svartasjön_624913-145391.dzi ... upload error (manifest): Invalid key: svar/zips/Svartasj_n/624913-145391-kartor/web/tiles-3-5500_Svartasjön_624913-145391.dzi
[3338/4303] svar/zips/Svarta_Sj_/625087-135232-kartor/web/tiles-3-2199_Svarta Sjö_625087-135232.dzi ... upload error (manifest): Invalid key: svar/zips/Svarta_Sj_/625087-135232-kartor/web/tiles-3-2199_Svarta Sjö_625087-135232.dzi
[3339/4303] svar/zips/Svarta_Sj_/625087-135232-kartor/web/tiles-3-6575_Svarta sjö_625087-135232.dzi ... upload error (manifest): Invalid key: svar/zips/Svarta_Sj_/625087-135232-kartor/web/tiles-3-6575_Svarta sjö_625087-135232.dzi
[3340/4303] svar/zips/Svarten/634039-130685-kartor/web/tiles-3-2416_Svarten_634039-130685.dzi ... done • ETA ~ 1m 33s
[3341/4303] svar/zips/Svarten/634039-130685-kartor/web/tiles-3-6561_Svarten_634039-130685.dzi ... done • ETA ~ 1m 33s
[3342/4303] svar/zips/Svarten/634039-130685-kartor/web/tiles-5-1028_Svarten_634039-130685.dzi ... done • ETA ~ 1m 33s
[3343/4303] svar/zips/Svarten/644619-144446-kartor/web/tiles-3-3688_Svarten_644619-144446.dzi ... done • ETA ~ 1m 33s
[3344/4303] svar/zips/Svartetj_rn/642094-128499-kartor/web/tiles-3-4821_Svartetjärn_642094-128499a.dzi ... upload error (manifest): Invalid key: svar/zips/Svartetj_rn/642094-128499-kartor/web/tiles-3-4821_Svartetjärn_642094-128499a.dzi
[3345/4303] svar/zips/Svartetj_rn/642094-128499-kartor/web/tiles-3-4821_Svartetjärn_642094-128499b.dzi ... upload error (manifest): Invalid key: svar/zips/Svartetj_rn/642094-128499-kartor/web/tiles-3-4821_Svartetjärn_642094-128499b.dzi
[3346/4303] svar/zips/Svartg_l/625708-147482-kartor/web/tiles-3-5557_Svartgöl_625708-147482.dzi ... upload error (manifest): Invalid key: svar/zips/Svartg_l/625708-147482-kartor/web/tiles-3-5557_Svartgöl_625708-147482.dzi
[3347/4303] svar/zips/Svartg_len/643022-154336-kartor/web/tiles-3-3267_Svartgölen_643022-154336.dzi ... upload error (manifest): Invalid key: svar/zips/Svartg_len/643022-154336-kartor/web/tiles-3-3267_Svartgölen_643022-154336.dzi
[3348/4303] svar/zips/Svarth_vden/625636-147437-kartor/web/tiles-3-0766_Svarthövden_625636-147437.dzi ... upload error (manifest): Invalid key: svar/zips/Svarth_vden/625636-147437-kartor/web/tiles-3-0766_Svarthövden_625636-147437.dzi
[3349/4303] svar/zips/Svartsj_n/625838-146408-kartor/web/tiles-3-5514_Svartsjön_625838-146408.dzi ... upload error (manifest): Invalid key: svar/zips/Svartsj_n/625838-146408-kartor/web/tiles-3-5514_Svartsjön_625838-146408.dzi
[3350/4303] svar/zips/Svartsj_n/633635-141454-kartor/web/tiles-2-0944_Svartsjön_633635-141454.dzi ... upload error (manifest): Invalid key: svar/zips/Svartsj_n/633635-141454-kartor/web/tiles-2-0944_Svartsjön_633635-141454.dzi
[3351/4303] svar/zips/Svartsj_n/639020-148143-kartor/web/tiles-3-5194_Svartsjön_639020-148143.dzi ... upload error (manifest): Invalid key: svar/zips/Svartsj_n/639020-148143-kartor/web/tiles-3-5194_Svartsjön_639020-148143.dzi
[3352/4303] svar/zips/Svarttj_rnen/656266-128216-kartor/web/tiles-3-1712_Svarttjärnen_656266-128216.dzi ... upload error (manifest): Invalid key: svar/zips/Svarttj_rnen/656266-128216-kartor/web/tiles-3-1712_Svarttjärnen_656266-128216.dzi
[3353/4303] svar/zips/Svedsj_n/643708-139452-kartor/web/tiles-5-1050_Svedsjön_643708-139452.dzi ... upload error (manifest): Invalid key: svar/zips/Svedsj_n/643708-139452-kartor/web/tiles-5-1050_Svedsjön_643708-139452.dzi
[3354/4303] svar/zips/Svensj_n/624236-146519-kartor/web/tiles-3-3175_Svensjön_624236-146519.dzi ... upload error (manifest): Invalid key: svar/zips/Svensj_n/624236-146519-kartor/web/tiles-3-3175_Svensjön_624236-146519.dzi
[3355/4303] svar/zips/Sverkesj_n/642714-129114-kartor/web/tiles-3-4816_Sverkesjön_642714-129114.dzi ... upload error (manifest): Invalid key: svar/zips/Sverkesj_n/642714-129114-kartor/web/tiles-3-4816_Sverkesjön_642714-129114.dzi
[3356/4303] svar/zips/Svinasj_n/634730-142429-kartor/web/tiles-3-4014_Svinasjön_634730-142429.dzi ... upload error (manifest): Invalid key: svar/zips/Svinasj_n/634730-142429-kartor/web/tiles-3-4014_Svinasjön_634730-142429.dzi
[3357/4303] svar/zips/Svinasj_n/635597-145627-kartor/web/tiles-3-3356_Svinasjön_635597-145627.dzi ... upload error (manifest): Invalid key: svar/zips/Svinasj_n/635597-145627-kartor/web/tiles-3-3356_Svinasjön_635597-145627.dzi
[3358/4303] svar/zips/Svinesj_n/651295-128781-kartor/web/tiles-2-0570_Svingsjön_651295-128781.dzi ... upload error (manifest): Invalid key: svar/zips/Svinesj_n/651295-128781-kartor/web/tiles-2-0570_Svingsjön_651295-128781.dzi
[3359/4303] svar/zips/Sving_len/639468-153595-kartor/web/tiles-3-3241_Svingölen_639468-153595.dzi ... upload error (manifest): Invalid key: svar/zips/Sving_len/639468-153595-kartor/web/tiles-3-3241_Svingölen_639468-153595.dzi
[3360/4303] svar/zips/Svinsj_g_len/637508-138665-kartor/web/tiles-3-5491_Svinsjögölen_637508-138665.dzi ... upload error (manifest): Invalid key: svar/zips/Svinsj_g_len/637508-138665-kartor/web/tiles-3-5491_Svinsjögölen_637508-138665.dzi
[3361/4303] svar/zips/Svinsj_n/637254-128834-kartor/web/tiles-3-2711_Svinsjön_637254-128834.dzi ... upload error (manifest): Invalid key: svar/zips/Svinsj_n/637254-128834-kartor/web/tiles-3-2711_Svinsjön_637254-128834.dzi
[3362/4303] svar/zips/Svinsj_n/637254-128834-kartor/web/tiles-3-2833_Svinsjön_637254-128834.dzi ... upload error (manifest): Invalid key: svar/zips/Svinsj_n/637254-128834-kartor/web/tiles-3-2833_Svinsjön_637254-128834.dzi
[3363/4303] svar/zips/Svinsj_n/637553-138670-kartor/web/tiles-3-5330_Svinsjön_637553-138670a.dzi ... upload error (manifest): Invalid key: svar/zips/Svinsj_n/637553-138670-kartor/web/tiles-3-5330_Svinsjön_637553-138670a.dzi
[3364/4303] svar/zips/Svinsj_n/637553-138670-kartor/web/tiles-3-5330_Svinsjön_637553-138670b.dzi ... upload error (manifest): Invalid key: svar/zips/Svinsj_n/637553-138670-kartor/web/tiles-3-5330_Svinsjön_637553-138670b.dzi
[3365/4303] svar/zips/Svinsj_n/650505-153369-kartor/web/tiles-3-5690_Svinsjön_650505-153369.dzi ... upload error (manifest): Invalid key: svar/zips/Svinsj_n/650505-153369-kartor/web/tiles-3-5690_Svinsjön_650505-153369.dzi
[3366/4303] svar/zips/Svintj_rn/639070-128901-kartor/web/tiles-3-1852_Svintjärn_639070-128901.dzi ... upload error (manifest): Invalid key: svar/zips/Svintj_rn/639070-128901-kartor/web/tiles-3-1852_Svintjärn_639070-128901.dzi
[3367/4303] svar/zips/Sv_nasj_n/637284-131957-kartor/web/tiles-3-4773_Svänasjö_637284-131957.dzi ... upload error (manifest): Invalid key: svar/zips/Sv_nasj_n/637284-131957-kartor/web/tiles-3-4773_Svänasjö_637284-131957.dzi
[3368/4303] svar/zips/Sv_nesj_/632749-150754-kartor/web/tiles-5-0441_Svänesjö_632749-150754.dzi ... upload error (manifest): Invalid key: svar/zips/Sv_nesj_/632749-150754-kartor/web/tiles-5-0441_Svänesjö_632749-150754.dzi
[3369/4303] svar/zips/Sv_ngb_gen/651305-152118-kartor/web/tiles-1-0127_Svängbågen_651305-152118.dzi ... upload error (manifest): Invalid key: svar/zips/Sv_ngb_gen/651305-152118-kartor/web/tiles-1-0127_Svängbågen_651305-152118.dzi
[3370/4303] svar/zips/Sv_rdl_ng/654966-129733-kartor/web/tiles-1-0165_Svärdlång_654966-129733.dzi ... upload error (manifest): Invalid key: svar/zips/Sv_rdl_ng/654966-129733-kartor/web/tiles-1-0165_Svärdlång_654966-129733.dzi
[3371/4303] svar/zips/Syrkhultasj_n/621690-135652-kartor/web/tiles-3-2588_Syrkhultasjön_621690-135652.dzi ... upload error (manifest): Invalid key: svar/zips/Syrkhultasj_n/621690-135652-kartor/web/tiles-3-2588_Syrkhultasjön_621690-135652.dzi
[3372/4303] svar/zips/S_bysj_n/634816-144679-kartor/web/tiles-3-3576_Säbysjön_634816-144679.dzi ... upload error (manifest): Invalid key: svar/zips/S_bysj_n/634816-144679-kartor/web/tiles-3-3576_Säbysjön_634816-144679.dzi
[3373/4303] svar/zips/S_bysj_n/643125-144824-kartor/web/tiles-3-1781_Säbysjön_643125-144824.dzi ... upload error (manifest): Invalid key: svar/zips/S_bysj_n/643125-144824-kartor/web/tiles-3-1781_Säbysjön_643125-144824.dzi
[3374/4303] svar/zips/S_dersj_n/641682-152815-kartor/web/tiles-3-3376_Södersjön_641682-152815.dzi ... upload error (manifest): Invalid key: svar/zips/S_dersj_n/641682-152815-kartor/web/tiles-3-3376_Södersjön_641682-152815.dzi
[3375/4303] svar/zips/S_drasj_n/629520-138933-kartor/web/tiles-3-0827_Södrasjön_629520-138933.dzi ... upload error (manifest): Invalid key: svar/zips/S_drasj_n/629520-138933-kartor/web/tiles-3-0827_Södrasjön_629520-138933.dzi
[3376/4303] svar/zips/S_drasj_n/634668-144774-kartor/web/tiles-3-3577_Södrasjön_634668-144774.dzi ... upload error (manifest): Invalid key: svar/zips/S_drasj_n/634668-144774-kartor/web/tiles-3-3577_Södrasjön_634668-144774.dzi
[3377/4303] svar/zips/S_dra_Barnsj_n/638908-127974-kartor/web/tiles-3-1848_Södra Barnsjön_638908-127974.dzi ... upload error (manifest): Invalid key: svar/zips/S_dra_Barnsj_n/638908-127974-kartor/web/tiles-3-1848_Södra Barnsjön_638908-127974.dzi
[3378/4303] svar/zips/S_dra_Bl_tevattnet/653497-125002-kartor/web/tiles-3-3999_Södra Blötevattnet_653497-125002.dzi ... upload error (manifest): Invalid key: svar/zips/S_dra_Bl_tevattnet/653497-125002-kartor/web/tiles-3-3999_Södra Blötevattnet_653497-125002.dzi
[3379/4303] svar/zips/S_dra_Bolsj_n/633927-134242-kartor/web/tiles-3-2135_Södra Bolsjön_633927-134242.dzi ... upload error (manifest): Invalid key: svar/zips/S_dra_Bolsj_n/633927-134242-kartor/web/tiles-3-2135_Södra Bolsjön_633927-134242.dzi
[3380/4303] svar/zips/S_dra_Bullaresj_n/652705-125521-kartor/web/tiles-2-0216_Södra Bullaresjön_652705-125521.dzi ... upload error (manifest): Invalid key: svar/zips/S_dra_Bullaresj_n/652705-125521-kartor/web/tiles-2-0216_Södra Bullaresjön_652705-125521.dzi
[3381/4303] svar/zips/S_dra_Bullaresj_n/652705-125521-kartor/web/tiles-3-1568a_Södra Bullaresjön_652705-125521.dzi ... upload error (manifest): Invalid key: svar/zips/S_dra_Bullaresj_n/652705-125521-kartor/web/tiles-3-1568a_Södra Bullaresjön_652705-125521.dzi
[3382/4303] svar/zips/S_dra_Bullaresj_n/652705-125521-kartor/web/tiles-3-1568b_Södra Bullaresjön_652705-125521.dzi ... upload error (manifest): Invalid key: svar/zips/S_dra_Bullaresj_n/652705-125521-kartor/web/tiles-3-1568b_Södra Bullaresjön_652705-125521.dzi
[3383/4303] svar/zips/S_dra_Bullaresj_n/652705-125521-kartor/web/tiles-3-1568c_Södra Bullaresjön_652705-125521.dzi ... upload error (manifest): Invalid key: svar/zips/S_dra_Bullaresj_n/652705-125521-kartor/web/tiles-3-1568c_Södra Bullaresjön_652705-125521.dzi
[3384/4303] svar/zips/S_dra_Fyllen/632860-138338-kartor/web/tiles-2-1110_Södra Fyllen_632860-138338.dzi ... upload error (manifest): Invalid key: svar/zips/S_dra_Fyllen/632860-138338-kartor/web/tiles-2-1110_Södra Fyllen_632860-138338.dzi
[3385/4303] svar/zips/S_dra_F_rgen/631309-134951-kartor/web/tiles-0-0153_Södra Färgen_631309-134951.dzi ... upload error (manifest): Invalid key: svar/zips/S_dra_F_rgen/631309-134951-kartor/web/tiles-0-0153_Södra Färgen_631309-134951.dzi
[3386/4303] svar/zips/S_dra_F_rgen/631309-134951-kartor/web/tiles-3-0862_Södra Färgen_631309-134951.dzi ... upload error (manifest): Invalid key: svar/zips/S_dra_F_rgen/631309-134951-kartor/web/tiles-3-0862_Södra Färgen_631309-134951.dzi
[3387/4303] svar/zips/S_dra_F_rgen/631309-134951-kartor/web/tiles-3-6532_Södra Färgen_631309-134951.dzi ... upload error (manifest): Invalid key: svar/zips/S_dra_F_rgen/631309-134951-kartor/web/tiles-3-6532_Södra Färgen_631309-134951.dzi
[3388/4303] svar/zips/S_dra_Gussj_/636365-136675-kartor/web/tiles-3-0864_Södra Gussjö_636365-136675.dzi ... upload error (manifest): Invalid key: svar/zips/S_dra_Gussj_/636365-136675-kartor/web/tiles-3-0864_Södra Gussjö_636365-136675.dzi
[3389/4303] svar/zips/S_dra_Gussj_/636365-136675-kartor/web/tiles-3-0865_Södra Gussjö_636365-136675.dzi ... upload error (manifest): Invalid key: svar/zips/S_dra_Gussj_/636365-136675-kartor/web/tiles-3-0865_Södra Gussjö_636365-136675.dzi
[3390/4303] svar/zips/S_dra_Gussj_/636365-136675-kartor/web/tiles-5-0047_Södra Gussjö_636365-136675.dzi ... upload error (manifest): Invalid key: svar/zips/S_dra_Gussj_/636365-136675-kartor/web/tiles-5-0047_Södra Gussjö_636365-136675.dzi
[3391/4303] svar/zips/S_dra_G_len/625904-147672-kartor/web/tiles-3-5564_Södra Gölen_625904-147672.dzi ... upload error (manifest): Invalid key: svar/zips/S_dra_G_len/625904-147672-kartor/web/tiles-3-5564_Södra Gölen_625904-147672.dzi
[3392/4303] svar/zips/S_dra_Holmsj_n/656118-142818-kartor/web/tiles-3-4568_Södra Holmsjön_656118-142818.dzi ... upload error (manifest): Invalid key: svar/zips/S_dra_Holmsj_n/656118-142818-kartor/web/tiles-3-4568_Södra Holmsjön_656118-142818.dzi
[3393/4303] svar/zips/S_dra_Holmsj_n/656118-142818-kartor/web/tiles-5-0117_Södra Holmsjön_656118-142818.dzi ... upload error (manifest): Invalid key: svar/zips/S_dra_Holmsj_n/656118-142818-kartor/web/tiles-5-0117_Södra Holmsjön_656118-142818.dzi
[3394/4303] svar/zips/S_dra_Kornsj_n/652556-126311-kartor/web/tiles-2-0217_Nedre Kornsjön_652556-126311.dzi ... upload error (manifest): Invalid key: svar/zips/S_dra_Kornsj_n/652556-126311-kartor/web/tiles-2-0217_Nedre Kornsjön_652556-126311.dzi
[3395/4303] svar/zips/S_dra_Kroksj_n/624565-141240-kartor/web/tiles-2-0994_Södra Kroksjön_624565-141240.dzi ... upload error (manifest): Invalid key: svar/zips/S_dra_Kroksj_n/624565-141240-kartor/web/tiles-2-0994_Södra Kroksjön_624565-141240.dzi
[3396/4303] svar/zips/S_dra_Kulingen/633770-141503-kartor/web/tiles-3-5602_Södra Kulingen_633770-141503.dzi ... upload error (manifest): Invalid key: svar/zips/S_dra_Kulingen/633770-141503-kartor/web/tiles-3-5602_Södra Kulingen_633770-141503.dzi
[3397/4303] svar/zips/S_dra_L_ngasj_n/631285-132554-kartor/web/tiles-3-5112_Södra Långasjön_631285-132554.dzi ... upload error (manifest): Invalid key: svar/zips/S_dra_L_ngasj_n/631285-132554-kartor/web/tiles-3-5112_Södra Långasjön_631285-132554.dzi
[3398/4303] svar/zips/S_dra_L_ngevattnet/639780-127609-kartor/web/tiles-3-4223_Södra Långevattnet_639780-127609.dzi ... upload error (manifest): Invalid key: svar/zips/S_dra_L_ngevattnet/639780-127609-kartor/web/tiles-3-4223_Södra Långevattnet_639780-127609.dzi
[3399/4303] svar/zips/S_dra_Mossebosj_n/637939-137301-kartor/web/tiles-3-0870_Södra Mossebosjön_637939-137301.dzi ... upload error (manifest): Invalid key: svar/zips/S_dra_Mossebosj_n/637939-137301-kartor/web/tiles-3-0870_Södra Mossebosjön_637939-137301.dzi
[3400/4303] svar/zips/S_dra_Mossebosj_n/637939-137301-kartor/web/tiles-3-6296_Södra Mossebosjön_637939-137301.dzi ... upload error (manifest): Invalid key: svar/zips/S_dra_Mossebosj_n/637939-137301-kartor/web/tiles-3-6296_Södra Mossebosjön_637939-137301.dzi
[3401/4303] svar/zips/S_dra_Stensj_n/633942-130223-kartor/web/tiles-3-2838_Södra Stensjön_633942-130223.dzi ... upload error (manifest): Invalid key: svar/zips/S_dra_Stensj_n/633942-130223-kartor/web/tiles-3-2838_Södra Stensjön_633942-130223.dzi
[3402/4303] svar/zips/S_dra_Trollsj_n/637156-137940-kartor/web/tiles-3-2136_Södra Trollsjön_637156-137940.dzi ... upload error (manifest): Invalid key: svar/zips/S_dra_Trollsj_n/637156-137940-kartor/web/tiles-3-2136_Södra Trollsjön_637156-137940.dzi
[3403/4303] svar/zips/S_dra_Trollsj_n/637156-137940-kartor/web/tiles-5-0048_Södra Trollsjön_637156-137940.dzi ... upload error (manifest): Invalid key: svar/zips/S_dra_Trollsj_n/637156-137940-kartor/web/tiles-5-0048_Södra Trollsjön_637156-137940.dzi
[3404/4303] svar/zips/S_dra_Vallsj_n/637234-137340-kartor/web/tiles-5-0049_Södra Vallsjön_637234-137340.dzi ... upload error (manifest): Invalid key: svar/zips/S_dra_Vallsj_n/637234-137340-kartor/web/tiles-5-0049_Södra Vallsjön_637234-137340.dzi
[3405/4303] svar/zips/S_dra_Virestadsj_n/627373-140736-kartor/web/tiles-2-0299_Södra Virestadsjön_627373-140736.dzi ... upload error (manifest): Invalid key: svar/zips/S_dra_Virestadsj_n/627373-140736-kartor/web/tiles-2-0299_Södra Virestadsjön_627373-140736.dzi
[3406/4303] svar/zips/S_dra_Vixen/639017-144472-kartor/web/tiles-2-0297_Södra Vixen_639017-144472.dzi ... upload error (manifest): Invalid key: svar/zips/S_dra_Vixen/639017-144472-kartor/web/tiles-2-0297_Södra Vixen_639017-144472.dzi
[3407/4303] svar/zips/S_dra_Vixen/639017-144472-kartor/web/tiles-3-0754_Södra Vixen_639017-144472.dzi ... upload error (manifest): Invalid key: svar/zips/S_dra_Vixen/639017-144472-kartor/web/tiles-3-0754_Södra Vixen_639017-144472.dzi
[3408/4303] svar/zips/S_dra_Vixen/639017-144472-kartor/web/tiles-3-6345_Södra Vixen_639017-144472.dzi ... upload error (manifest): Invalid key: svar/zips/S_dra_Vixen/639017-144472-kartor/web/tiles-3-6345_Södra Vixen_639017-144472.dzi
[3409/4303] svar/zips/S_dra_V_lasj_/633263-131430-kartor/web/tiles-3-5226_Södra Välasjö_633263-131430b.dzi ... upload error (manifest): Invalid key: svar/zips/S_dra_V_lasj_/633263-131430-kartor/web/tiles-3-5226_Södra Välasjö_633263-131430b.dzi
[3410/4303] svar/zips/S_dra_V_lasj_/633263-131430-kartor/web/tiles-3-5226_Södra Välasjö_633263-131430c.dzi ... upload error (manifest): Invalid key: svar/zips/S_dra_V_lasj_/633263-131430-kartor/web/tiles-3-5226_Södra Välasjö_633263-131430c.dzi
[3411/4303] svar/zips/S_dra___llesj_n/623408-144782-kartor/web/tiles-3-5997_Södra Öllesjön_623408-144782.dzi ... upload error (manifest): Invalid key: svar/zips/S_dra___llesj_n/623408-144782-kartor/web/tiles-3-5997_Södra Öllesjön_623408-144782.dzi
[3412/4303] svar/zips/S_dra___lten/632983-141674-kartor/web/tiles-2-0950_Södra Älten_632983-141674.dzi ... upload error (manifest): Invalid key: svar/zips/S_dra___lten/632983-141674-kartor/web/tiles-2-0950_Södra Älten_632983-141674.dzi
[3413/4303] svar/zips/S_dra___sj_n/625865-147376-kartor/web/tiles-3-3187_Södra Åsjön_625865-147376.dzi ... upload error (manifest): Invalid key: svar/zips/S_dra___sj_n/625865-147376-kartor/web/tiles-3-3187_Södra Åsjön_625865-147376.dzi
[3414/4303] svar/zips/S_dre-Sj_/637696-141169-kartor/web/tiles-3-5241_Södresjö_637696-141169.dzi ... upload error (manifest): Invalid key: svar/zips/S_dre-Sj_/637696-141169-kartor/web/tiles-3-5241_Södresjö_637696-141169.dzi
[3415/4303] svar/zips/S_dreg_l/623827-147352-kartor/web/tiles-3-0783_Södregöl_623827-147352.dzi ... upload error (manifest): Invalid key: svar/zips/S_dreg_l/623827-147352-kartor/web/tiles-3-0783_Södregöl_623827-147352.dzi
[3416/4303] svar/zips/S_dresj_/630406-143665-kartor/web/tiles-2-0157_Södresjö_630406-143665.dzi ... upload error (manifest): Invalid key: svar/zips/S_dresj_/630406-143665-kartor/web/tiles-2-0157_Södresjö_630406-143665.dzi
[3417/4303] svar/zips/S_dresj_/630406-143665-kartor/web/tiles-3-6622_Södra Bergundasjön_630406-143665.dzi ... upload error (manifest): Invalid key: svar/zips/S_dresj_/630406-143665-kartor/web/tiles-3-6622_Södra Bergundasjön_630406-143665.dzi
[3418/4303] svar/zips/S_getj_rnet/655823-131038-kartor/web/tiles-3-6767_Sågetjärnet_655823-131038.dzi ... upload error (manifest): Invalid key: svar/zips/S_getj_rnet/655823-131038-kartor/web/tiles-3-6767_Sågetjärnet_655823-131038.dzi
[3419/4303] svar/zips/S_geviksdammen/639610-138406-kartor/web/tiles-3-5733_Sågeviksdammen_639610-138406.dzi ... upload error (manifest): Invalid key: svar/zips/S_geviksdammen/639610-138406-kartor/web/tiles-3-5733_Sågeviksdammen_639610-138406.dzi
[3420/4303] svar/zips/S_gk_rret/651293-153607-kartor/web/tiles-3-1763_Sågkärret_651293-153607.dzi ... upload error (manifest): Invalid key: svar/zips/S_gk_rret/651293-153607-kartor/web/tiles-3-1763_Sågkärret_651293-153607.dzi
[3421/4303] svar/zips/S_ingen/634599-135343-kartor/web/tiles-3-4586_Söingen_634599-135343.dzi ... upload error (manifest): Invalid key: svar/zips/S_ingen/634599-135343-kartor/web/tiles-3-4586_Söingen_634599-135343.dzi
[3422/4303] svar/zips/S_ken/639362-134159-kartor/web/tiles-2-0393_Såken_639362-134159a.dzi ... upload error (manifest): Invalid key: svar/zips/S_ken/639362-134159-kartor/web/tiles-2-0393_Såken_639362-134159a.dzi
[3423/4303] svar/zips/S_ken/639362-134159-kartor/web/tiles-2-0393_Såken_639362-134159b.dzi ... upload error (manifest): Invalid key: svar/zips/S_ken/639362-134159-kartor/web/tiles-2-0393_Såken_639362-134159b.dzi
[3424/4303] svar/zips/S_lesj_n/652280-126317-kartor/web/tiles-3-1746_Sälesjön_652280-126317.dzi ... upload error (manifest): Invalid key: svar/zips/S_lesj_n/652280-126317-kartor/web/tiles-3-1746_Sälesjön_652280-126317.dzi
[3425/4303] svar/zips/S_letj_rn/653249-124836-kartor/web/tiles-3-4267_Söletjärn_653249-124836.dzi ... upload error (manifest): Invalid key: svar/zips/S_letj_rn/653249-124836-kartor/web/tiles-3-4267_Söletjärn_653249-124836.dzi
[3426/4303] svar/zips/S_ljen/634570-147131-kartor/web/tiles-0-0104_Säljen_634570-147131.dzi ... upload error (manifest): Invalid key: svar/zips/S_ljen/634570-147131-kartor/web/tiles-0-0104_Säljen_634570-147131.dzi
[3427/4303] svar/zips/S_lsj_n/641649-131981-kartor/web/tiles-2-0602_Sälsjön_641649-131981.dzi ... upload error (manifest): Invalid key: svar/zips/S_lsj_n/641649-131981-kartor/web/tiles-2-0602_Sälsjön_641649-131981.dzi
[3428/4303] svar/zips/S_lsj_n/656755-141273-kartor/web/tiles-2-0365_Sälsjön_656755-141273a.dzi ... upload error (manifest): Invalid key: svar/zips/S_lsj_n/656755-141273-kartor/web/tiles-2-0365_Sälsjön_656755-141273a.dzi
[3429/4303] svar/zips/S_lsj_n/656755-141273-kartor/web/tiles-2-0365_Sälsjön_656755-141273b.dzi ... upload error (manifest): Invalid key: svar/zips/S_lsj_n/656755-141273-kartor/web/tiles-2-0365_Sälsjön_656755-141273b.dzi
[3430/4303] svar/zips/S_mbosj_n/634272-129453-kartor/web/tiles-3-2840_Sämbosjön_634272-129453.dzi ... upload error (manifest): Invalid key: svar/zips/S_mbosj_n/634272-129453-kartor/web/tiles-3-2840_Sämbosjön_634272-129453.dzi
[3431/4303] svar/zips/S_nkesj_n/637424-136968-kartor/web/tiles-3-2513_Sänkesjön_637424-136968.dzi ... upload error (manifest): Invalid key: svar/zips/S_nkesj_n/637424-136968-kartor/web/tiles-3-2513_Sänkesjön_637424-136968.dzi
[3432/4303] svar/zips/S_nksj_n/623904-146710-kartor/web/tiles-3-5515_Sänksjön_623904-146710.dzi ... upload error (manifest): Invalid key: svar/zips/S_nksj_n/623904-146710-kartor/web/tiles-3-5515_Sänksjön_623904-146710.dzi
[3433/4303] svar/zips/S_nnen/624421-147234-kartor/web/tiles-3-0782_Sännen_624421-147234.dzi ... upload error (manifest): Invalid key: svar/zips/S_nnen/624421-147234-kartor/web/tiles-3-0782_Sännen_624421-147234.dzi
[3434/4303] svar/zips/S_nnen/624421-147234-kartor/web/tiles-3-2827_Sännen_624421-147234.dzi ... upload error (manifest): Invalid key: svar/zips/S_nnen/624421-147234-kartor/web/tiles-3-2827_Sännen_624421-147234.dzi
[3435/4303] svar/zips/S_nningen/651667-141412-kartor/web/tiles-3-0741_Sänningen_651667-141412.dzi ... upload error (manifest): Invalid key: svar/zips/S_nningen/651667-141412-kartor/web/tiles-3-0741_Sänningen_651667-141412.dzi
[3436/4303] svar/zips/S_r-__mten/651345-143162-kartor/web/tiles-5-0135_Sör-Ämten_651345-143162.dzi ... upload error (manifest): Invalid key: svar/zips/S_r-__mten/651345-143162-kartor/web/tiles-5-0135_Sör-Ämten_651345-143162.dzi
[3437/4303] svar/zips/S_r-__mten/651345-143162-kartor/web/tiles-5-0135_Sör_Amten_651345-143162.dzi ... upload error (manifest): Invalid key: svar/zips/S_r-__mten/651345-143162-kartor/web/tiles-5-0135_Sör_Amten_651345-143162.dzi
[3438/4303] svar/zips/S_rabysj_n/632490-144339-kartor/web/tiles-3-0805_Sörabysjön_632490-144339.dzi ... upload error (manifest): Invalid key: svar/zips/S_rabysj_n/632490-144339-kartor/web/tiles-3-0805_Sörabysjön_632490-144339.dzi
[3439/4303] svar/zips/S_rasj_n/634851-146054-kartor/web/tiles-3-3964_Sörasjön_634851-146054.dzi ... upload error (manifest): Invalid key: svar/zips/S_rasj_n/634851-146054-kartor/web/tiles-3-3964_Sörasjön_634851-146054.dzi
[3440/4303] svar/zips/S_rasj_n/635376-145777-kartor/web/tiles-2-0312_Sörasjön_635376-145777.dzi ... upload error (manifest): Invalid key: svar/zips/S_rasj_n/635376-145777-kartor/web/tiles-2-0312_Sörasjön_635376-145777.dzi
[3441/4303] svar/zips/S_refj_rd/631128-153986-kartor/web/tiles-5-0436_Sörefjärd_631128-153986.dzi ... upload error (manifest): Invalid key: svar/zips/S_refj_rd/631128-153986-kartor/web/tiles-5-0436_Sörefjärd_631128-153986.dzi
[3442/4303] svar/zips/S_rsj_n/626259-148127-kartor/web/tiles-5-0465_Sörsjön_626259-148127.dzi ... upload error (manifest): Invalid key: svar/zips/S_rsj_n/626259-148127-kartor/web/tiles-5-0465_Sörsjön_626259-148127.dzi
[3443/4303] svar/zips/S_rsj_n/626703-148079-kartor/web/tiles-3-3860_Sörsjön_626703-148079a.dzi ... upload error (manifest): Invalid key: svar/zips/S_rsj_n/626703-148079-kartor/web/tiles-3-3860_Sörsjön_626703-148079a.dzi
[3444/4303] svar/zips/S_rsj_n/626703-148079-kartor/web/tiles-3-3860_Sörsjön_626703-148079b.dzi ... upload error (manifest): Invalid key: svar/zips/S_rsj_n/626703-148079-kartor/web/tiles-3-3860_Sörsjön_626703-148079b.dzi
[3445/4303] svar/zips/S_rsj_n/627320-149553-kartor/web/tiles-5-0450a_Sörsjön_627320-149553.dzi ... upload error (manifest): Invalid key: svar/zips/S_rsj_n/627320-149553-kartor/web/tiles-5-0450a_Sörsjön_627320-149553.dzi
[3446/4303] svar/zips/S_rsj_n/627320-149553-kartor/web/tiles-5-0450b_Sörsjön_627320-149553.dzi ... upload error (manifest): Invalid key: svar/zips/S_rsj_n/627320-149553-kartor/web/tiles-5-0450b_Sörsjön_627320-149553.dzi
[3447/4303] svar/zips/S_rsj_n/637360-142278-kartor/web/tiles-3-5665_Sörsjön_637360-142278.dzi ... upload error (manifest): Invalid key: svar/zips/S_rsj_n/637360-142278-kartor/web/tiles-3-5665_Sörsjön_637360-142278.dzi
[3448/4303] svar/zips/S_rsj_n/639836-139755-kartor/web/tiles-3-6305_Sörsjön_639836-139755.dzi ... upload error (manifest): Invalid key: svar/zips/S_rsj_n/639836-139755-kartor/web/tiles-3-6305_Sörsjön_639836-139755.dzi
[3449/4303] svar/zips/S_rsj_n/640939-136927-kartor/web/tiles-3-4758_Sörsjön_640939-136927.dzi ... upload error (manifest): Invalid key: svar/zips/S_rsj_n/640939-136927-kartor/web/tiles-3-4758_Sörsjön_640939-136927.dzi
[3450/4303] svar/zips/S_rsj_n/643313-127458-kartor/web/tiles-3-1097_Sörsjön_643313-127458.dzi ... upload error (manifest): Invalid key: svar/zips/S_rsj_n/643313-127458-kartor/web/tiles-3-1097_Sörsjön_643313-127458.dzi
[3451/4303] svar/zips/S_rsj_n/643313-127458-kartor/web/tiles-3-1523_Sörsjön_643313-127458.dzi ... upload error (manifest): Invalid key: svar/zips/S_rsj_n/643313-127458-kartor/web/tiles-3-1523_Sörsjön_643313-127458.dzi
[3452/4303] svar/zips/S_rsj_n/651267-151652-kartor/web/tiles-2-0849_Sörsjön_651267-151652.dzi ... upload error (manifest): Invalid key: svar/zips/S_rsj_n/651267-151652-kartor/web/tiles-2-0849_Sörsjön_651267-151652.dzi
[3453/4303] svar/zips/S_rsj_n/654221-160125-kartor/web/tiles-3-6743_Sörsjön_654221-160125.dzi ... upload error (manifest): Invalid key: svar/zips/S_rsj_n/654221-160125-kartor/web/tiles-3-6743_Sörsjön_654221-160125.dzi
[3454/4303] svar/zips/S_rvattnet/651117-125645-kartor/web/tiles-3-2618_Sörvattnet_651117-125645.dzi ... upload error (manifest): Invalid key: svar/zips/S_rvattnet/651117-125645-kartor/web/tiles-3-2618_Sörvattnet_651117-125645.dzi
[3455/4303] svar/zips/S_rv_ttnen/643629-139720-kartor/web/tiles-5-1045a_Sörvättnen_643629-139720.dzi ... upload error (manifest): Invalid key: svar/zips/S_rv_ttnen/643629-139720-kartor/web/tiles-5-1045a_Sörvättnen_643629-139720.dzi
[3456/4303] svar/zips/S_rv_ttnen/643629-139720-kartor/web/tiles-5-1045b_Sörvättnen_643629-139720.dzi ... upload error (manifest): Invalid key: svar/zips/S_rv_ttnen/643629-139720-kartor/web/tiles-5-1045b_Sörvättnen_643629-139720.dzi
[3457/4303] svar/zips/S_sj_n/642208-132052-kartor/web/tiles-3-3903_Säsjön_642208-132052a.dzi ... upload error (manifest): Invalid key: svar/zips/S_sj_n/642208-132052-kartor/web/tiles-3-3903_Säsjön_642208-132052a.dzi
[3458/4303] svar/zips/S_sj_n/642208-132052-kartor/web/tiles-3-3903_Säsjön_642208-132052b.dzi ... upload error (manifest): Invalid key: svar/zips/S_sj_n/642208-132052-kartor/web/tiles-3-3903_Säsjön_642208-132052b.dzi
[3459/4303] svar/zips/S_tasasj_n/642740-143390-kartor/web/tiles-3-2598_Sötåsasjön_642740-143390.dzi ... upload error (manifest): Invalid key: svar/zips/S_tasasj_n/642740-143390-kartor/web/tiles-3-2598_Sötåsasjön_642740-143390.dzi
[3460/4303] svar/zips/S_vdeborgssj_n/616333-136689-kartor/web/tiles-3-4672_Sövdeborgssjön_616333-136689.dzi ... upload error (manifest): Invalid key: svar/zips/S_vdeborgssj_n/616333-136689-kartor/web/tiles-3-4672_Sövdeborgssjön_616333-136689.dzi
[3461/4303] svar/zips/S_vdesj_n/616415-136415-kartor/web/tiles-2-0175_Sövdesjön_616415-136415.dzi ... upload error (manifest): Invalid key: svar/zips/S_vdesj_n/616415-136415-kartor/web/tiles-2-0175_Sövdesjön_616415-136415.dzi
[3462/4303] svar/zips/S_vdesj_n/616415-136415-kartor/web/tiles-3-4674_Sövdesjön_616415-136415.dzi ... upload error (manifest): Invalid key: svar/zips/S_vdesj_n/616415-136415-kartor/web/tiles-3-4674_Sövdesjön_616415-136415.dzi
[3463/4303] svar/zips/S_vel_ngen/641461-129543-kartor/web/tiles-1-0139_Sävelången_641461-129543.dzi ... upload error (manifest): Invalid key: svar/zips/S_vel_ngen/641461-129543-kartor/web/tiles-1-0139_Sävelången_641461-129543.dzi
[3464/4303] svar/zips/S_vel_ngen/641461-129543-kartor/web/tiles-2-0199_Sävelången_641461-129543.dzi ... upload error (manifest): Invalid key: svar/zips/S_vel_ngen/641461-129543-kartor/web/tiles-2-0199_Sävelången_641461-129543.dzi
[3465/4303] svar/zips/S_vel_ngen/641461-129543-kartor/web/tiles-3-1040_Sävelången_641461-129543.dzi ... upload error (manifest): Invalid key: svar/zips/S_vel_ngen/641461-129543-kartor/web/tiles-3-1040_Sävelången_641461-129543.dzi
[3466/4303] svar/zips/S_vel_ngen/641461-129543-kartor/web/tiles-3-1093_Sävelången_641461-129543.dzi ... upload error (manifest): Invalid key: svar/zips/S_vel_ngen/641461-129543-kartor/web/tiles-3-1093_Sävelången_641461-129543.dzi
[3467/4303] svar/zips/S_vel_ngen/641461-129543-kartor/web/tiles-3-1099_Sävelången_641461-129543.dzi ... upload error (manifest): Invalid key: svar/zips/S_vel_ngen/641461-129543-kartor/web/tiles-3-1099_Sävelången_641461-129543.dzi
[3468/4303] svar/zips/S_ven/642608-132524-kartor/web/tiles-2-0203_Säven_642608-132524.dzi ... upload error (manifest): Invalid key: svar/zips/S_ven/642608-132524-kartor/web/tiles-2-0203_Säven_642608-132524.dzi
[3469/4303] svar/zips/S_vesj_n/635020-147934-kartor/web/tiles-3-2203_Sävesjön_635020-147934.dzi ... upload error (manifest): Invalid key: svar/zips/S_vesj_n/635020-147934-kartor/web/tiles-3-2203_Sävesjön_635020-147934.dzi
[3470/4303] svar/zips/S_vsebosj_n/635901-146890-kartor/web/tiles-3-3963_Sävsebosjön_635901-146890.dzi ... upload error (manifest): Invalid key: svar/zips/S_vsebosj_n/635901-146890-kartor/web/tiles-3-3963_Sävsebosjön_635901-146890.dzi
[3471/4303] svar/zips/S_vseredssj_n/629511-134482-kartor/web/tiles-3-5084_Sävseredssjön_629511-134482.dzi ... upload error (manifest): Invalid key: svar/zips/S_vseredssj_n/629511-134482-kartor/web/tiles-3-5084_Sävseredssjön_629511-134482.dzi
[3472/4303] svar/zips/S_vsj_n/624523-145596-kartor/web/tiles-3-2972_Sävsjön_624523-145596.dzi ... upload error (manifest): Invalid key: svar/zips/S_vsj_n/624523-145596-kartor/web/tiles-3-2972_Sävsjön_624523-145596.dzi
[3473/4303] svar/zips/S_vsj_n/625756-147112-kartor/web/tiles-3-2846_Sävsjön_625756-147112.dzi ... upload error (manifest): Invalid key: svar/zips/S_vsj_n/625756-147112-kartor/web/tiles-3-2846_Sävsjön_625756-147112.dzi
[3474/4303] svar/zips/S_vsj_n/632809-149950-kartor/web/tiles-3-2367_Sävsjön_632809-149950.dzi ... upload error (manifest): Invalid key: svar/zips/S_vsj_n/632809-149950-kartor/web/tiles-3-2367_Sävsjön_632809-149950.dzi
[3475/4303] svar/zips/S_vsj_n/632809-149950-kartor/web/tiles-3-3839_Sävsjön_632809-149950a.dzi ... upload error (manifest): Invalid key: svar/zips/S_vsj_n/632809-149950-kartor/web/tiles-3-3839_Sävsjön_632809-149950a.dzi
[3476/4303] svar/zips/S_vsj_n/632809-149950-kartor/web/tiles-3-3839_Sävsjön_632809-149950b.dzi ... upload error (manifest): Invalid key: svar/zips/S_vsj_n/632809-149950-kartor/web/tiles-3-3839_Sävsjön_632809-149950b.dzi
[3477/4303] svar/zips/S_vsj_n/635030-135088-kartor/web/tiles-3-2542_Sävsjön_635030-135088.dzi ... upload error (manifest): Invalid key: svar/zips/S_vsj_n/635030-135088-kartor/web/tiles-3-2542_Sävsjön_635030-135088.dzi
[3478/4303] svar/zips/S_vsj_n/635503-149740-kartor/web/tiles-3-2873_Sävsjön_635503-149740.dzi ... upload error (manifest): Invalid key: svar/zips/S_vsj_n/635503-149740-kartor/web/tiles-3-2873_Sävsjön_635503-149740.dzi
[3479/4303] svar/zips/S_vsj_n/636395-150847-kartor/web/tiles-3-2874_Sävsjön_636395-150847.dzi ... upload error (manifest): Invalid key: svar/zips/S_vsj_n/636395-150847-kartor/web/tiles-3-2874_Sävsjön_636395-150847.dzi
[3480/4303] svar/zips/S_vsj_n/638144-132744-kartor/web/tiles-3-5582_Sävsjön_638144-132744.dzi ... upload error (manifest): Invalid key: svar/zips/S_vsj_n/638144-132744-kartor/web/tiles-3-5582_Sävsjön_638144-132744.dzi
[3481/4303] svar/zips/S_vsj_n/638270-142851-kartor/web/tiles-3-3878_Sävsjön_638270-142851a.dzi ... upload error (manifest): Invalid key: svar/zips/S_vsj_n/638270-142851-kartor/web/tiles-3-3878_Sävsjön_638270-142851a.dzi
[3482/4303] svar/zips/S_vsj_n/638270-142851-kartor/web/tiles-3-3878_Sävsjön_638270-142851b.dzi ... upload error (manifest): Invalid key: svar/zips/S_vsj_n/638270-142851-kartor/web/tiles-3-3878_Sävsjön_638270-142851b.dzi
[3483/4303] svar/zips/S_vsj_n/638837-131981-kartor/web/tiles-2-0386_Sävsjön_638837-131981a.dzi ... upload error (manifest): Invalid key: svar/zips/S_vsj_n/638837-131981-kartor/web/tiles-2-0386_Sävsjön_638837-131981a.dzi
[3484/4303] svar/zips/S_vsj_n/638837-131981-kartor/web/tiles-2-0386_Sävsjön_638837-131981b.dzi ... upload error (manifest): Invalid key: svar/zips/S_vsj_n/638837-131981-kartor/web/tiles-2-0386_Sävsjön_638837-131981b.dzi
[3485/4303] svar/zips/S_vsj_n/639459-133462-kartor/web/tiles-3-3670_Sävsjön_639459-133462.dzi ... upload error (manifest): Invalid key: svar/zips/S_vsj_n/639459-133462-kartor/web/tiles-3-3670_Sävsjön_639459-133462.dzi
[3486/4303] svar/zips/S_vsj_n/656660-141865-kartor/web/tiles-3-4663_Sävsjön_656660-141865.dzi ... upload error (manifest): Invalid key: svar/zips/S_vsj_n/656660-141865-kartor/web/tiles-3-4663_Sävsjön_656660-141865.dzi
[3487/4303] svar/zips/Tagsj_n/638478-128655-kartor/web/tiles-3-0897_Tagsjön_638478-128655.dzi ... upload error (manifest): Invalid key: svar/zips/Tagsj_n/638478-128655-kartor/web/tiles-3-0897_Tagsjön_638478-128655.dzi
[3488/4303] svar/zips/Tahesj_n/639481-139889-kartor/web/tiles-3-5730_Tahesjön_639481-139889.dzi ... upload error (manifest): Invalid key: svar/zips/Tahesj_n/639481-139889-kartor/web/tiles-3-5730_Tahesjön_639481-139889.dzi
[3489/4303] svar/zips/Taljasj_n/655006-154512-kartor/web/tiles-3-0710_Taljasjön_655006-154512.dzi ... upload error (manifest): Invalid key: svar/zips/Taljasj_n/655006-154512-kartor/web/tiles-3-0710_Taljasjön_655006-154512.dzi
[3490/4303] svar/zips/Talluddasj_n/639061-144920-kartor/web/tiles-3-2431_Talluddasjön_639061-144920.dzi ... upload error (manifest): Invalid key: svar/zips/Talluddasj_n/639061-144920-kartor/web/tiles-3-2431_Talluddasjön_639061-144920.dzi
[3491/4303] svar/zips/Tannsj_n/632797-136512-kartor/web/tiles-3-6530_Tannsjön_632797-136512.dzi ... upload error (manifest): Invalid key: svar/zips/Tannsj_n/632797-136512-kartor/web/tiles-3-6530_Tannsjön_632797-136512.dzi
[3492/4303] svar/zips/Tansj_n/654326-130479-kartor/web/tiles-3-1177a_Tansjön_654326-130479.dzi ... upload error (manifest): Invalid key: svar/zips/Tansj_n/654326-130479-kartor/web/tiles-3-1177a_Tansjön_654326-130479.dzi
[3493/4303] svar/zips/Tansj_n/654326-130479-kartor/web/tiles-3-1177b_Tansjön_654326-130479.dzi ... upload error (manifest): Invalid key: svar/zips/Tansj_n/654326-130479-kartor/web/tiles-3-1177b_Tansjön_654326-130479.dzi
[3494/4303] svar/zips/Tapplesj_n/638920-135478-kartor/web/tiles-3-4867_Tapplesjön_638920-135478.dzi ... upload error (manifest): Invalid key: svar/zips/Tapplesj_n/638920-135478-kartor/web/tiles-3-4867_Tapplesjön_638920-135478.dzi
[3495/4303] svar/zips/Taraldstj_rnet/653875-126021-kartor/web/tiles-3-2489_Taraldstjärnet_653875-126021.dzi ... upload error (manifest): Invalid key: svar/zips/Taraldstj_rnet/653875-126021-kartor/web/tiles-3-2489_Taraldstjärnet_653875-126021.dzi
[3496/4303] svar/zips/Tarml_ngen/651758-142888-kartor/web/tiles-5-0137_Tarmlången_651758-142888.dzi ... upload error (manifest): Invalid key: svar/zips/Tarml_ngen/651758-142888-kartor/web/tiles-5-0137_Tarmlången_651758-142888.dzi
[3497/4303] svar/zips/Tenhultasj_n/639911-141350-kartor/web/tiles-3-0742_Tenhultasjön_639911-141350.dzi ... upload error (manifest): Invalid key: svar/zips/Tenhultasj_n/639911-141350-kartor/web/tiles-3-0742_Tenhultasjön_639911-141350.dzi
[3498/4303] svar/zips/Tenhultasj_n/639911-141350-kartor/web/tiles-3-1829_Tenhultasjön_639911-141350.dzi ... upload error (manifest): Invalid key: svar/zips/Tenhultasj_n/639911-141350-kartor/web/tiles-3-1829_Tenhultasjön_639911-141350.dzi
[3499/4303] svar/zips/Tensj_/636309-151016-kartor/web/tiles-3-2875_Tensjö_636309-151016.dzi ... upload error (manifest): Invalid key: svar/zips/Tensj_/636309-151016-kartor/web/tiles-3-2875_Tensjö_636309-151016.dzi
[3500/4303] svar/zips/Teresj_n/634094-144538-kartor/web/tiles-2-0289_Teresjön_634094-144538.dzi ... upload error (manifest): Invalid key: svar/zips/Teresj_n/634094-144538-kartor/web/tiles-2-0289_Teresjön_634094-144538.dzi
[3501/4303] svar/zips/Testen/654818-143265-kartor/web/tiles-2-0113_Testen_654818-143265.dzi ... done • ETA ~ 1m 17s
[3502/4303] svar/zips/Testen/654818-143265-kartor/web/tiles-3-3420_Testen_654818-143265.dzi ... done • ETA ~ 1m 17s
[3503/4303] svar/zips/Te_kerssj_n/651741-129436-kartor/web/tiles-3-1104_Teåkerssjön_651741-129436.dzi ... upload error (manifest): Invalid key: svar/zips/Te_kerssj_n/651741-129436-kartor/web/tiles-3-1104_Teåkerssjön_651741-129436.dzi
[3504/4303] svar/zips/Tibon/654190-145510-kartor/web/tiles-2-0125_Tibon  Bladsjön_654190-145510b.dzi ... upload error (manifest): Invalid key: svar/zips/Tibon/654190-145510-kartor/web/tiles-2-0125_Tibon  Bladsjön_654190-145510b.dzi
[3505/4303] svar/zips/Tibon/654190-145510-kartor/web/tiles-2-0125_Tibon_654190-145510c.dzi ... done • ETA ~ 1m 17s
[3506/4303] svar/zips/Tiken/626085-144795-kartor/web/tiles-1-0309_Tiken_626085-144795.dzi ... done • ETA ~ 1m 17s
[3507/4303] svar/zips/Tingsj_n/650728-141952-kartor/web/tiles-3-6489_Tingsjön_650728-141952.dzi ... upload error (manifest): Invalid key: svar/zips/Tingsj_n/650728-141952-kartor/web/tiles-3-6489_Tingsjön_650728-141952.dzi
[3508/4303] svar/zips/Tingstadg_l/643738-151968-kartor/web/tiles-3-3266_Tingstad göl_643738-151968.dzi ... upload error (manifest): Invalid key: svar/zips/Tingstadg_l/643738-151968-kartor/web/tiles-3-3266_Tingstad göl_643738-151968.dzi
[3509/4303] svar/zips/Tingstadg_l/643738-151968-kartor/web/tiles-3-3383_Tingstad Göl_643738-151968.dzi ... upload error (manifest): Invalid key: svar/zips/Tingstadg_l/643738-151968-kartor/web/tiles-3-3383_Tingstad Göl_643738-151968.dzi
[3510/4303] svar/zips/Tingst_detr_sk/640431-166731-kartor/web/tiles-2-0224_Tingstäde träsk_640431-166731.dzi ... upload error (manifest): Invalid key: svar/zips/Tingst_detr_sk/640431-166731-kartor/web/tiles-2-0224_Tingstäde träsk_640431-166731.dzi
[3511/4303] svar/zips/Tinnsj_n/643013-129183-kartor/web/tiles-3-4815_Tinnsjön_643013-129183.dzi ... upload error (manifest): Invalid key: svar/zips/Tinnsj_n/643013-129183-kartor/web/tiles-3-4815_Tinnsjön_643013-129183.dzi
[3512/4303] svar/zips/Tinnsj_n/643013-129183-kartor/web/tiles-3-6542_Tinnsjön_643013-129183.dzi ... upload error (manifest): Invalid key: svar/zips/Tinnsj_n/643013-129183-kartor/web/tiles-3-6542_Tinnsjön_643013-129183.dzi
[3513/4303] svar/zips/Tisaren/654333-146623-kartor/web/tiles-2-0126_Tisaren_654333-146623a.dzi ... done • ETA ~ 1m 16s
[3514/4303] svar/zips/Tisaren/654333-146623-kartor/web/tiles-2-0126_Tisaren_654333-146623b.dzi ... done • ETA ~ 1m 16s
[3515/4303] svar/zips/Tis_tersj_n/651526-127514-kartor/web/tiles-3-4834_Tisätersjön_651526-127514.dzi ... upload error (manifest): Invalid key: svar/zips/Tis_tersj_n/651526-127514-kartor/web/tiles-3-4834_Tisätersjön_651526-127514.dzi
[3516/4303] svar/zips/Tjurevattnen_S_dra/653754-125934-kartor/web/tiles-3-1999_Tjurevattnen Södra_653754-125934a.dzi ... upload error (manifest): Invalid key: svar/zips/Tjurevattnen_S_dra/653754-125934-kartor/web/tiles-3-1999_Tjurevattnen Södra_653754-125934a.dzi
[3517/4303] svar/zips/Tjurevattnen_S_dra/653754-125934-kartor/web/tiles-3-1999_Tjurevattnen Södra_653754-125934b.dzi ... upload error (manifest): Invalid key: svar/zips/Tjurevattnen_S_dra/653754-125934-kartor/web/tiles-3-1999_Tjurevattnen Södra_653754-125934b.dzi
[3518/4303] svar/zips/Tjurevattnen__Norra_/653791-125928-kartor/web/tiles-3-1999_Tjurevattnen (Norra)_653791-125928a.dzi ... done • ETA ~ 1m 15s
[3519/4303] svar/zips/Tjurken/625613-145643-kartor/web/tiles-1-0204_Tjurken_625613-145643.dzi ... done • ETA ~ 1m 15s
[3520/4303] svar/zips/Tjurken/625613-145643-kartor/web/tiles-2-0152_Tjurken_625613-145643.dzi ... done • ETA ~ 1m 15s
[3521/4303] svar/zips/Tjurken/625613-145643-kartor/web/tiles-3-2947_Tjurken_625613-145643.dzi ... done • ETA ~ 1m 15s
[3522/4303] svar/zips/Tjurken/630195-140578-kartor/web/tiles-1-0307_Tjurken_630195-140578.dzi ... done • ETA ~ 1m 15s
[3523/4303] svar/zips/Tjurken/636957-144811-kartor/web/tiles-3-2503_Tjurken_636957-144811a.dzi ... done • ETA ~ 1m 15s
[3524/4303] svar/zips/Tjurken/636957-144811-kartor/web/tiles-3-2503_Tjurken_636957-144811b.dzi ... done • ETA ~ 1m 15s
[3525/4303] svar/zips/Tjursbosj_n/639814-153618-kartor/web/tiles-3-0745_Tjursbosjön_639814-153618.dzi ... upload error (manifest): Invalid key: svar/zips/Tjursbosj_n/639814-153618-kartor/web/tiles-3-0745_Tjursbosjön_639814-153618.dzi
[3526/4303] svar/zips/Tjursbosj_n/639814-153618-kartor/web/tiles-3-1936_Tjursbosjön_639814-153618.dzi ... upload error (manifest): Invalid key: svar/zips/Tjursbosj_n/639814-153618-kartor/web/tiles-3-1936_Tjursbosjön_639814-153618.dzi
[3527/4303] svar/zips/Tjursbosj_n/639814-153618-kartor/web/tiles-3-6527_Tjursbosjön_639814-153618.dzi ... upload error (manifest): Invalid key: svar/zips/Tjursbosj_n/639814-153618-kartor/web/tiles-3-6527_Tjursbosjön_639814-153618.dzi
[3528/4303] svar/zips/Tjursj_n/655960-164440-kartor/web/tiles-3-2397_Tjursjön_655960-164440.dzi ... upload error (manifest): Invalid key: svar/zips/Tjursj_n/655960-164440-kartor/web/tiles-3-2397_Tjursjön_655960-164440.dzi
[3529/4303] svar/zips/Tjustg_len/637647-154678-kartor/web/tiles-2-0346_Tjustgölen_637647-154678.dzi ... upload error (manifest): Invalid key: svar/zips/Tjustg_len/637647-154678-kartor/web/tiles-2-0346_Tjustgölen_637647-154678.dzi
[3530/4303] svar/zips/Tjust_sasj_n/634220-153277-kartor/web/tiles-5-0432_Tjuståsasjön_634220-153277.dzi ... upload error (manifest): Invalid key: svar/zips/Tjust_sasj_n/634220-153277-kartor/web/tiles-5-0432_Tjuståsasjön_634220-153277.dzi
[3531/4303] svar/zips/Tjutingen/639913-154442-kartor/web/tiles-3-3374_Tjutingen_639913-154442.dzi ... done • ETA ~ 1m 14s
[3532/4303] svar/zips/Tj_rnarpasj_n/620985-136408-kartor/web/tiles-3-0828_Tjörnarpasjön_620985-136408.dzi ... upload error (manifest): Invalid key: svar/zips/Tj_rnarpasj_n/620985-136408-kartor/web/tiles-3-0828_Tjörnarpasjön_620985-136408.dzi
[3533/4303] svar/zips/Tj_rnesj_n/634207-132161-kartor/web/tiles-2-0563_Tjärnesjön_634207-132161a.dzi ... upload error (manifest): Invalid key: svar/zips/Tj_rnesj_n/634207-132161-kartor/web/tiles-2-0563_Tjärnesjön_634207-132161a.dzi
[3534/4303] svar/zips/Tj_rnesj_n/634207-132161-kartor/web/tiles-2-0563_Tjärnesjön_634207-132161b.dzi ... upload error (manifest): Invalid key: svar/zips/Tj_rnesj_n/634207-132161-kartor/web/tiles-2-0563_Tjärnesjön_634207-132161b.dzi
[3535/4303] svar/zips/Tj_rnesj_n/634207-132161-kartor/web/tiles-3-6602_Tjärnesjön_634207-132161.dzi ... upload error (manifest): Invalid key: svar/zips/Tj_rnesj_n/634207-132161-kartor/web/tiles-3-6602_Tjärnesjön_634207-132161.dzi
[3536/4303] svar/zips/Tj_rnesj_n/634207-132161-kartor/web/tiles-5-1029_Tjärnesjön_634207-132161.dzi ... upload error (manifest): Invalid key: svar/zips/Tj_rnesj_n/634207-132161-kartor/web/tiles-5-1029_Tjärnesjön_634207-132161.dzi
[3537/4303] svar/zips/Tj_rne_Vatten/643942-125495-kartor/web/tiles-3-4198_Tjärne vatten_643942-125495.dzi ... upload error (manifest): Invalid key: svar/zips/Tj_rne_Vatten/643942-125495-kartor/web/tiles-3-4198_Tjärne vatten_643942-125495.dzi
[3538/4303] svar/zips/Toftasj_n/628953-132825-kartor/web/tiles-3-5106_Toftasjön_628953-132825.dzi ... upload error (manifest): Invalid key: svar/zips/Toftasj_n/628953-132825-kartor/web/tiles-3-5106_Toftasjön_628953-132825.dzi
[3539/4303] svar/zips/Toftasj_n/631050-144241-kartor/web/tiles-3-0806_Toftasjön_631050-144241.dzi ... upload error (manifest): Invalid key: svar/zips/Toftasj_n/631050-144241-kartor/web/tiles-3-0806_Toftasjön_631050-144241.dzi
[3540/4303] svar/zips/Toftasj_n/631050-144241-kartor/web/tiles-3-0807b_Toftasjön_631050-144241.dzi ... upload error (manifest): Invalid key: svar/zips/Toftasj_n/631050-144241-kartor/web/tiles-3-0807b_Toftasjön_631050-144241.dzi
[3541/4303] svar/zips/Toftasj_n/631050-144241-kartor/web/tiles-3-0807_Toftasjön_631050-144241.dzi ... upload error (manifest): Invalid key: svar/zips/Toftasj_n/631050-144241-kartor/web/tiles-3-0807_Toftasjön_631050-144241.dzi
[3542/4303] svar/zips/Toften/655199-143371-kartor/web/tiles-0-0101_Toften_655199-143371b.dzi ... done • ETA ~ 1m 13s
[3543/4303] svar/zips/Toften/655199-143371-kartor/web/tiles-2-0113_Toften_655199-143371.dzi ... done • ETA ~ 1m 13s
[3544/4303] svar/zips/Tohultasj_n/637800-141585-kartor/web/tiles-3-4031_Tohultasjön_637800-141585.dzi ... upload error (manifest): Invalid key: svar/zips/Tohultasj_n/637800-141585-kartor/web/tiles-3-4031_Tohultasjön_637800-141585.dzi
[3545/4303] svar/zips/Tokebosj_n/641282-138013-kartor/web/tiles-3-5719_Tokebosjön_641282-138013.dzi ... upload error (manifest): Invalid key: svar/zips/Tokebosj_n/641282-138013-kartor/web/tiles-3-5719_Tokebosjön_641282-138013.dzi
[3546/4303] svar/zips/Tolgasj_n/632319-143784-kartor/web/tiles-2-0156_Tolgasjön_632319-143784.dzi ... upload error (manifest): Invalid key: svar/zips/Tolgasj_n/632319-143784-kartor/web/tiles-2-0156_Tolgasjön_632319-143784.dzi
[3547/4303] svar/zips/Tolken/636869-130895-kartor/web/tiles-3-0885_Tolken_636869-130895.dzi ... done • ETA ~ 1m 13s
[3548/4303] svar/zips/Tolken/641259-135060-kartor/web/tiles-3-0884_Tolken_641259-135060a.dzi ... done • ETA ~ 1m 13s
[3549/4303] svar/zips/Tolken/641259-135060-kartor/web/tiles-3-0884_Tolken_641259-135060b.dzi ... done • ETA ~ 1m 13s
[3550/4303] svar/zips/Tolleby_Tj_rn/643571-125199-kartor/web/tiles-3-4245_Tolleby Tjärn_643571-125199.dzi ... upload error (manifest): Invalid key: svar/zips/Tolleby_Tj_rn/643571-125199-kartor/web/tiles-3-4245_Tolleby Tjärn_643571-125199.dzi
[3551/4303] svar/zips/Tomeshultag_len/629026-147562-kartor/web/tiles-5-0452_Tomeshultagölen_629026-147562.dzi ... upload error (manifest): Invalid key: svar/zips/Tomeshultag_len/629026-147562-kartor/web/tiles-5-0452_Tomeshultagölen_629026-147562.dzi
[3552/4303] svar/zips/Torebosj_n/646125-125026-kartor/web/tiles-3-4254_Torebosjön_646125-125026.dzi ... upload error (manifest): Invalid key: svar/zips/Torebosj_n/646125-125026-kartor/web/tiles-3-4254_Torebosjön_646125-125026.dzi
[3553/4303] svar/zips/Torgerslundstj_rnen/652806-124941-kartor/web/tiles-3-2007_Torgerslundstjärnet_652806-124941.dzi ... upload error (manifest): Invalid key: svar/zips/Torgerslundstj_rnen/652806-124941-kartor/web/tiles-3-2007_Torgerslundstjärnet_652806-124941.dzi
[3554/4303] svar/zips/Torksj_n/651366-143637-kartor/web/tiles-2-0970_Torksjön_651366-143637.dzi ... upload error (manifest): Invalid key: svar/zips/Torksj_n/651366-143637-kartor/web/tiles-2-0970_Torksjön_651366-143637.dzi
[3555/4303] svar/zips/Torlabosj_n/629897-133883-kartor/web/tiles-3-5090_Torlabosjön_629897-133883.dzi ... upload error (manifest): Invalid key: svar/zips/Torlabosj_n/629897-133883-kartor/web/tiles-3-5090_Torlabosjön_629897-133883.dzi
[3556/4303] svar/zips/Torpasj_n/635123-132144-kartor/web/tiles-2-0614_Torpasjön_635123-132144a.dzi ... upload error (manifest): Invalid key: svar/zips/Torpasj_n/635123-132144-kartor/web/tiles-2-0614_Torpasjön_635123-132144a.dzi
[3557/4303] svar/zips/Torpasj_n/635123-146645-kartor/web/tiles-3-3358_Torpasjön_635123-146645.dzi ... upload error (manifest): Invalid key: svar/zips/Torpasj_n/635123-146645-kartor/web/tiles-3-3358_Torpasjön_635123-146645.dzi
[3558/4303] svar/zips/Torpsj_n/652845-147300-kartor/web/tiles-5-0128_Torpsjön (Blåvåmmen)_652845-147300.dzi ... upload error (manifest): Invalid key: svar/zips/Torpsj_n/652845-147300-kartor/web/tiles-5-0128_Torpsjön (Blåvåmmen)_652845-147300.dzi
[3559/4303] svar/zips/Torrg_rdsvatten/644180-127892-kartor/web/tiles-2-1122_Torrgårdsvatten_644180-127892.dzi ... upload error (manifest): Invalid key: svar/zips/Torrg_rdsvatten/644180-127892-kartor/web/tiles-2-1122_Torrgårdsvatten_644180-127892.dzi
[3560/4303] svar/zips/Torrg_rdsvatten/644180-127892-kartor/web/tiles-3-4732_Torrgårdsvatten_644180-127892.dzi ... upload error (manifest): Invalid key: svar/zips/Torrg_rdsvatten/644180-127892-kartor/web/tiles-3-4732_Torrgårdsvatten_644180-127892.dzi
[3561/4303] svar/zips/Torrsj_n/654493-128700-kartor/web/tiles-3-4792_Torrsjön_654493-128700.dzi ... upload error (manifest): Invalid key: svar/zips/Torrsj_n/654493-128700-kartor/web/tiles-3-4792_Torrsjön_654493-128700.dzi
[3562/4303] svar/zips/Torserydssj_n/630037-135928-kartor/web/tiles-2-0221_Torserydssjön_630037-135928.dzi ... upload error (manifest): Invalid key: svar/zips/Torserydssj_n/630037-135928-kartor/web/tiles-2-0221_Torserydssjön_630037-135928.dzi
[3563/4303] svar/zips/Torsj_n/627364-149604-kartor/web/tiles-5-0450a_Torsjön_627364-149604.dzi ... upload error (manifest): Invalid key: svar/zips/Torsj_n/627364-149604-kartor/web/tiles-5-0450a_Torsjön_627364-149604.dzi
[3564/4303] svar/zips/Torsj_n/627364-149604-kartor/web/tiles-5-0450b_Torsjön_627364-149604.dzi ... upload error (manifest): Invalid key: svar/zips/Torsj_n/627364-149604-kartor/web/tiles-5-0450b_Torsjön_627364-149604.dzi
[3565/4303] svar/zips/Torsj_n/629110-144602-kartor/web/tiles-2-0163_Torsjön_629110-144602.dzi ... upload error (manifest): Invalid key: svar/zips/Torsj_n/629110-144602-kartor/web/tiles-2-0163_Torsjön_629110-144602.dzi
[3566/4303] svar/zips/Torskabotten/641517-129927-kartor/web/tiles-1-0140_Torskabotten_641517-129927.dzi ... done • ETA ~ 1m 11s
[3567/4303] svar/zips/Torskabotten/641517-129927-kartor/web/tiles-2-0230_Torskabotten_641517-129927.dzi ... done • ETA ~ 1m 11s
[3568/4303] svar/zips/Torskabotten/641517-129927-kartor/web/tiles-3-1067_Torskabotten_641517-129927.dzi ... done • ETA ~ 1m 11s
[3569/4303] svar/zips/Torvsj_n/628971-132894-kartor/web/tiles-3-5099_Torvsjön_628971-132894.dzi ... upload error (manifest): Invalid key: svar/zips/Torvsj_n/628971-132894-kartor/web/tiles-3-5099_Torvsjön_628971-132894.dzi
[3570/4303] svar/zips/Tostarpasj_n/628222-133207-kartor/web/tiles-3-4694_Tostarpasjön_628222-133207.dzi ... upload error (manifest): Invalid key: svar/zips/Tostarpasj_n/628222-133207-kartor/web/tiles-3-4694_Tostarpasjön_628222-133207.dzi
[3571/4303] svar/zips/Tostarpasj_n/628222-133207-kartor/web/tiles-3-6549_Tostarpasjön_628222-133207.dzi ... upload error (manifest): Invalid key: svar/zips/Tostarpasj_n/628222-133207-kartor/web/tiles-3-6549_Tostarpasjön_628222-133207.dzi
[3572/4303] svar/zips/Totasj_n/625857-147846-kartor/web/tiles-3-5570_Totasjön_625857-147846.dzi ... upload error (manifest): Invalid key: svar/zips/Totasj_n/625857-147846-kartor/web/tiles-3-5570_Totasjön_625857-147846.dzi
[3573/4303] svar/zips/Tovetj_rnsvattnet/650611-125916-kartor/web/tiles-3-3096_Tovetjärnsvattnet_650611-125916.dzi ... upload error (manifest): Invalid key: svar/zips/Tovetj_rnsvattnet/650611-125916-kartor/web/tiles-3-3096_Tovetjärnsvattnet_650611-125916.dzi
[3574/4303] svar/zips/Tranemosj_n/637546-135196-kartor/web/tiles-3-0874_Tranemosjön_637546-135196.dzi ... upload error (manifest): Invalid key: svar/zips/Tranemosj_n/637546-135196-kartor/web/tiles-3-0874_Tranemosjön_637546-135196.dzi
[3575/4303] svar/zips/Transj_n/625912-149481-kartor/web/tiles-2-1099_Transjön_625912-149481.dzi ... upload error (manifest): Invalid key: svar/zips/Transj_n/625912-149481-kartor/web/tiles-2-1099_Transjön_625912-149481.dzi
[3576/4303] svar/zips/Transj_n/625912-149481-kartor/web/tiles-3-3859_Transjön_625912-149481a.dzi ... upload error (manifest): Invalid key: svar/zips/Transj_n/625912-149481-kartor/web/tiles-3-3859_Transjön_625912-149481a.dzi
[3577/4303] svar/zips/Transj_n/625912-149481-kartor/web/tiles-3-3859_Transjön_625912-149481b.dzi ... upload error (manifest): Invalid key: svar/zips/Transj_n/625912-149481-kartor/web/tiles-3-3859_Transjön_625912-149481b.dzi
[3578/4303] svar/zips/Transj_n/629503-147737-kartor/web/tiles-5-0473_Transjön_629503-147737.dzi ... upload error (manifest): Invalid key: svar/zips/Transj_n/629503-147737-kartor/web/tiles-5-0473_Transjön_629503-147737.dzi
[3579/4303] svar/zips/Transj_n/655281-162326-kartor/web/tiles-3-1881_Transjön_655281-162326.dzi ... upload error (manifest): Invalid key: svar/zips/Transj_n/655281-162326-kartor/web/tiles-3-1881_Transjön_655281-162326.dzi
[3580/4303] svar/zips/Trantj_rn/652523-126120-kartor/web/tiles-3-1907_Trantjärn_652523-126120.dzi ... upload error (manifest): Invalid key: svar/zips/Trantj_rn/652523-126120-kartor/web/tiles-3-1907_Trantjärn_652523-126120.dzi
[3581/4303] svar/zips/Treh_rn/640235-152398-kartor/web/tiles-3-5584_Trehörn_640235-152398.dzi ... upload error (manifest): Invalid key: svar/zips/Treh_rn/640235-152398-kartor/web/tiles-3-5584_Trehörn_640235-152398.dzi
[3582/4303] svar/zips/Treh_rn/644336-152904-kartor/web/tiles-3-3398_Trehörn_644336-152904.dzi ... upload error (manifest): Invalid key: svar/zips/Treh_rn/644336-152904-kartor/web/tiles-3-3398_Trehörn_644336-152904.dzi
[3583/4303] svar/zips/Treh_rnasj_n/626651-144098-kartor/web/tiles-3-0792_Trehörnasjön_626651-144098.dzi ... upload error (manifest): Invalid key: svar/zips/Treh_rnasj_n/626651-144098-kartor/web/tiles-3-0792_Trehörnasjön_626651-144098.dzi
[3584/4303] svar/zips/Treh_rnasj_n/644963-144277-kartor/web/tiles-3-3684_Trehörnasjön_644963-144277.dzi ... upload error (manifest): Invalid key: svar/zips/Treh_rnasj_n/644963-144277-kartor/web/tiles-3-3684_Trehörnasjön_644963-144277.dzi
[3585/4303] svar/zips/Treh_rnesj_n/650465-126919-kartor/web/tiles-3-2984_Trehörnesjön_650465-126919a.dzi ... upload error (manifest): Invalid key: svar/zips/Treh_rnesj_n/650465-126919-kartor/web/tiles-3-2984_Trehörnesjön_650465-126919a.dzi
[3586/4303] svar/zips/Treh_rnesj_n/650465-126919-kartor/web/tiles-3-2984_Trehörnesjön_650465-126919b.dzi ... upload error (manifest): Invalid key: svar/zips/Treh_rnesj_n/650465-126919-kartor/web/tiles-3-2984_Trehörnesjön_650465-126919b.dzi
[3587/4303] svar/zips/Treh_rnesj_n/651481-126088-kartor/web/tiles-3-1906_Trehörnesjön_651481-126088.dzi ... upload error (manifest): Invalid key: svar/zips/Treh_rnesj_n/651481-126088-kartor/web/tiles-3-1906_Trehörnesjön_651481-126088.dzi
[3588/4303] svar/zips/Treh_rningen/624652-146727-kartor/web/tiles-3-2812_Trehörningen_624652-146727.dzi ... upload error (manifest): Invalid key: svar/zips/Treh_rningen/624652-146727-kartor/web/tiles-3-2812_Trehörningen_624652-146727.dzi
[3589/4303] svar/zips/Treh_rningen/626238-148299-kartor/web/tiles-3-2377_Trehörningen_626238-148299.dzi ... upload error (manifest): Invalid key: svar/zips/Treh_rningen/626238-148299-kartor/web/tiles-3-2377_Trehörningen_626238-148299.dzi
[3590/4303] svar/zips/Treh_rningen/638433-149629-kartor/web/tiles-3-3620_Trehörningen_638433-149629.dzi ... upload error (manifest): Invalid key: svar/zips/Treh_rningen/638433-149629-kartor/web/tiles-3-3620_Trehörningen_638433-149629.dzi
[3591/4303] svar/zips/Treh_rningen/639393-145393-kartor/web/tiles-3-3015_Trehörningen_639393-145393.dzi ... upload error (manifest): Invalid key: svar/zips/Treh_rningen/639393-145393-kartor/web/tiles-3-3015_Trehörningen_639393-145393.dzi
[3592/4303] svar/zips/Treh_rningen/639725-137271-kartor/web/tiles-3-4869_Trehörningen_639725-137271.dzi ... upload error (manifest): Invalid key: svar/zips/Treh_rningen/639725-137271-kartor/web/tiles-3-4869_Trehörningen_639725-137271.dzi
[3593/4303] svar/zips/Treh_rningen/641147-150451-kartor/web/tiles-3-3621_Trehörningen_641147-150451.dzi ... upload error (manifest): Invalid key: svar/zips/Treh_rningen/641147-150451-kartor/web/tiles-3-3621_Trehörningen_641147-150451.dzi
[3594/4303] svar/zips/Treh_rningen/643822-129577-kartor/web/tiles-3-4829_Trehörningen_643822-129577.dzi ... upload error (manifest): Invalid key: svar/zips/Treh_rningen/643822-129577-kartor/web/tiles-3-4829_Trehörningen_643822-129577.dzi
[3595/4303] svar/zips/Treh_rningen/645928-129078-kartor/web/tiles-3-1080_Trehörningen_645928-129078.dzi ... upload error (manifest): Invalid key: svar/zips/Treh_rningen/645928-129078-kartor/web/tiles-3-1080_Trehörningen_645928-129078.dzi
[3596/4303] svar/zips/Treh_rningen/651543-151859-kartor/web/tiles-3-2997_Trehörningen_651543-151859.dzi ... upload error (manifest): Invalid key: svar/zips/Treh_rningen/651543-151859-kartor/web/tiles-3-2997_Trehörningen_651543-151859.dzi
[3597/4303] svar/zips/Treh_rningen/656093-162737-kartor/web/tiles-3-1866_Trehörningen_656093-162737.dzi ... upload error (manifest): Invalid key: svar/zips/Treh_rningen/656093-162737-kartor/web/tiles-3-1866_Trehörningen_656093-162737.dzi
[3598/4303] svar/zips/Treh_rningstorpssj_n/643946-144915-kartor/web/tiles-3-2595_Trehörningstorpssjön_643946-144915.dzi ... upload error (manifest): Invalid key: svar/zips/Treh_rningstorpssj_n/643946-144915-kartor/web/tiles-3-2595_Trehörningstorpssjön_643946-144915.dzi
[3599/4303] svar/zips/Tresticketj_rn/653719-126009-kartor/web/tiles-3-1753_Tresticketjärn_653719-126009.dzi ... upload error (manifest): Invalid key: svar/zips/Tresticketj_rn/653719-126009-kartor/web/tiles-3-1753_Tresticketjärn_653719-126009.dzi
[3600/4303] svar/zips/Triasj_/634297-148608-kartor/web/tiles-3-3790_Triasjö_634297-148608a.dzi ... upload error (manifest): Invalid key: svar/zips/Triasj_/634297-148608-kartor/web/tiles-3-3790_Triasjö_634297-148608a.dzi
[3601/4303] svar/zips/Triasj_/634297-148608-kartor/web/tiles-3-3790_Triasjö_634297-148608b.dzi ... upload error (manifest): Invalid key: svar/zips/Triasj_/634297-148608-kartor/web/tiles-3-3790_Triasjö_634297-148608b.dzi
[3602/4303] svar/zips/Trollasj_n/634482-130770-kartor/web/tiles-3-6404_Trollasjön_634482-130770.dzi ... upload error (manifest): Invalid key: svar/zips/Trollasj_n/634482-130770-kartor/web/tiles-3-6404_Trollasjön_634482-130770.dzi
[3603/4303] svar/zips/Trollasj_n/634482-130770-kartor/web/tiles-5-1030_Trollasjön_634482-130770.dzi ... upload error (manifest): Invalid key: svar/zips/Trollasj_n/634482-130770-kartor/web/tiles-5-1030_Trollasjön_634482-130770.dzi
[3604/4303] svar/zips/Trollsj_n/641933-127992-kartor/web/tiles-3-1053_Trollsjön_641933-127992.dzi ... upload error (manifest): Invalid key: svar/zips/Trollsj_n/641933-127992-kartor/web/tiles-3-1053_Trollsjön_641933-127992.dzi
[3605/4303] svar/zips/Trollsj_n/643175-151997-kartor/web/tiles-3-3236_Trollsjön_643175-151997.dzi ... upload error (manifest): Invalid key: svar/zips/Trollsj_n/643175-151997-kartor/web/tiles-3-3236_Trollsjön_643175-151997.dzi
[3606/4303] svar/zips/Trollsj_n/643448-130632-kartor/web/tiles-3-1012_Trollsjön_643448-130632.dzi ... upload error (manifest): Invalid key: svar/zips/Trollsj_n/643448-130632-kartor/web/tiles-3-1012_Trollsjön_643448-130632.dzi
[3607/4303] svar/zips/Trolls_svattnet/644049-127417-kartor/web/tiles-3-4192_Trollåsvattnet_644049-127417.dzi ... upload error (manifest): Invalid key: svar/zips/Trolls_svattnet/644049-127417-kartor/web/tiles-3-4192_Trollåsvattnet_644049-127417.dzi
[3608/4303] svar/zips/Trummen/630447-143993-kartor/web/tiles-3-0808_Trummen_630447-143993.dzi ... done • ETA ~ 1m 7s
[3609/4303] svar/zips/Trummen/630447-143993-kartor/web/tiles-3-6620_Trummen_630447-143993.dzi ... done • ETA ~ 1m 7s
[3610/4303] svar/zips/Tr_nsj_n/655224-159182-kartor/web/tiles-1-0153_Trönsjön_655224-159182.dzi ... upload error (manifest): Invalid key: svar/zips/Tr_nsj_n/655224-159182-kartor/web/tiles-1-0153_Trönsjön_655224-159182.dzi
[3611/4303] svar/zips/Tr_sksj_n/655109-162627-kartor/web/tiles-3-6646_Träsksjön_655109-162627.dzi ... upload error (manifest): Invalid key: svar/zips/Tr_sksj_n/655109-162627-kartor/web/tiles-3-6646_Träsksjön_655109-162627.dzi
[3612/4303] svar/zips/Tr_sten/636169-153984-kartor/web/tiles-1-0241_Trästen_636169-153984.dzi ... upload error (manifest): Invalid key: svar/zips/Tr_sten/636169-153984-kartor/web/tiles-1-0241_Trästen_636169-153984.dzi
[3613/4303] svar/zips/Tulebosj_n/639270-127788-kartor/web/tiles-3-0924_Tulebosjön_639270-127788.dzi ... upload error (manifest): Invalid key: svar/zips/Tulebosj_n/639270-127788-kartor/web/tiles-3-0924_Tulebosjön_639270-127788.dzi
[3614/4303] svar/zips/Tullan/656772-160798-kartor/web/tiles-2-0240_Tullan_656772-160798.dzi ... done • ETA ~ 1m 6s
[3615/4303] svar/zips/Tullan/656772-160798-kartor/web/tiles-5-0976_Tullan_656772-160798.dzi ... done • ETA ~ 1m 6s
[3616/4303] svar/zips/Tulltj_rn/639860-129501-kartor/web/tiles-3-1631_Tulltjärn_639860-129501.dzi ... upload error (manifest): Invalid key: svar/zips/Tulltj_rn/639860-129501-kartor/web/tiles-3-1631_Tulltjärn_639860-129501.dzi
[3617/4303] svar/zips/Tunasj_n/638091-152095-kartor/web/tiles-3-3711_Tunasjön_638091-152095.dzi ... upload error (manifest): Invalid key: svar/zips/Tunasj_n/638091-152095-kartor/web/tiles-3-3711_Tunasjön_638091-152095.dzi
[3618/4303] svar/zips/Tunnerbohultasj_n/633258-134316-kartor/web/tiles-2-0578_Tunnerbohultasjön_633258-134316a.dzi ... upload error (manifest): Invalid key: svar/zips/Tunnerbohultasj_n/633258-134316-kartor/web/tiles-2-0578_Tunnerbohultasjön_633258-134316a.dzi
[3619/4303] svar/zips/Tunnerbohultasj_n/633258-134316-kartor/web/tiles-2-0578_Tunnerbohultasjön_633258-134316b.dzi ... upload error (manifest): Invalid key: svar/zips/Tunnerbohultasj_n/633258-134316-kartor/web/tiles-2-0578_Tunnerbohultasjön_633258-134316b.dzi
[3620/4303] svar/zips/Tuskebosj_n/635135-135923-kartor/web/tiles-3-2078_Tuskebosjön_635135-135923.dzi ... upload error (manifest): Invalid key: svar/zips/Tuskebosj_n/635135-135923-kartor/web/tiles-3-2078_Tuskebosjön_635135-135923.dzi
[3621/4303] svar/zips/Tussj_/632312-131265-kartor/web/tiles-3-5223_Tussjö_632312-131265a.dzi ... upload error (manifest): Invalid key: svar/zips/Tussj_/632312-131265-kartor/web/tiles-3-5223_Tussjö_632312-131265a.dzi
[3622/4303] svar/zips/Tussj_/632312-131265-kartor/web/tiles-3-5223_Tussjö_632312-131265b.dzi ... upload error (manifest): Invalid key: svar/zips/Tussj_/632312-131265-kartor/web/tiles-3-5223_Tussjö_632312-131265b.dzi
[3623/4303] svar/zips/Tussj_/632312-131265-kartor/web/tiles-3-5223_Tussjö_632312-131265c.dzi ... upload error (manifest): Invalid key: svar/zips/Tussj_/632312-131265-kartor/web/tiles-3-5223_Tussjö_632312-131265c.dzi
[3624/4303] svar/zips/Tussj_/632312-131265-kartor/web/tiles-3-5223_Tussjö_632312-131265d.dzi ... upload error (manifest): Invalid key: svar/zips/Tussj_/632312-131265-kartor/web/tiles-3-5223_Tussjö_632312-131265d.dzi
[3625/4303] svar/zips/Tussj_/632312-131265-kartor/web/tiles-3-6453_Tussjö_632312-131265.dzi ... upload error (manifest): Invalid key: svar/zips/Tussj_/632312-131265-kartor/web/tiles-3-6453_Tussjö_632312-131265.dzi
[3626/4303] svar/zips/Tussj_/632312-131265-kartor/web/tiles-5-1031_Tussjö_632312-131265.dzi ... upload error (manifest): Invalid key: svar/zips/Tussj_/632312-131265-kartor/web/tiles-5-1031_Tussjö_632312-131265.dzi
[3627/4303] svar/zips/Tuvesj_n/627944-137864-kartor/web/tiles-3-2938_Tuvesjön_627944-137864.dzi ... upload error (manifest): Invalid key: svar/zips/Tuvesj_n/627944-137864-kartor/web/tiles-3-2938_Tuvesjön_627944-137864.dzi
[3628/4303] svar/zips/Tvetvattnet/655483-123925-kartor/web/tiles-3-4003_Tvetvattnet_655483-123925.dzi ... done • ETA ~ 1m 5s
[3629/4303] svar/zips/Tvibotten/642521-127432-kartor/web/tiles-3-4183_Tvibotten_642521-127432.dzi ... done • ETA ~ 1m 5s
[3630/4303] svar/zips/Tvingen/636784-152980-kartor/web/tiles-1-0247_Tvingen_636784-152980.dzi ... done • ETA ~ 1m 5s
[3631/4303] svar/zips/Tvingen/636784-152980-kartor/web/tiles-3-1944_Tvingen_636784-152980.dzi ... done • ETA ~ 1m 4s
[3632/4303] svar/zips/Tvitjuvan/648338-127037-kartor/web/tiles-3-3080_Tvittjuvan_648338-127037.dzi ... done • ETA ~ 1m 4s
[3633/4303] svar/zips/Tv_rsj_n/640773-129726-kartor/web/tiles-3-1070_Tvärsjön_640773-129726.dzi ... upload error (manifest): Invalid key: svar/zips/Tv_rsj_n/640773-129726-kartor/web/tiles-3-1070_Tvärsjön_640773-129726.dzi
[3634/4303] svar/zips/Tv_ttegylet/624561-143870-kartor/web/tiles-3-5940_Tvättegylet_624561-143870.dzi ... upload error (manifest): Invalid key: svar/zips/Tv_ttegylet/624561-143870-kartor/web/tiles-3-5940_Tvättegylet_624561-143870.dzi
[3635/4303] svar/zips/Tv_ttesj_n/641029-130739-kartor/web/tiles-2-0380_Tvättesjön_641029-130739a.dzi ... upload error (manifest): Invalid key: svar/zips/Tv_ttesj_n/641029-130739-kartor/web/tiles-2-0380_Tvättesjön_641029-130739a.dzi
[3636/4303] svar/zips/Tv_ttesj_n/641029-130739-kartor/web/tiles-2-0380_Tvättesjön_641029-130739b.dzi ... upload error (manifest): Invalid key: svar/zips/Tv_ttesj_n/641029-130739-kartor/web/tiles-2-0380_Tvättesjön_641029-130739b.dzi
[3637/4303] svar/zips/Tydingen/623681-138848-kartor/web/tiles-2-0834_Tydingen_623681-138848a.dzi ... done • ETA ~ 1m 4s
[3638/4303] svar/zips/Tydingen/623681-138848-kartor/web/tiles-2-0834_Tydingen_623681-138848b.dzi ... done • ETA ~ 1m 4s
[3639/4303] svar/zips/Tyreln/639280-152636-kartor/web/tiles-3-3397_Tyreln_639280-152636.dzi ... done • ETA ~ 1m 4s
[3640/4303] svar/zips/T_ddesj_n/629365-133851-kartor/web/tiles-3-5089_Töddesjön_629365-133851.dzi ... upload error (manifest): Invalid key: svar/zips/T_ddesj_n/629365-133851-kartor/web/tiles-3-5089_Töddesjön_629365-133851.dzi
[3641/4303] svar/zips/T_kern/647411-144338-kartor/web/tiles-2-0139_Tåkern_647411-144338.dzi ... upload error (manifest): Invalid key: svar/zips/T_kern/647411-144338-kartor/web/tiles-2-0139_Tåkern_647411-144338.dzi
[3642/4303] svar/zips/T_kern/647411-144338-kartor/web/tiles-3-0731_Tåkern_647411-144338.dzi ... upload error (manifest): Invalid key: svar/zips/T_kern/647411-144338-kartor/web/tiles-3-0731_Tåkern_647411-144338.dzi
[3643/4303] svar/zips/T_kern/647411-144338-kartor/web/tiles-3-0732_Tåkern_647411-144338.dzi ... upload error (manifest): Invalid key: svar/zips/T_kern/647411-144338-kartor/web/tiles-3-0732_Tåkern_647411-144338.dzi
[3644/4303] svar/zips/T_ljaren/653475-153875-kartor/web/tiles-3-5658_Täljaren_653475-153875.dzi ... upload error (manifest): Invalid key: svar/zips/T_ljaren/653475-153875-kartor/web/tiles-3-5658_Täljaren_653475-153875.dzi
[3645/4303] svar/zips/T_llag_len/634396-146561-kartor/web/tiles-3-3578_Tällagölen_634396-146561.dzi ... upload error (manifest): Invalid key: svar/zips/T_llag_len/634396-146561-kartor/web/tiles-3-3578_Tällagölen_634396-146561.dzi
[3646/4303] svar/zips/T_llsj_n/638101-153532-kartor/web/tiles-2-0318_Tällsjön_638101-153532.dzi ... upload error (manifest): Invalid key: svar/zips/T_llsj_n/638101-153532-kartor/web/tiles-2-0318_Tällsjön_638101-153532.dzi
[3647/4303] svar/zips/T_llsj_n/640854-130982-kartor/web/tiles-2-0226_Töllsjön_640854-130982a.dzi ... upload error (manifest): Invalid key: svar/zips/T_llsj_n/640854-130982-kartor/web/tiles-2-0226_Töllsjön_640854-130982a.dzi
[3648/4303] svar/zips/T_llsj_n/640854-130982-kartor/web/tiles-2-0226_Töllsjön_640854-130982b.dzi ... upload error (manifest): Invalid key: svar/zips/T_llsj_n/640854-130982-kartor/web/tiles-2-0226_Töllsjön_640854-130982b.dzi
[3649/4303] svar/zips/T_llstorpasj_n/636181-137711-kartor/web/tiles-3-4021_Töllstorpasjön_636181-137711.dzi ... upload error (manifest): Invalid key: svar/zips/T_llstorpasj_n/636181-137711-kartor/web/tiles-3-4021_Töllstorpasjön_636181-137711.dzi
[3650/4303] svar/zips/T_llstorpasj_n/636181-137711-kartor/web/tiles-5-0051_Töllstorpasjön_636181-137711.dzi ... upload error (manifest): Invalid key: svar/zips/T_llstorpasj_n/636181-137711-kartor/web/tiles-5-0051_Töllstorpasjön_636181-137711.dzi
[3651/4303] svar/zips/T_mmen/632521-149690-kartor/web/tiles-3-2345_Tämmen_632521-149690.dzi ... upload error (manifest): Invalid key: svar/zips/T_mmen/632521-149690-kartor/web/tiles-3-2345_Tämmen_632521-149690.dzi
[3652/4303] svar/zips/T_mmen/632521-149690-kartor/web/tiles-3-3838_Tämmen_632521-149690a.dzi ... upload error (manifest): Invalid key: svar/zips/T_mmen/632521-149690-kartor/web/tiles-3-3838_Tämmen_632521-149690a.dzi
[3653/4303] svar/zips/T_mmen/632521-149690-kartor/web/tiles-3-3838_Tämmen_632521-149690b.dzi ... upload error (manifest): Invalid key: svar/zips/T_mmen/632521-149690-kartor/web/tiles-3-3838_Tämmen_632521-149690b.dzi
[3654/4303] svar/zips/T_ngen/641897-146290-kartor/web/tiles-3-2830_Tången_641897-146290.dzi ... upload error (manifest): Invalid key: svar/zips/T_ngen/641897-146290-kartor/web/tiles-3-2830_Tången_641897-146290.dzi
[3655/4303] svar/zips/T_ngerdasj_n/637120-145525-kartor/web/tiles-3-3751_Tångaredasjön_637120-145525.dzi ... upload error (manifest): Invalid key: svar/zips/T_ngerdasj_n/637120-145525-kartor/web/tiles-3-3751_Tångaredasjön_637120-145525.dzi
[3656/4303] svar/zips/T_ngersj_/637121-151366-kartor/web/tiles-3-3431_Tängersjö_637121-151366.dzi ... upload error (manifest): Invalid key: svar/zips/T_ngersj_/637121-151366-kartor/web/tiles-3-3431_Tängersjö_637121-151366.dzi
[3657/4303] svar/zips/T_ngersj_/637121-151366-kartor/web/tiles-5-1069_Tängersjö_637121-151366.dzi ... upload error (manifest): Invalid key: svar/zips/T_ngersj_/637121-151366-kartor/web/tiles-5-1069_Tängersjö_637121-151366.dzi
[3658/4303] svar/zips/T_ngsj_n/637973-140507-kartor/web/tiles-3-1805_Tängsjön_637973-140507.dzi ... upload error (manifest): Invalid key: svar/zips/T_ngsj_n/637973-140507-kartor/web/tiles-3-1805_Tängsjön_637973-140507.dzi
[3659/4303] svar/zips/T_resj_/634876-131277-kartor/web/tiles-2-0609_Töresjö_634876-131277a.dzi ... upload error (manifest): Invalid key: svar/zips/T_resj_/634876-131277-kartor/web/tiles-2-0609_Töresjö_634876-131277a.dzi
[3660/4303] svar/zips/T_resj_/634876-131277-kartor/web/tiles-2-0609_Töresjö_634876-131277b.dzi ... upload error (manifest): Invalid key: svar/zips/T_resj_/634876-131277-kartor/web/tiles-2-0609_Töresjö_634876-131277b.dzi
[3661/4303] svar/zips/T_resj_/634876-131277-kartor/web/tiles-2-0609_Töresjö_634876-131277c.dzi ... upload error (manifest): Invalid key: svar/zips/T_resj_/634876-131277-kartor/web/tiles-2-0609_Töresjö_634876-131277c.dzi
[3662/4303] svar/zips/T_resj_/634876-131277-kartor/web/tiles-2-0609_Töresjö_634876-131277d.dzi ... upload error (manifest): Invalid key: svar/zips/T_resj_/634876-131277-kartor/web/tiles-2-0609_Töresjö_634876-131277d.dzi
[3663/4303] svar/zips/T_resj_/634876-131277-kartor/web/tiles-2-0609_Töresjö_634876-131277e.dzi ... upload error (manifest): Invalid key: svar/zips/T_resj_/634876-131277-kartor/web/tiles-2-0609_Töresjö_634876-131277e.dzi
[3664/4303] svar/zips/T_resj_/634876-131277-kartor/web/tiles-2-0609_Töresjö_634876-131277f.dzi ... upload error (manifest): Invalid key: svar/zips/T_resj_/634876-131277-kartor/web/tiles-2-0609_Töresjö_634876-131277f.dzi
[3665/4303] svar/zips/T_resj_/634876-131277-kartor/web/tiles-2-0978_Töresjö_634876-131277.dzi ... upload error (manifest): Invalid key: svar/zips/T_resj_/634876-131277-kartor/web/tiles-2-0978_Töresjö_634876-131277.dzi
[3666/4303] svar/zips/T_resj_/634876-131277-kartor/web/tiles-5-1032_Töresjö_634876-131277.dzi ... upload error (manifest): Invalid key: svar/zips/T_resj_/634876-131277-kartor/web/tiles-5-1032_Töresjö_634876-131277.dzi
[3667/4303] svar/zips/T_rn/627100-148506-kartor/web/tiles-1-0152_Törn_627100-148506.dzi ... upload error (manifest): Invalid key: svar/zips/T_rn/627100-148506-kartor/web/tiles-1-0152_Törn_627100-148506.dzi
[3668/4303] svar/zips/T_rng_l/627326-148250-kartor/web/tiles-5-0472_Törngöl_627326-148250.dzi ... upload error (manifest): Invalid key: svar/zips/T_rng_l/627326-148250-kartor/web/tiles-5-0472_Törngöl_627326-148250.dzi
[3669/4303] svar/zips/T_rningetorpssj_n/627016-142433-kartor/web/tiles-2-0956_Tärningetorpssjön_627016-142433.dzi ... upload error (manifest): Invalid key: svar/zips/T_rningetorpssj_n/627016-142433-kartor/web/tiles-2-0956_Tärningetorpssjön_627016-142433.dzi
[3670/4303] svar/zips/T_rsbosj_n/639290-142730-kartor/web/tiles-3-3880_Törsbosjön_639290-142730a.dzi ... upload error (manifest): Invalid key: svar/zips/T_rsbosj_n/639290-142730-kartor/web/tiles-3-3880_Törsbosjön_639290-142730a.dzi
[3671/4303] svar/zips/T_rsbosj_n/639290-142730-kartor/web/tiles-3-3880_Törsbosjön_639290-142730b.dzi ... upload error (manifest): Invalid key: svar/zips/T_rsbosj_n/639290-142730-kartor/web/tiles-3-3880_Törsbosjön_639290-142730b.dzi
[3672/4303] svar/zips/T_sj_n/641482-128933-kartor/web/tiles-3-1045_Tösjön_641482-128933.dzi ... upload error (manifest): Invalid key: svar/zips/T_sj_n/641482-128933-kartor/web/tiles-3-1045_Tösjön_641482-128933.dzi
[3673/4303] svar/zips/T_sj_n/641575-134211-kartor/web/tiles-3-4883_Tåsjön_641575-134211.dzi ... upload error (manifest): Invalid key: svar/zips/T_sj_n/641575-134211-kartor/web/tiles-3-4883_Tåsjön_641575-134211.dzi
[3674/4303] svar/zips/T_sj_n/642187-132096-kartor/web/tiles-3-3902_Tåsjön_642187-132096a.dzi ... upload error (manifest): Invalid key: svar/zips/T_sj_n/642187-132096-kartor/web/tiles-3-3902_Tåsjön_642187-132096a.dzi
[3675/4303] svar/zips/T_sj_n/642187-132096-kartor/web/tiles-3-3902_Tåsjön_642187-132096b.dzi ... upload error (manifest): Invalid key: svar/zips/T_sj_n/642187-132096-kartor/web/tiles-3-3902_Tåsjön_642187-132096b.dzi
[3676/4303] svar/zips/T_sj_n/644046-131374-kartor/web/tiles-3-4842_Tåsjön_644046-131374.dzi ... upload error (manifest): Invalid key: svar/zips/T_sj_n/644046-131374-kartor/web/tiles-3-4842_Tåsjön_644046-131374.dzi
[3677/4303] svar/zips/T_ster_ds_Stora_Vatten/649479-124590-kartor/web/tiles-2-0402_Tåsteröds Stora Vatten_649479-124590a.dzi ... upload error (manifest): Invalid key: svar/zips/T_ster_ds_Stora_Vatten/649479-124590-kartor/web/tiles-2-0402_Tåsteröds Stora Vatten_649479-124590a.dzi
[3678/4303] svar/zips/T_ster_ds_Stora_Vatten/649479-124590-kartor/web/tiles-2-0402_Tåsteröds Stora Vatten_649479-124590b.dzi ... upload error (manifest): Invalid key: svar/zips/T_ster_ds_Stora_Vatten/649479-124590-kartor/web/tiles-2-0402_Tåsteröds Stora Vatten_649479-124590b.dzi
[3679/4303] svar/zips/Ubbasj_n/625087-141142-kartor/web/tiles-2-0996_Ubbasjön_625087-141142.dzi ... upload error (manifest): Invalid key: svar/zips/Ubbasj_n/625087-141142-kartor/web/tiles-2-0996_Ubbasjön_625087-141142.dzi
[3680/4303] svar/zips/Ubbem_lasj_n/628148-148419-kartor/web/tiles-5-0471_Ubbemålasjön_628148-148419.dzi ... upload error (manifest): Invalid key: svar/zips/Ubbem_lasj_n/628148-148419-kartor/web/tiles-5-0471_Ubbemålasjön_628148-148419.dzi
[3681/4303] svar/zips/Uddebog_l/637702-139404-kartor/web/tiles-3-5402_Uddebogöl_637702-139404.dzi ... upload error (manifest): Invalid key: svar/zips/Uddebog_l/637702-139404-kartor/web/tiles-3-5402_Uddebogöl_637702-139404.dzi
[3682/4303] svar/zips/Udryen/625956-141898-kartor/web/tiles-2-0997_Udryen_625956-141898.dzi ... done • ETA ~ 0m 59s
[3683/4303] svar/zips/Ulasj_n/639386-130643-kartor/web/tiles-3-5586_Ulasjön_639386-130643.dzi ... upload error (manifest): Invalid key: svar/zips/Ulasj_n/639386-130643-kartor/web/tiles-3-5586_Ulasjön_639386-130643.dzi
[3684/4303] svar/zips/Ulkenesj_n/625013-140573-kartor/web/tiles-2-1041_Ulkenesjön_625013-140573.dzi ... upload error (manifest): Invalid key: svar/zips/Ulkenesj_n/625013-140573-kartor/web/tiles-2-1041_Ulkenesjön_625013-140573.dzi
[3685/4303] svar/zips/Ulvasj_n/624509-150128-kartor/web/tiles-3-3854_Ulvasjön_624509-150128a.dzi ... upload error (manifest): Invalid key: svar/zips/Ulvasj_n/624509-150128-kartor/web/tiles-3-3854_Ulvasjön_624509-150128a.dzi
[3686/4303] svar/zips/Ulvasj_n/624509-150128-kartor/web/tiles-3-3854_Ulvasjön_624509-150128b.dzi ... upload error (manifest): Invalid key: svar/zips/Ulvasj_n/624509-150128-kartor/web/tiles-3-3854_Ulvasjön_624509-150128b.dzi
[3687/4303] svar/zips/Ulvasj_n/624509-150128-kartor/web/tiles-3-6359_Ulvasjön_624509-150128.dzi ... upload error (manifest): Invalid key: svar/zips/Ulvasj_n/624509-150128-kartor/web/tiles-3-6359_Ulvasjön_624509-150128.dzi
[3688/4303] svar/zips/Ulvasj_n/625566-145371-kartor/web/tiles-3-5502_Ulvasjön_625566-145371.dzi ... upload error (manifest): Invalid key: svar/zips/Ulvasj_n/625566-145371-kartor/web/tiles-3-5502_Ulvasjön_625566-145371.dzi
[3689/4303] svar/zips/Ulvasj_n/626299-147457-kartor/web/tiles-3-3865_Ulvasjön_626299-147457a.dzi ... upload error (manifest): Invalid key: svar/zips/Ulvasj_n/626299-147457-kartor/web/tiles-3-3865_Ulvasjön_626299-147457a.dzi
[3690/4303] svar/zips/Ulvasj_n/626299-147457-kartor/web/tiles-3-3865_Ulvasjön_626299-147457b.dzi ... upload error (manifest): Invalid key: svar/zips/Ulvasj_n/626299-147457-kartor/web/tiles-3-3865_Ulvasjön_626299-147457b.dzi
[3691/4303] svar/zips/Ulvasj_n/626299-147457-kartor/web/tiles-3-5556_Ulvasjön_626299-147457.dzi ... upload error (manifest): Invalid key: svar/zips/Ulvasj_n/626299-147457-kartor/web/tiles-3-5556_Ulvasjön_626299-147457.dzi
[3692/4303] svar/zips/Ulvebog_len/635428-145121-kartor/web/tiles-3-3360_Ulvebogölen_635428-145121.dzi ... upload error (manifest): Invalid key: svar/zips/Ulvebog_len/635428-145121-kartor/web/tiles-3-3360_Ulvebogölen_635428-145121.dzi
[3693/4303] svar/zips/Unden/651567-141795-kartor/web/tiles-2-0140_Unden_651567-141795.dzi ... done • ETA ~ 0m 58s
[3694/4303] svar/zips/Unden/651567-141795-kartor/web/tiles-3-0733_Unden_651567-141795a.dzi ... done • ETA ~ 0m 58s
[3695/4303] svar/zips/Unden/651567-141795-kartor/web/tiles-3-0733_Unden_651567-141795b.dzi ... done • ETA ~ 0m 58s
[3696/4303] svar/zips/Unden/651567-141795-kartor/web/tiles-3-0734_Unden_651567-141795.dzi ... done • ETA ~ 0m 58s
[3697/4303] svar/zips/Unnen/630956-136285-kartor/web/tiles-3-0850_Unnen_630956-136285.dzi ... done • ETA ~ 0m 58s
[3698/4303] svar/zips/Uppsalen/639772-131913-kartor/web/tiles-2-0384_Uppsalen_639772-131913a.dzi ... done • ETA ~ 0m 58s
[3699/4303] svar/zips/Uppsalen/639772-131913-kartor/web/tiles-2-0384_Uppsalen_639772-131913b.dzi ... done • ETA ~ 0m 58s
[3700/4303] svar/zips/Uppsalen/644165-152660-kartor/web/tiles-3-3371_Uppsalen_644165-152660.dzi ... done • ETA ~ 0m 58s
[3701/4303] svar/zips/Uppsj_n/637266-143824-kartor/web/tiles-3-4032_Uppsjön_637266-143824.dzi ... upload error (manifest): Invalid key: svar/zips/Uppsj_n/637266-143824-kartor/web/tiles-3-4032_Uppsjön_637266-143824.dzi
[3702/4303] svar/zips/Uppsj_n/639046-138687-kartor/web/tiles-3-5734_Uppsjön_639046-138687.dzi ... upload error (manifest): Invalid key: svar/zips/Uppsj_n/639046-138687-kartor/web/tiles-3-5734_Uppsjön_639046-138687.dzi
[3703/4303] svar/zips/Urasj_/633395-148736-kartor/web/tiles-3-6232_Urasjö_633395-148736a.dzi ... upload error (manifest): Invalid key: svar/zips/Urasj_/633395-148736-kartor/web/tiles-3-6232_Urasjö_633395-148736a.dzi
[3704/4303] svar/zips/Urasj_/633395-148736-kartor/web/tiles-3-6232_Urasjö_633395-148736b.dzi ... upload error (manifest): Invalid key: svar/zips/Urasj_/633395-148736-kartor/web/tiles-3-6232_Urasjö_633395-148736b.dzi
[3705/4303] svar/zips/Urasj_/633395-148736-kartor/web/tiles-3-6232_Urasjö_633395-148736c.dzi ... upload error (manifest): Invalid key: svar/zips/Urasj_/633395-148736-kartor/web/tiles-3-6232_Urasjö_633395-148736c.dzi
[3706/4303] svar/zips/Urasj_/633395-148736-kartor/web/tiles-3-6232_Urasjö_633395-148736d.dzi ... upload error (manifest): Invalid key: svar/zips/Urasj_/633395-148736-kartor/web/tiles-3-6232_Urasjö_633395-148736d.dzi
[3707/4303] svar/zips/Urasj_/633395-148736-kartor/web/tiles-3-6232_Urasjö_633395-148736e.dzi ... upload error (manifest): Invalid key: svar/zips/Urasj_/633395-148736-kartor/web/tiles-3-6232_Urasjö_633395-148736e.dzi
[3708/4303] svar/zips/Urasj_/633395-148736-kartor/web/tiles-3-6232_Urasjö_633395-148736f.dzi ... upload error (manifest): Invalid key: svar/zips/Urasj_/633395-148736-kartor/web/tiles-3-6232_Urasjö_633395-148736f.dzi
[3709/4303] svar/zips/Urasj_/633395-148736-kartor/web/tiles-3-6232_Urasjö_633395-148736g.dzi ... upload error (manifest): Invalid key: svar/zips/Urasj_/633395-148736-kartor/web/tiles-3-6232_Urasjö_633395-148736g.dzi
[3710/4303] svar/zips/Uspen/641068-129720-kartor/web/tiles-3-1069_Uspen_641068-129720.dzi ... done • ETA ~ 0m 57s
[3711/4303] svar/zips/Utby_L_ng/646136-128426-kartor/web/tiles-3-4827_Utby Lång_646136-128426.dzi ... upload error (manifest): Invalid key: svar/zips/Utby_L_ng/646136-128426-kartor/web/tiles-3-4827_Utby Lång_646136-128426.dzi
[3712/4303] svar/zips/Uttran/656562-161394-kartor/web/tiles-3-6607_Uttran_656562-161394.dzi ... done • ETA ~ 0m 56s
[3713/4303] svar/zips/Uttran/656562-161394-kartor/web/tiles-3-6608_Uttran och Utterkalven_656562-161394.dzi ... done • ETA ~ 0m 56s
[3714/4303] svar/zips/Uvbergsg_len/635592-145071-kartor/web/tiles-3-3579_Uvbergsgölen_635592-145071.dzi ... upload error (manifest): Invalid key: svar/zips/Uvbergsg_len/635592-145071-kartor/web/tiles-3-3579_Uvbergsgölen_635592-145071.dzi
[3715/4303] svar/zips/Vadsbrosj_n/653719-154547-kartor/web/tiles-3-4681_Vadsbrosjön_653719-154547a.dzi ... upload error (manifest): Invalid key: svar/zips/Vadsbrosj_n/653719-154547-kartor/web/tiles-3-4681_Vadsbrosjön_653719-154547a.dzi
[3716/4303] svar/zips/Vadsbrosj_n/653719-154547-kartor/web/tiles-3-4681_Vadsbrosjön_653719-154547b.dzi ... upload error (manifest): Invalid key: svar/zips/Vadsbrosj_n/653719-154547-kartor/web/tiles-3-4681_Vadsbrosjön_653719-154547b.dzi
[3717/4303] svar/zips/Vaglarna/655235-123914-kartor/web/tiles-3-4002_Vaglarna_655235-123914.dzi ... done • ETA ~ 0m 56s
[3718/4303] svar/zips/Vagnsj_/655463-123271-kartor/web/tiles-3-4004_Vagnsjö_655463-123271.dzi ... upload error (manifest): Invalid key: svar/zips/Vagnsj_/655463-123271-kartor/web/tiles-3-4004_Vagnsjö_655463-123271.dzi
[3719/4303] svar/zips/Vagnsj_n/639356-147338-kartor/web/tiles-3-6594_Vagnsjön_639356-147338.dzi ... upload error (manifest): Invalid key: svar/zips/Vagnsj_n/639356-147338-kartor/web/tiles-3-6594_Vagnsjön_639356-147338.dzi
[3720/4303] svar/zips/Vagnsj_n/644414-144025-kartor/web/tiles-3-3687_Vagnsjön_644414-144025.dzi ... upload error (manifest): Invalid key: svar/zips/Vagnsj_n/644414-144025-kartor/web/tiles-3-3687_Vagnsjön_644414-144025.dzi
[3721/4303] svar/zips/Vagnsj_n/647762-137280-kartor/web/tiles-3-1508_Vagnsjön_647762-137280.dzi ... upload error (manifest): Invalid key: svar/zips/Vagnsj_n/647762-137280-kartor/web/tiles-3-1508_Vagnsjön_647762-137280.dzi
[3722/4303] svar/zips/Vak_sasj_n/637018-142188-kartor/web/tiles-3-5595_Vakåsasjön_637018-142188.dzi ... upload error (manifest): Invalid key: svar/zips/Vak_sasj_n/637018-142188-kartor/web/tiles-3-5595_Vakåsasjön_637018-142188.dzi
[3723/4303] svar/zips/Valasj_n/633503-130204-kartor/web/tiles-3-2412_Valasjön_633503-130204.dzi ... upload error (manifest): Invalid key: svar/zips/Valasj_n/633503-130204-kartor/web/tiles-3-2412_Valasjön_633503-130204.dzi
[3724/4303] svar/zips/Valasj_n/633503-130204-kartor/web/tiles-3-3553_Valasjön_633503-130204a.dzi ... upload error (manifest): Invalid key: svar/zips/Valasj_n/633503-130204-kartor/web/tiles-3-3553_Valasjön_633503-130204a.dzi
[3725/4303] svar/zips/Valasj_n/633503-130204-kartor/web/tiles-3-3553_Valasjön_633503-130204b.dzi ... upload error (manifest): Invalid key: svar/zips/Valasj_n/633503-130204-kartor/web/tiles-3-3553_Valasjön_633503-130204b.dzi
[3726/4303] svar/zips/Valasj_n/633503-130204-kartor/web/tiles-3-6627_Valasjön_633503-130204.dzi ... upload error (manifest): Invalid key: svar/zips/Valasj_n/633503-130204-kartor/web/tiles-3-6627_Valasjön_633503-130204.dzi
[3727/4303] svar/zips/Valasj_n/635436-130093-kartor/web/tiles-3-2253_Valasjön_635436-130093.dzi ... upload error (manifest): Invalid key: svar/zips/Valasj_n/635436-130093-kartor/web/tiles-3-2253_Valasjön_635436-130093.dzi
[3728/4303] svar/zips/Valen/643108-143427-kartor/web/tiles-3-2924_Valen_643108-143427.dzi ... done • ETA ~ 0m 55s
[3729/4303] svar/zips/Valevattnet/643986-127365-kartor/web/tiles-3-3991_Valevattnet_643986-127365.dzi ... done • ETA ~ 0m 55s
[3730/4303] svar/zips/Valingen/655241-156276-kartor/web/tiles-1-0150_Valingen_655241-156276.dzi ... done • ETA ~ 0m 55s
[3731/4303] svar/zips/Vallsj_n/636887-143795-kartor/web/tiles-1-0188_Vallsjön_636887-143795.dzi ... upload error (manifest): Invalid key: svar/zips/Vallsj_n/636887-143795-kartor/web/tiles-1-0188_Vallsjön_636887-143795.dzi
[3732/4303] svar/zips/Vallsj_n/636887-143795-kartor/web/tiles-5-1041_Vallsjön_636887-143795.dzi ... upload error (manifest): Invalid key: svar/zips/Vallsj_n/636887-143795-kartor/web/tiles-5-1041_Vallsjön_636887-143795.dzi
[3733/4303] svar/zips/Vallsj_n/641547-137649-kartor/web/tiles-3-4783_Vallsjön_641547-137649.dzi ... upload error (manifest): Invalid key: svar/zips/Vallsj_n/641547-137649-kartor/web/tiles-3-4783_Vallsjön_641547-137649.dzi
[3734/4303] svar/zips/Valsebotj_rnet/655561-127926-kartor/web/tiles-3-4791_Valsebotjärnet_655561-127926.dzi ... upload error (manifest): Invalid key: svar/zips/Valsebotj_rnet/655561-127926-kartor/web/tiles-3-4791_Valsebotjärnet_655561-127926.dzi
[3735/4303] svar/zips/Valsj_n/643484-129754-kartor/web/tiles-3-1101_Valsjön_643484-129754.dzi ... upload error (manifest): Invalid key: svar/zips/Valsj_n/643484-129754-kartor/web/tiles-3-1101_Valsjön_643484-129754.dzi
[3736/4303] svar/zips/Vanderydsvattnet/645438-130031-kartor/web/tiles-0-0085_Vanderydsvattnet_645438-130031.dzi ... done • ETA ~ 0m 54s
[3737/4303] svar/zips/Vanderydsvattnet/645438-130031-kartor/web/tiles-3-1084_Vanderydsvattnet_645438-130031.dzi ... done • ETA ~ 0m 54s
[3738/4303] svar/zips/Vannasj_n/639836-131385-kartor/web/tiles-3-5861_Vannasjön_639836-131385.dzi ... upload error (manifest): Invalid key: svar/zips/Vannasj_n/639836-131385-kartor/web/tiles-3-5861_Vannasjön_639836-131385.dzi
[3739/4303] svar/zips/Vann_sasj_n/626165-135064-kartor/web/tiles-3-3037_Vannåsasjön_626165-135064.dzi ... upload error (manifest): Invalid key: svar/zips/Vann_sasj_n/626165-135064-kartor/web/tiles-3-3037_Vannåsasjön_626165-135064.dzi
[3740/4303] svar/zips/Vann_sasj_n/626165-135064-kartor/web/tiles-3-6380_Vannåsasjön_626165-135064.jpg.dzi ... upload error (manifest): Invalid key: svar/zips/Vann_sasj_n/626165-135064-kartor/web/tiles-3-6380_Vannåsasjön_626165-135064.jpg.dzi
[3741/4303] svar/zips/Vargg_len/638045-141168-kartor/web/tiles-3-5398_Varggölen_638045-141168.dzi ... upload error (manifest): Invalid key: svar/zips/Vargg_len/638045-141168-kartor/web/tiles-3-5398_Varggölen_638045-141168.dzi
[3742/4303] svar/zips/Varsj_n/643470-130695-kartor/web/tiles-3-1032_Varsjön_643470-130695.dzi ... upload error (manifest): Invalid key: svar/zips/Varsj_n/643470-130695-kartor/web/tiles-3-1032_Varsjön_643470-130695.dzi
[3743/4303] svar/zips/Vasasj_n/622912-133472-kartor/web/tiles-3-2589_Vasasjön_622912-133472.dzi ... upload error (manifest): Invalid key: svar/zips/Vasasj_n/622912-133472-kartor/web/tiles-3-2589_Vasasjön_622912-133472.dzi
[3744/4303] svar/zips/Vaskasj_arna_Nv/655814-160159-kartor/web/tiles-3-2337_Norra Vaskasjön_655814-160159.dzi ... upload error (manifest): Invalid key: svar/zips/Vaskasj_arna_Nv/655814-160159-kartor/web/tiles-3-2337_Norra Vaskasjön_655814-160159.dzi
[3745/4303] svar/zips/Vassalen/649092-127664-kartor/web/tiles-3-4808_Vassalen_649092-127664.dzi ... done • ETA ~ 0m 53s
[3746/4303] svar/zips/Vassasj_n/623977-146739-kartor/web/tiles-3-5516_Vassasjön_623977-146739.dzi ... upload error (manifest): Invalid key: svar/zips/Vassasj_n/623977-146739-kartor/web/tiles-3-5516_Vassasjön_623977-146739.dzi
[3747/4303] svar/zips/Vassbotten/649250-126206-kartor/web/tiles-3-2570_Vassbotten_649250-126206.dzi ... done • ETA ~ 0m 53s
[3748/4303] svar/zips/Vassg_rden/638988-134470-kartor/web/tiles-3-4760_Vassgården_638988-134470.dzi ... upload error (manifest): Invalid key: svar/zips/Vassg_rden/638988-134470-kartor/web/tiles-3-4760_Vassgården_638988-134470.dzi
[3749/4303] svar/zips/Vatthulta_Sj_/640555-131844-kartor/web/tiles-2-0603_Vatthulta sjö_640555-131844.dzi ... upload error (manifest): Invalid key: svar/zips/Vatthulta_Sj_/640555-131844-kartor/web/tiles-2-0603_Vatthulta sjö_640555-131844.dzi
[3750/4303] svar/zips/Vattner_dsj_n/649682-126439-kartor/web/tiles-3-2474_Vattnerödsjön_649682-126439.dzi ... upload error (manifest): Invalid key: svar/zips/Vattner_dsj_n/649682-126439-kartor/web/tiles-3-2474_Vattnerödsjön_649682-126439.dzi
[3751/4303] svar/zips/Vaxsj_n/620667-135754-kartor/web/tiles-3-0836_Vaxsjön_620667-135754.dzi ... upload error (manifest): Invalid key: svar/zips/Vaxsj_n/620667-135754-kartor/web/tiles-3-0836_Vaxsjön_620667-135754.dzi
[3752/4303] svar/zips/Vederydssj_n/639243-139625-kartor/web/tiles-3-6431_Vederydssjön_639243-139625.dzi ... upload error (manifest): Invalid key: svar/zips/Vederydssj_n/639243-139625-kartor/web/tiles-3-6431_Vederydssjön_639243-139625.dzi
[3753/4303] svar/zips/Velandasj_n/655767-144465-kartor/web/tiles-2-0498_Velandasjön_655767-144465a.dzi ... upload error (manifest): Invalid key: svar/zips/Velandasj_n/655767-144465-kartor/web/tiles-2-0498_Velandasjön_655767-144465a.dzi
[3754/4303] svar/zips/Velandasj_n/655767-144465-kartor/web/tiles-2-0498_Velandasjön_655767-144465b.dzi ... upload error (manifest): Invalid key: svar/zips/Velandasj_n/655767-144465-kartor/web/tiles-2-0498_Velandasjön_655767-144465b.dzi
[3755/4303] svar/zips/Velen/651117-141366-kartor/web/tiles-3-0735_Velen_651117-141366.dzi ... done • ETA ~ 0m 52s
[3756/4303] svar/zips/Vemmentorpasj_n/624747-134672-kartor/web/tiles-3-5820_Vemmentorpasjön_624747-134672a.dzi ... upload error (manifest): Invalid key: svar/zips/Vemmentorpasj_n/624747-134672-kartor/web/tiles-3-5820_Vemmentorpasjön_624747-134672a.dzi
[3757/4303] svar/zips/Vemmentorpasj_n/624747-134672-kartor/web/tiles-3-5820_Vemmentorpasjön_624747-134672b.dzi ... upload error (manifest): Invalid key: svar/zips/Vemmentorpasj_n/624747-134672-kartor/web/tiles-3-5820_Vemmentorpasjön_624747-134672b.dzi
[3758/4303] svar/zips/Veningen/635373-152440-kartor/web/tiles-1-0240_Veningen_635373-152440.dzi ... done • ETA ~ 0m 52s
[3759/4303] svar/zips/Vensj_n/636742-148800-kartor/web/tiles-3-2876_Vensjön_636742-148800.dzi ... upload error (manifest): Invalid key: svar/zips/Vensj_n/636742-148800-kartor/web/tiles-3-2876_Vensjön_636742-148800.dzi
[3760/4303] svar/zips/Ver/637263-151504-kartor/web/tiles-3-3764_Ver_637263-151504a.dzi ... done • ETA ~ 0m 52s
[3761/4303] svar/zips/Ver/637263-151504-kartor/web/tiles-3-3764_Ver_637263-151504b.dzi ... done • ETA ~ 0m 52s
[3762/4303] svar/zips/Veresj_n/640955-130634-kartor/web/tiles-3-1064_Veresjön_640955-130634a.dzi ... upload error (manifest): Invalid key: svar/zips/Veresj_n/640955-130634-kartor/web/tiles-3-1064_Veresjön_640955-130634a.dzi
[3763/4303] svar/zips/Veresj_n/640955-130634-kartor/web/tiles-3-1064_Veresjön_640955-130634b.dzi ... upload error (manifest): Invalid key: svar/zips/Veresj_n/640955-130634-kartor/web/tiles-3-1064_Veresjön_640955-130634b.dzi
[3764/4303] svar/zips/Veresj_n/640955-130634-kartor/web/tiles-3-1064_Veresjön_640955-130634c.dzi ... upload error (manifest): Invalid key: svar/zips/Veresj_n/640955-130634-kartor/web/tiles-3-1064_Veresjön_640955-130634c.dzi
[3765/4303] svar/zips/Verkasj_n/617808-138546-kartor/web/tiles-2-1036_Verkasjön_617808-138546.dzi ... upload error (manifest): Invalid key: svar/zips/Verkasj_n/617808-138546-kartor/web/tiles-2-1036_Verkasjön_617808-138546.dzi
[3766/4303] svar/zips/Vesljungasj_n/625683-137417-kartor/web/tiles-3-5842_Vesljungasjön_625683-137417a.dzi ... upload error (manifest): Invalid key: svar/zips/Vesljungasj_n/625683-137417-kartor/web/tiles-3-5842_Vesljungasjön_625683-137417a.dzi
[3767/4303] svar/zips/Vesljungasj_n/625683-137417-kartor/web/tiles-3-5842_Vesljungasjön_625683-137417b.dzi ... upload error (manifest): Invalid key: svar/zips/Vesljungasj_n/625683-137417-kartor/web/tiles-3-5842_Vesljungasjön_625683-137417b.dzi
[3768/4303] svar/zips/Vesljungasj_n/625683-137417-kartor/web/tiles-3-5842_Vesljungasjön_625683-137417c.dzi ... upload error (manifest): Invalid key: svar/zips/Vesljungasj_n/625683-137417-kartor/web/tiles-3-5842_Vesljungasjön_625683-137417c.dzi
[3769/4303] svar/zips/Vesljungasj_n/625683-137417-kartor/web/tiles-3-5842_Vesljungasjön_625683-137417d.dzi ... upload error (manifest): Invalid key: svar/zips/Vesljungasj_n/625683-137417-kartor/web/tiles-3-5842_Vesljungasjön_625683-137417d.dzi
[3770/4303] svar/zips/Vesljungasj_n/625683-137417-kartor/web/tiles-3-5842_Vesljungasjön_625683-137417e.dzi ... upload error (manifest): Invalid key: svar/zips/Vesljungasj_n/625683-137417-kartor/web/tiles-3-5842_Vesljungasjön_625683-137417e.dzi
[3771/4303] svar/zips/Vesljungasj_n/625683-137417-kartor/web/tiles-3-5842_Vesljungasjön_625683-137417f.dzi ... upload error (manifest): Invalid key: svar/zips/Vesljungasj_n/625683-137417-kartor/web/tiles-3-5842_Vesljungasjön_625683-137417f.dzi
[3772/4303] svar/zips/Viaredssj_n/640086-131710-kartor/web/tiles-0-0068_Viaredssjön_640086-131710.dzi ... upload error (manifest): Invalid key: svar/zips/Viaredssj_n/640086-131710-kartor/web/tiles-0-0068_Viaredssjön_640086-131710.dzi
[3773/4303] svar/zips/Viaredssj_n/640086-131710-kartor/web/tiles-3-0898_Viaredssjön_640086-131710.dzi ... upload error (manifest): Invalid key: svar/zips/Viaredssj_n/640086-131710-kartor/web/tiles-3-0898_Viaredssjön_640086-131710.dzi
[3774/4303] svar/zips/Viaredssj_n/640086-131710-kartor/web/tiles-3-0899_Viaredssjön_640086-131710.dzi ... upload error (manifest): Invalid key: svar/zips/Viaredssj_n/640086-131710-kartor/web/tiles-3-0899_Viaredssjön_640086-131710.dzi
[3775/4303] svar/zips/Vibollsj_n/651152-143540-kartor/web/tiles-3-6490_Vibollsjön_651152-143540.dzi ... upload error (manifest): Invalid key: svar/zips/Vibollsj_n/651152-143540-kartor/web/tiles-3-6490_Vibollsjön_651152-143540.dzi
[3776/4303] svar/zips/Vibosj_n/640980-130033-kartor/web/tiles-3-1063_Vibosjön_640980-130033.dzi ... upload error (manifest): Invalid key: svar/zips/Vibosj_n/640980-130033-kartor/web/tiles-3-1063_Vibosjön_640980-130033.dzi
[3777/4303] svar/zips/Vibysj_n/654719-144724-kartor/web/tiles-2-0537_Vibysjön_654719-144724.dzi ... upload error (manifest): Invalid key: svar/zips/Vibysj_n/654719-144724-kartor/web/tiles-2-0537_Vibysjön_654719-144724.dzi
[3778/4303] svar/zips/Vid_stern/631841-138929-kartor/web/tiles-2-0183_Vidöstern_631841-138929.dzi ... upload error (manifest): Invalid key: svar/zips/Vid_stern/631841-138929-kartor/web/tiles-2-0183_Vidöstern_631841-138929.dzi
[3779/4303] svar/zips/Vid_stern/631841-138929-kartor/web/tiles-3-0851_Vidöstern_631841-138929.dzi ... upload error (manifest): Invalid key: svar/zips/Vid_stern/631841-138929-kartor/web/tiles-3-0851_Vidöstern_631841-138929.dzi
[3780/4303] svar/zips/Viesj_n/622865-145955-kartor/web/tiles-3-5457_Viesjön_622865-145955.dzi ... upload error (manifest): Invalid key: svar/zips/Viesj_n/622865-145955-kartor/web/tiles-3-5457_Viesjön_622865-145955.dzi
[3781/4303] svar/zips/Viesj_n/624315-146228-kartor/web/tiles-3-3182_Viesjön_624315-146228.dzi ... upload error (manifest): Invalid key: svar/zips/Viesj_n/624315-146228-kartor/web/tiles-3-3182_Viesjön_624315-146228.dzi
[3782/4303] svar/zips/Viesj_n/642343-135886-kartor/web/tiles-3-4761_Viesjön_642343-135886.dzi ... upload error (manifest): Invalid key: svar/zips/Viesj_n/642343-135886-kartor/web/tiles-3-4761_Viesjön_642343-135886.dzi
[3783/4303] svar/zips/Viflotten/653000-148976-kartor/web/tiles-3-2901_Viflotten_653000-148976.dzi ... done • ETA ~ 0m 50s
[3784/4303] svar/zips/Viggaren/652780-153279-kartor/web/tiles-3-5620_Viggaren_652780-153279.dzi ... done • ETA ~ 0m 50s
[3785/4303] svar/zips/Vigotten/634666-147194-kartor/web/tiles-2-0287_Vigotten_634666-147194.dzi ... done • ETA ~ 0m 49s
[3786/4303] svar/zips/Vikaresj_n/636632-136782-kartor/web/tiles-5-0052_Vikaresjön_636632-136782.dzi ... upload error (manifest): Invalid key: svar/zips/Vikaresj_n/636632-136782-kartor/web/tiles-5-0052_Vikaresjön_636632-136782.dzi
[3787/4303] svar/zips/Vikasj_n/631051-144611-kartor/web/tiles-3-0809_Vikasjön_631051-144611.dzi ... upload error (manifest): Invalid key: svar/zips/Vikasj_n/631051-144611-kartor/web/tiles-3-0809_Vikasjön_631051-144611.dzi
[3788/4303] svar/zips/Vikasj_n/631051-144611-kartor/web/tiles-3-2958_Vikasjön_631051-144611.dzi ... upload error (manifest): Invalid key: svar/zips/Vikasj_n/631051-144611-kartor/web/tiles-3-2958_Vikasjön_631051-144611.dzi
[3789/4303] svar/zips/Viksj_n/637927-154155-kartor/web/tiles-1-0239_Viksjön_637927-154155.dzi ... upload error (manifest): Invalid key: svar/zips/Viksj_n/637927-154155-kartor/web/tiles-1-0239_Viksjön_637927-154155.dzi
[3790/4303] svar/zips/Viksj_n/649160-126453-kartor/web/tiles-3-1558_Viksjön_649160-126453.dzi ... upload error (manifest): Invalid key: svar/zips/Viksj_n/649160-126453-kartor/web/tiles-3-1558_Viksjön_649160-126453.dzi
[3791/4303] svar/zips/Viksj_n/649160-126453-kartor/web/tiles-3-2568_Viksjön_649160-126453.dzi ... upload error (manifest): Invalid key: svar/zips/Viksj_n/649160-126453-kartor/web/tiles-3-2568_Viksjön_649160-126453.dzi
[3792/4303] svar/zips/Viksj_n/653745-153864-kartor/web/tiles-3-5634_Viksjön_653745-153864.dzi ... upload error (manifest): Invalid key: svar/zips/Viksj_n/653745-153864-kartor/web/tiles-3-5634_Viksjön_653745-153864.dzi
[3793/4303] svar/zips/Viletj_rn/652162-126136-kartor/web/tiles-3-1957_Viletjärn_652162-126136.dzi ... upload error (manifest): Invalid key: svar/zips/Viletj_rn/652162-126136-kartor/web/tiles-3-1957_Viletjärn_652162-126136.dzi
[3794/4303] svar/zips/Vimmersj_n/642465-127962-kartor/web/tiles-3-1054_Vimmersjön_642465-127962.dzi ... upload error (manifest): Invalid key: svar/zips/Vimmersj_n/642465-127962-kartor/web/tiles-3-1054_Vimmersjön_642465-127962.dzi
[3795/4303] svar/zips/Vinen/627275-142183-kartor/web/tiles-3-3028_Vinen_627275-142183.dzi ... done • ETA ~ 0m 48s
[3796/4303] svar/zips/Vingasj_n/647484-137007-kartor/web/tiles-3-1514_Vingasjön_647484-137007.dzi ... upload error (manifest): Invalid key: svar/zips/Vingasj_n/647484-137007-kartor/web/tiles-3-1514_Vingasjön_647484-137007.dzi
[3797/4303] svar/zips/Vinnasj_n/653271-144253-kartor/web/tiles-2-0975_Vinnasjön_653271-144253.dzi ... upload error (manifest): Invalid key: svar/zips/Vinnasj_n/653271-144253-kartor/web/tiles-2-0975_Vinnasjön_653271-144253.dzi
[3798/4303] svar/zips/Vinsarpasj_/642164-136633-kartor/web/tiles-3-0875_Vinsarpasjön_642164-136633.dzi ... upload error (manifest): Invalid key: svar/zips/Vinsarpasj_/642164-136633-kartor/web/tiles-3-0875_Vinsarpasjön_642164-136633.dzi
[3799/4303] svar/zips/Vippsj_n/636553-138670-kartor/web/tiles-2-1046_Vippsjön_636553-138670.dzi ... upload error (manifest): Invalid key: svar/zips/Vippsj_n/636553-138670-kartor/web/tiles-2-1046_Vippsjön_636553-138670.dzi
[3800/4303] svar/zips/Viren/627780-146268-kartor/web/tiles-1-0198_Viren_627780-146268.dzi ... done • ETA ~ 0m 48s
[3801/4303] svar/zips/Viren/654073-151899-kartor/web/tiles-0-0164_Viren_654073-151899.dzi ... done • ETA ~ 0m 48s
[3802/4303] svar/zips/Virkesj_n/628567-149106-kartor/web/tiles-3-3843_Virkesjön_628567-149106a.dzi ... upload error (manifest): Invalid key: svar/zips/Virkesj_n/628567-149106-kartor/web/tiles-3-3843_Virkesjön_628567-149106a.dzi
[3803/4303] svar/zips/Virkesj_n/628567-149106-kartor/web/tiles-3-3843_Virkesjön_628567-149106b.dzi ... upload error (manifest): Invalid key: svar/zips/Virkesj_n/628567-149106-kartor/web/tiles-3-3843_Virkesjön_628567-149106b.dzi
[3804/4303] svar/zips/Virserumssj_n/635472-148648-kartor/web/tiles-2-1096_Virserumssjön_635472-148648.dzi ... upload error (manifest): Invalid key: svar/zips/Virserumssj_n/635472-148648-kartor/web/tiles-2-1096_Virserumssjön_635472-148648.dzi
[3805/4303] svar/zips/Virserumssj_n/635472-148648-kartor/web/tiles-3-2307_Virserumssjön_635472-148648.dzi ... upload error (manifest): Invalid key: svar/zips/Virserumssj_n/635472-148648-kartor/web/tiles-3-2307_Virserumssjön_635472-148648.dzi
[3806/4303] svar/zips/Virveln/638959-152778-kartor/web/tiles-3-3367_Virveln_638959-152778.dzi ... done • ETA ~ 0m 47s
[3807/4303] svar/zips/Visen/636944-134814-kartor/web/tiles-2-0241_Visen_636944-134814.dzi ... done • ETA ~ 0m 47s
[3808/4303] svar/zips/Visj_n/630507-147694-kartor/web/tiles-3-0762_Visjön_630507-147694.dzi ... upload error (manifest): Invalid key: svar/zips/Visj_n/630507-147694-kartor/web/tiles-3-0762_Visjön_630507-147694.dzi
[3809/4303] svar/zips/Visj_n/641203-151408-kartor/web/tiles-3-3599_Visjön_641203-151408.dzi ... upload error (manifest): Invalid key: svar/zips/Visj_n/641203-151408-kartor/web/tiles-3-3599_Visjön_641203-151408.dzi
[3810/4303] svar/zips/Visj_n/645193-143189-kartor/web/tiles-2-0396_Visjön_645193-143189a.dzi ... upload error (manifest): Invalid key: svar/zips/Visj_n/645193-143189-kartor/web/tiles-2-0396_Visjön_645193-143189a.dzi
[3811/4303] svar/zips/Visj_n/645193-143189-kartor/web/tiles-2-0396_Visjön_645193-143189b.dzi ... upload error (manifest): Invalid key: svar/zips/Visj_n/645193-143189-kartor/web/tiles-2-0396_Visjön_645193-143189b.dzi
[3812/4303] svar/zips/Visj_n/645193-143189-kartor/web/tiles-2-0396_Visjön_645193-143189c.dzi ... upload error (manifest): Invalid key: svar/zips/Visj_n/645193-143189-kartor/web/tiles-2-0396_Visjön_645193-143189c.dzi
[3813/4303] svar/zips/Visj_n/645193-143189-kartor/web/tiles-2-0396_Visjön_645193-143189d.dzi ... upload error (manifest): Invalid key: svar/zips/Visj_n/645193-143189-kartor/web/tiles-2-0396_Visjön_645193-143189d.dzi
[3814/4303] svar/zips/Vismen/633080-132874-kartor/web/tiles-1-0311_Vismen_633080-132874a.dzi ... done • ETA ~ 0m 47s
[3815/4303] svar/zips/Vismen/633080-132874-kartor/web/tiles-1-0311_Vismen_633080-132874b.dzi ... done • ETA ~ 0m 46s
[3816/4303] svar/zips/Vismen/633080-132874-kartor/web/tiles-3-6454_Vismen_633080-132874.dzi ... done • ETA ~ 0m 46s
[3817/4303] svar/zips/Vismen/633080-132874-kartor/web/tiles-5-1033_Vismen_633080-132874.dzi ... done • ETA ~ 0m 46s
[3818/4303] svar/zips/Viss_sj_n/634339-137159-kartor/web/tiles-3-6352_Vissösjön_634339-137159.dzi ... upload error (manifest): Invalid key: svar/zips/Viss_sj_n/634339-137159-kartor/web/tiles-3-6352_Vissösjön_634339-137159.dzi
[3819/4303] svar/zips/Vitasj_n/635711-133058-kartor/web/tiles-3-4870_Vitasjön_635711-133058.dzi ... upload error (manifest): Invalid key: svar/zips/Vitasj_n/635711-133058-kartor/web/tiles-3-4870_Vitasjön_635711-133058.dzi
[3820/4303] svar/zips/Vitavatten/623695-142465-kartor/web/tiles-3-2630_Vitavatten_623695-142465.dzi ... done • ETA ~ 0m 46s
[3821/4303] svar/zips/Vitavatten/623695-142465-kartor/web/tiles-3-2825_Vitavatten_623695-142465.dzi ... done • ETA ~ 0m 46s
[3822/4303] svar/zips/Vitavatten/624536-145676-kartor/web/tiles-3-2973_Vitavatten_624536-145676.dzi ... done • ETA ~ 0m 46s
[3823/4303] svar/zips/Vitavatten/624658-146086-kartor/web/tiles-3-3172_Vitavatten_624658-146086.dzi ... done • ETA ~ 0m 46s
[3824/4303] svar/zips/Vita_Sj_/625036-135163-kartor/web/tiles-3-2200_Vita sjö_625036-135163.dzi ... upload error (manifest): Invalid key: svar/zips/Vita_Sj_/625036-135163-kartor/web/tiles-3-2200_Vita sjö_625036-135163.dzi
[3825/4303] svar/zips/Vittgyl/624899-144831-kartor/web/tiles-3-5998_Vittgyl_624899-144831.dzi ... done • ETA ~ 0m 46s
[3826/4303] svar/zips/Vittr_sk/654873-164957-kartor/web/tiles-3-2332_Vitträsk_654873-164957.dzi ... upload error (manifest): Invalid key: svar/zips/Vittr_sk/654873-164957-kartor/web/tiles-3-2332_Vitträsk_654873-164957.dzi
[3827/4303] svar/zips/Vittsj_n/624928-136990-kartor/web/tiles-1-0254_Vittsjön_624928-136990.dzi ... upload error (manifest): Invalid key: svar/zips/Vittsj_n/624928-136990-kartor/web/tiles-1-0254_Vittsjön_624928-136990.dzi
[3828/4303] svar/zips/Vittsj_n/624928-136990-kartor/web/tiles-3-5840_Vittsjön_624928-136990a.dzi ... upload error (manifest): Invalid key: svar/zips/Vittsj_n/624928-136990-kartor/web/tiles-3-5840_Vittsjön_624928-136990a.dzi
[3829/4303] svar/zips/Vittsj_n/624928-136990-kartor/web/tiles-3-5840_Vittsjön_624928-136990b.dzi ... upload error (manifest): Invalid key: svar/zips/Vittsj_n/624928-136990-kartor/web/tiles-3-5840_Vittsjön_624928-136990b.dzi
[3830/4303] svar/zips/Vittsj_n/624928-136990-kartor/web/tiles-3-5840_Vittsjön_624928-136990c.dzi ... upload error (manifest): Invalid key: svar/zips/Vittsj_n/624928-136990-kartor/web/tiles-3-5840_Vittsjön_624928-136990c.dzi
[3831/4303] svar/zips/Vittsj_n/624928-136990-kartor/web/tiles-3-5840_Vittsjön_624928-136990d.dzi ... upload error (manifest): Invalid key: svar/zips/Vittsj_n/624928-136990-kartor/web/tiles-3-5840_Vittsjön_624928-136990d.dzi
[3832/4303] svar/zips/Vittsj_n/624928-136990-kartor/web/tiles-3-5840_Vittsjön_624928-136990e.dzi ... upload error (manifest): Invalid key: svar/zips/Vittsj_n/624928-136990-kartor/web/tiles-3-5840_Vittsjön_624928-136990e.dzi
[3833/4303] svar/zips/Vittsj_n/624928-136990-kartor/web/tiles-3-5840_Vittsjön_624928-136990f.dzi ... upload error (manifest): Invalid key: svar/zips/Vittsj_n/624928-136990-kartor/web/tiles-3-5840_Vittsjön_624928-136990f.dzi
[3834/4303] svar/zips/Vittsj_n/624928-136990-kartor/web/tiles-3-5840_Vittsjön_624928-136990g.dzi ... upload error (manifest): Invalid key: svar/zips/Vittsj_n/624928-136990-kartor/web/tiles-3-5840_Vittsjön_624928-136990g.dzi
[3835/4303] svar/zips/Vombsj_n/617666-135851-kartor/web/tiles-0-0064_Vombsjön_617666-135851.dzi ... upload error (manifest): Invalid key: svar/zips/Vombsj_n/617666-135851-kartor/web/tiles-0-0064_Vombsjön_617666-135851.dzi
[3836/4303] svar/zips/Vombsj_n/617666-135851-kartor/web/tiles-2-0176_Vombsjön_617666-135851.dzi ... upload error (manifest): Invalid key: svar/zips/Vombsj_n/617666-135851-kartor/web/tiles-2-0176_Vombsjön_617666-135851.dzi
[3837/4303] svar/zips/Voxtorpasj_n/637207-138329-kartor/web/tiles-3-4295_Voxtorpasjön_637207-138329.dzi ... upload error (manifest): Invalid key: svar/zips/Voxtorpasj_n/637207-138329-kartor/web/tiles-3-4295_Voxtorpasjön_637207-138329.dzi
[3838/4303] svar/zips/Voxtorpasj_n/637207-138329-kartor/web/tiles-5-0053_Voxtorpasjön_637207-138329.dzi ... upload error (manifest): Invalid key: svar/zips/Voxtorpasj_n/637207-138329-kartor/web/tiles-5-0053_Voxtorpasjön_637207-138329.dzi
[3839/4303] svar/zips/Vreden/653700-149142-kartor/web/tiles-3-2912_Vreden_653700-149142.dzi ... done • ETA ~ 0m 44s
[3840/4303] svar/zips/Vristulven/649519-137757-kartor/web/tiles-3-1471_Vristulven_649519-137757.dzi ... done • ETA ~ 0m 44s
[3841/4303] svar/zips/Vristulven/649519-137757-kartor/web/tiles-3-1472_Vristulven_649519-137757.dzi ... done • ETA ~ 0m 44s
[3842/4303] svar/zips/Vr_nga_G_l/633951-153070-kartor/web/tiles-3-2752_Vrånga Göl_633951-153070.dzi ... upload error (manifest): Invalid key: svar/zips/Vr_nga_G_l/633951-153070-kartor/web/tiles-3-2752_Vrånga Göl_633951-153070.dzi
[3843/4303] svar/zips/Vr_ngen/637475-146936-kartor/web/tiles-3-3361_Vrången_637475-146936.dzi ... upload error (manifest): Invalid key: svar/zips/Vr_ngen/637475-146936-kartor/web/tiles-3-3361_Vrången_637475-146936.dzi
[3844/4303] svar/zips/Vr_ngevattnet/648398-126926-kartor/web/tiles-3-3463_Vrångevattnet_648398-126926.dzi ... upload error (manifest): Invalid key: svar/zips/Vr_ngevattnet/648398-126926-kartor/web/tiles-3-3463_Vrångevattnet_648398-126926.dzi
[3845/4303] svar/zips/Vr_ngevattnet/650247-125670-kartor/web/tiles-3-3094_Vrångevattnet_650247-125670.dzi ... upload error (manifest): Invalid key: svar/zips/Vr_ngevattnet/650247-125670-kartor/web/tiles-3-3094_Vrångevattnet_650247-125670.dzi
[3846/4303] svar/zips/Vr_ngsj_n/650222-127192-kartor/web/tiles-3-4833_Vrångsjön_650222-127192.dzi ... upload error (manifest): Invalid key: svar/zips/Vr_ngsj_n/650222-127192-kartor/web/tiles-3-4833_Vrångsjön_650222-127192.dzi
[3847/4303] svar/zips/Vr_ngsj_n/650629-154627-kartor/web/tiles-2-0846_Vrångsjön_650629-154627.dzi ... upload error (manifest): Invalid key: svar/zips/Vr_ngsj_n/650629-154627-kartor/web/tiles-2-0846_Vrångsjön_650629-154627.dzi
[3848/4303] svar/zips/V_gl_ngen/632855-136381-kartor/web/tiles-3-6571_Väglången_632855-136381.dzi ... upload error (manifest): Invalid key: svar/zips/V_gl_ngen/632855-136381-kartor/web/tiles-3-6571_Väglången_632855-136381.dzi
[3849/4303] svar/zips/V_len/633606-149074-kartor/web/tiles-2-0361_Välen_633606-149074a.dzi ... upload error (manifest): Invalid key: svar/zips/V_len/633606-149074-kartor/web/tiles-2-0361_Välen_633606-149074a.dzi
[3850/4303] svar/zips/V_len/633606-149074-kartor/web/tiles-2-0361_Välen_633606-149074b.dzi ... upload error (manifest): Invalid key: svar/zips/V_len/633606-149074-kartor/web/tiles-2-0361_Välen_633606-149074b.dzi
[3851/4303] svar/zips/V_len/636734-149771-kartor/web/tiles-2-1097_Välen_636734-149771.dzi ... upload error (manifest): Invalid key: svar/zips/V_len/636734-149771-kartor/web/tiles-2-1097_Välen_636734-149771.dzi
[3852/4303] svar/zips/V_len/636734-149771-kartor/web/tiles-3-2300_Välen_636734-149771.dzi ... upload error (manifest): Invalid key: svar/zips/V_len/636734-149771-kartor/web/tiles-3-2300_Välen_636734-149771.dzi
[3853/4303] svar/zips/V_llern/642223-137294-kartor/web/tiles-3-1467_Vållern_642223-137294.dzi ... upload error (manifest): Invalid key: svar/zips/V_llern/642223-137294-kartor/web/tiles-3-1467_Vållern_642223-137294.dzi
[3854/4303] svar/zips/V_llingen/655738-159870-kartor/web/tiles-2-0257_Vällingen_655738-159870.dzi ... upload error (manifest): Invalid key: svar/zips/V_llingen/655738-159870-kartor/web/tiles-2-0257_Vällingen_655738-159870.dzi
[3855/4303] svar/zips/V_llsj_n/639768-127843-kartor/web/tiles-3-4185_Vällsjön_639768-127843.dzi ... upload error (manifest): Invalid key: svar/zips/V_llsj_n/639768-127843-kartor/web/tiles-3-4185_Vällsjön_639768-127843.dzi
[3856/4303] svar/zips/V_llsj_n/640816-129342-kartor/web/tiles-3-1034_Vällsjön_640816-129342.dzi ... upload error (manifest): Invalid key: svar/zips/V_llsj_n/640816-129342-kartor/web/tiles-3-1034_Vällsjön_640816-129342.dzi
[3857/4303] svar/zips/V_lser_d_Vatten/649289-124593-kartor/web/tiles-3-4202_Välseröd vatten_649289-124593.dzi ... upload error (manifest): Invalid key: svar/zips/V_lser_d_Vatten/649289-124593-kartor/web/tiles-3-4202_Välseröd vatten_649289-124593.dzi
[3858/4303] svar/zips/V_mmesj_/635629-150550-kartor/web/tiles-3-3821_Våmmesjö_635629-150550a.dzi ... upload error (manifest): Invalid key: svar/zips/V_mmesj_/635629-150550-kartor/web/tiles-3-3821_Våmmesjö_635629-150550a.dzi
[3859/4303] svar/zips/V_mmesj_/635629-150550-kartor/web/tiles-3-3821_Våmmesjö_635629-150550b.dzi ... upload error (manifest): Invalid key: svar/zips/V_mmesj_/635629-150550-kartor/web/tiles-3-3821_Våmmesjö_635629-150550b.dzi
[3860/4303] svar/zips/V_nern_-_Dalbosj_-___m/647666-129906-kartor/web/tiles-0-0156_Vänern_647666-129906.dzi ... upload error (manifest): Invalid key: svar/zips/V_nern_-_Dalbosj_-___m/647666-129906-kartor/web/tiles-0-0156_Vänern_647666-129906.dzi
[3861/4303] svar/zips/V_nern_-_Dalbosj_-___m/647666-129906-kartor/web/tiles-2-0204_Vänern (SV Skoghall)_647666-129906.dzi ... upload error (manifest): Invalid key: svar/zips/V_nern_-_Dalbosj_-___m/647666-129906-kartor/web/tiles-2-0204_Vänern (SV Skoghall)_647666-129906.dzi
[3862/4303] svar/zips/V_nern_-_Dalbosj_-___m/647666-129906-kartor/web/tiles-2-0205_Vänern (Åsfjorden)_647666-129906.dzi ... upload error (manifest): Invalid key: svar/zips/V_nern_-_Dalbosj_-___m/647666-129906-kartor/web/tiles-2-0205_Vänern (Åsfjorden)_647666-129906.dzi
[3863/4303] svar/zips/V_nern_-_Dalbosj_-___m/647666-129906-kartor/web/tiles-3-1098_Vänern_647666-129906.dzi ... upload error (manifest): Invalid key: svar/zips/V_nern_-_Dalbosj_-___m/647666-129906-kartor/web/tiles-3-1098_Vänern_647666-129906.dzi
[3864/4303] svar/zips/V_ngaren/640227-153918-kartor/web/tiles-3-0745_Vångaren_640227-153918.dzi ... upload error (manifest): Invalid key: svar/zips/V_ngaren/640227-153918-kartor/web/tiles-3-0745_Vångaren_640227-153918.dzi
[3865/4303] svar/zips/V_ngaren/640227-153918-kartor/web/tiles-3-1935_Vångaren_640227-153918.dzi ... upload error (manifest): Invalid key: svar/zips/V_ngaren/640227-153918-kartor/web/tiles-3-1935_Vångaren_640227-153918.dzi
[3866/4303] svar/zips/V_ngaren/640227-153918-kartor/web/tiles-3-3425_Vångaren_640227-153918.dzi ... upload error (manifest): Invalid key: svar/zips/V_ngaren/640227-153918-kartor/web/tiles-3-3425_Vångaren_640227-153918.dzi
[3867/4303] svar/zips/V_ngsj_n/654046-128448-kartor/web/tiles-2-0228_Vångsjön_654046-128448.dzi ... upload error (manifest): Invalid key: svar/zips/V_ngsj_n/654046-128448-kartor/web/tiles-2-0228_Vångsjön_654046-128448.dzi
[3868/4303] svar/zips/V_nnebosj_n/637849-132459-kartor/web/tiles-3-4884_Vännebosjön_637849-132459.dzi ... upload error (manifest): Invalid key: svar/zips/V_nnebosj_n/637849-132459-kartor/web/tiles-3-4884_Vännebosjön_637849-132459.dzi
[3869/4303] svar/zips/V_nsj_sj_n/627390-150522-kartor/web/tiles-5-0451a_Vänsjösjön_627390-150522.dzi ... upload error (manifest): Invalid key: svar/zips/V_nsj_sj_n/627390-150522-kartor/web/tiles-5-0451a_Vänsjösjön_627390-150522.dzi
[3870/4303] svar/zips/V_nsj_sj_n/627390-150522-kartor/web/tiles-5-0451b_Vänsjösjön_627390-150522.dzi ... upload error (manifest): Invalid key: svar/zips/V_nsj_sj_n/627390-150522-kartor/web/tiles-5-0451b_Vänsjösjön_627390-150522.dzi
[3871/4303] svar/zips/V_rnen/635546-146865-kartor/web/tiles-0-0086_Värnen_635546-146865.dzi ... upload error (manifest): Invalid key: svar/zips/V_rnen/635546-146865-kartor/web/tiles-0-0086_Värnen_635546-146865.dzi
[3872/4303] svar/zips/V_rnen/635546-146865-kartor/web/tiles-3-0755_Värnen_635546-146865.dzi ... upload error (manifest): Invalid key: svar/zips/V_rnen/635546-146865-kartor/web/tiles-3-0755_Värnen_635546-146865.dzi
[3873/4303] svar/zips/V_rnen/635546-146865-kartor/web/tiles-3-1783_Värnern_635546-146865.dzi ... upload error (manifest): Invalid key: svar/zips/V_rnen/635546-146865-kartor/web/tiles-3-1783_Värnern_635546-146865.dzi
[3874/4303] svar/zips/V_rsj_n/624606-135677-kartor/web/tiles-2-1045_Värsjön_624606-135677.dzi ... upload error (manifest): Invalid key: svar/zips/V_rsj_n/624606-135677-kartor/web/tiles-2-1045_Värsjön_624606-135677.dzi
[3875/4303] svar/zips/V_rsj_n/624606-135677-kartor/web/tiles-3-5821_Värsjön_624606-135677a.dzi ... upload error (manifest): Invalid key: svar/zips/V_rsj_n/624606-135677-kartor/web/tiles-3-5821_Värsjön_624606-135677a.dzi
[3876/4303] svar/zips/V_rsj_n/624606-135677-kartor/web/tiles-3-5821_Värsjön_624606-135677b.dzi ... upload error (manifest): Invalid key: svar/zips/V_rsj_n/624606-135677-kartor/web/tiles-3-5821_Värsjön_624606-135677b.dzi
[3877/4303] svar/zips/V_rsj_n/634314-134615-kartor/web/tiles-3-2547_Värsjön_634314-134615.dzi ... upload error (manifest): Invalid key: svar/zips/V_rsj_n/634314-134615-kartor/web/tiles-3-2547_Värsjön_634314-134615.dzi
[3878/4303] svar/zips/V_seg_l/634846-137573-kartor/web/tiles-5-0054_Väsegöl_634846-137573.dzi ... upload error (manifest): Invalid key: svar/zips/V_seg_l/634846-137573-kartor/web/tiles-5-0054_Väsegöl_634846-137573.dzi
[3879/4303] svar/zips/V_ssjevattnet/650269-125212-kartor/web/tiles-3-2559_Vässjevattnet_650269-125212.dzi ... upload error (manifest): Invalid key: svar/zips/V_ssjevattnet/650269-125212-kartor/web/tiles-3-2559_Vässjevattnet_650269-125212.dzi
[3880/4303] svar/zips/V_ssj_n/644451-143850-kartor/web/tiles-3-3676_Vässjön_644451-143850.dzi ... upload error (manifest): Invalid key: svar/zips/V_ssj_n/644451-143850-kartor/web/tiles-3-3676_Vässjön_644451-143850.dzi
[3881/4303] svar/zips/V_sslarpssj_n/624667-140364-kartor/web/tiles-3-2178_Vässlarpsjön_624667-140364.dzi ... upload error (manifest): Invalid key: svar/zips/V_sslarpssj_n/624667-140364-kartor/web/tiles-3-2178_Vässlarpsjön_624667-140364.dzi
[3882/4303] svar/zips/V_sslarpssj_n/624667-140364-kartor/web/tiles-3-2179_Vesslarpssjön_624667-140364.dzi ... upload error (manifest): Invalid key: svar/zips/V_sslarpssj_n/624667-140364-kartor/web/tiles-3-2179_Vesslarpssjön_624667-140364.dzi
[3883/4303] svar/zips/V_sslarpssj_n/624667-140364-kartor/web/tiles-3-6578_Vesslarpssjön_624667-140364.dzi ... upload error (manifest): Invalid key: svar/zips/V_sslarpssj_n/624667-140364-kartor/web/tiles-3-6578_Vesslarpssjön_624667-140364.dzi
[3884/4303] svar/zips/V_ster-Svan/656690-131202-kartor/web/tiles-2-0989_Västersvan_656690-131202.dzi ... upload error (manifest): Invalid key: svar/zips/V_ster-Svan/656690-131202-kartor/web/tiles-2-0989_Västersvan_656690-131202.dzi
[3885/4303] svar/zips/V_ster-Svan/656690-131202-kartor/web/tiles-3-1240_Väster-Svan_656690-131202.dzi ... upload error (manifest): Invalid key: svar/zips/V_ster-Svan/656690-131202-kartor/web/tiles-3-1240_Väster-Svan_656690-131202.dzi
[3886/4303] svar/zips/V_ster-__mten/651363-143131-kartor/web/tiles-5-0138_Väster-Ämten_651363-143131.dzi ... upload error (manifest): Invalid key: svar/zips/V_ster-__mten/651363-143131-kartor/web/tiles-5-0138_Väster-Ämten_651363-143131.dzi
[3887/4303] svar/zips/V_stersj_n/624669-133052-kartor/web/tiles-2-1061_Västersjön_624669-133052.dzi ... upload error (manifest): Invalid key: svar/zips/V_stersj_n/624669-133052-kartor/web/tiles-2-1061_Västersjön_624669-133052.dzi
[3888/4303] svar/zips/V_stersj_n/624669-133052-kartor/web/tiles-3-0835_Västersjön_624669-133052.dzi ... upload error (manifest): Invalid key: svar/zips/V_stersj_n/624669-133052-kartor/web/tiles-3-0835_Västersjön_624669-133052.dzi
[3889/4303] svar/zips/V_stersj_n/626136-148695-kartor/web/tiles-3-2381_Västersjön_626136-148695.dzi ... upload error (manifest): Invalid key: svar/zips/V_stersj_n/626136-148695-kartor/web/tiles-3-2381_Västersjön_626136-148695.dzi
[3890/4303] svar/zips/V_stersj_n/639950-132256-kartor/web/tiles-2-0392_Västersjön_639950-132256a.dzi ... upload error (manifest): Invalid key: svar/zips/V_stersj_n/639950-132256-kartor/web/tiles-2-0392_Västersjön_639950-132256a.dzi
[3891/4303] svar/zips/V_stersj_n/639950-132256-kartor/web/tiles-2-0392_Västersjön_639950-132256b.dzi ... upload error (manifest): Invalid key: svar/zips/V_stersj_n/639950-132256-kartor/web/tiles-2-0392_Västersjön_639950-132256b.dzi
[3892/4303] svar/zips/V_stersj_n/644651-127874-kartor/web/tiles-2-1018_Västersjön_644651-127874.dzi ... upload error (manifest): Invalid key: svar/zips/V_stersj_n/644651-127874-kartor/web/tiles-2-1018_Västersjön_644651-127874.dzi
[3893/4303] svar/zips/V_stervirketorpesj_n/635699-153701-kartor/web/tiles-2-0325_Västervirketorpesjön_635699-153701.dzi ... upload error (manifest): Invalid key: svar/zips/V_stervirketorpesj_n/635699-153701-kartor/web/tiles-2-0325_Västervirketorpesjön_635699-153701.dzi
[3894/4303] svar/zips/V_stra_G_l/634700-143142-kartor/web/tiles-3-5597_Västra göl_634700-143142.dzi ... upload error (manifest): Invalid key: svar/zips/V_stra_G_l/634700-143142-kartor/web/tiles-3-5597_Västra göl_634700-143142.dzi
[3895/4303] svar/zips/V_stra_Haksj_n/653804-127101-kartor/web/tiles-3-4841_Västra Haksjön_653804-127101.dzi ... upload error (manifest): Invalid key: svar/zips/V_stra_Haksj_n/653804-127101-kartor/web/tiles-3-4841_Västra Haksjön_653804-127101.dzi
[3896/4303] svar/zips/V_stra_Hj_rtsj_n/624537-144802-kartor/web/tiles-3-5999_Västra Hjärtsjön_624537-144802.dzi ... upload error (manifest): Invalid key: svar/zips/V_stra_Hj_rtsj_n/624537-144802-kartor/web/tiles-3-5999_Västra Hjärtsjön_624537-144802.dzi
[3897/4303] svar/zips/V_stra_Ingsj_n/639243-128795-kartor/web/tiles-3-1857_Västra Ingsjön_639243-128795.dzi ... upload error (manifest): Invalid key: svar/zips/V_stra_Ingsj_n/639243-128795-kartor/web/tiles-3-1857_Västra Ingsjön_639243-128795.dzi
[3898/4303] svar/zips/V_stra_Kn_vatten/651230-126260-kartor/web/tiles-3-3084_Västra Knävatten_651230-126260.dzi ... upload error (manifest): Invalid key: svar/zips/V_stra_Kn_vatten/651230-126260-kartor/web/tiles-3-3084_Västra Knävatten_651230-126260.dzi
[3899/4303] svar/zips/V_stra_Krokevattnet/648477-126973-kartor/web/tiles-3-3463_Västra Krokevattnet_648477-126973.dzi ... upload error (manifest): Invalid key: svar/zips/V_stra_Krokevattnet/648477-126973-kartor/web/tiles-3-3463_Västra Krokevattnet_648477-126973.dzi
[3900/4303] svar/zips/V_stra_Krokevattnet/648477-126973-kartor/web/tiles-3-6632_Västra Krokevattnet_648477-126973.dzi ... upload error (manifest): Invalid key: svar/zips/V_stra_Krokevattnet/648477-126973-kartor/web/tiles-3-6632_Västra Krokevattnet_648477-126973.dzi
[3901/4303] svar/zips/V_stra_Kulsj_n/641679-131962-kartor/web/tiles-2-0541_Västra Kulsjön_641679-131962.dzi ... upload error (manifest): Invalid key: svar/zips/V_stra_Kulsj_n/641679-131962-kartor/web/tiles-2-0541_Västra Kulsjön_641679-131962.dzi
[3902/4303] svar/zips/V_stra_K_sj_n/639609-129718-kartor/web/tiles-3-0917_Västra Kåsjön_639609-129718.dzi ... upload error (manifest): Invalid key: svar/zips/V_stra_K_sj_n/639609-129718-kartor/web/tiles-3-0917_Västra Kåsjön_639609-129718.dzi
[3903/4303] svar/zips/V_stra_Laxsj_n/653517-143239-kartor/web/tiles-5-0123_Västra Laxsjön_653517-143239.dzi ... upload error (manifest): Invalid key: svar/zips/V_stra_Laxsj_n/653517-143239-kartor/web/tiles-5-0123_Västra Laxsjön_653517-143239.dzi
[3904/4303] svar/zips/V_stra_Nedsj_n/640292-129933-kartor/web/tiles-2-0200_Västra Nedsjön_640292-129933.dzi ... upload error (manifest): Invalid key: svar/zips/V_stra_Nedsj_n/640292-129933-kartor/web/tiles-2-0200_Västra Nedsjön_640292-129933.dzi
[3905/4303] svar/zips/V_stra_Nedsj_n/640292-129933-kartor/web/tiles-3-1091_Västra Nedsjön_640292-129933.dzi ... upload error (manifest): Invalid key: svar/zips/V_stra_Nedsj_n/640292-129933-kartor/web/tiles-3-1091_Västra Nedsjön_640292-129933.dzi
[3906/4303] svar/zips/V_stra_Ringsj_n/620062-135224-kartor/web/tiles-2-0177a_Västra Ringsjön_620062-135224.dzi ... upload error (manifest): Invalid key: svar/zips/V_stra_Ringsj_n/620062-135224-kartor/web/tiles-2-0177a_Västra Ringsjön_620062-135224.dzi
[3907/4303] svar/zips/V_stra_Ringsj_n/620062-135224-kartor/web/tiles-2-0177b_Västra Ringsjön_620062-135224.dzi ... upload error (manifest): Invalid key: svar/zips/V_stra_Ringsj_n/620062-135224-kartor/web/tiles-2-0177b_Västra Ringsjön_620062-135224.dzi
[3908/4303] svar/zips/V_stra_Ringsj_n/620062-135224-kartor/web/tiles-3-0833_Västra Ringsjön_620062-135224.dzi ... upload error (manifest): Invalid key: svar/zips/V_stra_Ringsj_n/620062-135224-kartor/web/tiles-3-0833_Västra Ringsjön_620062-135224.dzi
[3909/4303] svar/zips/V_stra_Sj_/624241-137304-kartor/web/tiles-3-5822_Västra sjö_624241-137304a.dzi ... upload error (manifest): Invalid key: svar/zips/V_stra_Sj_/624241-137304-kartor/web/tiles-3-5822_Västra sjö_624241-137304a.dzi
[3910/4303] svar/zips/V_stra_Sj_/624241-137304-kartor/web/tiles-3-5822_Västra sjö_624241-137304b.dzi ... upload error (manifest): Invalid key: svar/zips/V_stra_Sj_/624241-137304-kartor/web/tiles-3-5822_Västra sjö_624241-137304b.dzi
[3911/4303] svar/zips/V_stra_Sj_/624241-137304-kartor/web/tiles-3-6470_Västra sjö_624241-137304.dzi ... upload error (manifest): Invalid key: svar/zips/V_stra_Sj_/624241-137304-kartor/web/tiles-3-6470_Västra sjö_624241-137304.dzi
[3912/4303] svar/zips/V_stra_Solsj_n/655863-129783-kartor/web/tiles-3-4793_Västra Solsjön_655863-129783.dzi ... upload error (manifest): Invalid key: svar/zips/V_stra_Solsj_n/655863-129783-kartor/web/tiles-3-4793_Västra Solsjön_655863-129783.dzi
[3913/4303] svar/zips/V_stra_Solsj_n/655863-129783-kartor/web/tiles-5-0992_Västra Solsjön_655863-129783.dzi ... upload error (manifest): Invalid key: svar/zips/V_stra_Solsj_n/655863-129783-kartor/web/tiles-5-0992_Västra Solsjön_655863-129783.dzi
[3914/4303] svar/zips/V_stra_Sorr_dssj_n/622218-134199-kartor/web/tiles-3-2583_Västra Sorrödsjön_622218-134199.dzi ... upload error (manifest): Invalid key: svar/zips/V_stra_Sorr_dssj_n/622218-134199-kartor/web/tiles-3-2583_Västra Sorrödsjön_622218-134199.dzi
[3915/4303] svar/zips/V_stra_Stensj_n/655698-158548-kartor/web/tiles-3-3276_Västra Stensjön_655698-158548.dzi ... upload error (manifest): Invalid key: svar/zips/V_stra_Stensj_n/655698-158548-kartor/web/tiles-3-3276_Västra Stensjön_655698-158548.dzi
[3916/4303] svar/zips/V_stra_Styran/654145-161816-kartor/web/tiles-3-6698_Västra Styran_654145-161816.dzi ... upload error (manifest): Invalid key: svar/zips/V_stra_Styran/654145-161816-kartor/web/tiles-3-6698_Västra Styran_654145-161816.dzi
[3917/4303] svar/zips/V_stra_Svansj_n/624873-143798-kartor/web/tiles-3-6000_Västra Svansjön_624873-143798.dzi ... upload error (manifest): Invalid key: svar/zips/V_stra_Svansj_n/624873-143798-kartor/web/tiles-3-6000_Västra Svansjön_624873-143798.dzi
[3918/4303] svar/zips/V_stra___resj_n/637072-130923-kartor/web/tiles-3-0885_Västra Öresjön_637072-130923.dzi ... upload error (manifest): Invalid key: svar/zips/V_stra___resj_n/637072-130923-kartor/web/tiles-3-0885_Västra Öresjön_637072-130923.dzi
[3919/4303] svar/zips/V_stra___resj_n/637072-130923-kartor/web/tiles-3-1588_Västra Öresjön_637072-130923.dzi ... upload error (manifest): Invalid key: svar/zips/V_stra___resj_n/637072-130923-kartor/web/tiles-3-1588_Västra Öresjön_637072-130923.dzi
[3920/4303] svar/zips/V_streg_len/625359-145017-kartor/web/tiles-3-2962_Västregyl_625359-145017.dzi ... upload error (manifest): Invalid key: svar/zips/V_streg_len/625359-145017-kartor/web/tiles-3-2962_Västregyl_625359-145017.dzi
[3921/4303] svar/zips/V_stre_Sj_/639489-146510-kartor/web/tiles-3-2445_Västre sjö_639489-146510.dzi ... upload error (manifest): Invalid key: svar/zips/V_stre_Sj_/639489-146510-kartor/web/tiles-3-2445_Västre sjö_639489-146510.dzi
[3922/4303] svar/zips/V_ttern_-_Duvfj_rden/649029-145550-kartor/web/tiles-3-0736_Vättern_649029-145550.dzi ... upload error (manifest): Invalid key: svar/zips/V_ttern_-_Duvfj_rden/649029-145550-kartor/web/tiles-3-0736_Vättern_649029-145550.dzi
[3923/4303] svar/zips/V_ttern_-_Duvfj_rden/649029-145550-kartor/web/tiles-3-3649_Vättern_649029-145550.dzi ... upload error (manifest): Invalid key: svar/zips/V_ttern_-_Duvfj_rden/649029-145550-kartor/web/tiles-3-3649_Vättern_649029-145550.dzi
[3924/4303] svar/zips/V_ttern_-_Duvfj_rden/649029-145550-kartor/web/tiles-3-6516_Vättern_649029-145550.dzi ... upload error (manifest): Invalid key: svar/zips/V_ttern_-_Duvfj_rden/649029-145550-kartor/web/tiles-3-6516_Vättern_649029-145550.dzi
[3925/4303] svar/zips/V_xj_sj_n/630429-143935-kartor/web/tiles-1-0132_Växjösjön_630429-143935.dzi ... upload error (manifest): Invalid key: svar/zips/V_xj_sj_n/630429-143935-kartor/web/tiles-1-0132_Växjösjön_630429-143935.dzi
[3926/4303] svar/zips/V_xj_sj_n/630429-143935-kartor/web/tiles-3-6621_Växjösjön_630429-143935.dzi ... upload error (manifest): Invalid key: svar/zips/V_xj_sj_n/630429-143935-kartor/web/tiles-3-6621_Växjösjön_630429-143935.dzi
[3927/4303] svar/zips/Yakalven/630026-133636-kartor/web/tiles-3-5091_Yakalven_630026-133636.dzi ... done • ETA ~ 0m 36s
[3928/4303] svar/zips/Yasj_n/624503-148011-kartor/web/tiles-2-0662_Södra Yasjön_624503-148011.dzi ... upload error (manifest): Invalid key: svar/zips/Yasj_n/624503-148011-kartor/web/tiles-2-0662_Södra Yasjön_624503-148011.dzi
[3929/4303] svar/zips/Yasj_n/625157-142551-kartor/web/tiles-3-2639_Yasjön_625157-142551.dzi ... upload error (manifest): Invalid key: svar/zips/Yasj_n/625157-142551-kartor/web/tiles-3-2639_Yasjön_625157-142551.dzi
[3930/4303] svar/zips/Yasj_n/625329-147008-kartor/web/tiles-3-2818_Yasjön_625329-147008.dzi ... upload error (manifest): Invalid key: svar/zips/Yasj_n/625329-147008-kartor/web/tiles-3-2818_Yasjön_625329-147008.dzi
[3931/4303] svar/zips/Yasj_n/630165-133827-kartor/web/tiles-3-5092_Yasjön_630165-133827.dzi ... upload error (manifest): Invalid key: svar/zips/Yasj_n/630165-133827-kartor/web/tiles-3-5092_Yasjön_630165-133827.dzi
[3932/4303] svar/zips/Yasj_n/630732-135868-kartor/web/tiles-1-0288_Yasjön_630732-135868.dzi ... upload error (manifest): Invalid key: svar/zips/Yasj_n/630732-135868-kartor/web/tiles-1-0288_Yasjön_630732-135868.dzi
[3933/4303] svar/zips/Yasj_n/632826-141689-kartor/web/tiles-3-6249_Yasjön_632826-141689a.dzi ... upload error (manifest): Invalid key: svar/zips/Yasj_n/632826-141689-kartor/web/tiles-3-6249_Yasjön_632826-141689a.dzi
[3934/4303] svar/zips/Yasj_n/632826-141689-kartor/web/tiles-3-6249_Yasjön_632826-141689b.dzi ... upload error (manifest): Invalid key: svar/zips/Yasj_n/632826-141689-kartor/web/tiles-3-6249_Yasjön_632826-141689b.dzi
[3935/4303] svar/zips/Yasj_n/632826-141689-kartor/web/tiles-3-6249_Yasjön_632826-141689c.dzi ... upload error (manifest): Invalid key: svar/zips/Yasj_n/632826-141689-kartor/web/tiles-3-6249_Yasjön_632826-141689c.dzi
[3936/4303] svar/zips/Yasj_n/632826-141689-kartor/web/tiles-3-6249_Yasjön_632826-141689d.dzi ... upload error (manifest): Invalid key: svar/zips/Yasj_n/632826-141689-kartor/web/tiles-3-6249_Yasjön_632826-141689d.dzi
[3937/4303] svar/zips/Yasj_n/632826-141689-kartor/web/tiles-3-6249_Yasjön_632826-141689e.dzi ... upload error (manifest): Invalid key: svar/zips/Yasj_n/632826-141689-kartor/web/tiles-3-6249_Yasjön_632826-141689e.dzi
[3938/4303] svar/zips/Yasj_n/632826-141689-kartor/web/tiles-3-6249_Yasjön_632826-141689f.dzi ... upload error (manifest): Invalid key: svar/zips/Yasj_n/632826-141689-kartor/web/tiles-3-6249_Yasjön_632826-141689f.dzi
[3939/4303] svar/zips/Yasj_n/632826-141689-kartor/web/tiles-3-6249_Yasjön_632826-141689g.dzi ... upload error (manifest): Invalid key: svar/zips/Yasj_n/632826-141689-kartor/web/tiles-3-6249_Yasjön_632826-141689g.dzi
[3940/4303] svar/zips/Yasj_n/632826-141689-kartor/web/tiles-3-6763_Yasjön_632826-141689.dzi ... upload error (manifest): Invalid key: svar/zips/Yasj_n/632826-141689-kartor/web/tiles-3-6763_Yasjön_632826-141689.dzi
[3941/4303] svar/zips/Yasj_n/633823-130310-kartor/web/tiles-2-0962_Yasjön_633823-130310.dzi ... upload error (manifest): Invalid key: svar/zips/Yasj_n/633823-130310-kartor/web/tiles-2-0962_Yasjön_633823-130310.dzi
[3942/4303] svar/zips/Yasj_n/633823-130310-kartor/web/tiles-3-2239_Yasjön_633823-130310.dzi ... upload error (manifest): Invalid key: svar/zips/Yasj_n/633823-130310-kartor/web/tiles-3-2239_Yasjön_633823-130310.dzi
[3943/4303] svar/zips/Yddingesj_n/616141-133891-kartor/web/tiles-3-1982_Yddingesjön_616141-133891.dzi ... upload error (manifest): Invalid key: svar/zips/Yddingesj_n/616141-133891-kartor/web/tiles-3-1982_Yddingesjön_616141-133891.dzi
[3944/4303] svar/zips/Yen/626345-148516-kartor/web/tiles-5-0470_Yen_626345-148516.dzi ... done • ETA ~ 0m 34s
[3945/4303] svar/zips/Yggerydssj_n/629255-148080-kartor/web/tiles-5-0486_Yggerydssjön_629255-148080a.dzi ... upload error (manifest): Invalid key: svar/zips/Yggerydssj_n/629255-148080-kartor/web/tiles-5-0486_Yggerydssjön_629255-148080a.dzi
[3946/4303] svar/zips/Yggerydssj_n/629255-148080-kartor/web/tiles-5-0486_Yggerydssjön_629255-148080b.dzi ... upload error (manifest): Invalid key: svar/zips/Yggerydssj_n/629255-148080-kartor/web/tiles-5-0486_Yggerydssjön_629255-148080b.dzi
[3947/4303] svar/zips/Ylen/641520-142252-kartor/web/tiles-3-0737_Ylen_641520-142252.dzi ... done • ETA ~ 0m 34s
[3948/4303] svar/zips/Ymsen/650398-139136-kartor/web/tiles-3-1468_Ymsen_650398-139136.dzi ... done • ETA ~ 0m 34s
[3949/4303] svar/zips/Yngaren/653034-154584-kartor/web/tiles-0-0059_Yngaren_653034-154584.dzi ... done • ETA ~ 0m 34s
[3950/4303] svar/zips/Yngern/656206-159170-kartor/web/tiles-1-0346_Yngern_656206-159170a.dzi ... done • ETA ~ 0m 33s
[3951/4303] svar/zips/Yngern/656206-159170-kartor/web/tiles-1-0346_Yngern_656206-159170b.dzi ... done • ETA ~ 0m 33s
[3952/4303] svar/zips/Yngern/656206-159170-kartor/web/tiles-5-0185_Yngern_656206-159170.dzi ... done • ETA ~ 0m 33s
[3953/4303] svar/zips/Yngerns___ga/655831-159469-kartor/web/tiles-3-3514_Yngerns Öga_655831-159469.dzi ... upload error (manifest): Invalid key: svar/zips/Yngerns___ga/655831-159469-kartor/web/tiles-3-3514_Yngerns Öga_655831-159469.dzi
[3954/4303] svar/zips/Yngnesj_/656257-128591-kartor/web/tiles-3-1711_Yngnesjö_656257-128591.dzi ... upload error (manifest): Invalid key: svar/zips/Yngnesj_/656257-128591-kartor/web/tiles-3-1711_Yngnesjö_656257-128591.dzi
[3955/4303] svar/zips/Ysnagylet/624288-143600-kartor/web/tiles-3-5943_Ysnagylet_624288-143600.dzi ... done • ETA ~ 0m 33s
[3956/4303] svar/zips/Ystebosj_n/632426-138393-kartor/web/tiles-2-1111_Ystebosjön_632426-138393.dzi ... upload error (manifest): Invalid key: svar/zips/Ystebosj_n/632426-138393-kartor/web/tiles-2-1111_Ystebosjön_632426-138393.dzi
[3957/4303] svar/zips/Yttern/633114-135811-kartor/web/tiles-3-4902_Yttern_633114-135811.dzi ... done • ETA ~ 0m 33s
[3958/4303] svar/zips/Yttern/633114-135811-kartor/web/tiles-3-6537_Yttern_633114-135811.dzi ... done • ETA ~ 0m 33s
[3959/4303] svar/zips/Yttern/642552-137058-kartor/web/tiles-3-4871_Yttern_642552-137058.dzi ... done • ETA ~ 0m 33s
[3960/4303] svar/zips/Yttran/632798-150247-kartor/web/tiles-3-6251_Yttran_632798-150247a.dzi ... done • ETA ~ 0m 33s
[3961/4303] svar/zips/Yttran/632798-150247-kartor/web/tiles-3-6251_Yttran_632798-150247b.dzi ... done • ETA ~ 0m 32s
[3962/4303] svar/zips/Yttran/632798-150247-kartor/web/tiles-3-6251_Yttran_632798-150247c.dzi ... done • ETA ~ 0m 32s
[3963/4303] svar/zips/Yttran/632798-150247-kartor/web/tiles-3-6251_Yttran_632798-150247d.dzi ... done • ETA ~ 0m 32s
[3964/4303] svar/zips/Yttran/632798-150247-kartor/web/tiles-3-6251_Yttran_632798-150247e.dzi ... done • ETA ~ 0m 32s
[3965/4303] svar/zips/Yttran/632798-150247-kartor/web/tiles-3-6251_Yttran_632798-150247f.dzi ... done • ETA ~ 0m 32s
[3966/4303] svar/zips/Yttran/632798-150247-kartor/web/tiles-3-6251_Yttran_632798-150247g.dzi ... done • ETA ~ 0m 32s
[3967/4303] svar/zips/Yttresj_n/631496-131695-kartor/web/tiles-3-5207_Yttresjön_631496-131695a.dzi ... upload error (manifest): Invalid key: svar/zips/Yttresj_n/631496-131695-kartor/web/tiles-3-5207_Yttresjön_631496-131695a.dzi
[3968/4303] svar/zips/Yttresj_n/631496-131695-kartor/web/tiles-3-5207_Yttresjön_631496-131695b.dzi ... upload error (manifest): Invalid key: svar/zips/Yttresj_n/631496-131695-kartor/web/tiles-3-5207_Yttresjön_631496-131695b.dzi
[3969/4303] svar/zips/Yttresj_n/631496-131695-kartor/web/tiles-3-5207_Yttresjön_631496-131695c.dzi ... upload error (manifest): Invalid key: svar/zips/Yttresj_n/631496-131695-kartor/web/tiles-3-5207_Yttresjön_631496-131695c.dzi
[3970/4303] svar/zips/Yttresj_n/631496-131695-kartor/web/tiles-3-5207_Yttresjön_631496-131695d.dzi ... upload error (manifest): Invalid key: svar/zips/Yttresj_n/631496-131695-kartor/web/tiles-3-5207_Yttresjön_631496-131695d.dzi
[3971/4303] svar/zips/Yttresj_n/631496-131695-kartor/web/tiles-3-5207_Yttresjön_631496-131695e.dzi ... upload error (manifest): Invalid key: svar/zips/Yttresj_n/631496-131695-kartor/web/tiles-3-5207_Yttresjön_631496-131695e.dzi
[3972/4303] svar/zips/Yttre_Arasj_n/626252-144150-kartor/web/tiles-3-0793_Yttre Arasjön_626252-144150.dzi ... upload error (manifest): Invalid key: svar/zips/Yttre_Arasj_n/626252-144150-kartor/web/tiles-3-0793_Yttre Arasjön_626252-144150.dzi
[3973/4303] svar/zips/Yttre_Sj_n/634998-131451-kartor/web/tiles-3-5212_Yttrre sjön_634998-131451.dzi ... upload error (manifest): Invalid key: svar/zips/Yttre_Sj_n/634998-131451-kartor/web/tiles-3-5212_Yttrre sjön_634998-131451.dzi
[3974/4303] svar/zips/Yttre_Vr_ngen/635901-149203-kartor/web/tiles-3-3801_Yttre Vrången_635901-149203a.dzi ... upload error (manifest): Invalid key: svar/zips/Yttre_Vr_ngen/635901-149203-kartor/web/tiles-3-3801_Yttre Vrången_635901-149203a.dzi
[3975/4303] svar/zips/Yttre_Vr_ngen/635901-149203-kartor/web/tiles-3-3801_Yttre Vrången_635901-149203b.dzi ... upload error (manifest): Invalid key: svar/zips/Yttre_Vr_ngen/635901-149203-kartor/web/tiles-3-3801_Yttre Vrången_635901-149203b.dzi
[3976/4303] svar/zips/Yxanshultasj_n/634972-145968-kartor/web/tiles-3-3362_Yxanshultasjön_634972-145968.dzi ... upload error (manifest): Invalid key: svar/zips/Yxanshultasj_n/634972-145968-kartor/web/tiles-3-3362_Yxanshultasjön_634972-145968.dzi
[3977/4303] svar/zips/Yxasj_n/634778-135097-kartor/web/tiles-3-5668_Yxasjön_634778-135097.dzi ... upload error (manifest): Invalid key: svar/zips/Yxasj_n/634778-135097-kartor/web/tiles-3-5668_Yxasjön_634778-135097.dzi
[3978/4303] svar/zips/Yxasj_n/634778-135097-kartor/web/tiles-5-1051_Yxasjön_634778-135097.dzi ... upload error (manifest): Invalid key: svar/zips/Yxasj_n/634778-135097-kartor/web/tiles-5-1051_Yxasjön_634778-135097.dzi
[3979/4303] svar/zips/Yxern/639176-152040-kartor/web/tiles-3-1945_Yxern_639176-152040.dzi ... done • ETA ~ 0m 31s
[3980/4303] svar/zips/Yxnasj_n/635420-149524-kartor/web/tiles-3-3800_Yxnasjön_635420-149524a.dzi ... upload error (manifest): Invalid key: svar/zips/Yxnasj_n/635420-149524-kartor/web/tiles-3-3800_Yxnasjön_635420-149524a.dzi
[3981/4303] svar/zips/Yxnasj_n/635420-149524-kartor/web/tiles-3-3800_Yxnasjön_635420-149524b.dzi ... upload error (manifest): Invalid key: svar/zips/Yxnasj_n/635420-149524-kartor/web/tiles-3-3800_Yxnasjön_635420-149524b.dzi
[3982/4303] svar/zips/Yxnasj_n/635538-149378-kartor/web/tiles-3-3799_Yxnasjön_635538-149378a.dzi ... upload error (manifest): Invalid key: svar/zips/Yxnasj_n/635538-149378-kartor/web/tiles-3-3799_Yxnasjön_635538-149378a.dzi
[3983/4303] svar/zips/Yxnasj_n/635538-149378-kartor/web/tiles-3-3799_Yxnasjön_635538-149378b.dzi ... upload error (manifest): Invalid key: svar/zips/Yxnasj_n/635538-149378-kartor/web/tiles-3-3799_Yxnasjön_635538-149378b.dzi
[3984/4303] svar/zips/Yxningen/646193-153842-kartor/web/tiles-0-0161_Yxningen_646193-153842.dzi ... done • ETA ~ 0m 30s
[3985/4303] svar/zips/Yxningen/646193-153842-kartor/web/tiles-3-6597_Yxningen_646193-153842.dzi ... done • ETA ~ 0m 30s
[3986/4303] svar/zips/Yxsj_/632346-131409-kartor/web/tiles-3-5209_Yxsjö_632346-131409a.dzi ... upload error (manifest): Invalid key: svar/zips/Yxsj_/632346-131409-kartor/web/tiles-3-5209_Yxsjö_632346-131409a.dzi
[3987/4303] svar/zips/Yxsj_/632346-131409-kartor/web/tiles-3-5209_Yxsjö_632346-131409b.dzi ... upload error (manifest): Invalid key: svar/zips/Yxsj_/632346-131409-kartor/web/tiles-3-5209_Yxsjö_632346-131409b.dzi
[3988/4303] svar/zips/Yxsj_/632346-131409-kartor/web/tiles-3-5209_Yxsjö_632346-131409c.dzi ... upload error (manifest): Invalid key: svar/zips/Yxsj_/632346-131409-kartor/web/tiles-3-5209_Yxsjö_632346-131409c.dzi
[3989/4303] svar/zips/Yxsj_/632346-131409-kartor/web/tiles-3-5209_Yxsjö_632346-131409d.dzi ... upload error (manifest): Invalid key: svar/zips/Yxsj_/632346-131409-kartor/web/tiles-3-5209_Yxsjö_632346-131409d.dzi
[3990/4303] svar/zips/Yxsj_/632346-131409-kartor/web/tiles-3-6455_Yxsjö_632346-131409.dzi ... upload error (manifest): Invalid key: svar/zips/Yxsj_/632346-131409-kartor/web/tiles-3-6455_Yxsjö_632346-131409.dzi
[3991/4303] svar/zips/Yxsj_/632346-131409-kartor/web/tiles-5-1034_Yxsjö_632346-131409.dzi ... upload error (manifest): Invalid key: svar/zips/Yxsj_/632346-131409-kartor/web/tiles-5-1034_Yxsjö_632346-131409.dzi
[3992/4303] svar/zips/Yxsj_n/639716-128396-kartor/web/tiles-3-1733_Yxsjön_639716-128396.dzi ... upload error (manifest): Invalid key: svar/zips/Yxsj_n/639716-128396-kartor/web/tiles-3-1733_Yxsjön_639716-128396.dzi
[3993/4303] svar/zips/Yxstasj_n/652065-153624-kartor/web/tiles-3-5633_Yxtasjön_652065-153624.dzi ... upload error (manifest): Invalid key: svar/zips/Yxstasj_n/652065-153624-kartor/web/tiles-3-5633_Yxtasjön_652065-153624.dzi
[3994/4303] svar/zips/__asj_n/632958-150101-kartor/web/tiles-3-2364_Öasjön_632958-150101.dzi ... upload error (manifest): Invalid key: svar/zips/__asj_n/632958-150101-kartor/web/tiles-3-2364_Öasjön_632958-150101.dzi
[3995/4303] svar/zips/__asj_n/632958-150101-kartor/web/tiles-3-3826_Öasjön_632958-150101a.dzi ... upload error (manifest): Invalid key: svar/zips/__asj_n/632958-150101-kartor/web/tiles-3-3826_Öasjön_632958-150101a.dzi
[3996/4303] svar/zips/__asj_n/632958-150101-kartor/web/tiles-3-3826_Öasjön_632958-150101b.dzi ... upload error (manifest): Invalid key: svar/zips/__asj_n/632958-150101-kartor/web/tiles-3-3826_Öasjön_632958-150101b.dzi
[3997/4303] svar/zips/__asj_n/642616-143167-kartor/web/tiles-3-6396_Öasjön_642616-143167.dzi ... upload error (manifest): Invalid key: svar/zips/__asj_n/642616-143167-kartor/web/tiles-3-6396_Öasjön_642616-143167.dzi
[3998/4303] svar/zips/__bodasj_n/632901-141943-kartor/web/tiles-3-2939_Åbodasjön_632901-141943.dzi ... upload error (manifest): Invalid key: svar/zips/__bodasj_n/632901-141943-kartor/web/tiles-3-2939_Åbodasjön_632901-141943.dzi
[3999/4303] svar/zips/__bodasj_n/632901-141943-kartor/web/tiles-3-6478_Åbodasjön_632901-141943.dzi ... upload error (manifest): Invalid key: svar/zips/__bodasj_n/632901-141943-kartor/web/tiles-3-6478_Åbodasjön_632901-141943.dzi
[4000/4303] svar/zips/__brunnen/630819-135690-kartor/web/tiles-3-4687_Åbrunnen_630819-135690.dzi ... upload error (manifest): Invalid key: svar/zips/__brunnen/630819-135690-kartor/web/tiles-3-4687_Åbrunnen_630819-135690.dzi
[4001/4303] svar/zips/__b_len/638541-153596-kartor/web/tiles-2-0314_Öbälen_638541-153596.dzi ... upload error (manifest): Invalid key: svar/zips/__b_len/638541-153596-kartor/web/tiles-2-0314_Öbälen_638541-153596.dzi
[4002/4303] svar/zips/__devaten/627611-149126-kartor/web/tiles-5-0487_Ödevaten_627611-149126a.dzi ... upload error (manifest): Invalid key: svar/zips/__devaten/627611-149126-kartor/web/tiles-5-0487_Ödevaten_627611-149126a.dzi
[4003/4303] svar/zips/__devaten/627611-149126-kartor/web/tiles-5-0487_Ödevaten_627611-149126b.dzi ... upload error (manifest): Invalid key: svar/zips/__devaten/627611-149126-kartor/web/tiles-5-0487_Ödevaten_627611-149126b.dzi
[4004/4303] svar/zips/__dran/656258-162683-kartor/web/tiles-3-1922_Ådran_656258-162683.dzi ... upload error (manifest): Invalid key: svar/zips/__dran/656258-162683-kartor/web/tiles-3-1922_Ådran_656258-162683.dzi
[4005/4303] svar/zips/__dran/656258-162683-kartor/web/tiles-3-6513_Ådran_656258-162683.dzi ... upload error (manifest): Invalid key: svar/zips/__dran/656258-162683-kartor/web/tiles-3-6513_Ådran_656258-162683.dzi
[4006/4303] svar/zips/__dshultasj_n/636034-146353-kartor/web/tiles-3-3365_Ödshultasjön_636034-146353.dzi ... upload error (manifest): Invalid key: svar/zips/__dshultasj_n/636034-146353-kartor/web/tiles-3-3365_Ödshultasjön_636034-146353.dzi
[4007/4303] svar/zips/__geg_l/638338-150409-kartor/web/tiles-3-3606_Ägegöl_638338-150409.dzi ... upload error (manifest): Invalid key: svar/zips/__geg_l/638338-150409-kartor/web/tiles-3-3606_Ägegöl_638338-150409.dzi
[4008/4303] svar/zips/__geln/638030-148585-kartor/web/tiles-3-1810_Ögeln_638030-148585.dzi ... upload error (manifest): Invalid key: svar/zips/__geln/638030-148585-kartor/web/tiles-3-1810_Ögeln_638030-148585.dzi
[4009/4303] svar/zips/__geln/638030-148585-kartor/web/tiles-3-6477_Ögeln_638030-148585.dzi ... upload error (manifest): Invalid key: svar/zips/__geln/638030-148585-kartor/web/tiles-3-6477_Ögeln_638030-148585.dzi
[4010/4303] svar/zips/__gelsj_n/650571-151826-kartor/web/tiles-2-0150_Ågelsjön_650571-151826.dzi ... upload error (manifest): Invalid key: svar/zips/__gelsj_n/650571-151826-kartor/web/tiles-2-0150_Ågelsjön_650571-151826.dzi
[4011/4303] svar/zips/__gersg_len/639570-145924-kartor/web/tiles-3-6593_Ägersgölen_639570-145924.dzi ... upload error (manifest): Invalid key: svar/zips/__gersg_len/639570-145924-kartor/web/tiles-3-6593_Ägersgölen_639570-145924.dzi
[4012/4303] svar/zips/__g_l/638139-153439-kartor/web/tiles-3-3264_Ögöl_638139-153439.dzi ... upload error (manifest): Invalid key: svar/zips/__g_l/638139-153439-kartor/web/tiles-3-3264_Ögöl_638139-153439.dzi
[4013/4303] svar/zips/__g_l/642456-151463-kartor/web/tiles-3-3366_Ägöl_642456-151463.dzi ... upload error (manifest): Invalid key: svar/zips/__g_l/642456-151463-kartor/web/tiles-3-3366_Ägöl_642456-151463.dzi
[4014/4303] svar/zips/__jaren/632727-144170-kartor/web/tiles-3-0811_Öjaren_632727-144170.dzi ... upload error (manifest): Invalid key: svar/zips/__jaren/632727-144170-kartor/web/tiles-3-0811_Öjaren_632727-144170.dzi
[4015/4303] svar/zips/__jasj_n/624482-143444-kartor/web/tiles-3-6004_Öjasjön_624482-143444.dzi ... upload error (manifest): Invalid key: svar/zips/__jasj_n/624482-143444-kartor/web/tiles-3-6004_Öjasjön_624482-143444.dzi
[4016/4303] svar/zips/__jasj_n/630243-133141-kartor/web/tiles-3-5100_Öjasjön_630243-133141.dzi ... upload error (manifest): Invalid key: svar/zips/__jasj_n/630243-133141-kartor/web/tiles-3-5100_Öjasjön_630243-133141.dzi
[4017/4303] svar/zips/__jasj_n/633991-149713-kartor/web/tiles-3-3777_Öjasjön_633991-149713a.dzi ... upload error (manifest): Invalid key: svar/zips/__jasj_n/633991-149713-kartor/web/tiles-3-3777_Öjasjön_633991-149713a.dzi
[4018/4303] svar/zips/__jasj_n/633991-149713-kartor/web/tiles-3-3777_Öjasjön_633991-149713b.dzi ... upload error (manifest): Invalid key: svar/zips/__jasj_n/633991-149713-kartor/web/tiles-3-3777_Öjasjön_633991-149713b.dzi
[4019/4303] svar/zips/__jasj_n/636744-131612-kartor/web/tiles-3-4885_Öjasjön_636744-131612.dzi ... upload error (manifest): Invalid key: svar/zips/__jasj_n/636744-131612-kartor/web/tiles-3-4885_Öjasjön_636744-131612.dzi
[4020/4303] svar/zips/__jasj_n/642842-129345-kartor/web/tiles-3-0965_Öjasjö_642842-129345.dzi ... upload error (manifest): Invalid key: svar/zips/__jasj_n/642842-129345-kartor/web/tiles-3-0965_Öjasjö_642842-129345.dzi
[4021/4303] svar/zips/__jasj_n/643229-130328-kartor/web/tiles-3-1033_Öjasjön_643229-130328.dzi ... upload error (manifest): Invalid key: svar/zips/__jasj_n/643229-130328-kartor/web/tiles-3-1033_Öjasjön_643229-130328.dzi
[4022/4303] svar/zips/__jen/629073-146486-kartor/web/tiles-2-0992_Öjen_629073-146486.dzi ... upload error (manifest): Invalid key: svar/zips/__jen/629073-146486-kartor/web/tiles-2-0992_Öjen_629073-146486.dzi
[4023/4303] svar/zips/__jsj_n/644987-152393-kartor/web/tiles-5-0989_Öjsjön_644987-152393.dzi ... upload error (manifest): Invalid key: svar/zips/__jsj_n/644987-152393-kartor/web/tiles-5-0989_Öjsjön_644987-152393.dzi
[4024/4303] svar/zips/__kebosj_n/637089-149542-kartor/web/tiles-2-1095_Åkebosjön_637089-149542.dzi ... upload error (manifest): Invalid key: svar/zips/__kebosj_n/637089-149542-kartor/web/tiles-2-1095_Åkebosjön_637089-149542.dzi
[4025/4303] svar/zips/__kebosj_n/637089-149542-kartor/web/tiles-3-2298_Åkebosjön_637089-149542.dzi ... upload error (manifest): Invalid key: svar/zips/__kebosj_n/637089-149542-kartor/web/tiles-3-2298_Åkebosjön_637089-149542.dzi
[4026/4303] svar/zips/__kerg_l/638370-153832-kartor/web/tiles-3-3393_Åkergöl_638370-153832.dzi ... upload error (manifest): Invalid key: svar/zips/__kerg_l/638370-153832-kartor/web/tiles-3-3393_Åkergöl_638370-153832.dzi
[4027/4303] svar/zips/__ktasj_n/639729-132274-kartor/web/tiles-2-0387_Äktasjön_639729-132274.dzi ... upload error (manifest): Invalid key: svar/zips/__ktasj_n/639729-132274-kartor/web/tiles-2-0387_Äktasjön_639729-132274.dzi
[4028/4303] svar/zips/__kullasj_n/647620-137198-kartor/web/tiles-3-1515_Ökullssjön_647620-137198.dzi ... upload error (manifest): Invalid key: svar/zips/__kullasj_n/647620-137198-kartor/web/tiles-3-1515_Ökullssjön_647620-137198.dzi
[4029/4303] svar/zips/__lasj_n/624830-146202-kartor/web/tiles-3-3183_Ålasjön_624830-146202.dzi ... upload error (manifest): Invalid key: svar/zips/__lasj_n/624830-146202-kartor/web/tiles-3-3183_Ålasjön_624830-146202.dzi
[4030/4303] svar/zips/__len/639106-150715-kartor/web/tiles-3-3628_Älen_639106-150715.dzi ... upload error (manifest): Invalid key: svar/zips/__len/639106-150715-kartor/web/tiles-3-3628_Älen_639106-150715.dzi
[4031/4303] svar/zips/__len/656337-142505-kartor/web/tiles-1-0161_Ölen_656337-142505a.dzi ... upload error (manifest): Invalid key: svar/zips/__len/656337-142505-kartor/web/tiles-1-0161_Ölen_656337-142505a.dzi
[4032/4303] svar/zips/__len/656337-142505-kartor/web/tiles-1-0161_Ölen_656337-142505b.dzi ... upload error (manifest): Invalid key: svar/zips/__len/656337-142505-kartor/web/tiles-1-0161_Ölen_656337-142505b.dzi
[4033/4303] svar/zips/__lesj_n/637416-150989-kartor/web/tiles-3-2863_Älesjön_637416-150989.dzi ... upload error (manifest): Invalid key: svar/zips/__lesj_n/637416-150989-kartor/web/tiles-3-2863_Älesjön_637416-150989.dzi
[4034/4303] svar/zips/__levatten/643850-127294-kartor/web/tiles-3-1544_Ålevatten_643850-127294.dzi ... upload error (manifest): Invalid key: svar/zips/__levatten/643850-127294-kartor/web/tiles-3-1544_Ålevatten_643850-127294.dzi
[4035/4303] svar/zips/__lften/626910-146227-kartor/web/tiles-2-0151_Älften_626910-146227.dzi ... upload error (manifest): Invalid key: svar/zips/__lften/626910-146227-kartor/web/tiles-2-0151_Älften_626910-146227.dzi
[4036/4303] svar/zips/__lgag_len/638701-139555-kartor/web/tiles-3-5415_Älgagölen_638701-139555.dzi ... upload error (manifest): Invalid key: svar/zips/__lgag_len/638701-139555-kartor/web/tiles-3-5415_Älgagölen_638701-139555.dzi
[4037/4303] svar/zips/__lgan_ssj_n/631175-141319-kartor/web/tiles-3-4684_Älganässjön_631175-141319.dzi ... upload error (manifest): Invalid key: svar/zips/__lgan_ssj_n/631175-141319-kartor/web/tiles-3-4684_Älganässjön_631175-141319.dzi
[4038/4303] svar/zips/__lgan_ssj_n/631175-141319-kartor/web/tiles-3-6764_Älganässjön_631175-141319.dzi ... upload error (manifest): Invalid key: svar/zips/__lgan_ssj_n/631175-141319-kartor/web/tiles-3-6764_Älganässjön_631175-141319.dzi
[4039/4303] svar/zips/__lgarydssj_n/633989-140731-kartor/web/tiles-3-6349_Älgarydssjön_633989-140731.dzi ... upload error (manifest): Invalid key: svar/zips/__lgarydssj_n/633989-140731-kartor/web/tiles-3-6349_Älgarydssjön_633989-140731.dzi
[4040/4303] svar/zips/__lgasj_n/632037-148753-kartor/web/tiles-1-0130_Älgasjön_632037-148753.dzi ... upload error (manifest): Invalid key: svar/zips/__lgasj_n/632037-148753-kartor/web/tiles-1-0130_Älgasjön_632037-148753.dzi
[4041/4303] svar/zips/__lgasj_n/634575-145020-kartor/web/tiles-3-3965_Älgasjön_634575-145020.dzi ... upload error (manifest): Invalid key: svar/zips/__lgasj_n/634575-145020-kartor/web/tiles-3-3965_Älgasjön_634575-145020.dzi
[4042/4303] svar/zips/__lgaskruvsj_n/634399-146593-kartor/web/tiles-3-3363_Älgaskruvsjön_634399-146593.dzi ... upload error (manifest): Invalid key: svar/zips/__lgaskruvsj_n/634399-146593-kartor/web/tiles-3-3363_Älgaskruvsjön_634399-146593.dzi
[4043/4303] svar/zips/__lgetj_rnet/651794-126021-kartor/web/tiles-3-1951_Älgetjärnet_651794-126021.dzi ... upload error (manifest): Invalid key: svar/zips/__lgetj_rnet/651794-126021-kartor/web/tiles-3-1951_Älgetjärnet_651794-126021.dzi
[4044/4303] svar/zips/__lghultssj_n/644669-130029-kartor/web/tiles-3-1055_Älghultssjön_644669-130029.dzi ... upload error (manifest): Invalid key: svar/zips/__lghultssj_n/644669-130029-kartor/web/tiles-3-1055_Älghultssjön_644669-130029.dzi
[4045/4303] svar/zips/__lgsj_n/634617-151448-kartor/web/tiles-3-3772_Älgsjön_634617-151448a.dzi ... upload error (manifest): Invalid key: svar/zips/__lgsj_n/634617-151448-kartor/web/tiles-3-3772_Älgsjön_634617-151448a.dzi
[4046/4303] svar/zips/__lgsj_n/634617-151448-kartor/web/tiles-3-3772_Älgsjön_634617-151448b.dzi ... upload error (manifest): Invalid key: svar/zips/__lgsj_n/634617-151448-kartor/web/tiles-3-3772_Älgsjön_634617-151448b.dzi
[4047/4303] svar/zips/__lgsj_n/636262-151106-kartor/web/tiles-3-3767_Älgsjön_636262-151106a.dzi ... upload error (manifest): Invalid key: svar/zips/__lgsj_n/636262-151106-kartor/web/tiles-3-3767_Älgsjön_636262-151106a.dzi
[4048/4303] svar/zips/__lgsj_n/636262-151106-kartor/web/tiles-3-3767_Älgsjön_636262-151106b.dzi ... upload error (manifest): Invalid key: svar/zips/__lgsj_n/636262-151106-kartor/web/tiles-3-3767_Älgsjön_636262-151106b.dzi
[4049/4303] svar/zips/__lgsj_n/654466-128037-kartor/web/tiles-3-4790_Älgsjön_654466-128037.dzi ... upload error (manifest): Invalid key: svar/zips/__lgsj_n/654466-128037-kartor/web/tiles-3-4790_Älgsjön_654466-128037.dzi
[4050/4303] svar/zips/__lgsj_n/655275-153234-kartor/web/tiles-3-5631_Älgsjön_655275-153234.dzi ... upload error (manifest): Invalid key: svar/zips/__lgsj_n/655275-153234-kartor/web/tiles-3-5631_Älgsjön_655275-153234.dzi
[4051/4303] svar/zips/__lgsj_n/655405-124610-kartor/web/tiles-3-4005_Älgsjön_655405-124610.dzi ... upload error (manifest): Invalid key: svar/zips/__lgsj_n/655405-124610-kartor/web/tiles-3-4005_Älgsjön_655405-124610.dzi
[4052/4303] svar/zips/__llh_len/624308-143859-kartor/web/tiles-3-6001_Ällhölen_624308-143859.dzi ... upload error (manifest): Invalid key: svar/zips/__llh_len/624308-143859-kartor/web/tiles-3-6001_Ällhölen_624308-143859.dzi
[4053/4303] svar/zips/__llsj_n/624537-145996-kartor/web/tiles-3-5465_Ällsjön_624537-145996.dzi ... upload error (manifest): Invalid key: svar/zips/__llsj_n/624537-145996-kartor/web/tiles-3-5465_Ällsjön_624537-145996.dzi
[4054/4303] svar/zips/__llsj_n/624846-145019-kartor/web/tiles-3-6002_Ällsjön_624846-145019.dzi ... upload error (manifest): Invalid key: svar/zips/__llsj_n/624846-145019-kartor/web/tiles-3-6002_Ällsjön_624846-145019.dzi
[4055/4303] svar/zips/__llsj_n/632873-140186-kartor/web/tiles-2-1060_Ällsjön_632873-140186.dzi ... upload error (manifest): Invalid key: svar/zips/__llsj_n/632873-140186-kartor/web/tiles-2-1060_Ällsjön_632873-140186.dzi
[4056/4303] svar/zips/__lmeshultasj_n/639920-144373-kartor/web/tiles-3-4016_Älmeshultasjön_639920-144373.dzi ... upload error (manifest): Invalid key: svar/zips/__lmeshultasj_n/639920-144373-kartor/web/tiles-3-4016_Älmeshultasjön_639920-144373.dzi
[4057/4303] svar/zips/__lmevallasj_n/636826-128184-kartor/web/tiles-3-0890_Ölmevallasjön_636826-128184.dzi ... upload error (manifest): Invalid key: svar/zips/__lmevallasj_n/636826-128184-kartor/web/tiles-3-0890_Ölmevallasjön_636826-128184.dzi
[4058/4303] svar/zips/__lmhultag_len/637644-142130-kartor/web/tiles-3-5412_Älmhultagölen_637644-142130.dzi ... upload error (manifest): Invalid key: svar/zips/__lmhultag_len/637644-142130-kartor/web/tiles-3-5412_Älmhultagölen_637644-142130.dzi
[4059/4303] svar/zips/__lmhultag_len/638730-140118-kartor/web/tiles-5-0055_Älmhultagölen_638730-140118.dzi ... upload error (manifest): Invalid key: svar/zips/__lmhultag_len/638730-140118-kartor/web/tiles-5-0055_Älmhultagölen_638730-140118.dzi
[4060/4303] svar/zips/__lmtasj_n/623826-149824-kartor/web/tiles-3-5282_Älmtasjön_623826-149824.dzi ... upload error (manifest): Invalid key: svar/zips/__lmtasj_n/623826-149824-kartor/web/tiles-3-5282_Älmtasjön_623826-149824.dzi
[4061/4303] svar/zips/__lmtasj_n/624171-144397-kartor/web/tiles-3-6003_Älmtasjön_624171-144397.dzi ... upload error (manifest): Invalid key: svar/zips/__lmtasj_n/624171-144397-kartor/web/tiles-3-6003_Älmtasjön_624171-144397.dzi
[4062/4303] svar/zips/__lmten/633674-149431-kartor/web/tiles-3-3811_Älmten_633674-149431a.dzi ... upload error (manifest): Invalid key: svar/zips/__lmten/633674-149431-kartor/web/tiles-3-3811_Älmten_633674-149431a.dzi
[4063/4303] svar/zips/__lmten/633674-149431-kartor/web/tiles-3-3811_Älmten_633674-149431b.dzi ... upload error (manifest): Invalid key: svar/zips/__lmten/633674-149431-kartor/web/tiles-3-3811_Älmten_633674-149431b.dzi
[4064/4303] svar/zips/__lmten/634299-152434-kartor/web/tiles-5-0433_Älmten_634299-152434.dzi ... upload error (manifest): Invalid key: svar/zips/__lmten/634299-152434-kartor/web/tiles-5-0433_Älmten_634299-152434.dzi
[4065/4303] svar/zips/__lsj_n/630875-133708-kartor/web/tiles-3-5101_Ålsjön_630875-133708.dzi ... upload error (manifest): Invalid key: svar/zips/__lsj_n/630875-133708-kartor/web/tiles-3-5101_Ålsjön_630875-133708.dzi
[4066/4303] svar/zips/__lsj_n/637867-151388-kartor/web/tiles-3-3765_Ålsjön_637867-151388a.dzi ... upload error (manifest): Invalid key: svar/zips/__lsj_n/637867-151388-kartor/web/tiles-3-3765_Ålsjön_637867-151388a.dzi
[4067/4303] svar/zips/__lsj_n/637867-151388-kartor/web/tiles-3-3765_Ålsjön_637867-151388b.dzi ... upload error (manifest): Invalid key: svar/zips/__lsj_n/637867-151388-kartor/web/tiles-3-3765_Ålsjön_637867-151388b.dzi
[4068/4303] svar/zips/__lsj_n/641241-128565-kartor/web/tiles-3-1075_Älsjön_641241-128565.dzi ... upload error (manifest): Invalid key: svar/zips/__lsj_n/641241-128565-kartor/web/tiles-3-1075_Älsjön_641241-128565.dzi
[4069/4303] svar/zips/__lsj_n/643660-151758-kartor/web/tiles-3-3388_Ålsjön_643660-151758.dzi ... upload error (manifest): Invalid key: svar/zips/__lsj_n/643660-151758-kartor/web/tiles-3-3388_Ålsjön_643660-151758.dzi
[4070/4303] svar/zips/__lsj_n/651774-141276-kartor/web/tiles-3-0738_Ålsjön_651774-141276.dzi ... upload error (manifest): Invalid key: svar/zips/__lsj_n/651774-141276-kartor/web/tiles-3-0738_Ålsjön_651774-141276.dzi
[4071/4303] svar/zips/__ltasj_n/630137-135533-kartor/web/tiles-1-0136_Ältasjön_630137-135533.dzi ... upload error (manifest): Invalid key: svar/zips/__ltasj_n/630137-135533-kartor/web/tiles-1-0136_Ältasjön_630137-135533.dzi
[4072/4303] svar/zips/__lten/624559-146821-kartor/web/tiles-3-2813_Älten_624559-146821.dzi ... upload error (manifest): Invalid key: svar/zips/__lten/624559-146821-kartor/web/tiles-3-2813_Älten_624559-146821.dzi
[4073/4303] svar/zips/__lten/625311-147482-kartor/web/tiles-3-0767_Älten_625311-147482.dzi ... upload error (manifest): Invalid key: svar/zips/__lten/625311-147482-kartor/web/tiles-3-0767_Älten_625311-147482.dzi
[4074/4303] svar/zips/__lten/625311-147482-kartor/web/tiles-3-5294_Älten_625311-147482.dzi ... upload error (manifest): Invalid key: svar/zips/__lten/625311-147482-kartor/web/tiles-3-5294_Älten_625311-147482.dzi
[4075/4303] svar/zips/__lten/626073-148262-kartor/web/tiles-3-2400_Älten_626073-148262.dzi ... upload error (manifest): Invalid key: svar/zips/__lten/626073-148262-kartor/web/tiles-3-2400_Älten_626073-148262.dzi
[4076/4303] svar/zips/__lvasj_n/628831-133505-kartor/web/tiles-3-4695_Älvasjön_628831-133505.dzi ... upload error (manifest): Invalid key: svar/zips/__lvasj_n/628831-133505-kartor/web/tiles-3-4695_Älvasjön_628831-133505.dzi
[4077/4303] svar/zips/__lvasj_n/628831-133505-kartor/web/tiles-3-6547_Älvasjön_628831-133505.dzi ... upload error (manifest): Invalid key: svar/zips/__lvasj_n/628831-133505-kartor/web/tiles-3-6547_Älvasjön_628831-133505.dzi
[4078/4303] svar/zips/__lvasj_n/633163-130461-kartor/web/tiles-3-2243_Älvasjön_633163-130461.dzi ... upload error (manifest): Invalid key: svar/zips/__lvasj_n/633163-130461-kartor/web/tiles-3-2243_Älvasjön_633163-130461.dzi
[4079/4303] svar/zips/__lvasj_n/633163-130461-kartor/web/tiles-3-6568_Älvasjön_633163-130461.dzi ... upload error (manifest): Invalid key: svar/zips/__lvasj_n/633163-130461-kartor/web/tiles-3-6568_Älvasjön_633163-130461.dzi
[4080/4303] svar/zips/__lvasj_n/633163-130461-kartor/web/tiles-5-1035_Älvasjön_633163-130461.dzi ... upload error (manifest): Invalid key: svar/zips/__lvasj_n/633163-130461-kartor/web/tiles-5-1035_Älvasjön_633163-130461.dzi
[4081/4303] svar/zips/__lvessj_n/641320-131938-kartor/web/tiles-3-5574_Älvessjön_641320-131938.dzi ... upload error (manifest): Invalid key: svar/zips/__lvessj_n/641320-131938-kartor/web/tiles-3-5574_Älvessjön_641320-131938.dzi
[4082/4303] svar/zips/__lvestasj_n/654342-154060-kartor/web/tiles-3-5657_Älvestasjön_654342-154060.dzi ... upload error (manifest): Invalid key: svar/zips/__lvestasj_n/654342-154060-kartor/web/tiles-3-5657_Älvestasjön_654342-154060.dzi
[4083/4303] svar/zips/__lvviken/653690-162187-kartor/web/tiles-3-4057_Älvviken_653690-162187.dzi ... upload error (manifest): Invalid key: svar/zips/__lvviken/653690-162187-kartor/web/tiles-3-4057_Älvviken_653690-162187.dzi
[4084/4303] svar/zips/__l_ndern/644751-149865-kartor/web/tiles-1-0128a_Åländern_644751-149865.dzi ... upload error (manifest): Invalid key: svar/zips/__l_ndern/644751-149865-kartor/web/tiles-1-0128a_Åländern_644751-149865.dzi
[4085/4303] svar/zips/__l_ndern/644751-149865-kartor/web/tiles-1-0128b_Åländern_644751-149865.dzi ... upload error (manifest): Invalid key: svar/zips/__l_ndern/644751-149865-kartor/web/tiles-1-0128b_Åländern_644751-149865.dzi
[4086/4303] svar/zips/__mmeln/656060-131299-kartor/web/tiles-3-1181a_Ömmeln_656060-131299.dzi ... upload error (manifest): Invalid key: svar/zips/__mmeln/656060-131299-kartor/web/tiles-3-1181a_Ömmeln_656060-131299.dzi
[4087/4303] svar/zips/__mmeln/656060-131299-kartor/web/tiles-3-1181b_Ömmeln_656060-131299.dzi ... upload error (manifest): Invalid key: svar/zips/__mmeln/656060-131299-kartor/web/tiles-3-1181b_Ömmeln_656060-131299.dzi
[4088/4303] svar/zips/__mmeln/656060-131299-kartor/web/tiles-3-1181c_Ömmeln_656060-131299.dzi ... upload error (manifest): Invalid key: svar/zips/__mmeln/656060-131299-kartor/web/tiles-3-1181c_Ömmeln_656060-131299.dzi
[4089/4303] svar/zips/__mmeln/656060-131299-kartor/web/tiles-3-1182_Ömmeln_656060-131299.dzi ... upload error (manifest): Invalid key: svar/zips/__mmeln/656060-131299-kartor/web/tiles-3-1182_Ömmeln_656060-131299.dzi
[4090/4303] svar/zips/__mmel_ngen/652750-145367-kartor/web/tiles-1-0163_Åmmelången_652750-145367.dzi ... upload error (manifest): Invalid key: svar/zips/__mmel_ngen/652750-145367-kartor/web/tiles-1-0163_Åmmelången_652750-145367.dzi
[4091/4303] svar/zips/__mmern/641321-130145-kartor/web/tiles-0-0082_Ömmern_641321-130145.dzi ... upload error (manifest): Invalid key: svar/zips/__mmern/641321-130145-kartor/web/tiles-0-0082_Ömmern_641321-130145.dzi
[4092/4303] svar/zips/__mmern/641321-130145-kartor/web/tiles-1-0141_Ömmern_641321-130145.dzi ... upload error (manifest): Invalid key: svar/zips/__mmern/641321-130145-kartor/web/tiles-1-0141_Ömmern_641321-130145.dzi
[4093/4303] svar/zips/__mmern/641321-130145-kartor/web/tiles-3-1074_Ömmern_641321-130145.dzi ... upload error (manifest): Invalid key: svar/zips/__mmern/641321-130145-kartor/web/tiles-3-1074_Ömmern_641321-130145.dzi
[4094/4303] svar/zips/__mmern/642510-135345-kartor/web/tiles-3-4781_Ömmern_642510-135345.dzi ... upload error (manifest): Invalid key: svar/zips/__mmern/642510-135345-kartor/web/tiles-3-4781_Ömmern_642510-135345.dzi
[4095/4303] svar/zips/__mtarevatten/643141-129553-kartor/web/tiles-3-1065_Ämtarevatten_643141-129553.dzi ... upload error (manifest): Invalid key: svar/zips/__mtarevatten/643141-129553-kartor/web/tiles-3-1065_Ämtarevatten_643141-129553.dzi
[4096/4303] svar/zips/__mtasj_n/635246-131447-kartor/web/tiles-3-4728_Ämtasjön_635246-131447.dzi ... upload error (manifest): Invalid key: svar/zips/__mtasj_n/635246-131447-kartor/web/tiles-3-4728_Ämtasjön_635246-131447.dzi
[4097/4303] svar/zips/__mtasj_n/636723-135024-kartor/web/tiles-3-6554_Ämtasjön_636723-135024.dzi ... upload error (manifest): Invalid key: svar/zips/__mtasj_n/636723-135024-kartor/web/tiles-3-6554_Ämtasjön_636723-135024.dzi
[4098/4303] svar/zips/__mten/634117-147393-kartor/web/tiles-3-3581_Ämten_634117-147393.dzi ... upload error (manifest): Invalid key: svar/zips/__mten/634117-147393-kartor/web/tiles-3-3581_Ämten_634117-147393.dzi
[4099/4303] svar/zips/__mten/643025-152451-kartor/web/tiles-5-0424_Ämten_643025-152451.dzi ... upload error (manifest): Invalid key: svar/zips/__mten/643025-152451-kartor/web/tiles-5-0424_Ämten_643025-152451.dzi
[4100/4303] svar/zips/__mten/648138-137420-kartor/web/tiles-3-1473_Ämten_648138-137420.dzi ... upload error (manifest): Invalid key: svar/zips/__mten/648138-137420-kartor/web/tiles-3-1473_Ämten_648138-137420.dzi
[4101/4303] svar/zips/__mten/649973-148538-kartor/web/tiles-3-2900_Ämten_649973-148538.dzi ... upload error (manifest): Invalid key: svar/zips/__mten/649973-148538-kartor/web/tiles-3-2900_Ämten_649973-148538.dzi
[4102/4303] svar/zips/__mten/651335-152587-kartor/web/tiles-3-2774_Ämten_651335-152587.dzi ... upload error (manifest): Invalid key: svar/zips/__mten/651335-152587-kartor/web/tiles-3-2774_Ämten_651335-152587.dzi
[4103/4303] svar/zips/__nghultasj_n/633494-145972-kartor/web/tiles-1-0290_Änghultasjön_633494-145972.dzi ... upload error (manifest): Invalid key: svar/zips/__nghultasj_n/633494-145972-kartor/web/tiles-1-0290_Änghultasjön_633494-145972.dzi
[4104/4303] svar/zips/__ngleg_l/636003-149085-kartor/web/tiles-3-3817_Ånglegöl_636003-149085a.dzi ... upload error (manifest): Invalid key: svar/zips/__ngleg_l/636003-149085-kartor/web/tiles-3-3817_Ånglegöl_636003-149085a.dzi
[4105/4303] svar/zips/__ngleg_l/636003-149085-kartor/web/tiles-3-3817_Ånglegöl_636003-149085b.dzi ... upload error (manifest): Invalid key: svar/zips/__ngleg_l/636003-149085-kartor/web/tiles-3-3817_Ånglegöl_636003-149085b.dzi
[4106/4303] svar/zips/__ngn_ssj_n/640237-153664-kartor/web/tiles-3-3252_Ängnässjön_640237-153664.dzi ... upload error (manifest): Invalid key: svar/zips/__ngn_ssj_n/640237-153664-kartor/web/tiles-3-3252_Ängnässjön_640237-153664.dzi
[4107/4303] svar/zips/__ngsj_n/625204-146979-kartor/web/tiles-3-2809_Ängsjön_625204-146979.dzi ... upload error (manifest): Invalid key: svar/zips/__ngsj_n/625204-146979-kartor/web/tiles-3-2809_Ängsjön_625204-146979.dzi
[4108/4303] svar/zips/__ngsj_n/625204-146979-kartor/web/tiles-3-2829_Ängsjön_625204-146979.dzi ... upload error (manifest): Invalid key: svar/zips/__ngsj_n/625204-146979-kartor/web/tiles-3-2829_Ängsjön_625204-146979.dzi
[4109/4303] svar/zips/__ngsj_n/639623-132550-kartor/web/tiles-3-3658_Ängsjön_639623-132550.dzi ... upload error (manifest): Invalid key: svar/zips/__ngsj_n/639623-132550-kartor/web/tiles-3-3658_Ängsjön_639623-132550.dzi
[4110/4303] svar/zips/__ngsj_n/639919-154854-kartor/web/tiles-3-3245_Ängsjön_639919-154854.dzi ... upload error (manifest): Invalid key: svar/zips/__ngsj_n/639919-154854-kartor/web/tiles-3-3245_Ängsjön_639919-154854.dzi
[4111/4303] svar/zips/__nimmen/652611-131035-kartor/web/tiles-3-1178_Ånimmen_652611-131035.dzi ... upload error (manifest): Invalid key: svar/zips/__nimmen/652611-131035-kartor/web/tiles-3-1178_Ånimmen_652611-131035.dzi
[4112/4303] svar/zips/__nimmen/652611-131035-kartor/web/tiles-3-1179_Ånimmen_652611-131035.dzi ... upload error (manifest): Invalid key: svar/zips/__nimmen/652611-131035-kartor/web/tiles-3-1179_Ånimmen_652611-131035.dzi
[4113/4303] svar/zips/__nkasj_n/635806-131979-kartor/web/tiles-3-6401_Änkasjön_635806-131979.dzi ... upload error (manifest): Invalid key: svar/zips/__nkasj_n/635806-131979-kartor/web/tiles-3-6401_Änkasjön_635806-131979.dzi
[4114/4303] svar/zips/__nkasj_n/635806-131979-kartor/web/tiles-5-1036_Änkasjön_635806-131979.dzi ... upload error (manifest): Invalid key: svar/zips/__nkasj_n/635806-131979-kartor/web/tiles-5-1036_Änkasjön_635806-131979.dzi
[4115/4303] svar/zips/__nkatj_rn/639054-129428-kartor/web/tiles-3-1834_Änkatjärn_639054-129428.dzi ... upload error (manifest): Invalid key: svar/zips/__nkatj_rn/639054-129428-kartor/web/tiles-3-1834_Änkatjärn_639054-129428.dzi
[4116/4303] svar/zips/__ntasj_n/633842-130490-kartor/web/tiles-3-2843_Äntasjön_633842-130490.dzi ... upload error (manifest): Invalid key: svar/zips/__ntasj_n/633842-130490-kartor/web/tiles-3-2843_Äntasjön_633842-130490.dzi
[4117/4303] svar/zips/__ntasj_n/633842-130490-kartor/web/tiles-3-6544_Äntasjön_633842-130490.dzi ... upload error (manifest): Invalid key: svar/zips/__ntasj_n/633842-130490-kartor/web/tiles-3-6544_Äntasjön_633842-130490.dzi
[4118/4303] svar/zips/__ntasj_n/638468-128547-kartor/web/tiles-3-0900_Äntasjön_638468-128547.dzi ... upload error (manifest): Invalid key: svar/zips/__ntasj_n/638468-128547-kartor/web/tiles-3-0900_Äntasjön_638468-128547.dzi
[4119/4303] svar/zips/__ntervattnet/651108-125935-kartor/web/tiles-3-1872_Äntervattnet_651108-125935.dzi ... upload error (manifest): Invalid key: svar/zips/__ntervattnet/651108-125935-kartor/web/tiles-3-1872_Äntervattnet_651108-125935.dzi
[4120/4303] svar/zips/__ran/656007-162978-kartor/web/tiles-3-2421_Öran_656007-162978.dzi ... upload error (manifest): Invalid key: svar/zips/__ran/656007-162978-kartor/web/tiles-3-2421_Öran_656007-162978.dzi
[4121/4303] svar/zips/__ran/656007-162978-kartor/web/tiles-3-6635_Öran_656007-162978.dzi ... upload error (manifest): Invalid key: svar/zips/__ran/656007-162978-kartor/web/tiles-3-6635_Öran_656007-162978.dzi
[4122/4303] svar/zips/__redasj_n/630789-144980-kartor/web/tiles-3-3027_Åredasjön_630789-144980.dzi ... upload error (manifest): Invalid key: svar/zips/__redasj_n/630789-144980-kartor/web/tiles-3-3027_Åredasjön_630789-144980.dzi
[4123/4303] svar/zips/__ren/640968-149647-kartor/web/tiles-2-0356_Ören_640968-149647.dzi ... upload error (manifest): Invalid key: svar/zips/__ren/640968-149647-kartor/web/tiles-2-0356_Ören_640968-149647.dzi
[4124/4303] svar/zips/__ren/641330-130671-kartor/web/tiles-3-6675_Ören_641330-130671.dzi ... upload error (manifest): Invalid key: svar/zips/__ren/641330-130671-kartor/web/tiles-3-6675_Ören_641330-130671.dzi
[4125/4303] svar/zips/__ren/642557-142623-kartor/web/tiles-3-0739_Ören_642557-142623.dzi ... upload error (manifest): Invalid key: svar/zips/__ren/642557-142623-kartor/web/tiles-3-0739_Ören_642557-142623.dzi
[4126/4303] svar/zips/__ren/642557-142623-kartor/web/tiles-3-2925_Ören_642557-142623.dzi ... upload error (manifest): Invalid key: svar/zips/__ren/642557-142623-kartor/web/tiles-3-2925_Ören_642557-142623.dzi
[4127/4303] svar/zips/__ren/645838-151000-kartor/web/tiles-2-0945_Ören_645838-151000.dzi ... upload error (manifest): Invalid key: svar/zips/__ren/645838-151000-kartor/web/tiles-2-0945_Ören_645838-151000.dzi
[4128/4303] svar/zips/__ren/645838-151000-kartor/web/tiles-3-0740_Ören_645838-151000.dzi ... upload error (manifest): Invalid key: svar/zips/__ren/645838-151000-kartor/web/tiles-3-0740_Ören_645838-151000.dzi
[4129/4303] svar/zips/__resj_/640757-132960-kartor/web/tiles-1-0137_Öresjö_640757-132960.dzi ... upload error (manifest): Invalid key: svar/zips/__resj_/640757-132960-kartor/web/tiles-1-0137_Öresjö_640757-132960.dzi
[4130/4303] svar/zips/__resj_/640757-132960-kartor/web/tiles-3-0887_Öresjö_640757-132960.dzi ... upload error (manifest): Invalid key: svar/zips/__resj_/640757-132960-kartor/web/tiles-3-0887_Öresjö_640757-132960.dzi
[4131/4303] svar/zips/__resj_/647072-128452-kartor/web/tiles-2-1129_Öresjö_647072-128452.dzi ... upload error (manifest): Invalid key: svar/zips/__resj_/647072-128452-kartor/web/tiles-2-1129_Öresjö_647072-128452.dzi
[4132/4303] svar/zips/__resj_/647072-128452-kartor/web/tiles-3-1550_Öresjö_647072-128452.dzi ... upload error (manifest): Invalid key: svar/zips/__resj_/647072-128452-kartor/web/tiles-3-1550_Öresjö_647072-128452.dzi
[4133/4303] svar/zips/__resj_/647072-128452-kartor/web/tiles-3-1551_Öresjö_647072-128452.dzi ... upload error (manifest): Invalid key: svar/zips/__resj_/647072-128452-kartor/web/tiles-3-1551_Öresjö_647072-128452.dzi
[4134/4303] svar/zips/__resj_n/638051-128861-kartor/web/tiles-3-2732_Öresjön_638051-128861.dzi ... upload error (manifest): Invalid key: svar/zips/__resj_n/638051-128861-kartor/web/tiles-3-2732_Öresjön_638051-128861.dzi
[4135/4303] svar/zips/__resj_n/639359-129448-kartor/web/tiles-3-0886_Öresjön_639359-129448.dzi ... upload error (manifest): Invalid key: svar/zips/__resj_n/639359-129448-kartor/web/tiles-3-0886_Öresjön_639359-129448.dzi
[4136/4303] svar/zips/__revatten/644741-127025-kartor/web/tiles-3-4197_Örevatten_644741-127025.dzi ... upload error (manifest): Invalid key: svar/zips/__revatten/644741-127025-kartor/web/tiles-3-4197_Örevatten_644741-127025.dzi
[4137/4303] svar/zips/__revattnet/649958-125585-kartor/web/tiles-3-3103_Örevattnet_649958-125585.dzi ... upload error (manifest): Invalid key: svar/zips/__revattnet/649958-125585-kartor/web/tiles-3-3103_Örevattnet_649958-125585.dzi
[4138/4303] svar/zips/__revedsj_n/633295-138284-kartor/web/tiles-2-1112_Årevedssjön_633295-138284.dzi ... upload error (manifest): Invalid key: svar/zips/__revedsj_n/633295-138284-kartor/web/tiles-2-1112_Årevedssjön_633295-138284.dzi
[4139/4303] svar/zips/__rgaveln/652951-146389-kartor/web/tiles-5-0129_Örgaveln_652951-146389.dzi ... upload error (manifest): Invalid key: svar/zips/__rgaveln/652951-146389-kartor/web/tiles-5-0129_Örgaveln_652951-146389.dzi
[4140/4303] svar/zips/__rken/632981-145227-kartor/web/tiles-0-0102_Örken_632981-145227.dzi ... upload error (manifest): Invalid key: svar/zips/__rken/632981-145227-kartor/web/tiles-0-0102_Örken_632981-145227.dzi
[4141/4303] svar/zips/__rlen/648941-140991-kartor/web/tiles-3-1578_Örlen_648941-140991.dzi ... upload error (manifest): Invalid key: svar/zips/__rlen/648941-140991-kartor/web/tiles-3-1578_Örlen_648941-140991.dzi
[4142/4303] svar/zips/__rl_ngen/641898-149932-kartor/web/tiles-1-0129_Ärlången_641898-149932.dzi ... upload error (manifest): Invalid key: svar/zips/__rl_ngen/641898-149932-kartor/web/tiles-1-0129_Ärlången_641898-149932.dzi
[4143/4303] svar/zips/__rl_ngen/653841-158669-kartor/web/tiles-3-3269_Ärlången_653841-158669.dzi ... upload error (manifest): Invalid key: svar/zips/__rl_ngen/653841-158669-kartor/web/tiles-3-3269_Ärlången_653841-158669.dzi
[4144/4303] svar/zips/__rnan_sasj_n/635724-142864-kartor/web/tiles-5-0056_Ärnanäsasjön_635724-142864.dzi ... upload error (manifest): Invalid key: svar/zips/__rnan_sasj_n/635724-142864-kartor/web/tiles-5-0056_Ärnanäsasjön_635724-142864.dzi
[4145/4303] svar/zips/__rsetssj_n/635405-144391-kartor/web/tiles-3-2952_Årsetssjön_635405-144391.dzi ... upload error (manifest): Invalid key: svar/zips/__rsetssj_n/635405-144391-kartor/web/tiles-3-2952_Årsetssjön_635405-144391.dzi
[4146/4303] svar/zips/__rsj_n/624038-143063-kartor/web/tiles-5-1073_Örsjön_624038-143063.dzi ... upload error (manifest): Invalid key: svar/zips/__rsj_n/624038-143063-kartor/web/tiles-5-1073_Örsjön_624038-143063.dzi
[4147/4303] svar/zips/__rsj_n/624524-145891-kartor/web/tiles-3-2825_Årsjön_624524-145891.dzi ... upload error (manifest): Invalid key: svar/zips/__rsj_n/624524-145891-kartor/web/tiles-3-2825_Årsjön_624524-145891.dzi
[4148/4303] svar/zips/__rsj_n/624524-145891-kartor/web/tiles-3-3171_Årsjön_624524-145891.dzi ... upload error (manifest): Invalid key: svar/zips/__rsj_n/624524-145891-kartor/web/tiles-3-3171_Årsjön_624524-145891.dzi
[4149/4303] svar/zips/__rsj_n/626148-138684-kartor/web/tiles-3-1582_Örsjön_626148-138684.dzi ... upload error (manifest): Invalid key: svar/zips/__rsj_n/626148-138684-kartor/web/tiles-3-1582_Örsjön_626148-138684.dzi
[4150/4303] svar/zips/__rsj_n/629887-135466-kartor/web/tiles-1-0136_Örsjön_629887-135466.dzi ... upload error (manifest): Invalid key: svar/zips/__rsj_n/629887-135466-kartor/web/tiles-1-0136_Örsjön_629887-135466.dzi
[4151/4303] svar/zips/__rsj_n/633778-134152-kartor/web/tiles-2-0268_Örsjön_633778-134152.dzi ... upload error (manifest): Invalid key: svar/zips/__rsj_n/633778-134152-kartor/web/tiles-2-0268_Örsjön_633778-134152.dzi
[4152/4303] svar/zips/__rsj_n/634152-132457-kartor/web/tiles-2-0624_Örsjön_634152-132457a.dzi ... upload error (manifest): Invalid key: svar/zips/__rsj_n/634152-132457-kartor/web/tiles-2-0624_Örsjön_634152-132457a.dzi
[4153/4303] svar/zips/__rsj_n/634152-132457-kartor/web/tiles-2-0624_Örsjön_634152-132457b.dzi ... upload error (manifest): Invalid key: svar/zips/__rsj_n/634152-132457-kartor/web/tiles-2-0624_Örsjön_634152-132457b.dzi
[4154/4303] svar/zips/__rsj_n/634152-132457-kartor/web/tiles-2-0624_Örsjön_634152-132457c.dzi ... upload error (manifest): Invalid key: svar/zips/__rsj_n/634152-132457-kartor/web/tiles-2-0624_Örsjön_634152-132457c.dzi
[4155/4303] svar/zips/__rsj_n/634152-132457-kartor/web/tiles-2-0624_Örsjön_634152-132457d.dzi ... upload error (manifest): Invalid key: svar/zips/__rsj_n/634152-132457-kartor/web/tiles-2-0624_Örsjön_634152-132457d.dzi
[4156/4303] svar/zips/__rsj_n/634152-132457-kartor/web/tiles-2-0624_Örsjön_634152-132457e.dzi ... upload error (manifest): Invalid key: svar/zips/__rsj_n/634152-132457-kartor/web/tiles-2-0624_Örsjön_634152-132457e.dzi
[4157/4303] svar/zips/__rsj_n/634152-132457-kartor/web/tiles-2-0624_Örsjön_634152-132457f.dzi ... upload error (manifest): Invalid key: svar/zips/__rsj_n/634152-132457-kartor/web/tiles-2-0624_Örsjön_634152-132457f.dzi
[4158/4303] svar/zips/__rsj_n/634152-132457-kartor/web/tiles-2-0624_Örsjön_634152-132457g.dzi ... upload error (manifest): Invalid key: svar/zips/__rsj_n/634152-132457-kartor/web/tiles-2-0624_Örsjön_634152-132457g.dzi
[4159/4303] svar/zips/__rsj_n/634152-132457-kartor/web/tiles-2-0624_Örsjön_634152-132457h.dzi ... upload error (manifest): Invalid key: svar/zips/__rsj_n/634152-132457-kartor/web/tiles-2-0624_Örsjön_634152-132457h.dzi
[4160/4303] svar/zips/__rsj_n/637276-149504-kartor/web/tiles-3-2299_Örsjön_637276-149504.dzi ... upload error (manifest): Invalid key: svar/zips/__rsj_n/637276-149504-kartor/web/tiles-3-2299_Örsjön_637276-149504.dzi
[4161/4303] svar/zips/__rsj_n/640442-131228-kartor/web/tiles-2-0575_Örsjön_640442-131228.dzi ... upload error (manifest): Invalid key: svar/zips/__rsj_n/640442-131228-kartor/web/tiles-2-0575_Örsjön_640442-131228.dzi
[4162/4303] svar/zips/__rsj_n/650859-129838-kartor/web/tiles-3-1105_Örsjön_650859-129838.dzi ... upload error (manifest): Invalid key: svar/zips/__rsj_n/650859-129838-kartor/web/tiles-3-1105_Örsjön_650859-129838.dzi
[4163/4303] svar/zips/__rsj_n/651434-146412-kartor/web/tiles-1-0200_Årsjön_651434-146412.dzi ... upload error (manifest): Invalid key: svar/zips/__rsj_n/651434-146412-kartor/web/tiles-1-0200_Årsjön_651434-146412.dzi
[4164/4303] svar/zips/__rsj_n/656612-164132-kartor/web/tiles-3-1884_Årsjön_656612-164132.dzi ... upload error (manifest): Invalid key: svar/zips/__rsj_n/656612-164132-kartor/web/tiles-3-1884_Årsjön_656612-164132.dzi
[4165/4303] svar/zips/__rsj_sj_n/628456-149694-kartor/web/tiles-3-3842_Örsjösjön_628456-149694a.dzi ... upload error (manifest): Invalid key: svar/zips/__rsj_sj_n/628456-149694-kartor/web/tiles-3-3842_Örsjösjön_628456-149694a.dzi
[4166/4303] svar/zips/__rsj_sj_n/628456-149694-kartor/web/tiles-3-3842_Örsjösjön_628456-149694b.dzi ... upload error (manifest): Invalid key: svar/zips/__rsj_sj_n/628456-149694-kartor/web/tiles-3-3842_Örsjösjön_628456-149694b.dzi
[4167/4303] svar/zips/__rsj__G_l/628387-149614-kartor/web/tiles-5-0445_Örsjö Göl_628387-149614.dzi ... upload error (manifest): Invalid key: svar/zips/__rsj__G_l/628387-149614-kartor/web/tiles-5-0445_Örsjö Göl_628387-149614.dzi
[4168/4303] svar/zips/__rtingen/641508-133220-kartor/web/tiles-2-0187_Ärtingen_641508-133220.dzi ... upload error (manifest): Invalid key: svar/zips/__rtingen/641508-133220-kartor/web/tiles-2-0187_Ärtingen_641508-133220.dzi
[4169/4303] svar/zips/__rtingen/641508-133220-kartor/web/tiles-2-0229_Ärtingen_641508-133220a.dzi ... upload error (manifest): Invalid key: svar/zips/__rtingen/641508-133220-kartor/web/tiles-2-0229_Ärtingen_641508-133220a.dzi
[4170/4303] svar/zips/__rtingen/641508-133220-kartor/web/tiles-2-0229_Ärtingen_641508-133220b.dzi ... upload error (manifest): Invalid key: svar/zips/__rtingen/641508-133220-kartor/web/tiles-2-0229_Ärtingen_641508-133220b.dzi
[4171/4303] svar/zips/__rtingen/655218-129201-kartor/web/tiles-3-1163_Ärtingen_655218-129201.dzi ... upload error (manifest): Invalid key: svar/zips/__rtingen/655218-129201-kartor/web/tiles-3-1163_Ärtingen_655218-129201.dzi
[4172/4303] svar/zips/__rtj_rn/639719-128120-kartor/web/tiles-3-1843_Örtjärn_639719-128120.dzi ... upload error (manifest): Invalid key: svar/zips/__rtj_rn/639719-128120-kartor/web/tiles-3-1843_Örtjärn_639719-128120.dzi
[4173/4303] svar/zips/__rydsj_n/630037-144977-kartor/web/tiles-1-0199_Årydsjön_630037-144977.dzi ... upload error (manifest): Invalid key: svar/zips/__rydsj_n/630037-144977-kartor/web/tiles-1-0199_Årydsjön_630037-144977.dzi
[4174/4303] svar/zips/__sag_len/635270-144900-kartor/web/tiles-3-3580_Åsagölen_635270-144900.dzi ... upload error (manifest): Invalid key: svar/zips/__sag_len/635270-144900-kartor/web/tiles-3-3580_Åsagölen_635270-144900.dzi
[4175/4303] svar/zips/__sanesj_n/648781-126340-kartor/web/tiles-3-2009_Åsanesjön_648781-126340.dzi ... upload error (manifest): Invalid key: svar/zips/__sanesj_n/648781-126340-kartor/web/tiles-3-2009_Åsanesjön_648781-126340.dzi
[4176/4303] svar/zips/__sebrosj_n/650575-148418-kartor/web/tiles-3-2896_Åsebrosjön_650575-148418.dzi ... upload error (manifest): Invalid key: svar/zips/__sebrosj_n/650575-148418-kartor/web/tiles-3-2896_Åsebrosjön_650575-148418.dzi
[4177/4303] svar/zips/__sen/635115-149062-kartor/web/tiles-3-3819_Äsen_635115-149062a.dzi ... upload error (manifest): Invalid key: svar/zips/__sen/635115-149062-kartor/web/tiles-3-3819_Äsen_635115-149062a.dzi
[4178/4303] svar/zips/__sen/635115-149062-kartor/web/tiles-3-3819_Äsen_635115-149062b.dzi ... upload error (manifest): Invalid key: svar/zips/__sen/635115-149062-kartor/web/tiles-3-3819_Äsen_635115-149062b.dzi
[4179/4303] svar/zips/__sg_l/629027-148734-kartor/web/tiles-5-0469_Åsgöl_629027-148734.dzi ... upload error (manifest): Invalid key: svar/zips/__sg_l/629027-148734-kartor/web/tiles-5-0469_Åsgöl_629027-148734.dzi
[4180/4303] svar/zips/__sg_len/638373-139365-kartor/web/tiles-3-5493_Åsgölen_638373-139365.dzi ... upload error (manifest): Invalid key: svar/zips/__sg_len/638373-139365-kartor/web/tiles-3-5493_Åsgölen_638373-139365.dzi
[4181/4303] svar/zips/__sj_/635144-152439-kartor/web/tiles-2-0350_Ösjö_635144-152439.dzi ... upload error (manifest): Invalid key: svar/zips/__sj_/635144-152439-kartor/web/tiles-2-0350_Ösjö_635144-152439.dzi
[4182/4303] svar/zips/__sj_n/624366-146721-kartor/web/tiles-3-2817_Åsjön_624366-146721.dzi ... upload error (manifest): Invalid key: svar/zips/__sj_n/624366-146721-kartor/web/tiles-3-2817_Åsjön_624366-146721.dzi
[4183/4303] svar/zips/__sj_n/638158-130046-kartor/web/tiles-3-5494_Ösjön_638158-130046.dzi ... upload error (manifest): Invalid key: svar/zips/__sj_n/638158-130046-kartor/web/tiles-3-5494_Ösjön_638158-130046.dzi
[4184/4303] svar/zips/__sj_n/639702-131169-kartor/web/tiles-2-0861_Ösjön_639702-131169.dzi ... upload error (manifest): Invalid key: svar/zips/__sj_n/639702-131169-kartor/web/tiles-2-0861_Ösjön_639702-131169.dzi
[4185/4303] svar/zips/__sj_n/640237-151820-kartor/web/tiles-3-3646_Ösjön_640237-151820.dzi ... upload error (manifest): Invalid key: svar/zips/__sj_n/640237-151820-kartor/web/tiles-3-3646_Ösjön_640237-151820.dzi
[4186/4303] svar/zips/__sj_n/640278-148548-kartor/web/tiles-3-3647_Ösjön_640278-148548.dzi ... upload error (manifest): Invalid key: svar/zips/__sj_n/640278-148548-kartor/web/tiles-3-3647_Ösjön_640278-148548.dzi
[4187/4303] svar/zips/__sj_n/641536-149221-kartor/web/tiles-3-3713_Ösjön_641536-149221.dzi ... upload error (manifest): Invalid key: svar/zips/__sj_n/641536-149221-kartor/web/tiles-3-3713_Ösjön_641536-149221.dzi
[4188/4303] svar/zips/__sj_n/650145-149340-kartor/web/tiles-3-2801_Ösjön_650145-149340.dzi ... upload error (manifest): Invalid key: svar/zips/__sj_n/650145-149340-kartor/web/tiles-3-2801_Ösjön_650145-149340.dzi
[4189/4303] svar/zips/__sj_n__mitten_/638820-148805-kartor/web/tiles-3-3696_Åsjön (mitten)_638820-148805.dzi ... upload error (manifest): Invalid key: svar/zips/__sj_n__mitten_/638820-148805-kartor/web/tiles-3-3696_Åsjön (mitten)_638820-148805.dzi
[4190/4303] svar/zips/__sj_n__mitten_/638820-148805-kartor/web/tiles-3-5745_Åsjön (mitten)_638820-148805.dzi ... upload error (manifest): Invalid key: svar/zips/__sj_n__mitten_/638820-148805-kartor/web/tiles-3-5745_Åsjön (mitten)_638820-148805.dzi
[4191/4303] svar/zips/__sj_n__norra_/638875-148763-kartor/web/tiles-3-3695_Åsjön (norra)_638875-148763.dzi ... upload error (manifest): Invalid key: svar/zips/__sj_n__norra_/638875-148763-kartor/web/tiles-3-3695_Åsjön (norra)_638875-148763.dzi
[4192/4303] svar/zips/__sj_n__s_dra_/638664-148953-kartor/web/tiles-2-0807_Åsjön (södra)_638664-148953.dzi ... upload error (manifest): Invalid key: svar/zips/__sj_n__s_dra_/638664-148953-kartor/web/tiles-2-0807_Åsjön (södra)_638664-148953.dzi
[4193/4303] svar/zips/__sj_n__s_dra_/638664-148953-kartor/web/tiles-3-3707_Åsjön (södra)_638664-148953.dzi ... upload error (manifest): Invalid key: svar/zips/__sj_n__s_dra_/638664-148953-kartor/web/tiles-3-3707_Åsjön (södra)_638664-148953.dzi
[4194/4303] svar/zips/__skogsj_n/634997-145065-kartor/web/tiles-3-3012_Åskogsjön_634997-145065.dzi ... upload error (manifest): Invalid key: svar/zips/__skogsj_n/634997-145065-kartor/web/tiles-3-3012_Åskogsjön_634997-145065.dzi
[4195/4303] svar/zips/__sljungasj_n/624414-134865-kartor/web/tiles-3-5823_Åsljungasjön_624414-134865a.dzi ... upload error (manifest): Invalid key: svar/zips/__sljungasj_n/624414-134865-kartor/web/tiles-3-5823_Åsljungasjön_624414-134865a.dzi
[4196/4303] svar/zips/__sljungasj_n/624414-134865-kartor/web/tiles-3-5823_Åsljungasjön_624414-134865b.dzi ... upload error (manifest): Invalid key: svar/zips/__sljungasj_n/624414-134865-kartor/web/tiles-3-5823_Åsljungasjön_624414-134865b.dzi
[4197/4303] svar/zips/__snen-Horgefjorden/626889-143552-kartor/web/tiles-2-0164_Åsnen_626889-143552.dzi ... upload error (manifest): Invalid key: svar/zips/__snen-Horgefjorden/626889-143552-kartor/web/tiles-2-0164_Åsnen_626889-143552.dzi
[4198/4303] svar/zips/__snen-Horgefjorden/626889-143552-kartor/web/tiles-3-0810_Åsnen_626889-143552.dzi ... upload error (manifest): Invalid key: svar/zips/__snen-Horgefjorden/626889-143552-kartor/web/tiles-3-0810_Åsnen_626889-143552.dzi
[4199/4303] svar/zips/__sprillasj_n/635603-144511-kartor/web/tiles-3-3364_Äsprillasjön_635603-144511.dzi ... upload error (manifest): Invalid key: svar/zips/__sprillasj_n/635603-144511-kartor/web/tiles-3-3364_Äsprillasjön_635603-144511.dzi
[4200/4303] svar/zips/__ssebosj_n/638399-152352-kartor/web/tiles-3-3641_Össebosjön_638399-152352.dzi ... upload error (manifest): Invalid key: svar/zips/__ssebosj_n/638399-152352-kartor/web/tiles-3-3641_Össebosjön_638399-152352.dzi
[4201/4303] svar/zips/__ssjasj_n/628038-135486-kartor/web/tiles-2-0222_Össjasjön_628038-135486.dzi ... upload error (manifest): Invalid key: svar/zips/__ssjasj_n/628038-135486-kartor/web/tiles-2-0222_Össjasjön_628038-135486.dzi
[4202/4303] svar/zips/__ssjasj_n/628038-135486-kartor/web/tiles-3-0852_Össjasjön_628038-135486.dzi ... upload error (manifest): Invalid key: svar/zips/__ssjasj_n/628038-135486-kartor/web/tiles-3-0852_Össjasjön_628038-135486.dzi
[4203/4303] svar/zips/__ssjasj_n/628038-135486-kartor/web/tiles-3-4688_Össjasjön_628038-135486.dzi ... upload error (manifest): Invalid key: svar/zips/__ssjasj_n/628038-135486-kartor/web/tiles-3-4688_Össjasjön_628038-135486.dzi
[4204/4303] svar/zips/__sten/649436-138900-kartor/web/tiles-3-1469_Östen_649436-138900.dzi ... upload error (manifest): Invalid key: svar/zips/__sten/649436-138900-kartor/web/tiles-3-1469_Östen_649436-138900.dzi
[4205/4303] svar/zips/__ster-__mten/651416-143169-kartor/web/tiles-5-0139_Öster-Ämten_651416-143169.dzi ... upload error (manifest): Invalid key: svar/zips/__ster-__mten/651416-143169-kartor/web/tiles-5-0139_Öster-Ämten_651416-143169.dzi
[4206/4303] svar/zips/__stersj_n/628617-146894-kartor/web/tiles-3-0786_Östersjön_628617-146894.dzi ... upload error (manifest): Invalid key: svar/zips/__stersj_n/628617-146894-kartor/web/tiles-3-0786_Östersjön_628617-146894.dzi
[4207/4303] svar/zips/__stersj_n/633275-136384-kartor/web/tiles-3-4581_Östersjön_633275-136384.dzi ... upload error (manifest): Invalid key: svar/zips/__stersj_n/633275-136384-kartor/web/tiles-3-4581_Östersjön_633275-136384.dzi
[4208/4303] svar/zips/__stersj_n/636908-137835-kartor/web/tiles-3-2549_Östersjön_636908-137835.dzi ... upload error (manifest): Invalid key: svar/zips/__stersj_n/636908-137835-kartor/web/tiles-3-2549_Östersjön_636908-137835.dzi
[4209/4303] svar/zips/__stersj_n/636908-137835-kartor/web/tiles-5-0057_Östersjön_636908-137835.dzi ... upload error (manifest): Invalid key: svar/zips/__stersj_n/636908-137835-kartor/web/tiles-5-0057_Östersjön_636908-137835.dzi
[4210/4303] svar/zips/__stersj_n/638557-138936-kartor/web/tiles-3-6287_Östersjön_638557-138936.dzi ... upload error (manifest): Invalid key: svar/zips/__stersj_n/638557-138936-kartor/web/tiles-3-6287_Östersjön_638557-138936.dzi
[4211/4303] svar/zips/__stersj_n/639467-128620-kartor/web/tiles-3-1632_Östersjön_639467-128620.dzi ... upload error (manifest): Invalid key: svar/zips/__stersj_n/639467-128620-kartor/web/tiles-3-1632_Östersjön_639467-128620.dzi
[4212/4303] svar/zips/__stersj_n/649362-127769-kartor/web/tiles-3-1559_Östersjön_649362-127769.dzi ... upload error (manifest): Invalid key: svar/zips/__stersj_n/649362-127769-kartor/web/tiles-3-1559_Östersjön_649362-127769.dzi
[4213/4303] svar/zips/__stersj_n/653745-145124-kartor/web/tiles-5-0169_Östersjön_653745-145124.dzi ... upload error (manifest): Invalid key: svar/zips/__stersj_n/653745-145124-kartor/web/tiles-5-0169_Östersjön_653745-145124.dzi
[4214/4303] svar/zips/__stervatten/644712-127901-kartor/web/tiles-2-1014_Östervatten_644712-127901.dzi ... upload error (manifest): Invalid key: svar/zips/__stervatten/644712-127901-kartor/web/tiles-2-1014_Östervatten_644712-127901.dzi
[4215/4303] svar/zips/__stjuten/652331-150312-kartor/web/tiles-2-0276_Östjuten_652331-150312.dzi ... upload error (manifest): Invalid key: svar/zips/__stjuten/652331-150312-kartor/web/tiles-2-0276_Östjuten_652331-150312.dzi
[4216/4303] svar/zips/__stra_Haksj_n/653765-127159-kartor/web/tiles-3-4841_Östra Haksjön_653765-127159.dzi ... upload error (manifest): Invalid key: svar/zips/__stra_Haksj_n/653765-127159-kartor/web/tiles-3-4841_Östra Haksjön_653765-127159.dzi
[4217/4303] svar/zips/__stra_Hj_rtsj_n/624560-144952-kartor/web/tiles-3-6005_Östra Hjärtsjön_624560-144952.dzi ... upload error (manifest): Invalid key: svar/zips/__stra_Hj_rtsj_n/624560-144952-kartor/web/tiles-3-6005_Östra Hjärtsjön_624560-144952.dzi
[4218/4303] svar/zips/__stra_H_stefjorden/648998-129201-kartor/web/tiles-1-0297_Östra Hästefjorden_648998-129201.dzi ... upload error (manifest): Invalid key: svar/zips/__stra_H_stefjorden/648998-129201-kartor/web/tiles-1-0297_Östra Hästefjorden_648998-129201.dzi
[4219/4303] svar/zips/__stra_Ingsj_n/639248-129354-kartor/web/tiles-3-1857_Östra Ingsjön_639248-129354.dzi ... upload error (manifest): Invalid key: svar/zips/__stra_Ingsj_n/639248-129354-kartor/web/tiles-3-1857_Östra Ingsjön_639248-129354.dzi
[4220/4303] svar/zips/__stra_Krokevattnet/648460-127483-kartor/web/tiles-3-3486_Östra Krokevattnet_648460-127483.dzi ... upload error (manifest): Invalid key: svar/zips/__stra_Krokevattnet/648460-127483-kartor/web/tiles-3-3486_Östra Krokevattnet_648460-127483.dzi
[4221/4303] svar/zips/__stra_Kulsj_n/641777-132050-kartor/web/tiles-2-0541_Östra Kulsjön_641777-132050.dzi ... upload error (manifest): Invalid key: svar/zips/__stra_Kulsj_n/641777-132050-kartor/web/tiles-2-0541_Östra Kulsjön_641777-132050.dzi
[4222/4303] svar/zips/__stra_Laxsj_n/653049-143462-kartor/web/tiles-1-0194_Östra Laxsjön_653049-143462.dzi ... upload error (manifest): Invalid key: svar/zips/__stra_Laxsj_n/653049-143462-kartor/web/tiles-1-0194_Östra Laxsjön_653049-143462.dzi
[4223/4303] svar/zips/__stra_Nedsj_n/640458-130232-kartor/web/tiles-1-0142_Östra Nedsjön_640458-130232.dzi ... upload error (manifest): Invalid key: svar/zips/__stra_Nedsj_n/640458-130232-kartor/web/tiles-1-0142_Östra Nedsjön_640458-130232.dzi
[4224/4303] svar/zips/__stra_Nedsj_n/640458-130232-kartor/web/tiles-1-0149_Östra Nedsjön_640458-130232.dzi ... upload error (manifest): Invalid key: svar/zips/__stra_Nedsj_n/640458-130232-kartor/web/tiles-1-0149_Östra Nedsjön_640458-130232.dzi
[4225/4303] svar/zips/__stra_Nedsj_n/640458-130232-kartor/web/tiles-3-1087_Östra Nedsjön_640458-130232.dzi ... upload error (manifest): Invalid key: svar/zips/__stra_Nedsj_n/640458-130232-kartor/web/tiles-3-1087_Östra Nedsjön_640458-130232.dzi
[4226/4303] svar/zips/__stra_Nedsj_n/640458-130232-kartor/web/tiles-3-1092_Östra Nedsjön_640458-130232.dzi ... upload error (manifest): Invalid key: svar/zips/__stra_Nedsj_n/640458-130232-kartor/web/tiles-3-1092_Östra Nedsjön_640458-130232.dzi
[4227/4303] svar/zips/__stra_Rammsj_n/625876-144264-kartor/web/tiles-3-0792_Östra Rammsjön_625876-144264.dzi ... upload error (manifest): Invalid key: svar/zips/__stra_Rammsj_n/625876-144264-kartor/web/tiles-3-0792_Östra Rammsjön_625876-144264.dzi
[4228/4303] svar/zips/__stra_Ringsj_n/619626-135565-kartor/web/tiles-3-0833_Östra Ringsjön_619626-135565.dzi ... upload error (manifest): Invalid key: svar/zips/__stra_Ringsj_n/619626-135565-kartor/web/tiles-3-0833_Östra Ringsjön_619626-135565.dzi
[4229/4303] svar/zips/__stra_Ringsj_n/619626-135565-kartor/web/tiles-3-2176_Östra Ringsjön_619626-135565.dzi ... upload error (manifest): Invalid key: svar/zips/__stra_Ringsj_n/619626-135565-kartor/web/tiles-3-2176_Östra Ringsjön_619626-135565.dzi
[4230/4303] svar/zips/__stra_Ringsj_n/619626-135565-kartor/web/tiles-3-2177_Sätoftasjön (Östra Ringsjön)_619626-135565.dzi ... upload error (manifest): Invalid key: svar/zips/__stra_Ringsj_n/619626-135565-kartor/web/tiles-3-2177_Sätoftasjön (Östra Ringsjön)_619626-135565.dzi
[4231/4303] svar/zips/__stra_Silen/656742-129568-kartor/web/tiles-0-0170a_Östra Silen_656742-129568.dzi ... upload error (manifest): Invalid key: svar/zips/__stra_Silen/656742-129568-kartor/web/tiles-0-0170a_Östra Silen_656742-129568.dzi
[4232/4303] svar/zips/__stra_Silen/656742-129568-kartor/web/tiles-0-0170b_Östra Silen_656742-129568.dzi ... upload error (manifest): Invalid key: svar/zips/__stra_Silen/656742-129568-kartor/web/tiles-0-0170b_Östra Silen_656742-129568.dzi
[4233/4303] svar/zips/__stra_Silen/656742-129568-kartor/web/tiles-0-0170c_Östra Silen_656742-129568.dzi ... upload error (manifest): Invalid key: svar/zips/__stra_Silen/656742-129568-kartor/web/tiles-0-0170c_Östra Silen_656742-129568.dzi
[4234/4303] svar/zips/__stra_Silen/656742-129568-kartor/web/tiles-0-0170d_Östra Silen_656742-129568.dzi ... upload error (manifest): Invalid key: svar/zips/__stra_Silen/656742-129568-kartor/web/tiles-0-0170d_Östra Silen_656742-129568.dzi
[4235/4303] svar/zips/__stra_Sj_/624251-137453-kartor/web/tiles-3-6466_Östra sjö_624251-137453.dzi ... upload error (manifest): Invalid key: svar/zips/__stra_Sj_/624251-137453-kartor/web/tiles-3-6466_Östra sjö_624251-137453.dzi
[4236/4303] svar/zips/__stra_Sorr_dssj_n/622176-134360-kartor/web/tiles-3-2584_Östra Sorrödsjön_622176-134360.dzi ... upload error (manifest): Invalid key: svar/zips/__stra_Sorr_dssj_n/622176-134360-kartor/web/tiles-3-2584_Östra Sorrödsjön_622176-134360.dzi
[4237/4303] svar/zips/__stra_Stensj_n/655666-158606-kartor/web/tiles-3-3276_Östra Stensjön_655666-158606.dzi ... upload error (manifest): Invalid key: svar/zips/__stra_Stensj_n/655666-158606-kartor/web/tiles-3-3276_Östra Stensjön_655666-158606.dzi
[4238/4303] svar/zips/__stra_Trollsj_n/637217-137960-kartor/web/tiles-3-2070_Östra Trollsjön_637217-137960.dzi ... upload error (manifest): Invalid key: svar/zips/__stra_Trollsj_n/637217-137960-kartor/web/tiles-3-2070_Östra Trollsjön_637217-137960.dzi
[4239/4303] svar/zips/__stra_Trollsj_n/637217-137960-kartor/web/tiles-5-0037_Östra Trollsjön_637217-137960.dzi ... upload error (manifest): Invalid key: svar/zips/__stra_Trollsj_n/637217-137960-kartor/web/tiles-5-0037_Östra Trollsjön_637217-137960.dzi
[4240/4303] svar/zips/__stra_Valsj_n/641433-131980-kartor/web/tiles-3-5289_Östra Valsjön_641433-131980.dzi ... upload error (manifest): Invalid key: svar/zips/__stra_Valsj_n/641433-131980-kartor/web/tiles-3-5289_Östra Valsjön_641433-131980.dzi
[4241/4303] svar/zips/__stra___resj_n/637523-131260-kartor/web/tiles-3-0885_Östra Öresjön_637523-131260.dzi ... upload error (manifest): Invalid key: svar/zips/__stra___resj_n/637523-131260-kartor/web/tiles-3-0885_Östra Öresjön_637523-131260.dzi
[4242/4303] svar/zips/__stra___resj_n/637523-131260-kartor/web/tiles-3-1588_Östra Öresjön_637523-131260.dzi ... upload error (manifest): Invalid key: svar/zips/__stra___resj_n/637523-131260-kartor/web/tiles-3-1588_Östra Öresjön_637523-131260.dzi
[4243/4303] svar/zips/__striltssj_n/631058-132716-kartor/web/tiles-3-5103_Åstriltssjön_631058-132716.dzi ... upload error (manifest): Invalid key: svar/zips/__striltssj_n/631058-132716-kartor/web/tiles-3-5103_Åstriltssjön_631058-132716.dzi
[4244/4303] svar/zips/__sunden/639683-134896-kartor/web/tiles-2-0185_Åsunden_639683-134896.dzi ... upload error (manifest): Invalid key: svar/zips/__sunden/639683-134896-kartor/web/tiles-2-0185_Åsunden_639683-134896.dzi
[4245/4303] svar/zips/__sunden/639683-134896-kartor/web/tiles-2-0186_Åsunden_639683-134896.dzi ... upload error (manifest): Invalid key: svar/zips/__sunden/639683-134896-kartor/web/tiles-2-0186_Åsunden_639683-134896.dzi
[4246/4303] svar/zips/__sunden/639683-134896-kartor/web/tiles-3-4868_Åsunden_639683-134896a.dzi ... upload error (manifest): Invalid key: svar/zips/__sunden/639683-134896-kartor/web/tiles-3-4868_Åsunden_639683-134896a.dzi
[4247/4303] svar/zips/__sunden/639683-134896-kartor/web/tiles-3-4868_Åsunden_639683-134896b.dzi ... upload error (manifest): Invalid key: svar/zips/__sunden/639683-134896-kartor/web/tiles-3-4868_Åsunden_639683-134896b.dzi
[4248/4303] svar/zips/__sunden/644635-149350-kartor/web/tiles-1-0347a_Åsunden_644635-149350.dzi ... upload error (manifest): Invalid key: svar/zips/__sunden/644635-149350-kartor/web/tiles-1-0347a_Åsunden_644635-149350.dzi
[4249/4303] svar/zips/__sunden/644635-149350-kartor/web/tiles-1-0347b_Åsunden_644635-149350.dzi ... upload error (manifest): Invalid key: svar/zips/__sunden/644635-149350-kartor/web/tiles-1-0347b_Åsunden_644635-149350.dzi
[4250/4303] svar/zips/__sunden/644635-149350-kartor/web/tiles-1-0347c_Åsunden_644635-149350.dzi ... upload error (manifest): Invalid key: svar/zips/__sunden/644635-149350-kartor/web/tiles-1-0347c_Åsunden_644635-149350.dzi
[4251/4303] svar/zips/__sunden/644635-149350-kartor/web/tiles-3-6442_Åsunden_644635-149350.dzi ... upload error (manifest): Invalid key: svar/zips/__sunden/644635-149350-kartor/web/tiles-3-6442_Åsunden_644635-149350.dzi
[4252/4303] svar/zips/__s_ttern/636953-151233-kartor/web/tiles-3-3766_Åsättern_636953-151233a.dzi ... upload error (manifest): Invalid key: svar/zips/__s_ttern/636953-151233-kartor/web/tiles-3-3766_Åsättern_636953-151233a.dzi
[4253/4303] svar/zips/__s_ttern/636953-151233-kartor/web/tiles-3-3766_Åsättern_636953-151233b.dzi ... upload error (manifest): Invalid key: svar/zips/__s_ttern/636953-151233-kartor/web/tiles-3-3766_Åsättern_636953-151233b.dzi
[4254/4303] svar/zips/__vden/627654-141929-kartor/web/tiles-3-6481_Övden_627654-141929.dzi ... upload error (manifest): Invalid key: svar/zips/__vden/627654-141929-kartor/web/tiles-3-6481_Övden_627654-141929.dzi
[4255/4303] svar/zips/__vergivern/651388-150761-kartor/web/tiles-3-2805_Övergivern_651388-150761.dzi ... upload error (manifest): Invalid key: svar/zips/__vergivern/651388-150761-kartor/web/tiles-3-2805_Övergivern_651388-150761.dzi
[4256/4303] svar/zips/__versj_n/645129-143916-kartor/web/tiles-3-3679_Översjön_645129-143916.dzi ... upload error (manifest): Invalid key: svar/zips/__versj_n/645129-143916-kartor/web/tiles-3-3679_Översjön_645129-143916.dzi
[4257/4303] svar/zips/__vingen/634665-143220-kartor/web/tiles-3-1820_Övingen_634665-143220.dzi ... upload error (manifest): Invalid key: svar/zips/__vingen/634665-143220-kartor/web/tiles-3-1820_Övingen_634665-143220.dzi
[4258/4303] svar/zips/__vingen/634665-143220-kartor/web/tiles-3-4711_Övingen_634665-143220.dzi ... upload error (manifest): Invalid key: svar/zips/__vingen/634665-143220-kartor/web/tiles-3-4711_Övingen_634665-143220.dzi
[4259/4303] svar/zips/__vrab_kesj_n/631315-132359-kartor/web/tiles-3-5108_Övrabökesjön_631315-132359.dzi ... upload error (manifest): Invalid key: svar/zips/__vrab_kesj_n/631315-132359-kartor/web/tiles-3-5108_Övrabökesjön_631315-132359.dzi
[4260/4303] svar/zips/__vrasj_/632582-144486-kartor/web/tiles-3-0805_Övrasjö_632582-144486.dzi ... upload error (manifest): Invalid key: svar/zips/__vrasj_/632582-144486-kartor/web/tiles-3-0805_Övrasjö_632582-144486.dzi
[4261/4303] svar/zips/__vrasj_n/636055-147524-kartor/web/tiles-2-0313_Övrasjön_636055-147524.dzi ... upload error (manifest): Invalid key: svar/zips/__vrasj_n/636055-147524-kartor/web/tiles-2-0313_Övrasjön_636055-147524.dzi
[4262/4303] svar/zips/__vra_Vr_ngen/635856-149108-kartor/web/tiles-3-3798_Övra Vrången_635856-149108a.dzi ... upload error (manifest): Invalid key: svar/zips/__vra_Vr_ngen/635856-149108-kartor/web/tiles-3-3798_Övra Vrången_635856-149108a.dzi
[4263/4303] svar/zips/__vra_Vr_ngen/635856-149108-kartor/web/tiles-3-3798_Övra Vrången_635856-149108b.dzi ... upload error (manifest): Invalid key: svar/zips/__vra_Vr_ngen/635856-149108-kartor/web/tiles-3-3798_Övra Vrången_635856-149108b.dzi
[4264/4303] svar/zips/__vresj_n/634267-150256-kartor/web/tiles-3-3816_Övresjön_634267-150256a.dzi ... upload error (manifest): Invalid key: svar/zips/__vresj_n/634267-150256-kartor/web/tiles-3-3816_Övresjön_634267-150256a.dzi
[4265/4303] svar/zips/__vresj_n/634267-150256-kartor/web/tiles-3-3816_Övresjön_634267-150256b.dzi ... upload error (manifest): Invalid key: svar/zips/__vresj_n/634267-150256-kartor/web/tiles-3-3816_Övresjön_634267-150256b.dzi
[4266/4303] svar/zips/__vre_Arasj_n/626298-144088-kartor/web/tiles-3-2944_Övre Arasjön_626298-144088.dzi ... upload error (manifest): Invalid key: svar/zips/__vre_Arasj_n/626298-144088-kartor/web/tiles-3-2944_Övre Arasjön_626298-144088.dzi
[4267/4303] svar/zips/__vre_Bolsj_n/652816-125218-kartor/web/tiles-3-1567_Övre Bolsjön_652816-125218.dzi ... upload error (manifest): Invalid key: svar/zips/__vre_Bolsj_n/652816-125218-kartor/web/tiles-3-1567_Övre Bolsjön_652816-125218.dzi
[4268/4303] svar/zips/__vre_Faringen/655015-124128-kartor/web/tiles-3-4000_Övre Färingen_655015-124128.dzi ... upload error (manifest): Invalid key: svar/zips/__vre_Faringen/655015-124128-kartor/web/tiles-3-4000_Övre Färingen_655015-124128.dzi
[4269/4303] svar/zips/__vre_Glottern/650935-152305-kartor/web/tiles-3-5786_Övre Glottern_650935-152305.dzi ... upload error (manifest): Invalid key: svar/zips/__vre_Glottern/650935-152305-kartor/web/tiles-3-5786_Övre Glottern_650935-152305.dzi
[4270/4303] svar/zips/__vre_Gryten/652963-147372-kartor/web/tiles-5-0127_Övre Gryten_652963-147372.dzi ... upload error (manifest): Invalid key: svar/zips/__vre_Gryten/652963-147372-kartor/web/tiles-5-0127_Övre Gryten_652963-147372.dzi
[4271/4303] svar/zips/__vre_H_gsj_n/653449-129798-kartor/web/tiles-3-6633_Övre Högsjön_653449-129798.dzi ... upload error (manifest): Invalid key: svar/zips/__vre_H_gsj_n/653449-129798-kartor/web/tiles-3-6633_Övre Högsjön_653449-129798.dzi
[4272/4303] svar/zips/__vre_Kalven/655846-131559-kartor/web/tiles-3-1174_Övre Kalven_655846-131559.dzi ... upload error (manifest): Invalid key: svar/zips/__vre_Kalven/655846-131559-kartor/web/tiles-3-1174_Övre Kalven_655846-131559.dzi
[4273/4303] svar/zips/__vre_Kroksj_n/643598-152014-kartor/web/tiles-3-3381_Övre Kroksjön_643598-152014a.dzi ... upload error (manifest): Invalid key: svar/zips/__vre_Kroksj_n/643598-152014-kartor/web/tiles-3-3381_Övre Kroksjön_643598-152014a.dzi
[4274/4303] svar/zips/__vre_Kroksj_n/643598-152014-kartor/web/tiles-3-3381_Övre Kroksjön_643598-152014b.dzi ... upload error (manifest): Invalid key: svar/zips/__vre_Kroksj_n/643598-152014-kartor/web/tiles-3-3381_Övre Kroksjön_643598-152014b.dzi
[4275/4303] svar/zips/__vre_Kvarnasj_n/642861-142136-kartor/web/tiles-3-2546_Övre Kvarnasjön_642861-142136.dzi ... upload error (manifest): Invalid key: svar/zips/__vre_Kvarnasj_n/642861-142136-kartor/web/tiles-3-2546_Övre Kvarnasjön_642861-142136.dzi
[4276/4303] svar/zips/__vre_Leksj_n/634114-150665-kartor/web/tiles-3-3776_Övre Leksjön_634114-150665a.dzi ... upload error (manifest): Invalid key: svar/zips/__vre_Leksj_n/634114-150665-kartor/web/tiles-3-3776_Övre Leksjön_634114-150665a.dzi
[4277/4303] svar/zips/__vre_Leksj_n/634114-150665-kartor/web/tiles-3-3776_Övre Leksjön_634114-150665b.dzi ... upload error (manifest): Invalid key: svar/zips/__vre_Leksj_n/634114-150665-kartor/web/tiles-3-3776_Övre Leksjön_634114-150665b.dzi
[4278/4303] svar/zips/__vre_Lisnen/641825-153020-kartor/web/tiles-3-3400_Övre Lisnen_641825-153020.dzi ... upload error (manifest): Invalid key: svar/zips/__vre_Lisnen/641825-153020-kartor/web/tiles-3-3400_Övre Lisnen_641825-153020.dzi
[4279/4303] svar/zips/__vre_Lisnen/641843-153048-kartor/web/tiles-3-3400_Övre Lisnen_641843-153048.dzi ... upload error (manifest): Invalid key: svar/zips/__vre_Lisnen/641843-153048-kartor/web/tiles-3-3400_Övre Lisnen_641843-153048.dzi
[4280/4303] svar/zips/__vre_L_ngevatten/643529-127500-kartor/web/tiles-3-1521_Övre Långevatten_643529-127500.dzi ... upload error (manifest): Invalid key: svar/zips/__vre_L_ngevatten/643529-127500-kartor/web/tiles-3-1521_Övre Långevatten_643529-127500.dzi
[4281/4303] svar/zips/__vre_M_sj_n/636972-150924-kartor/web/tiles-3-3768_Övre Mösjön_636972-150924b.dzi ... upload error (manifest): Invalid key: svar/zips/__vre_M_sj_n/636972-150924-kartor/web/tiles-3-3768_Övre Mösjön_636972-150924b.dzi
[4282/4303] svar/zips/__vre_N_tsj_n/624380-145705-kartor/web/tiles-3-2974_Övre Nätsjön_624380-145705.dzi ... upload error (manifest): Invalid key: svar/zips/__vre_N_tsj_n/624380-145705-kartor/web/tiles-3-2974_Övre Nätsjön_624380-145705.dzi
[4283/4303] svar/zips/__vre_Ripplingen/651520-150726-kartor/web/tiles-3-2805_Övre Ripplingen_651520-150726.dzi ... upload error (manifest): Invalid key: svar/zips/__vre_Ripplingen/651520-150726-kartor/web/tiles-3-2805_Övre Ripplingen_651520-150726.dzi
[4284/4303] svar/zips/__vre_Rudasj_n/656380-163314-kartor/web/tiles-2-0479_Övre Rudasjön_656380-163314.dzi ... upload error (manifest): Invalid key: svar/zips/__vre_Rudasj_n/656380-163314-kartor/web/tiles-2-0479_Övre Rudasjön_656380-163314.dzi
[4285/4303] svar/zips/__vre_Sj_n/635053-131461-kartor/web/tiles-3-5211_Övre sjön_635053-131461a.dzi ... upload error (manifest): Invalid key: svar/zips/__vre_Sj_n/635053-131461-kartor/web/tiles-3-5211_Övre sjön_635053-131461a.dzi
[4286/4303] svar/zips/__vre_Sj_n/635053-131461-kartor/web/tiles-3-5211_Övre sjön_635053-131461b.dzi ... upload error (manifest): Invalid key: svar/zips/__vre_Sj_n/635053-131461-kartor/web/tiles-3-5211_Övre sjön_635053-131461b.dzi
[4287/4303] svar/zips/__vre_Sj_n/635053-131461-kartor/web/tiles-3-5211_Övre sjön_635053-131461c.dzi ... upload error (manifest): Invalid key: svar/zips/__vre_Sj_n/635053-131461-kartor/web/tiles-3-5211_Övre sjön_635053-131461c.dzi
[4288/4303] svar/zips/__vre_Sj_n/635053-131461-kartor/web/tiles-3-5211_Övre sjön_635053-131461d.dzi ... upload error (manifest): Invalid key: svar/zips/__vre_Sj_n/635053-131461-kartor/web/tiles-3-5211_Övre sjön_635053-131461d.dzi
[4289/4303] svar/zips/__vre_Sj_n/635053-131461-kartor/web/tiles-3-6567_Övre sjön_635053-131461.dzi ... upload error (manifest): Invalid key: svar/zips/__vre_Sj_n/635053-131461-kartor/web/tiles-3-6567_Övre sjön_635053-131461.dzi
[4290/4303] svar/zips/__vre_Sj_n/635053-131461-kartor/web/tiles-5-1037_Övre sjön_635053-131461.dzi ... upload error (manifest): Invalid key: svar/zips/__vre_Sj_n/635053-131461-kartor/web/tiles-5-1037_Övre sjön_635053-131461.dzi
[4291/4303] svar/zips/__vre_Svartsj_n/636930-148442-kartor/web/tiles-3-2883_Övre Svartsjön_636930-148442.dzi ... upload error (manifest): Invalid key: svar/zips/__vre_Svartsj_n/636930-148442-kartor/web/tiles-3-2883_Övre Svartsjön_636930-148442.dzi
[4292/4303] svar/zips/__vre_Tr_stickeln/648696-126673-kartor/web/tiles-3-2572_Övre Trästickeln_648696-126673.dzi ... upload error (manifest): Invalid key: svar/zips/__vre_Tr_stickeln/648696-126673-kartor/web/tiles-3-2572_Övre Trästickeln_648696-126673.dzi
[4293/4303] svar/zips/__vre_Vekmangeln/651307-152063-kartor/web/tiles-2-0850_Övre Vekmangeln_651307-152063.dzi ... upload error (manifest): Invalid key: svar/zips/__vre_Vekmangeln/651307-152063-kartor/web/tiles-2-0850_Övre Vekmangeln_651307-152063.dzi
[4294/4303] svar/zips/__vre_Vekmangeln/651307-152063-kartor/web/tiles-3-0713_Övre Vekmangeln_651307-152063a.dzi ... upload error (manifest): Invalid key: svar/zips/__vre_Vekmangeln/651307-152063-kartor/web/tiles-3-0713_Övre Vekmangeln_651307-152063a.dzi
[4295/4303] svar/zips/__vre_Vekmangeln/651307-152063-kartor/web/tiles-3-0713_Övre Vekmangeln_651307-152063b.dzi ... upload error (manifest): Invalid key: svar/zips/__vre_Vekmangeln/651307-152063-kartor/web/tiles-3-0713_Övre Vekmangeln_651307-152063b.dzi
[4296/4303] svar/zips/__vre___lvsj_n/636613-134478-kartor/web/tiles-3-4762_Övre Älvsjön_636613-134478.dzi ... upload error (manifest): Invalid key: svar/zips/__vre___lvsj_n/636613-134478-kartor/web/tiles-3-4762_Övre Älvsjön_636613-134478.dzi
[4297/4303] svar/zips/__vre___mten/640301-151928-kartor/web/tiles-3-3644_Övre Ämten_640301-151928.dzi ... upload error (manifest): Invalid key: svar/zips/__vre___mten/640301-151928-kartor/web/tiles-3-3644_Övre Ämten_640301-151928.dzi
[4298/4303] svar/zips/__vre___revatten/643381-127784-kartor/web/tiles-3-1079_Övre Örevatten_643381-127784.dzi ... upload error (manifest): Invalid key: svar/zips/__vre___revatten/643381-127784-kartor/web/tiles-3-1079_Övre Örevatten_643381-127784.dzi
[4299/4303] svar/zips/__xaredsj_n/637478-128878-kartor/web/tiles-3-0893_Öxaredssjön_637478-128878.dzi ... upload error (manifest): Invalid key: svar/zips/__xaredsj_n/637478-128878-kartor/web/tiles-3-0893_Öxaredssjön_637478-128878.dzi
[4300/4303] svar/zips/__xasj_n/636696-131979-kartor/web/tiles-3-4774_Öxasjön_636696-131979.dzi ... upload error (manifest): Invalid key: svar/zips/__xasj_n/636696-131979-kartor/web/tiles-3-4774_Öxasjön_636696-131979.dzi
[4301/4303] svar/zips/__xsj_n/640679-129000-kartor/web/tiles-2-0196_Öxsjön_640679-129000.dzi ... upload error (manifest): Invalid key: svar/zips/__xsj_n/640679-129000-kartor/web/tiles-2-0196_Öxsjön_640679-129000.dzi
[4302/4303] svar/zips/__xsj_n/640679-129000-kartor/web/tiles-3-1072_Öxsjön_640679-129000.dzi ... upload error (manifest): Invalid key: svar/zips/__xsj_n/640679-129000-kartor/web/tiles-3-1072_Öxsjön_640679-129000.dzi
[4303/4303] svar/zips/__xsj_n/640679-129000-kartor/web/tiles-3-1073_Öxsjön_640679-129000.dzi ... upload error (manifest): Invalid key: svar/zips/__xsj_n/640679-129000-kartor/web/tiles-3-1073_Öxsjön_640679-129000.dzi
All uploads completed.
